Analysis & Synthesis report for Golden_TOP
Fri Oct 03 16:04:51 2025
Quartus Prime Version 17.1.0 Build 590 10/25/2017 SJ Standard Edition


---------------------
; Table of Contents ;
---------------------
  1. Legal Notice
  2. Analysis & Synthesis Summary
  3. Analysis & Synthesis Settings
  4. Parallel Compilation
  5. Analysis & Synthesis Source Files Read
  6. Analysis & Synthesis Resource Usage Summary
  7. Analysis & Synthesis Resource Utilization by Entity
  8. Analysis & Synthesis RAM Summary
  9. Analysis & Synthesis DSP Block Usage Summary
 10. Analysis & Synthesis IP Cores Summary
 11. State Machine - |Golden_TOP3|qaoa_system:ntuS|ntu_smachine:ns|writeReg
 12. State Machine - |Golden_TOP3|qaoa_system:ntuS|ntu_smachine:ns|bwriteReg
 13. State Machine - |Golden_TOP3|qaoa_system:ntuS|ntu_smachine:ns|storeReg
 14. State Machine - |Golden_TOP3|qaoa_system:ntuS|ntu_smachine:ns|fetchReg
 15. State Machine - |Golden_TOP3|qaoa_system:ntuS|ntu_smachine:ns|state
 16. State Machine - |Golden_TOP3|qaoa_system:ntuS|ntu_smachine:ns|transmitter:t0|r_SM_Main
 17. State Machine - |Golden_TOP3|qaoa_system:ntuS|ntu_smachine:ns|receiver:uart1|r_SM_Main
 18. User-Specified and Inferred Latches
 19. Registers Removed During Synthesis
 20. Removed Registers Triggering Further Register Optimizations
 21. General Register Statistics
 22. Inverted Register Statistics
 23. Registers Packed Into Inferred Megafunctions
 24. Multiplexer Restructuring Statistics (Restructuring Performed)
 25. Source assignments for qaoa_system:ntuS|ntu_smachine:ns|fifo1:fifo1_inst|scfifo:scfifo_component|scfifo_ghd1:auto_generated|a_dpfifo_nnd1:dpfifo|altsyncram_hor1:FIFOram
 26. Source assignments for qaoa_system:ntuS|ntu_smachine:ns|fifo1:fifoW_inst|scfifo:scfifo_component|scfifo_ghd1:auto_generated|a_dpfifo_nnd1:dpfifo|altsyncram_hor1:FIFOram
 27. Source assignments for qaoa_system:ntuS|ram:ram1|altsyncram:altsyncram_component|altsyncram_esq2:auto_generated
 28. Source assignments for sld_signaltap:auto_signaltap_0
 29. Source assignments for qaoa_system:ntuS|ntu_smachine:ns|mulfix8:mulfix8_inst|lpm_mult:lpm_mult_component|mult_c0p:auto_generated|altshift_taps:result_extra2_reg_rtl_0|shift_taps_tu51:auto_generated|altsyncram_n9e1:altsyncram4
 30. Parameter Settings for User Entity Instance: pll2:comb_19|pll2_0002:pll2_inst|altera_pll:altera_pll_i
 31. Parameter Settings for User Entity Instance: Fan_Control:u0|I2C_Bus_Controller:u1
 32. Parameter Settings for User Entity Instance: qaoa_system:ntuS
 33. Parameter Settings for User Entity Instance: qaoa_system:ntuS|ntu_smachine:ns
 34. Parameter Settings for User Entity Instance: qaoa_system:ntuS|ntu_smachine:ns|receiver:uart1
 35. Parameter Settings for User Entity Instance: qaoa_system:ntuS|ntu_smachine:ns|transmitter:t0
 36. Parameter Settings for User Entity Instance: qaoa_system:ntuS|ntu_smachine:ns|fifo1:fifo1_inst|scfifo:scfifo_component
 37. Parameter Settings for User Entity Instance: qaoa_system:ntuS|ntu_smachine:ns|fifo1:fifoW_inst|scfifo:scfifo_component
 38. Parameter Settings for User Entity Instance: qaoa_system:ntuS|ntu_smachine:ns|mulfix8:mulfix8_inst|lpm_mult:lpm_mult_component
 39. Parameter Settings for User Entity Instance: qaoa_system:ntuS|ntu_smachine:ns|addfix8:addix8_inst|lpm_add_sub:LPM_ADD_SUB_component
 40. Parameter Settings for User Entity Instance: qaoa_system:ntuS|ram:ram1|altsyncram:altsyncram_component
 41. Parameter Settings for Inferred Entity Instance: sld_signaltap:auto_signaltap_0
 42. Parameter Settings for Inferred Entity Instance: qaoa_system:ntuS|ntu_smachine:ns|mulfix8:mulfix8_inst|lpm_mult:lpm_mult_component|mult_c0p:auto_generated|altshift_taps:result_extra2_reg_rtl_0
 43. Parameter Settings for Inferred Entity Instance: Fan_Control:u0|lpm_divide:Div1
 44. Parameter Settings for Inferred Entity Instance: Fan_Control:u0|lpm_divide:Div0
 45. scfifo Parameter Settings by Entity Instance
 46. lpm_mult Parameter Settings by Entity Instance
 47. altsyncram Parameter Settings by Entity Instance
 48. altshift_taps Parameter Settings by Entity Instance
 49. Port Connectivity Checks: "qaoa_system:ntuS|ram:ram1"
 50. Port Connectivity Checks: "qaoa_system:ntuS|ntu_smachine:ns|fifo1:fifo1_inst"
 51. Port Connectivity Checks: "qaoa_system:ntuS|ntu_smachine:ns|transmitter:t0"
 52. Port Connectivity Checks: "qaoa_system:ntuS|ntu_smachine:ns"
 53. Port Connectivity Checks: "qaoa_system:ntuS"
 54. Port Connectivity Checks: "Fan_Control:u0|I2C_Bus_Controller:u1"
 55. Port Connectivity Checks: "Fan_Control:u0|I2C_Config:u0"
 56. Port Connectivity Checks: "Fan_Control:u0"
 57. Port Connectivity Checks: "pll2:comb_19"
 58. Signal Tap Logic Analyzer Settings
 59. Post-Synthesis Netlist Statistics for Top Partition
 60. Elapsed Time Per Partition
 61. Connections to In-System Debugging Instance "auto_signaltap_0"
 62. Analysis & Synthesis Messages



----------------
; Legal Notice ;
----------------
Copyright (C) 2017  Intel Corporation. All rights reserved.
Your use of Intel Corporation's design tools, logic functions 
and other software and tools, and its AMPP partner logic 
functions, and any output files from any of the foregoing 
(including device programming or simulation files), and any 
associated documentation or information are expressly subject 
to the terms and conditions of the Intel Program License 
Subscription Agreement, the Intel Quartus Prime License Agreement,
the Intel FPGA IP License Agreement, or other applicable license
agreement, including, without limitation, that your use is for
the sole purpose of programming logic devices manufactured by
Intel and sold by Intel or its authorized distributors.  Please
refer to the applicable agreement for further details.



+-----------------------------------------------------------------------------------+
; Analysis & Synthesis Summary                                                      ;
+---------------------------------+-------------------------------------------------+
; Analysis & Synthesis Status     ; Successful - Fri Oct 03 16:04:51 2025           ;
; Quartus Prime Version           ; 17.1.0 Build 590 10/25/2017 SJ Standard Edition ;
; Revision Name                   ; Golden_TOP                                      ;
; Top-level Entity Name           ; Golden_TOP3                                     ;
; Family                          ; Stratix V                                       ;
; Logic utilization (in ALMs)     ; N/A                                             ;
; Total registers                 ; 2321                                            ;
; Total pins                      ; 636                                             ;
; Total virtual pins              ; 0                                               ;
; Total block memory bits         ; 526,336                                         ;
; Total DSP Blocks                ; 1                                               ;
; Total HSSI STD RX PCSs          ; 0                                               ;
; Total HSSI 10G RX PCSs          ; 0                                               ;
; Total HSSI GEN3 RX PCSs         ; 0                                               ;
; Total HSSI PMA RX Deserializers ; 0                                               ;
; Total HSSI STD TX PCSs          ; 0                                               ;
; Total HSSI 10G TX PCSs          ; 0                                               ;
; Total HSSI GEN3 TX PCSs         ; 0                                               ;
; Total HSSI PMA TX Serializers   ; 0                                               ;
; Total HSSI PIPE GEN1_2s         ; 0                                               ;
; Total HSSI GEN3s                ; 0                                               ;
; Total PLLs                      ; 1                                               ;
; Total DLLs                      ; 0                                               ;
+---------------------------------+-------------------------------------------------+


+---------------------------------------------------------------------------------------------------------------------------+
; Analysis & Synthesis Settings                                                                                             ;
+---------------------------------------------------------------------------------+--------------------+--------------------+
; Option                                                                          ; Setting            ; Default Value      ;
+---------------------------------------------------------------------------------+--------------------+--------------------+
; Device                                                                          ; 5SGXEABN3F45I3YY   ;                    ;
; Top-level entity name                                                           ; Golden_TOP3        ; Golden_TOP         ;
; Family name                                                                     ; Stratix V          ; Cyclone V          ;
; Verilog Show LMF Mapping Messages                                               ; Off                ;                    ;
; Verilog Version                                                                 ; SystemVerilog_2005 ; Verilog_2001       ;
; Use smart compilation                                                           ; Off                ; Off                ;
; Enable parallel Assembler and TimeQuest Timing Analyzer during compilation      ; On                 ; On                 ;
; Enable compact report table                                                     ; Off                ; Off                ;
; Restructure Multiplexers                                                        ; Auto               ; Auto               ;
; MLAB Add Timing Constraints For Mixed-Port Feed-Through Mode Setting Don't Care ; Off                ; Off                ;
; Create Debugging Nodes for IP Cores                                             ; Off                ; Off                ;
; Preserve fewer node names                                                       ; On                 ; On                 ;
; Intel FPGA IP Evaluation Mode                                                   ; Enable             ; Enable             ;
; VHDL Version                                                                    ; VHDL_1993          ; VHDL_1993          ;
; State Machine Processing                                                        ; Auto               ; Auto               ;
; Safe State Machine                                                              ; Off                ; Off                ;
; Extract Verilog State Machines                                                  ; On                 ; On                 ;
; Extract VHDL State Machines                                                     ; On                 ; On                 ;
; Ignore Verilog initial constructs                                               ; Off                ; Off                ;
; Iteration limit for constant Verilog loops                                      ; 5000               ; 5000               ;
; Iteration limit for non-constant Verilog loops                                  ; 250                ; 250                ;
; Add Pass-Through Logic to Inferred RAMs                                         ; On                 ; On                 ;
; Infer RAMs from Raw Logic                                                       ; On                 ; On                 ;
; Parallel Synthesis                                                              ; On                 ; On                 ;
; DSP Block Balancing                                                             ; Auto               ; Auto               ;
; NOT Gate Push-Back                                                              ; On                 ; On                 ;
; Power-Up Don't Care                                                             ; On                 ; On                 ;
; Remove Redundant Logic Cells                                                    ; Off                ; Off                ;
; Remove Duplicate Registers                                                      ; On                 ; On                 ;
; Ignore CARRY Buffers                                                            ; Off                ; Off                ;
; Ignore CASCADE Buffers                                                          ; Off                ; Off                ;
; Ignore GLOBAL Buffers                                                           ; Off                ; Off                ;
; Ignore ROW GLOBAL Buffers                                                       ; Off                ; Off                ;
; Ignore LCELL Buffers                                                            ; Off                ; Off                ;
; Ignore SOFT Buffers                                                             ; On                 ; On                 ;
; Limit AHDL Integers to 32 Bits                                                  ; Off                ; Off                ;
; Optimization Technique                                                          ; Balanced           ; Balanced           ;
; Carry Chain Length                                                              ; 70                 ; 70                 ;
; Auto Carry Chains                                                               ; On                 ; On                 ;
; Auto Open-Drain Pins                                                            ; On                 ; On                 ;
; Perform WYSIWYG Primitive Resynthesis                                           ; Off                ; Off                ;
; Auto ROM Replacement                                                            ; On                 ; On                 ;
; Auto RAM Replacement                                                            ; On                 ; On                 ;
; Auto DSP Block Replacement                                                      ; On                 ; On                 ;
; Auto Shift Register Replacement                                                 ; Auto               ; Auto               ;
; Allow Shift Register Merging across Hierarchies                                 ; Auto               ; Auto               ;
; Auto Clock Enable Replacement                                                   ; On                 ; On                 ;
; Strict RAM Replacement                                                          ; Off                ; Off                ;
; Allow Synchronous Control Signals                                               ; On                 ; On                 ;
; Force Use of Synchronous Clear Signals                                          ; Off                ; Off                ;
; Auto Resource Sharing                                                           ; Off                ; Off                ;
; Allow Any RAM Size For Recognition                                              ; Off                ; Off                ;
; Allow Any ROM Size For Recognition                                              ; Off                ; Off                ;
; Allow Any Shift Register Size For Recognition                                   ; Off                ; Off                ;
; Use LogicLock Constraints during Resource Balancing                             ; On                 ; On                 ;
; Ignore translate_off and synthesis_off directives                               ; Off                ; Off                ;
; Timing-Driven Synthesis                                                         ; On                 ; On                 ;
; Report Parameter Settings                                                       ; On                 ; On                 ;
; Report Source Assignments                                                       ; On                 ; On                 ;
; Report Connectivity Checks                                                      ; On                 ; On                 ;
; Ignore Maximum Fan-Out Assignments                                              ; Off                ; Off                ;
; Synchronization Register Chain Length                                           ; 3                  ; 3                  ;
; Power Optimization During Synthesis                                             ; Normal compilation ; Normal compilation ;
; HDL message level                                                               ; Level2             ; Level2             ;
; Suppress Register Optimization Related Messages                                 ; Off                ; Off                ;
; Number of Removed Registers Reported in Synthesis Report                        ; 5000               ; 5000               ;
; Number of Swept Nodes Reported in Synthesis Report                              ; 5000               ; 5000               ;
; Number of Inverted Registers Reported in Synthesis Report                       ; 100                ; 100                ;
; Clock MUX Protection                                                            ; On                 ; On                 ;
; Auto Gated Clock Conversion                                                     ; Off                ; Off                ;
; Block Design Naming                                                             ; Auto               ; Auto               ;
; SDC constraint protection                                                       ; Off                ; Off                ;
; Synthesis Effort                                                                ; Auto               ; Auto               ;
; Shift Register Replacement - Allow Asynchronous Clear Signal                    ; On                 ; On                 ;
; Pre-Mapping Resynthesis Optimization                                            ; Off                ; Off                ;
; Analysis & Synthesis Message Level                                              ; Medium             ; Medium             ;
; Disable Register Merging Across Hierarchies                                     ; Auto               ; Auto               ;
; Resource Aware Inference For Block RAM                                          ; On                 ; On                 ;
; Automatic Parallel Synthesis                                                    ; On                 ; On                 ;
; Partial Reconfiguration Bitstream ID                                            ; Off                ; Off                ;
+---------------------------------------------------------------------------------+--------------------+--------------------+


+------------------------------------------+
; Parallel Compilation                     ;
+----------------------------+-------------+
; Processors                 ; Number      ;
+----------------------------+-------------+
; Number detected on machine ; 8           ;
; Maximum allowed            ; 4           ;
;                            ;             ;
; Average used               ; 1.00        ;
; Maximum used               ; 4           ;
;                            ;             ;
; Usage by Processor         ; % Time Used ;
;     Processor 1            ; 100.0%      ;
;     Processor 2            ;   0.0%      ;
;     Processor 3            ;   0.0%      ;
;     Processor 4            ;   0.0%      ;
+----------------------------+-------------+


+-------------------------------------------------------------------------------------------------------------------------------------------------------------------------------------------------------------------------------------------------------------------------------------------------------------------------------------------+
; Analysis & Synthesis Source Files Read                                                                                                                                                                                                                                                                                                    ;
+--------------------------------------------------------------------+-----------------+----------------------------------------------+---------------------------------------------------------------------------------------------------------------------------------------------------------------------------------------+-------------+
; File Name with User-Entered Path                                   ; Used in Netlist ; File Type                                    ; File Name with Absolute Path                                                                                                                                                          ; Library     ;
+--------------------------------------------------------------------+-----------------+----------------------------------------------+---------------------------------------------------------------------------------------------------------------------------------------------------------------------------------------+-------------+
; qaoa_system.sv                                                     ; yes             ; User SystemVerilog HDL File                  ; C:/Users/N1259534/OneDrive - Nottingham Trent University/Desktop/Simulation_FPGA/NTU_FPGA2-new_permision/NTU_FPGA2/qaoa_system.sv                                                     ;             ;
; ntu_smachine.sv                                                    ; yes             ; User SystemVerilog HDL File                  ; C:/Users/N1259534/OneDrive - Nottingham Trent University/Desktop/Simulation_FPGA/NTU_FPGA2-new_permision/NTU_FPGA2/ntu_smachine.sv                                                    ;             ;
; Golden_TOP2.v                                                      ; yes             ; User Verilog HDL File                        ; C:/Users/N1259534/OneDrive - Nottingham Trent University/Desktop/Simulation_FPGA/NTU_FPGA2-new_permision/NTU_FPGA2/Golden_TOP2.v                                                      ;             ;
; transmitter.v                                                      ; yes             ; User Verilog HDL File                        ; C:/Users/N1259534/OneDrive - Nottingham Trent University/Desktop/Simulation_FPGA/NTU_FPGA2-new_permision/NTU_FPGA2/transmitter.v                                                      ;             ;
; receiver.v                                                         ; yes             ; User Verilog HDL File                        ; C:/Users/N1259534/OneDrive - Nottingham Trent University/Desktop/Simulation_FPGA/NTU_FPGA2-new_permision/NTU_FPGA2/receiver.v                                                         ;             ;
; Fan/I2C_Config.v                                                   ; yes             ; User Verilog HDL File                        ; C:/Users/N1259534/OneDrive - Nottingham Trent University/Desktop/Simulation_FPGA/NTU_FPGA2-new_permision/NTU_FPGA2/Fan/I2C_Config.v                                                   ;             ;
; Fan/I2C_Bus_Controller.v                                           ; yes             ; User Verilog HDL File                        ; C:/Users/N1259534/OneDrive - Nottingham Trent University/Desktop/Simulation_FPGA/NTU_FPGA2-new_permision/NTU_FPGA2/Fan/I2C_Bus_Controller.v                                           ;             ;
; Fan/Fan_Control.v                                                  ; yes             ; User Verilog HDL File                        ; C:/Users/N1259534/OneDrive - Nottingham Trent University/Desktop/Simulation_FPGA/NTU_FPGA2-new_permision/NTU_FPGA2/Fan/Fan_Control.v                                                  ;             ;
; fifo1.v                                                            ; yes             ; User Wizard-Generated File                   ; C:/Users/N1259534/OneDrive - Nottingham Trent University/Desktop/Simulation_FPGA/NTU_FPGA2-new_permision/NTU_FPGA2/fifo1.v                                                            ;             ;
; pll2.v                                                             ; yes             ; User Wizard-Generated File                   ; C:/Users/N1259534/OneDrive - Nottingham Trent University/Desktop/Simulation_FPGA/NTU_FPGA2-new_permision/NTU_FPGA2/pll2.v                                                             ; pll2        ;
; pll2/pll2_0002.v                                                   ; yes             ; User Verilog HDL File                        ; C:/Users/N1259534/OneDrive - Nottingham Trent University/Desktop/Simulation_FPGA/NTU_FPGA2-new_permision/NTU_FPGA2/pll2/pll2_0002.v                                                   ; pll2        ;
; addfix8.v                                                          ; yes             ; User Wizard-Generated File                   ; C:/Users/N1259534/OneDrive - Nottingham Trent University/Desktop/Simulation_FPGA/NTU_FPGA2-new_permision/NTU_FPGA2/addfix8.v                                                          ;             ;
; mulfix8.v                                                          ; yes             ; User Wizard-Generated File                   ; C:/Users/N1259534/OneDrive - Nottingham Trent University/Desktop/Simulation_FPGA/NTU_FPGA2-new_permision/NTU_FPGA2/mulfix8.v                                                          ;             ;
; ram.v                                                              ; yes             ; User Wizard-Generated File                   ; C:/Users/N1259534/OneDrive - Nottingham Trent University/Desktop/Simulation_FPGA/NTU_FPGA2-new_permision/NTU_FPGA2/ram.v                                                              ;             ;
; altera_pll.v                                                       ; yes             ; Megafunction                                 ; c:/intelfpga/17.1/quartus/libraries/megafunctions/altera_pll.v                                                                                                                        ;             ;
; scfifo.tdf                                                         ; yes             ; Megafunction                                 ; c:/intelfpga/17.1/quartus/libraries/megafunctions/scfifo.tdf                                                                                                                          ;             ;
; a_regfifo.inc                                                      ; yes             ; Megafunction                                 ; c:/intelfpga/17.1/quartus/libraries/megafunctions/a_regfifo.inc                                                                                                                       ;             ;
; a_dpfifo.inc                                                       ; yes             ; Megafunction                                 ; c:/intelfpga/17.1/quartus/libraries/megafunctions/a_dpfifo.inc                                                                                                                        ;             ;
; a_i2fifo.inc                                                       ; yes             ; Megafunction                                 ; c:/intelfpga/17.1/quartus/libraries/megafunctions/a_i2fifo.inc                                                                                                                        ;             ;
; a_fffifo.inc                                                       ; yes             ; Megafunction                                 ; c:/intelfpga/17.1/quartus/libraries/megafunctions/a_fffifo.inc                                                                                                                        ;             ;
; a_f2fifo.inc                                                       ; yes             ; Megafunction                                 ; c:/intelfpga/17.1/quartus/libraries/megafunctions/a_f2fifo.inc                                                                                                                        ;             ;
; aglobal171.inc                                                     ; yes             ; Megafunction                                 ; c:/intelfpga/17.1/quartus/libraries/megafunctions/aglobal171.inc                                                                                                                      ;             ;
; db/scfifo_ghd1.tdf                                                 ; yes             ; Auto-Generated Megafunction                  ; C:/Users/N1259534/OneDrive - Nottingham Trent University/Desktop/Simulation_FPGA/NTU_FPGA2-new_permision/NTU_FPGA2/db/scfifo_ghd1.tdf                                                 ;             ;
; db/a_dpfifo_nnd1.tdf                                               ; yes             ; Auto-Generated Megafunction                  ; C:/Users/N1259534/OneDrive - Nottingham Trent University/Desktop/Simulation_FPGA/NTU_FPGA2-new_permision/NTU_FPGA2/db/a_dpfifo_nnd1.tdf                                               ;             ;
; db/altsyncram_hor1.tdf                                             ; yes             ; Auto-Generated Megafunction                  ; C:/Users/N1259534/OneDrive - Nottingham Trent University/Desktop/Simulation_FPGA/NTU_FPGA2-new_permision/NTU_FPGA2/db/altsyncram_hor1.tdf                                             ;             ;
; db/cmpr_3m8.tdf                                                    ; yes             ; Auto-Generated Megafunction                  ; C:/Users/N1259534/OneDrive - Nottingham Trent University/Desktop/Simulation_FPGA/NTU_FPGA2-new_permision/NTU_FPGA2/db/cmpr_3m8.tdf                                                    ;             ;
; db/cntr_e3b.tdf                                                    ; yes             ; Auto-Generated Megafunction                  ; C:/Users/N1259534/OneDrive - Nottingham Trent University/Desktop/Simulation_FPGA/NTU_FPGA2-new_permision/NTU_FPGA2/db/cntr_e3b.tdf                                                    ;             ;
; db/cntr_r37.tdf                                                    ; yes             ; Auto-Generated Megafunction                  ; C:/Users/N1259534/OneDrive - Nottingham Trent University/Desktop/Simulation_FPGA/NTU_FPGA2-new_permision/NTU_FPGA2/db/cntr_r37.tdf                                                    ;             ;
; db/cntr_f3b.tdf                                                    ; yes             ; Auto-Generated Megafunction                  ; C:/Users/N1259534/OneDrive - Nottingham Trent University/Desktop/Simulation_FPGA/NTU_FPGA2-new_permision/NTU_FPGA2/db/cntr_f3b.tdf                                                    ;             ;
; lpm_mult.tdf                                                       ; yes             ; Megafunction                                 ; c:/intelfpga/17.1/quartus/libraries/megafunctions/lpm_mult.tdf                                                                                                                        ;             ;
; lpm_add_sub.inc                                                    ; yes             ; Megafunction                                 ; c:/intelfpga/17.1/quartus/libraries/megafunctions/lpm_add_sub.inc                                                                                                                     ;             ;
; multcore.inc                                                       ; yes             ; Megafunction                                 ; c:/intelfpga/17.1/quartus/libraries/megafunctions/multcore.inc                                                                                                                        ;             ;
; bypassff.inc                                                       ; yes             ; Megafunction                                 ; c:/intelfpga/17.1/quartus/libraries/megafunctions/bypassff.inc                                                                                                                        ;             ;
; altshift.inc                                                       ; yes             ; Megafunction                                 ; c:/intelfpga/17.1/quartus/libraries/megafunctions/altshift.inc                                                                                                                        ;             ;
; db/mult_c0p.v                                                      ; yes             ; Auto-Generated Megafunction                  ; C:/Users/N1259534/OneDrive - Nottingham Trent University/Desktop/Simulation_FPGA/NTU_FPGA2-new_permision/NTU_FPGA2/db/mult_c0p.v                                                      ;             ;
; lpm_add_sub.tdf                                                    ; yes             ; Megafunction                                 ; c:/intelfpga/17.1/quartus/libraries/megafunctions/lpm_add_sub.tdf                                                                                                                     ;             ;
; addcore.inc                                                        ; yes             ; Megafunction                                 ; c:/intelfpga/17.1/quartus/libraries/megafunctions/addcore.inc                                                                                                                         ;             ;
; look_add.inc                                                       ; yes             ; Megafunction                                 ; c:/intelfpga/17.1/quartus/libraries/megafunctions/look_add.inc                                                                                                                        ;             ;
; alt_stratix_add_sub.inc                                            ; yes             ; Megafunction                                 ; c:/intelfpga/17.1/quartus/libraries/megafunctions/alt_stratix_add_sub.inc                                                                                                             ;             ;
; db/add_sub_0bj.tdf                                                 ; yes             ; Auto-Generated Megafunction                  ; C:/Users/N1259534/OneDrive - Nottingham Trent University/Desktop/Simulation_FPGA/NTU_FPGA2-new_permision/NTU_FPGA2/db/add_sub_0bj.tdf                                                 ;             ;
; altsyncram.tdf                                                     ; yes             ; Megafunction                                 ; c:/intelfpga/17.1/quartus/libraries/megafunctions/altsyncram.tdf                                                                                                                      ;             ;
; stratix_ram_block.inc                                              ; yes             ; Megafunction                                 ; c:/intelfpga/17.1/quartus/libraries/megafunctions/stratix_ram_block.inc                                                                                                               ;             ;
; lpm_mux.inc                                                        ; yes             ; Megafunction                                 ; c:/intelfpga/17.1/quartus/libraries/megafunctions/lpm_mux.inc                                                                                                                         ;             ;
; lpm_decode.inc                                                     ; yes             ; Megafunction                                 ; c:/intelfpga/17.1/quartus/libraries/megafunctions/lpm_decode.inc                                                                                                                      ;             ;
; a_rdenreg.inc                                                      ; yes             ; Megafunction                                 ; c:/intelfpga/17.1/quartus/libraries/megafunctions/a_rdenreg.inc                                                                                                                       ;             ;
; altrom.inc                                                         ; yes             ; Megafunction                                 ; c:/intelfpga/17.1/quartus/libraries/megafunctions/altrom.inc                                                                                                                          ;             ;
; altram.inc                                                         ; yes             ; Megafunction                                 ; c:/intelfpga/17.1/quartus/libraries/megafunctions/altram.inc                                                                                                                          ;             ;
; altdpram.inc                                                       ; yes             ; Megafunction                                 ; c:/intelfpga/17.1/quartus/libraries/megafunctions/altdpram.inc                                                                                                                        ;             ;
; db/altsyncram_esq2.tdf                                             ; yes             ; Auto-Generated Megafunction                  ; C:/Users/N1259534/OneDrive - Nottingham Trent University/Desktop/Simulation_FPGA/NTU_FPGA2-new_permision/NTU_FPGA2/db/altsyncram_esq2.tdf                                             ;             ;
; sld_signaltap.vhd                                                  ; yes             ; Megafunction                                 ; c:/intelfpga/17.1/quartus/libraries/megafunctions/sld_signaltap.vhd                                                                                                                   ;             ;
; sld_signaltap_impl.vhd                                             ; yes             ; Encrypted Megafunction                       ; c:/intelfpga/17.1/quartus/libraries/megafunctions/sld_signaltap_impl.vhd                                                                                                              ;             ;
; sld_ela_control.vhd                                                ; yes             ; Encrypted Megafunction                       ; c:/intelfpga/17.1/quartus/libraries/megafunctions/sld_ela_control.vhd                                                                                                                 ;             ;
; lpm_shiftreg.tdf                                                   ; yes             ; Megafunction                                 ; c:/intelfpga/17.1/quartus/libraries/megafunctions/lpm_shiftreg.tdf                                                                                                                    ;             ;
; lpm_constant.inc                                                   ; yes             ; Megafunction                                 ; c:/intelfpga/17.1/quartus/libraries/megafunctions/lpm_constant.inc                                                                                                                    ;             ;
; dffeea.inc                                                         ; yes             ; Megafunction                                 ; c:/intelfpga/17.1/quartus/libraries/megafunctions/dffeea.inc                                                                                                                          ;             ;
; sld_mbpmg.vhd                                                      ; yes             ; Encrypted Megafunction                       ; c:/intelfpga/17.1/quartus/libraries/megafunctions/sld_mbpmg.vhd                                                                                                                       ;             ;
; sld_ela_trigger_flow_mgr.vhd                                       ; yes             ; Encrypted Megafunction                       ; c:/intelfpga/17.1/quartus/libraries/megafunctions/sld_ela_trigger_flow_mgr.vhd                                                                                                        ;             ;
; sld_buffer_manager.vhd                                             ; yes             ; Encrypted Megafunction                       ; c:/intelfpga/17.1/quartus/libraries/megafunctions/sld_buffer_manager.vhd                                                                                                              ;             ;
; db/altsyncram_8pc4.tdf                                             ; yes             ; Auto-Generated Megafunction                  ; C:/Users/N1259534/OneDrive - Nottingham Trent University/Desktop/Simulation_FPGA/NTU_FPGA2-new_permision/NTU_FPGA2/db/altsyncram_8pc4.tdf                                             ;             ;
; altdpram.tdf                                                       ; yes             ; Megafunction                                 ; c:/intelfpga/17.1/quartus/libraries/megafunctions/altdpram.tdf                                                                                                                        ;             ;
; memmodes.inc                                                       ; yes             ; Megafunction                                 ; c:/intelfpga/17.1/quartus/libraries/others/maxplus2/memmodes.inc                                                                                                                      ;             ;
; a_hdffe.inc                                                        ; yes             ; Megafunction                                 ; c:/intelfpga/17.1/quartus/libraries/megafunctions/a_hdffe.inc                                                                                                                         ;             ;
; alt_le_rden_reg.inc                                                ; yes             ; Megafunction                                 ; c:/intelfpga/17.1/quartus/libraries/megafunctions/alt_le_rden_reg.inc                                                                                                                 ;             ;
; altsyncram.inc                                                     ; yes             ; Megafunction                                 ; c:/intelfpga/17.1/quartus/libraries/megafunctions/altsyncram.inc                                                                                                                      ;             ;
; lpm_mux.tdf                                                        ; yes             ; Megafunction                                 ; c:/intelfpga/17.1/quartus/libraries/megafunctions/lpm_mux.tdf                                                                                                                         ;             ;
; muxlut.inc                                                         ; yes             ; Megafunction                                 ; c:/intelfpga/17.1/quartus/libraries/megafunctions/muxlut.inc                                                                                                                          ;             ;
; db/mux_gmc.tdf                                                     ; yes             ; Auto-Generated Megafunction                  ; C:/Users/N1259534/OneDrive - Nottingham Trent University/Desktop/Simulation_FPGA/NTU_FPGA2-new_permision/NTU_FPGA2/db/mux_gmc.tdf                                                     ;             ;
; lpm_decode.tdf                                                     ; yes             ; Megafunction                                 ; c:/intelfpga/17.1/quartus/libraries/megafunctions/lpm_decode.tdf                                                                                                                      ;             ;
; declut.inc                                                         ; yes             ; Megafunction                                 ; c:/intelfpga/17.1/quartus/libraries/megafunctions/declut.inc                                                                                                                          ;             ;
; lpm_compare.inc                                                    ; yes             ; Megafunction                                 ; c:/intelfpga/17.1/quartus/libraries/megafunctions/lpm_compare.inc                                                                                                                     ;             ;
; db/decode_1pf.tdf                                                  ; yes             ; Auto-Generated Megafunction                  ; C:/Users/N1259534/OneDrive - Nottingham Trent University/Desktop/Simulation_FPGA/NTU_FPGA2-new_permision/NTU_FPGA2/db/decode_1pf.tdf                                                  ;             ;
; lpm_counter.tdf                                                    ; yes             ; Megafunction                                 ; c:/intelfpga/17.1/quartus/libraries/megafunctions/lpm_counter.tdf                                                                                                                     ;             ;
; cmpconst.inc                                                       ; yes             ; Megafunction                                 ; c:/intelfpga/17.1/quartus/libraries/megafunctions/cmpconst.inc                                                                                                                        ;             ;
; lpm_counter.inc                                                    ; yes             ; Megafunction                                 ; c:/intelfpga/17.1/quartus/libraries/megafunctions/lpm_counter.inc                                                                                                                     ;             ;
; alt_counter_stratix.inc                                            ; yes             ; Megafunction                                 ; c:/intelfpga/17.1/quartus/libraries/megafunctions/alt_counter_stratix.inc                                                                                                             ;             ;
; db/cntr_1ai.tdf                                                    ; yes             ; Auto-Generated Megafunction                  ; C:/Users/N1259534/OneDrive - Nottingham Trent University/Desktop/Simulation_FPGA/NTU_FPGA2-new_permision/NTU_FPGA2/db/cntr_1ai.tdf                                                    ;             ;
; db/cmpr_eac.tdf                                                    ; yes             ; Auto-Generated Megafunction                  ; C:/Users/N1259534/OneDrive - Nottingham Trent University/Desktop/Simulation_FPGA/NTU_FPGA2-new_permision/NTU_FPGA2/db/cmpr_eac.tdf                                                    ;             ;
; db/cntr_60j.tdf                                                    ; yes             ; Auto-Generated Megafunction                  ; C:/Users/N1259534/OneDrive - Nottingham Trent University/Desktop/Simulation_FPGA/NTU_FPGA2-new_permision/NTU_FPGA2/db/cntr_60j.tdf                                                    ;             ;
; db/cntr_2ai.tdf                                                    ; yes             ; Auto-Generated Megafunction                  ; C:/Users/N1259534/OneDrive - Nottingham Trent University/Desktop/Simulation_FPGA/NTU_FPGA2-new_permision/NTU_FPGA2/db/cntr_2ai.tdf                                                    ;             ;
; db/cntr_msi.tdf                                                    ; yes             ; Auto-Generated Megafunction                  ; C:/Users/N1259534/OneDrive - Nottingham Trent University/Desktop/Simulation_FPGA/NTU_FPGA2-new_permision/NTU_FPGA2/db/cntr_msi.tdf                                                    ;             ;
; db/cmpr_bac.tdf                                                    ; yes             ; Auto-Generated Megafunction                  ; C:/Users/N1259534/OneDrive - Nottingham Trent University/Desktop/Simulation_FPGA/NTU_FPGA2-new_permision/NTU_FPGA2/db/cmpr_bac.tdf                                                    ;             ;
; sld_rom_sr.vhd                                                     ; yes             ; Encrypted Megafunction                       ; c:/intelfpga/17.1/quartus/libraries/megafunctions/sld_rom_sr.vhd                                                                                                                      ;             ;
; sld_jtag_endpoint_adapter.vhd                                      ; yes             ; Encrypted Megafunction                       ; c:/intelfpga/17.1/quartus/libraries/megafunctions/sld_jtag_endpoint_adapter.vhd                                                                                                       ;             ;
; sld_jtag_endpoint_adapter_impl.sv                                  ; yes             ; Encrypted Megafunction                       ; c:/intelfpga/17.1/quartus/libraries/megafunctions/sld_jtag_endpoint_adapter_impl.sv                                                                                                   ;             ;
; sld_hub.vhd                                                        ; yes             ; Encrypted Megafunction                       ; c:/intelfpga/17.1/quartus/libraries/megafunctions/sld_hub.vhd                                                                                                                         ; altera_sld  ;
; db/ip/sld24e5314a/alt_sld_fab.v                                    ; yes             ; Encrypted Auto-Found Verilog HDL File        ; C:/Users/N1259534/OneDrive - Nottingham Trent University/Desktop/Simulation_FPGA/NTU_FPGA2-new_permision/NTU_FPGA2/db/ip/sld24e5314a/alt_sld_fab.v                                    ; alt_sld_fab ;
; db/ip/sld24e5314a/submodules/alt_sld_fab_alt_sld_fab.v             ; yes             ; Encrypted Auto-Found Verilog HDL File        ; C:/Users/N1259534/OneDrive - Nottingham Trent University/Desktop/Simulation_FPGA/NTU_FPGA2-new_permision/NTU_FPGA2/db/ip/sld24e5314a/submodules/alt_sld_fab_alt_sld_fab.v             ; alt_sld_fab ;
; db/ip/sld24e5314a/submodules/alt_sld_fab_alt_sld_fab_ident.sv      ; yes             ; Auto-Found SystemVerilog HDL File            ; C:/Users/N1259534/OneDrive - Nottingham Trent University/Desktop/Simulation_FPGA/NTU_FPGA2-new_permision/NTU_FPGA2/db/ip/sld24e5314a/submodules/alt_sld_fab_alt_sld_fab_ident.sv      ; alt_sld_fab ;
; db/ip/sld24e5314a/submodules/alt_sld_fab_alt_sld_fab_presplit.sv   ; yes             ; Encrypted Auto-Found SystemVerilog HDL File  ; C:/Users/N1259534/OneDrive - Nottingham Trent University/Desktop/Simulation_FPGA/NTU_FPGA2-new_permision/NTU_FPGA2/db/ip/sld24e5314a/submodules/alt_sld_fab_alt_sld_fab_presplit.sv   ; alt_sld_fab ;
; db/ip/sld24e5314a/submodules/alt_sld_fab_alt_sld_fab_sldfabric.vhd ; yes             ; Encrypted Auto-Found VHDL File               ; C:/Users/N1259534/OneDrive - Nottingham Trent University/Desktop/Simulation_FPGA/NTU_FPGA2-new_permision/NTU_FPGA2/db/ip/sld24e5314a/submodules/alt_sld_fab_alt_sld_fab_sldfabric.vhd ; alt_sld_fab ;
; db/ip/sld24e5314a/submodules/alt_sld_fab_alt_sld_fab_splitter.sv   ; yes             ; Encrypted Auto-Found SystemVerilog HDL File  ; C:/Users/N1259534/OneDrive - Nottingham Trent University/Desktop/Simulation_FPGA/NTU_FPGA2-new_permision/NTU_FPGA2/db/ip/sld24e5314a/submodules/alt_sld_fab_alt_sld_fab_splitter.sv   ; alt_sld_fab ;
; sld_jtag_hub.vhd                                                   ; yes             ; Encrypted Megafunction                       ; c:/intelfpga/17.1/quartus/libraries/megafunctions/sld_jtag_hub.vhd                                                                                                                    ;             ;
; altshift_taps.tdf                                                  ; yes             ; Megafunction                                 ; c:/intelfpga/17.1/quartus/libraries/megafunctions/altshift_taps.tdf                                                                                                                   ;             ;
; db/shift_taps_tu51.tdf                                             ; yes             ; Auto-Generated Megafunction                  ; C:/Users/N1259534/OneDrive - Nottingham Trent University/Desktop/Simulation_FPGA/NTU_FPGA2-new_permision/NTU_FPGA2/db/shift_taps_tu51.tdf                                             ;             ;
; db/altsyncram_n9e1.tdf                                             ; yes             ; Auto-Generated Megafunction                  ; C:/Users/N1259534/OneDrive - Nottingham Trent University/Desktop/Simulation_FPGA/NTU_FPGA2-new_permision/NTU_FPGA2/db/altsyncram_n9e1.tdf                                             ;             ;
; db/cntr_rif.tdf                                                    ; yes             ; Auto-Generated Megafunction                  ; C:/Users/N1259534/OneDrive - Nottingham Trent University/Desktop/Simulation_FPGA/NTU_FPGA2-new_permision/NTU_FPGA2/db/cntr_rif.tdf                                                    ;             ;
; lpm_divide.tdf                                                     ; yes             ; Megafunction                                 ; c:/intelfpga/17.1/quartus/libraries/megafunctions/lpm_divide.tdf                                                                                                                      ;             ;
; abs_divider.inc                                                    ; yes             ; Megafunction                                 ; c:/intelfpga/17.1/quartus/libraries/megafunctions/abs_divider.inc                                                                                                                     ;             ;
; sign_div_unsign.inc                                                ; yes             ; Megafunction                                 ; c:/intelfpga/17.1/quartus/libraries/megafunctions/sign_div_unsign.inc                                                                                                                 ;             ;
; db/lpm_divide_2em.tdf                                              ; yes             ; Auto-Generated Megafunction                  ; C:/Users/N1259534/OneDrive - Nottingham Trent University/Desktop/Simulation_FPGA/NTU_FPGA2-new_permision/NTU_FPGA2/db/lpm_divide_2em.tdf                                              ;             ;
; db/sign_div_unsign_7nh.tdf                                         ; yes             ; Auto-Generated Megafunction                  ; C:/Users/N1259534/OneDrive - Nottingham Trent University/Desktop/Simulation_FPGA/NTU_FPGA2-new_permision/NTU_FPGA2/db/sign_div_unsign_7nh.tdf                                         ;             ;
; db/alt_u_div_m3f.tdf                                               ; yes             ; Auto-Generated Megafunction                  ; C:/Users/N1259534/OneDrive - Nottingham Trent University/Desktop/Simulation_FPGA/NTU_FPGA2-new_permision/NTU_FPGA2/db/alt_u_div_m3f.tdf                                               ;             ;
; db/lpm_divide_lcm.tdf                                              ; yes             ; Auto-Generated Megafunction                  ; C:/Users/N1259534/OneDrive - Nottingham Trent University/Desktop/Simulation_FPGA/NTU_FPGA2-new_permision/NTU_FPGA2/db/lpm_divide_lcm.tdf                                              ;             ;
; db/sign_div_unsign_plh.tdf                                         ; yes             ; Auto-Generated Megafunction                  ; C:/Users/N1259534/OneDrive - Nottingham Trent University/Desktop/Simulation_FPGA/NTU_FPGA2-new_permision/NTU_FPGA2/db/sign_div_unsign_plh.tdf                                         ;             ;
; db/alt_u_div_q0f.tdf                                               ; yes             ; Auto-Generated Megafunction                  ; C:/Users/N1259534/OneDrive - Nottingham Trent University/Desktop/Simulation_FPGA/NTU_FPGA2-new_permision/NTU_FPGA2/db/alt_u_div_q0f.tdf                                               ;             ;
; ntu_smachine.v                                                     ; yes             ; User Verilog HDL File                        ; ntu_smachine.v                                                                                                                                                                        ;             ;
; addFP64.v                                                          ; yes             ; User Wizard-Generated File                   ; C:/Users/N1259534/OneDrive - Nottingham Trent University/Desktop/Simulation_FPGA/NTU_FPGA2-new_permision/NTU_FPGA2/addFP64.v                                                          ;             ;
; lpmmult.v                                                          ; yes             ; User Wizard-Generated File                   ; lpmmult.v                                                                                                                                                                             ;             ;
; db/scfifo_ied1.tdf                                                 ; yes             ; Auto-Generated Megafunction                  ; C:/Users/N1259534/OneDrive - Nottingham Trent University/Desktop/Simulation_FPGA/NTU_FPGA2-new_permision/NTU_FPGA2/db/scfifo_ied1.tdf                                                 ;             ;
; db/a_dpfifo_pkd1.tdf                                               ; yes             ; Auto-Generated Megafunction                  ; C:/Users/N1259534/OneDrive - Nottingham Trent University/Desktop/Simulation_FPGA/NTU_FPGA2-new_permision/NTU_FPGA2/db/a_dpfifo_pkd1.tdf                                               ;             ;
; db/a_fefifo_i4e.tdf                                                ; yes             ; Auto-Generated Megafunction                  ; C:/Users/N1259534/OneDrive - Nottingham Trent University/Desktop/Simulation_FPGA/NTU_FPGA2-new_permision/NTU_FPGA2/db/a_fefifo_i4e.tdf                                                ;             ;
; db/cntr_th7.tdf                                                    ; yes             ; Auto-Generated Megafunction                  ; C:/Users/N1259534/OneDrive - Nottingham Trent University/Desktop/Simulation_FPGA/NTU_FPGA2-new_permision/NTU_FPGA2/db/cntr_th7.tdf                                                    ;             ;
; db/altsyncram_6212.tdf                                             ; yes             ; Auto-Generated Megafunction                  ; C:/Users/N1259534/OneDrive - Nottingham Trent University/Desktop/Simulation_FPGA/NTU_FPGA2-new_permision/NTU_FPGA2/db/altsyncram_6212.tdf                                             ;             ;
; db/cntr_hhb.tdf                                                    ; yes             ; Auto-Generated Megafunction                  ; C:/Users/N1259534/OneDrive - Nottingham Trent University/Desktop/Simulation_FPGA/NTU_FPGA2-new_permision/NTU_FPGA2/db/cntr_hhb.tdf                                                    ;             ;
; db/add_sub_6hi.tdf                                                 ; yes             ; Auto-Generated Megafunction                  ; C:/Users/N1259534/OneDrive - Nottingham Trent University/Desktop/Simulation_FPGA/NTU_FPGA2-new_permision/NTU_FPGA2/db/add_sub_6hi.tdf                                                 ;             ;
; db/add_sub_spe.tdf                                                 ; yes             ; Auto-Generated Megafunction                  ; C:/Users/N1259534/OneDrive - Nottingham Trent University/Desktop/Simulation_FPGA/NTU_FPGA2-new_permision/NTU_FPGA2/db/add_sub_spe.tdf                                                 ;             ;
; db/add_sub_7qe.tdf                                                 ; yes             ; Auto-Generated Megafunction                  ; C:/Users/N1259534/OneDrive - Nottingham Trent University/Desktop/Simulation_FPGA/NTU_FPGA2-new_permision/NTU_FPGA2/db/add_sub_7qe.tdf                                                 ;             ;
; db/add_sub_5gi.tdf                                                 ; yes             ; Auto-Generated Megafunction                  ; C:/Users/N1259534/OneDrive - Nottingham Trent University/Desktop/Simulation_FPGA/NTU_FPGA2-new_permision/NTU_FPGA2/db/add_sub_5gi.tdf                                                 ;             ;
; db/add_sub_18i.tdf                                                 ; yes             ; Auto-Generated Megafunction                  ; C:/Users/N1259534/OneDrive - Nottingham Trent University/Desktop/Simulation_FPGA/NTU_FPGA2-new_permision/NTU_FPGA2/db/add_sub_18i.tdf                                                 ;             ;
; db/add_sub_5ph.tdf                                                 ; yes             ; Auto-Generated Megafunction                  ; C:/Users/N1259534/OneDrive - Nottingham Trent University/Desktop/Simulation_FPGA/NTU_FPGA2-new_permision/NTU_FPGA2/db/add_sub_5ph.tdf                                                 ;             ;
; db/add_sub_99f.tdf                                                 ; yes             ; Auto-Generated Megafunction                  ; C:/Users/N1259534/OneDrive - Nottingham Trent University/Desktop/Simulation_FPGA/NTU_FPGA2-new_permision/NTU_FPGA2/db/add_sub_99f.tdf                                                 ;             ;
; db/add_sub_hhf.tdf                                                 ; yes             ; Auto-Generated Megafunction                  ; C:/Users/N1259534/OneDrive - Nottingham Trent University/Desktop/Simulation_FPGA/NTU_FPGA2-new_permision/NTU_FPGA2/db/add_sub_hhf.tdf                                                 ;             ;
; lpm_compare.tdf                                                    ; yes             ; Megafunction                                 ; c:/intelfpga/17.1/quartus/libraries/megafunctions/lpm_compare.tdf                                                                                                                     ;             ;
; comptree.inc                                                       ; yes             ; Megafunction                                 ; c:/intelfpga/17.1/quartus/libraries/megafunctions/comptree.inc                                                                                                                        ;             ;
; db/cmpr_h8g.tdf                                                    ; yes             ; Auto-Generated Megafunction                  ; C:/Users/N1259534/OneDrive - Nottingham Trent University/Desktop/Simulation_FPGA/NTU_FPGA2-new_permision/NTU_FPGA2/db/cmpr_h8g.tdf                                                    ;             ;
; db/add_sub_bgj.tdf                                                 ; yes             ; Auto-Generated Megafunction                  ; C:/Users/N1259534/OneDrive - Nottingham Trent University/Desktop/Simulation_FPGA/NTU_FPGA2-new_permision/NTU_FPGA2/db/add_sub_bgj.tdf                                                 ;             ;
; db/mult_6ls.v                                                      ; yes             ; Auto-Generated Megafunction                  ; C:/Users/N1259534/OneDrive - Nottingham Trent University/Desktop/Simulation_FPGA/NTU_FPGA2-new_permision/NTU_FPGA2/db/mult_6ls.v                                                      ;             ;
; db/mult_sh11.v                                                     ; yes             ; Auto-Generated Megafunction                  ; C:/Users/N1259534/OneDrive - Nottingham Trent University/Desktop/Simulation_FPGA/NTU_FPGA2-new_permision/NTU_FPGA2/db/mult_sh11.v                                                     ;             ;
+--------------------------------------------------------------------+-----------------+----------------------------------------------+---------------------------------------------------------------------------------------------------------------------------------------------------------------------------------------+-------------+


+-----------------------------------------------------------------------------------------------------------------------+
; Analysis & Synthesis Resource Usage Summary                                                                           ;
+---------------------------------------------+-------------------------------------------------------------------------+
; Resource                                    ; Usage                                                                   ;
+---------------------------------------------+-------------------------------------------------------------------------+
; Estimate of Logic utilization (ALMs needed) ; 1391                                                                    ;
;                                             ;                                                                         ;
; Combinational ALUT usage for logic          ; 2193                                                                    ;
;     -- 7 input functions                    ; 10                                                                      ;
;     -- 6 input functions                    ; 238                                                                     ;
;     -- 5 input functions                    ; 277                                                                     ;
;     -- 4 input functions                    ; 251                                                                     ;
;     -- <=3 input functions                  ; 1417                                                                    ;
;                                             ;                                                                         ;
; Dedicated logic registers                   ; 2321                                                                    ;
;                                             ;                                                                         ;
; I/O pins                                    ; 636                                                                     ;
; Total MLAB memory bits                      ; 0                                                                       ;
; Total block memory bits                     ; 526336                                                                  ;
;                                             ;                                                                         ;
; Total DSP Blocks                            ; 1                                                                       ;
;                                             ;                                                                         ;
; Total PLLs                                  ; 1                                                                       ;
;     -- PLLs                                 ; 1                                                                       ;
;                                             ;                                                                         ;
; Maximum fan-out node                        ; pll2:comb_19|pll2_0002:pll2_inst|altera_pll:altera_pll_i|outclk_wire[0] ;
; Maximum fan-out                             ; 1806                                                                    ;
; Total fan-out                               ; 17456                                                                   ;
; Average fan-out                             ; 2.71                                                                    ;
+---------------------------------------------+-------------------------------------------------------------------------+


+---------------------------------------------------------------------------------------------------------------------------------------------------------------------------------------------------------------------------------------------------------------------------------------------------------------------------------------------------------------------------------------------------------------------------------------------------------------------------------------------------------------------------------------------------------------------------------------------------------------------------------------------------------------+
; Analysis & Synthesis Resource Utilization by Entity                                                                                                                                                                                                                                                                                                                                                                                                                                                                                                                                                                                                           ;
+-----------------------------------------------------------------------------------------------------------------------------------------+---------------------+---------------------------+-------------------+------------+------+--------------+---------------------------------------------------------------------------------------------------------------------------------------------------------------------------------------------------------------------------------------------------------------------------------------------------------------------------------------------------------+-----------------------------------+--------------+
; Compilation Hierarchy Node                                                                                                              ; Combinational ALUTs ; Dedicated Logic Registers ; Block Memory Bits ; DSP Blocks ; Pins ; Virtual Pins ; Full Hierarchy Name                                                                                                                                                                                                                                                                                                                                     ; Entity Name                       ; Library Name ;
+-----------------------------------------------------------------------------------------------------------------------------------------+---------------------+---------------------------+-------------------+------------+------+--------------+---------------------------------------------------------------------------------------------------------------------------------------------------------------------------------------------------------------------------------------------------------------------------------------------------------------------------------------------------------+-----------------------------------+--------------+
; |Golden_TOP3                                                                                                                            ; 2193 (33)           ; 2321 (32)                 ; 526336            ; 1          ; 636  ; 0            ; |Golden_TOP3                                                                                                                                                                                                                                                                                                                                            ; Golden_TOP3                       ; work         ;
;    |Fan_Control:u0|                                                                                                                     ; 418 (24)            ; 115 (24)                  ; 0                 ; 0          ; 0    ; 0            ; |Golden_TOP3|Fan_Control:u0                                                                                                                                                                                                                                                                                                                             ; Fan_Control                       ; work         ;
;       |I2C_Bus_Controller:u1|                                                                                                           ; 34 (34)             ; 33 (33)                   ; 0                 ; 0          ; 0    ; 0            ; |Golden_TOP3|Fan_Control:u0|I2C_Bus_Controller:u1                                                                                                                                                                                                                                                                                                       ; I2C_Bus_Controller                ; work         ;
;       |I2C_Config:u0|                                                                                                                   ; 46 (46)             ; 58 (58)                   ; 0                 ; 0          ; 0    ; 0            ; |Golden_TOP3|Fan_Control:u0|I2C_Config:u0                                                                                                                                                                                                                                                                                                               ; I2C_Config                        ; work         ;
;       |lpm_divide:Div0|                                                                                                                 ; 108 (0)             ; 0 (0)                     ; 0                 ; 0          ; 0    ; 0            ; |Golden_TOP3|Fan_Control:u0|lpm_divide:Div0                                                                                                                                                                                                                                                                                                             ; lpm_divide                        ; work         ;
;          |lpm_divide_lcm:auto_generated|                                                                                                ; 108 (0)             ; 0 (0)                     ; 0                 ; 0          ; 0    ; 0            ; |Golden_TOP3|Fan_Control:u0|lpm_divide:Div0|lpm_divide_lcm:auto_generated                                                                                                                                                                                                                                                                               ; lpm_divide_lcm                    ; work         ;
;             |sign_div_unsign_plh:divider|                                                                                               ; 108 (0)             ; 0 (0)                     ; 0                 ; 0          ; 0    ; 0            ; |Golden_TOP3|Fan_Control:u0|lpm_divide:Div0|lpm_divide_lcm:auto_generated|sign_div_unsign_plh:divider                                                                                                                                                                                                                                                   ; sign_div_unsign_plh               ; work         ;
;                |alt_u_div_q0f:divider|                                                                                                  ; 108 (108)           ; 0 (0)                     ; 0                 ; 0          ; 0    ; 0            ; |Golden_TOP3|Fan_Control:u0|lpm_divide:Div0|lpm_divide_lcm:auto_generated|sign_div_unsign_plh:divider|alt_u_div_q0f:divider                                                                                                                                                                                                                             ; alt_u_div_q0f                     ; work         ;
;       |lpm_divide:Div1|                                                                                                                 ; 206 (0)             ; 0 (0)                     ; 0                 ; 0          ; 0    ; 0            ; |Golden_TOP3|Fan_Control:u0|lpm_divide:Div1                                                                                                                                                                                                                                                                                                             ; lpm_divide                        ; work         ;
;          |lpm_divide_2em:auto_generated|                                                                                                ; 206 (0)             ; 0 (0)                     ; 0                 ; 0          ; 0    ; 0            ; |Golden_TOP3|Fan_Control:u0|lpm_divide:Div1|lpm_divide_2em:auto_generated                                                                                                                                                                                                                                                                               ; lpm_divide_2em                    ; work         ;
;             |sign_div_unsign_7nh:divider|                                                                                               ; 206 (0)             ; 0 (0)                     ; 0                 ; 0          ; 0    ; 0            ; |Golden_TOP3|Fan_Control:u0|lpm_divide:Div1|lpm_divide_2em:auto_generated|sign_div_unsign_7nh:divider                                                                                                                                                                                                                                                   ; sign_div_unsign_7nh               ; work         ;
;                |alt_u_div_m3f:divider|                                                                                                  ; 206 (206)           ; 0 (0)                     ; 0                 ; 0          ; 0    ; 0            ; |Golden_TOP3|Fan_Control:u0|lpm_divide:Div1|lpm_divide_2em:auto_generated|sign_div_unsign_7nh:divider|alt_u_div_m3f:divider                                                                                                                                                                                                                             ; alt_u_div_m3f                     ; work         ;
;    |pll2:comb_19|                                                                                                                       ; 0 (0)               ; 0 (0)                     ; 0                 ; 0          ; 0    ; 0            ; |Golden_TOP3|pll2:comb_19                                                                                                                                                                                                                                                                                                                               ; pll2                              ; pll2         ;
;       |pll2_0002:pll2_inst|                                                                                                             ; 0 (0)               ; 0 (0)                     ; 0                 ; 0          ; 0    ; 0            ; |Golden_TOP3|pll2:comb_19|pll2_0002:pll2_inst                                                                                                                                                                                                                                                                                                           ; pll2_0002                         ; pll2         ;
;          |altera_pll:altera_pll_i|                                                                                                      ; 0 (0)               ; 0 (0)                     ; 0                 ; 0          ; 0    ; 0            ; |Golden_TOP3|pll2:comb_19|pll2_0002:pll2_inst|altera_pll:altera_pll_i                                                                                                                                                                                                                                                                                   ; altera_pll                        ; work         ;
;    |qaoa_system:ntuS|                                                                                                                   ; 1425 (294)          ; 1644 (329)                ; 524544            ; 1          ; 0    ; 0            ; |Golden_TOP3|qaoa_system:ntuS                                                                                                                                                                                                                                                                                                                           ; qaoa_system                       ; work         ;
;       |ntu_smachine:ns|                                                                                                                 ; 1131 (449)          ; 1315 (541)                ; 256               ; 1          ; 0    ; 0            ; |Golden_TOP3|qaoa_system:ntuS|ntu_smachine:ns                                                                                                                                                                                                                                                                                                           ; ntu_smachine                      ; work         ;
;          |addfix8:addix8_inst|                                                                                                          ; 568 (0)             ; 540 (0)                   ; 0                 ; 0          ; 0    ; 0            ; |Golden_TOP3|qaoa_system:ntuS|ntu_smachine:ns|addfix8:addix8_inst                                                                                                                                                                                                                                                                                       ; addfix8                           ; work         ;
;             |lpm_add_sub:LPM_ADD_SUB_component|                                                                                         ; 568 (0)             ; 540 (0)                   ; 0                 ; 0          ; 0    ; 0            ; |Golden_TOP3|qaoa_system:ntuS|ntu_smachine:ns|addfix8:addix8_inst|lpm_add_sub:LPM_ADD_SUB_component                                                                                                                                                                                                                                                     ; lpm_add_sub                       ; work         ;
;                |add_sub_0bj:auto_generated|                                                                                             ; 568 (568)           ; 540 (540)                 ; 0                 ; 0          ; 0    ; 0            ; |Golden_TOP3|qaoa_system:ntuS|ntu_smachine:ns|addfix8:addix8_inst|lpm_add_sub:LPM_ADD_SUB_component|add_sub_0bj:auto_generated                                                                                                                                                                                                                          ; add_sub_0bj                       ; work         ;
;          |fifo1:fifo1_inst|                                                                                                             ; 13 (0)              ; 11 (0)                    ; 32                ; 0          ; 0    ; 0            ; |Golden_TOP3|qaoa_system:ntuS|ntu_smachine:ns|fifo1:fifo1_inst                                                                                                                                                                                                                                                                                          ; fifo1                             ; work         ;
;             |scfifo:scfifo_component|                                                                                                   ; 13 (0)              ; 11 (0)                    ; 32                ; 0          ; 0    ; 0            ; |Golden_TOP3|qaoa_system:ntuS|ntu_smachine:ns|fifo1:fifo1_inst|scfifo:scfifo_component                                                                                                                                                                                                                                                                  ; scfifo                            ; work         ;
;                |scfifo_ghd1:auto_generated|                                                                                             ; 13 (0)              ; 11 (0)                    ; 32                ; 0          ; 0    ; 0            ; |Golden_TOP3|qaoa_system:ntuS|ntu_smachine:ns|fifo1:fifo1_inst|scfifo:scfifo_component|scfifo_ghd1:auto_generated                                                                                                                                                                                                                                       ; scfifo_ghd1                       ; work         ;
;                   |a_dpfifo_nnd1:dpfifo|                                                                                                ; 13 (8)              ; 11 (6)                    ; 32                ; 0          ; 0    ; 0            ; |Golden_TOP3|qaoa_system:ntuS|ntu_smachine:ns|fifo1:fifo1_inst|scfifo:scfifo_component|scfifo_ghd1:auto_generated|a_dpfifo_nnd1:dpfifo                                                                                                                                                                                                                  ; a_dpfifo_nnd1                     ; work         ;
;                      |altsyncram_hor1:FIFOram|                                                                                          ; 0 (0)               ; 0 (0)                     ; 32                ; 0          ; 0    ; 0            ; |Golden_TOP3|qaoa_system:ntuS|ntu_smachine:ns|fifo1:fifo1_inst|scfifo:scfifo_component|scfifo_ghd1:auto_generated|a_dpfifo_nnd1:dpfifo|altsyncram_hor1:FIFOram                                                                                                                                                                                          ; altsyncram_hor1                   ; work         ;
;                      |cntr_e3b:rd_ptr_msb|                                                                                              ; 1 (1)               ; 1 (1)                     ; 0                 ; 0          ; 0    ; 0            ; |Golden_TOP3|qaoa_system:ntuS|ntu_smachine:ns|fifo1:fifo1_inst|scfifo:scfifo_component|scfifo_ghd1:auto_generated|a_dpfifo_nnd1:dpfifo|cntr_e3b:rd_ptr_msb                                                                                                                                                                                              ; cntr_e3b                          ; work         ;
;                      |cntr_f3b:wr_ptr|                                                                                                  ; 2 (2)               ; 2 (2)                     ; 0                 ; 0          ; 0    ; 0            ; |Golden_TOP3|qaoa_system:ntuS|ntu_smachine:ns|fifo1:fifo1_inst|scfifo:scfifo_component|scfifo_ghd1:auto_generated|a_dpfifo_nnd1:dpfifo|cntr_f3b:wr_ptr                                                                                                                                                                                                  ; cntr_f3b                          ; work         ;
;                      |cntr_r37:usedw_counter|                                                                                           ; 2 (2)               ; 2 (2)                     ; 0                 ; 0          ; 0    ; 0            ; |Golden_TOP3|qaoa_system:ntuS|ntu_smachine:ns|fifo1:fifo1_inst|scfifo:scfifo_component|scfifo_ghd1:auto_generated|a_dpfifo_nnd1:dpfifo|cntr_r37:usedw_counter                                                                                                                                                                                           ; cntr_r37                          ; work         ;
;          |fifo1:fifoW_inst|                                                                                                             ; 14 (0)              ; 12 (0)                    ; 32                ; 0          ; 0    ; 0            ; |Golden_TOP3|qaoa_system:ntuS|ntu_smachine:ns|fifo1:fifoW_inst                                                                                                                                                                                                                                                                                          ; fifo1                             ; work         ;
;             |scfifo:scfifo_component|                                                                                                   ; 14 (0)              ; 12 (0)                    ; 32                ; 0          ; 0    ; 0            ; |Golden_TOP3|qaoa_system:ntuS|ntu_smachine:ns|fifo1:fifoW_inst|scfifo:scfifo_component                                                                                                                                                                                                                                                                  ; scfifo                            ; work         ;
;                |scfifo_ghd1:auto_generated|                                                                                             ; 14 (0)              ; 12 (0)                    ; 32                ; 0          ; 0    ; 0            ; |Golden_TOP3|qaoa_system:ntuS|ntu_smachine:ns|fifo1:fifoW_inst|scfifo:scfifo_component|scfifo_ghd1:auto_generated                                                                                                                                                                                                                                       ; scfifo_ghd1                       ; work         ;
;                   |a_dpfifo_nnd1:dpfifo|                                                                                                ; 14 (9)              ; 12 (7)                    ; 32                ; 0          ; 0    ; 0            ; |Golden_TOP3|qaoa_system:ntuS|ntu_smachine:ns|fifo1:fifoW_inst|scfifo:scfifo_component|scfifo_ghd1:auto_generated|a_dpfifo_nnd1:dpfifo                                                                                                                                                                                                                  ; a_dpfifo_nnd1                     ; work         ;
;                      |altsyncram_hor1:FIFOram|                                                                                          ; 0 (0)               ; 0 (0)                     ; 32                ; 0          ; 0    ; 0            ; |Golden_TOP3|qaoa_system:ntuS|ntu_smachine:ns|fifo1:fifoW_inst|scfifo:scfifo_component|scfifo_ghd1:auto_generated|a_dpfifo_nnd1:dpfifo|altsyncram_hor1:FIFOram                                                                                                                                                                                          ; altsyncram_hor1                   ; work         ;
;                      |cntr_e3b:rd_ptr_msb|                                                                                              ; 1 (1)               ; 1 (1)                     ; 0                 ; 0          ; 0    ; 0            ; |Golden_TOP3|qaoa_system:ntuS|ntu_smachine:ns|fifo1:fifoW_inst|scfifo:scfifo_component|scfifo_ghd1:auto_generated|a_dpfifo_nnd1:dpfifo|cntr_e3b:rd_ptr_msb                                                                                                                                                                                              ; cntr_e3b                          ; work         ;
;                      |cntr_f3b:wr_ptr|                                                                                                  ; 2 (2)               ; 2 (2)                     ; 0                 ; 0          ; 0    ; 0            ; |Golden_TOP3|qaoa_system:ntuS|ntu_smachine:ns|fifo1:fifoW_inst|scfifo:scfifo_component|scfifo_ghd1:auto_generated|a_dpfifo_nnd1:dpfifo|cntr_f3b:wr_ptr                                                                                                                                                                                                  ; cntr_f3b                          ; work         ;
;                      |cntr_r37:usedw_counter|                                                                                           ; 2 (2)               ; 2 (2)                     ; 0                 ; 0          ; 0    ; 0            ; |Golden_TOP3|qaoa_system:ntuS|ntu_smachine:ns|fifo1:fifoW_inst|scfifo:scfifo_component|scfifo_ghd1:auto_generated|a_dpfifo_nnd1:dpfifo|cntr_r37:usedw_counter                                                                                                                                                                                           ; cntr_r37                          ; work         ;
;          |mulfix8:mulfix8_inst|                                                                                                         ; 6 (0)               ; 148 (0)                   ; 192               ; 1          ; 0    ; 0            ; |Golden_TOP3|qaoa_system:ntuS|ntu_smachine:ns|mulfix8:mulfix8_inst                                                                                                                                                                                                                                                                                      ; mulfix8                           ; work         ;
;             |lpm_mult:lpm_mult_component|                                                                                               ; 6 (0)               ; 148 (0)                   ; 192               ; 1          ; 0    ; 0            ; |Golden_TOP3|qaoa_system:ntuS|ntu_smachine:ns|mulfix8:mulfix8_inst|lpm_mult:lpm_mult_component                                                                                                                                                                                                                                                          ; lpm_mult                          ; work         ;
;                |mult_c0p:auto_generated|                                                                                                ; 6 (0)               ; 148 (144)                 ; 192               ; 1          ; 0    ; 0            ; |Golden_TOP3|qaoa_system:ntuS|ntu_smachine:ns|mulfix8:mulfix8_inst|lpm_mult:lpm_mult_component|mult_c0p:auto_generated                                                                                                                                                                                                                                  ; mult_c0p                          ; work         ;
;                   |altshift_taps:result_extra2_reg_rtl_0|                                                                               ; 6 (0)               ; 4 (0)                     ; 192               ; 0          ; 0    ; 0            ; |Golden_TOP3|qaoa_system:ntuS|ntu_smachine:ns|mulfix8:mulfix8_inst|lpm_mult:lpm_mult_component|mult_c0p:auto_generated|altshift_taps:result_extra2_reg_rtl_0                                                                                                                                                                                            ; altshift_taps                     ; work         ;
;                      |shift_taps_tu51:auto_generated|                                                                                   ; 6 (4)               ; 4 (2)                     ; 192               ; 0          ; 0    ; 0            ; |Golden_TOP3|qaoa_system:ntuS|ntu_smachine:ns|mulfix8:mulfix8_inst|lpm_mult:lpm_mult_component|mult_c0p:auto_generated|altshift_taps:result_extra2_reg_rtl_0|shift_taps_tu51:auto_generated                                                                                                                                                             ; shift_taps_tu51                   ; work         ;
;                         |altsyncram_n9e1:altsyncram4|                                                                                   ; 0 (0)               ; 0 (0)                     ; 192               ; 0          ; 0    ; 0            ; |Golden_TOP3|qaoa_system:ntuS|ntu_smachine:ns|mulfix8:mulfix8_inst|lpm_mult:lpm_mult_component|mult_c0p:auto_generated|altshift_taps:result_extra2_reg_rtl_0|shift_taps_tu51:auto_generated|altsyncram_n9e1:altsyncram4                                                                                                                                 ; altsyncram_n9e1                   ; work         ;
;                         |cntr_rif:cntr1|                                                                                                ; 2 (2)               ; 2 (2)                     ; 0                 ; 0          ; 0    ; 0            ; |Golden_TOP3|qaoa_system:ntuS|ntu_smachine:ns|mulfix8:mulfix8_inst|lpm_mult:lpm_mult_component|mult_c0p:auto_generated|altshift_taps:result_extra2_reg_rtl_0|shift_taps_tu51:auto_generated|cntr_rif:cntr1                                                                                                                                              ; cntr_rif                          ; work         ;
;          |receiver:uart1|                                                                                                               ; 46 (46)             ; 32 (32)                   ; 0                 ; 0          ; 0    ; 0            ; |Golden_TOP3|qaoa_system:ntuS|ntu_smachine:ns|receiver:uart1                                                                                                                                                                                                                                                                                            ; receiver                          ; work         ;
;          |transmitter:t0|                                                                                                               ; 35 (35)             ; 31 (31)                   ; 0                 ; 0          ; 0    ; 0            ; |Golden_TOP3|qaoa_system:ntuS|ntu_smachine:ns|transmitter:t0                                                                                                                                                                                                                                                                                            ; transmitter                       ; work         ;
;       |ram:ram1|                                                                                                                        ; 0 (0)               ; 0 (0)                     ; 524288            ; 0          ; 0    ; 0            ; |Golden_TOP3|qaoa_system:ntuS|ram:ram1                                                                                                                                                                                                                                                                                                                  ; ram                               ; work         ;
;          |altsyncram:altsyncram_component|                                                                                              ; 0 (0)               ; 0 (0)                     ; 524288            ; 0          ; 0    ; 0            ; |Golden_TOP3|qaoa_system:ntuS|ram:ram1|altsyncram:altsyncram_component                                                                                                                                                                                                                                                                                  ; altsyncram                        ; work         ;
;             |altsyncram_esq2:auto_generated|                                                                                            ; 0 (0)               ; 0 (0)                     ; 524288            ; 0          ; 0    ; 0            ; |Golden_TOP3|qaoa_system:ntuS|ram:ram1|altsyncram:altsyncram_component|altsyncram_esq2:auto_generated                                                                                                                                                                                                                                                   ; altsyncram_esq2                   ; work         ;
;    |sld_hub:auto_hub|                                                                                                                   ; 93 (1)              ; 91 (0)                    ; 0                 ; 0          ; 0    ; 0            ; |Golden_TOP3|sld_hub:auto_hub                                                                                                                                                                                                                                                                                                                           ; sld_hub                           ; altera_sld   ;
;       |alt_sld_fab_with_jtag_input:\instrumentation_fabric_with_node_gen:fabric_gen_new_way:with_jtag_input_gen:instrumentation_fabric| ; 92 (0)              ; 91 (0)                    ; 0                 ; 0          ; 0    ; 0            ; |Golden_TOP3|sld_hub:auto_hub|alt_sld_fab_with_jtag_input:\instrumentation_fabric_with_node_gen:fabric_gen_new_way:with_jtag_input_gen:instrumentation_fabric                                                                                                                                                                                           ; alt_sld_fab_with_jtag_input       ; altera_sld   ;
;          |alt_sld_fab:instrumentation_fabric|                                                                                           ; 92 (0)              ; 91 (0)                    ; 0                 ; 0          ; 0    ; 0            ; |Golden_TOP3|sld_hub:auto_hub|alt_sld_fab_with_jtag_input:\instrumentation_fabric_with_node_gen:fabric_gen_new_way:with_jtag_input_gen:instrumentation_fabric|alt_sld_fab:instrumentation_fabric                                                                                                                                                        ; alt_sld_fab                       ; alt_sld_fab  ;
;             |alt_sld_fab_alt_sld_fab:alt_sld_fab|                                                                                       ; 92 (1)              ; 91 (5)                    ; 0                 ; 0          ; 0    ; 0            ; |Golden_TOP3|sld_hub:auto_hub|alt_sld_fab_with_jtag_input:\instrumentation_fabric_with_node_gen:fabric_gen_new_way:with_jtag_input_gen:instrumentation_fabric|alt_sld_fab:instrumentation_fabric|alt_sld_fab_alt_sld_fab:alt_sld_fab                                                                                                                    ; alt_sld_fab_alt_sld_fab           ; alt_sld_fab  ;
;                |alt_sld_fab_alt_sld_fab_sldfabric:sldfabric|                                                                            ; 91 (0)              ; 86 (0)                    ; 0                 ; 0          ; 0    ; 0            ; |Golden_TOP3|sld_hub:auto_hub|alt_sld_fab_with_jtag_input:\instrumentation_fabric_with_node_gen:fabric_gen_new_way:with_jtag_input_gen:instrumentation_fabric|alt_sld_fab:instrumentation_fabric|alt_sld_fab_alt_sld_fab:alt_sld_fab|alt_sld_fab_alt_sld_fab_sldfabric:sldfabric                                                                        ; alt_sld_fab_alt_sld_fab_sldfabric ; alt_sld_fab  ;
;                   |sld_jtag_hub:\jtag_hub_gen:real_sld_jtag_hub|                                                                        ; 91 (58)             ; 86 (58)                   ; 0                 ; 0          ; 0    ; 0            ; |Golden_TOP3|sld_hub:auto_hub|alt_sld_fab_with_jtag_input:\instrumentation_fabric_with_node_gen:fabric_gen_new_way:with_jtag_input_gen:instrumentation_fabric|alt_sld_fab:instrumentation_fabric|alt_sld_fab_alt_sld_fab:alt_sld_fab|alt_sld_fab_alt_sld_fab_sldfabric:sldfabric|sld_jtag_hub:\jtag_hub_gen:real_sld_jtag_hub                           ; sld_jtag_hub                      ; work         ;
;                      |sld_rom_sr:hub_info_reg|                                                                                          ; 15 (15)             ; 9 (9)                     ; 0                 ; 0          ; 0    ; 0            ; |Golden_TOP3|sld_hub:auto_hub|alt_sld_fab_with_jtag_input:\instrumentation_fabric_with_node_gen:fabric_gen_new_way:with_jtag_input_gen:instrumentation_fabric|alt_sld_fab:instrumentation_fabric|alt_sld_fab_alt_sld_fab:alt_sld_fab|alt_sld_fab_alt_sld_fab_sldfabric:sldfabric|sld_jtag_hub:\jtag_hub_gen:real_sld_jtag_hub|sld_rom_sr:hub_info_reg   ; sld_rom_sr                        ; work         ;
;                      |sld_shadow_jsm:shadow_jsm|                                                                                        ; 18 (18)             ; 19 (19)                   ; 0                 ; 0          ; 0    ; 0            ; |Golden_TOP3|sld_hub:auto_hub|alt_sld_fab_with_jtag_input:\instrumentation_fabric_with_node_gen:fabric_gen_new_way:with_jtag_input_gen:instrumentation_fabric|alt_sld_fab:instrumentation_fabric|alt_sld_fab_alt_sld_fab:alt_sld_fab|alt_sld_fab_alt_sld_fab_sldfabric:sldfabric|sld_jtag_hub:\jtag_hub_gen:real_sld_jtag_hub|sld_shadow_jsm:shadow_jsm ; sld_shadow_jsm                    ; altera_sld   ;
;    |sld_signaltap:auto_signaltap_0|                                                                                                     ; 224 (2)             ; 439 (28)                  ; 1792              ; 0          ; 0    ; 0            ; |Golden_TOP3|sld_signaltap:auto_signaltap_0                                                                                                                                                                                                                                                                                                             ; sld_signaltap                     ; work         ;
;       |sld_signaltap_impl:sld_signaltap_body|                                                                                           ; 222 (0)             ; 411 (0)                   ; 1792              ; 0          ; 0    ; 0            ; |Golden_TOP3|sld_signaltap:auto_signaltap_0|sld_signaltap_impl:sld_signaltap_body                                                                                                                                                                                                                                                                       ; sld_signaltap_impl                ; work         ;
;          |sld_signaltap_implb:sld_signaltap_body|                                                                                       ; 222 (67)            ; 411 (130)                 ; 1792              ; 0          ; 0    ; 0            ; |Golden_TOP3|sld_signaltap:auto_signaltap_0|sld_signaltap_impl:sld_signaltap_body|sld_signaltap_implb:sld_signaltap_body                                                                                                                                                                                                                                ; sld_signaltap_implb               ; work         ;
;             |altdpram:\stp_non_zero_ram_gen:attribute_mem_gen:attribute_mem|                                                            ; 2 (0)               ; 46 (46)                   ; 0                 ; 0          ; 0    ; 0            ; |Golden_TOP3|sld_signaltap:auto_signaltap_0|sld_signaltap_impl:sld_signaltap_body|sld_signaltap_implb:sld_signaltap_body|altdpram:\stp_non_zero_ram_gen:attribute_mem_gen:attribute_mem                                                                                                                                                                 ; altdpram                          ; work         ;
;                |lpm_decode:wdecoder|                                                                                                    ; 2 (0)               ; 0 (0)                     ; 0                 ; 0          ; 0    ; 0            ; |Golden_TOP3|sld_signaltap:auto_signaltap_0|sld_signaltap_impl:sld_signaltap_body|sld_signaltap_implb:sld_signaltap_body|altdpram:\stp_non_zero_ram_gen:attribute_mem_gen:attribute_mem|lpm_decode:wdecoder                                                                                                                                             ; lpm_decode                        ; work         ;
;                   |decode_1pf:auto_generated|                                                                                           ; 2 (2)               ; 0 (0)                     ; 0                 ; 0          ; 0    ; 0            ; |Golden_TOP3|sld_signaltap:auto_signaltap_0|sld_signaltap_impl:sld_signaltap_body|sld_signaltap_implb:sld_signaltap_body|altdpram:\stp_non_zero_ram_gen:attribute_mem_gen:attribute_mem|lpm_decode:wdecoder|decode_1pf:auto_generated                                                                                                                   ; decode_1pf                        ; work         ;
;             |altsyncram:\stp_non_zero_ram_gen:stp_buffer_ram|                                                                           ; 0 (0)               ; 0 (0)                     ; 1792              ; 0          ; 0    ; 0            ; |Golden_TOP3|sld_signaltap:auto_signaltap_0|sld_signaltap_impl:sld_signaltap_body|sld_signaltap_implb:sld_signaltap_body|altsyncram:\stp_non_zero_ram_gen:stp_buffer_ram                                                                                                                                                                                ; altsyncram                        ; work         ;
;                |altsyncram_8pc4:auto_generated|                                                                                         ; 0 (0)               ; 0 (0)                     ; 1792              ; 0          ; 0    ; 0            ; |Golden_TOP3|sld_signaltap:auto_signaltap_0|sld_signaltap_impl:sld_signaltap_body|sld_signaltap_implb:sld_signaltap_body|altsyncram:\stp_non_zero_ram_gen:stp_buffer_ram|altsyncram_8pc4:auto_generated                                                                                                                                                 ; altsyncram_8pc4                   ; work         ;
;             |lpm_shiftreg:segment_offset_config_deserialize|                                                                            ; 0 (0)               ; 7 (7)                     ; 0                 ; 0          ; 0    ; 0            ; |Golden_TOP3|sld_signaltap:auto_signaltap_0|sld_signaltap_impl:sld_signaltap_body|sld_signaltap_implb:sld_signaltap_body|lpm_shiftreg:segment_offset_config_deserialize                                                                                                                                                                                 ; lpm_shiftreg                      ; work         ;
;             |lpm_shiftreg:status_register|                                                                                              ; 17 (17)             ; 17 (17)                   ; 0                 ; 0          ; 0    ; 0            ; |Golden_TOP3|sld_signaltap:auto_signaltap_0|sld_signaltap_impl:sld_signaltap_body|sld_signaltap_implb:sld_signaltap_body|lpm_shiftreg:status_register                                                                                                                                                                                                   ; lpm_shiftreg                      ; work         ;
;             |serial_crc_16:\tdo_crc_gen:tdo_crc_calc|                                                                                   ; 4 (4)               ; 13 (13)                   ; 0                 ; 0          ; 0    ; 0            ; |Golden_TOP3|sld_signaltap:auto_signaltap_0|sld_signaltap_impl:sld_signaltap_body|sld_signaltap_implb:sld_signaltap_body|serial_crc_16:\tdo_crc_gen:tdo_crc_calc                                                                                                                                                                                        ; serial_crc_16                     ; work         ;
;             |sld_buffer_manager:sld_buffer_manager_inst|                                                                                ; 58 (58)             ; 44 (44)                   ; 0                 ; 0          ; 0    ; 0            ; |Golden_TOP3|sld_signaltap:auto_signaltap_0|sld_signaltap_impl:sld_signaltap_body|sld_signaltap_implb:sld_signaltap_body|sld_buffer_manager:sld_buffer_manager_inst                                                                                                                                                                                     ; sld_buffer_manager                ; work         ;
;             |sld_ela_control:ela_control|                                                                                               ; 19 (1)              ; 86 (1)                    ; 0                 ; 0          ; 0    ; 0            ; |Golden_TOP3|sld_signaltap:auto_signaltap_0|sld_signaltap_impl:sld_signaltap_body|sld_signaltap_implb:sld_signaltap_body|sld_ela_control:ela_control                                                                                                                                                                                                    ; sld_ela_control                   ; work         ;
;                |lpm_shiftreg:trigger_config_deserialize|                                                                                ; 0 (0)               ; 4 (4)                     ; 0                 ; 0          ; 0    ; 0            ; |Golden_TOP3|sld_signaltap:auto_signaltap_0|sld_signaltap_impl:sld_signaltap_body|sld_signaltap_implb:sld_signaltap_body|sld_ela_control:ela_control|lpm_shiftreg:trigger_config_deserialize                                                                                                                                                            ; lpm_shiftreg                      ; work         ;
;                |sld_ela_basic_multi_level_trigger:\basic_multi_level_mbpm_trigger_gen:multi_level_mbpm|                                 ; 14 (0)              ; 70 (0)                    ; 0                 ; 0          ; 0    ; 0            ; |Golden_TOP3|sld_signaltap:auto_signaltap_0|sld_signaltap_impl:sld_signaltap_body|sld_signaltap_implb:sld_signaltap_body|sld_ela_control:ela_control|sld_ela_basic_multi_level_trigger:\basic_multi_level_mbpm_trigger_gen:multi_level_mbpm                                                                                                             ; sld_ela_basic_multi_level_trigger ; work         ;
;                   |lpm_shiftreg:trigger_condition_deserialize|                                                                          ; 0 (0)               ; 42 (42)                   ; 0                 ; 0          ; 0    ; 0            ; |Golden_TOP3|sld_signaltap:auto_signaltap_0|sld_signaltap_impl:sld_signaltap_body|sld_signaltap_implb:sld_signaltap_body|sld_ela_control:ela_control|sld_ela_basic_multi_level_trigger:\basic_multi_level_mbpm_trigger_gen:multi_level_mbpm|lpm_shiftreg:trigger_condition_deserialize                                                                  ; lpm_shiftreg                      ; work         ;
;                   |sld_mbpmg:\trigger_modules_gen:0:trigger_match|                                                                      ; 14 (0)              ; 28 (0)                    ; 0                 ; 0          ; 0    ; 0            ; |Golden_TOP3|sld_signaltap:auto_signaltap_0|sld_signaltap_impl:sld_signaltap_body|sld_signaltap_implb:sld_signaltap_body|sld_ela_control:ela_control|sld_ela_basic_multi_level_trigger:\basic_multi_level_mbpm_trigger_gen:multi_level_mbpm|sld_mbpmg:\trigger_modules_gen:0:trigger_match                                                              ; sld_mbpmg                         ; work         ;
;                      |sld_sbpmg:\gen_sbpmg_pipeline_less_than_two:sm0:0:sm1|                                                            ; 1 (1)               ; 2 (2)                     ; 0                 ; 0          ; 0    ; 0            ; |Golden_TOP3|sld_signaltap:auto_signaltap_0|sld_signaltap_impl:sld_signaltap_body|sld_signaltap_implb:sld_signaltap_body|sld_ela_control:ela_control|sld_ela_basic_multi_level_trigger:\basic_multi_level_mbpm_trigger_gen:multi_level_mbpm|sld_mbpmg:\trigger_modules_gen:0:trigger_match|sld_sbpmg:\gen_sbpmg_pipeline_less_than_two:sm0:0:sm1        ; sld_sbpmg                         ; work         ;
;                      |sld_sbpmg:\gen_sbpmg_pipeline_less_than_two:sm0:10:sm1|                                                           ; 1 (1)               ; 2 (2)                     ; 0                 ; 0          ; 0    ; 0            ; |Golden_TOP3|sld_signaltap:auto_signaltap_0|sld_signaltap_impl:sld_signaltap_body|sld_signaltap_implb:sld_signaltap_body|sld_ela_control:ela_control|sld_ela_basic_multi_level_trigger:\basic_multi_level_mbpm_trigger_gen:multi_level_mbpm|sld_mbpmg:\trigger_modules_gen:0:trigger_match|sld_sbpmg:\gen_sbpmg_pipeline_less_than_two:sm0:10:sm1       ; sld_sbpmg                         ; work         ;
;                      |sld_sbpmg:\gen_sbpmg_pipeline_less_than_two:sm0:11:sm1|                                                           ; 1 (1)               ; 2 (2)                     ; 0                 ; 0          ; 0    ; 0            ; |Golden_TOP3|sld_signaltap:auto_signaltap_0|sld_signaltap_impl:sld_signaltap_body|sld_signaltap_implb:sld_signaltap_body|sld_ela_control:ela_control|sld_ela_basic_multi_level_trigger:\basic_multi_level_mbpm_trigger_gen:multi_level_mbpm|sld_mbpmg:\trigger_modules_gen:0:trigger_match|sld_sbpmg:\gen_sbpmg_pipeline_less_than_two:sm0:11:sm1       ; sld_sbpmg                         ; work         ;
;                      |sld_sbpmg:\gen_sbpmg_pipeline_less_than_two:sm0:12:sm1|                                                           ; 1 (1)               ; 2 (2)                     ; 0                 ; 0          ; 0    ; 0            ; |Golden_TOP3|sld_signaltap:auto_signaltap_0|sld_signaltap_impl:sld_signaltap_body|sld_signaltap_implb:sld_signaltap_body|sld_ela_control:ela_control|sld_ela_basic_multi_level_trigger:\basic_multi_level_mbpm_trigger_gen:multi_level_mbpm|sld_mbpmg:\trigger_modules_gen:0:trigger_match|sld_sbpmg:\gen_sbpmg_pipeline_less_than_two:sm0:12:sm1       ; sld_sbpmg                         ; work         ;
;                      |sld_sbpmg:\gen_sbpmg_pipeline_less_than_two:sm0:13:sm1|                                                           ; 1 (1)               ; 2 (2)                     ; 0                 ; 0          ; 0    ; 0            ; |Golden_TOP3|sld_signaltap:auto_signaltap_0|sld_signaltap_impl:sld_signaltap_body|sld_signaltap_implb:sld_signaltap_body|sld_ela_control:ela_control|sld_ela_basic_multi_level_trigger:\basic_multi_level_mbpm_trigger_gen:multi_level_mbpm|sld_mbpmg:\trigger_modules_gen:0:trigger_match|sld_sbpmg:\gen_sbpmg_pipeline_less_than_two:sm0:13:sm1       ; sld_sbpmg                         ; work         ;
;                      |sld_sbpmg:\gen_sbpmg_pipeline_less_than_two:sm0:1:sm1|                                                            ; 1 (1)               ; 2 (2)                     ; 0                 ; 0          ; 0    ; 0            ; |Golden_TOP3|sld_signaltap:auto_signaltap_0|sld_signaltap_impl:sld_signaltap_body|sld_signaltap_implb:sld_signaltap_body|sld_ela_control:ela_control|sld_ela_basic_multi_level_trigger:\basic_multi_level_mbpm_trigger_gen:multi_level_mbpm|sld_mbpmg:\trigger_modules_gen:0:trigger_match|sld_sbpmg:\gen_sbpmg_pipeline_less_than_two:sm0:1:sm1        ; sld_sbpmg                         ; work         ;
;                      |sld_sbpmg:\gen_sbpmg_pipeline_less_than_two:sm0:2:sm1|                                                            ; 1 (1)               ; 2 (2)                     ; 0                 ; 0          ; 0    ; 0            ; |Golden_TOP3|sld_signaltap:auto_signaltap_0|sld_signaltap_impl:sld_signaltap_body|sld_signaltap_implb:sld_signaltap_body|sld_ela_control:ela_control|sld_ela_basic_multi_level_trigger:\basic_multi_level_mbpm_trigger_gen:multi_level_mbpm|sld_mbpmg:\trigger_modules_gen:0:trigger_match|sld_sbpmg:\gen_sbpmg_pipeline_less_than_two:sm0:2:sm1        ; sld_sbpmg                         ; work         ;
;                      |sld_sbpmg:\gen_sbpmg_pipeline_less_than_two:sm0:3:sm1|                                                            ; 1 (1)               ; 2 (2)                     ; 0                 ; 0          ; 0    ; 0            ; |Golden_TOP3|sld_signaltap:auto_signaltap_0|sld_signaltap_impl:sld_signaltap_body|sld_signaltap_implb:sld_signaltap_body|sld_ela_control:ela_control|sld_ela_basic_multi_level_trigger:\basic_multi_level_mbpm_trigger_gen:multi_level_mbpm|sld_mbpmg:\trigger_modules_gen:0:trigger_match|sld_sbpmg:\gen_sbpmg_pipeline_less_than_two:sm0:3:sm1        ; sld_sbpmg                         ; work         ;
;                      |sld_sbpmg:\gen_sbpmg_pipeline_less_than_two:sm0:4:sm1|                                                            ; 1 (1)               ; 2 (2)                     ; 0                 ; 0          ; 0    ; 0            ; |Golden_TOP3|sld_signaltap:auto_signaltap_0|sld_signaltap_impl:sld_signaltap_body|sld_signaltap_implb:sld_signaltap_body|sld_ela_control:ela_control|sld_ela_basic_multi_level_trigger:\basic_multi_level_mbpm_trigger_gen:multi_level_mbpm|sld_mbpmg:\trigger_modules_gen:0:trigger_match|sld_sbpmg:\gen_sbpmg_pipeline_less_than_two:sm0:4:sm1        ; sld_sbpmg                         ; work         ;
;                      |sld_sbpmg:\gen_sbpmg_pipeline_less_than_two:sm0:5:sm1|                                                            ; 1 (1)               ; 2 (2)                     ; 0                 ; 0          ; 0    ; 0            ; |Golden_TOP3|sld_signaltap:auto_signaltap_0|sld_signaltap_impl:sld_signaltap_body|sld_signaltap_implb:sld_signaltap_body|sld_ela_control:ela_control|sld_ela_basic_multi_level_trigger:\basic_multi_level_mbpm_trigger_gen:multi_level_mbpm|sld_mbpmg:\trigger_modules_gen:0:trigger_match|sld_sbpmg:\gen_sbpmg_pipeline_less_than_two:sm0:5:sm1        ; sld_sbpmg                         ; work         ;
;                      |sld_sbpmg:\gen_sbpmg_pipeline_less_than_two:sm0:6:sm1|                                                            ; 1 (1)               ; 2 (2)                     ; 0                 ; 0          ; 0    ; 0            ; |Golden_TOP3|sld_signaltap:auto_signaltap_0|sld_signaltap_impl:sld_signaltap_body|sld_signaltap_implb:sld_signaltap_body|sld_ela_control:ela_control|sld_ela_basic_multi_level_trigger:\basic_multi_level_mbpm_trigger_gen:multi_level_mbpm|sld_mbpmg:\trigger_modules_gen:0:trigger_match|sld_sbpmg:\gen_sbpmg_pipeline_less_than_two:sm0:6:sm1        ; sld_sbpmg                         ; work         ;
;                      |sld_sbpmg:\gen_sbpmg_pipeline_less_than_two:sm0:7:sm1|                                                            ; 1 (1)               ; 2 (2)                     ; 0                 ; 0          ; 0    ; 0            ; |Golden_TOP3|sld_signaltap:auto_signaltap_0|sld_signaltap_impl:sld_signaltap_body|sld_signaltap_implb:sld_signaltap_body|sld_ela_control:ela_control|sld_ela_basic_multi_level_trigger:\basic_multi_level_mbpm_trigger_gen:multi_level_mbpm|sld_mbpmg:\trigger_modules_gen:0:trigger_match|sld_sbpmg:\gen_sbpmg_pipeline_less_than_two:sm0:7:sm1        ; sld_sbpmg                         ; work         ;
;                      |sld_sbpmg:\gen_sbpmg_pipeline_less_than_two:sm0:8:sm1|                                                            ; 1 (1)               ; 2 (2)                     ; 0                 ; 0          ; 0    ; 0            ; |Golden_TOP3|sld_signaltap:auto_signaltap_0|sld_signaltap_impl:sld_signaltap_body|sld_signaltap_implb:sld_signaltap_body|sld_ela_control:ela_control|sld_ela_basic_multi_level_trigger:\basic_multi_level_mbpm_trigger_gen:multi_level_mbpm|sld_mbpmg:\trigger_modules_gen:0:trigger_match|sld_sbpmg:\gen_sbpmg_pipeline_less_than_two:sm0:8:sm1        ; sld_sbpmg                         ; work         ;
;                      |sld_sbpmg:\gen_sbpmg_pipeline_less_than_two:sm0:9:sm1|                                                            ; 1 (1)               ; 2 (2)                     ; 0                 ; 0          ; 0    ; 0            ; |Golden_TOP3|sld_signaltap:auto_signaltap_0|sld_signaltap_impl:sld_signaltap_body|sld_signaltap_implb:sld_signaltap_body|sld_ela_control:ela_control|sld_ela_basic_multi_level_trigger:\basic_multi_level_mbpm_trigger_gen:multi_level_mbpm|sld_mbpmg:\trigger_modules_gen:0:trigger_match|sld_sbpmg:\gen_sbpmg_pipeline_less_than_two:sm0:9:sm1        ; sld_sbpmg                         ; work         ;
;                |sld_ela_trigger_flow_mgr:\builtin:ela_trigger_flow_mgr_entity|                                                          ; 4 (4)               ; 11 (1)                    ; 0                 ; 0          ; 0    ; 0            ; |Golden_TOP3|sld_signaltap:auto_signaltap_0|sld_signaltap_impl:sld_signaltap_body|sld_signaltap_implb:sld_signaltap_body|sld_ela_control:ela_control|sld_ela_trigger_flow_mgr:\builtin:ela_trigger_flow_mgr_entity                                                                                                                                      ; sld_ela_trigger_flow_mgr          ; work         ;
;                   |lpm_shiftreg:trigger_config_deserialize|                                                                             ; 0 (0)               ; 10 (10)                   ; 0                 ; 0          ; 0    ; 0            ; |Golden_TOP3|sld_signaltap:auto_signaltap_0|sld_signaltap_impl:sld_signaltap_body|sld_signaltap_implb:sld_signaltap_body|sld_ela_control:ela_control|sld_ela_trigger_flow_mgr:\builtin:ela_trigger_flow_mgr_entity|lpm_shiftreg:trigger_config_deserialize                                                                                              ; lpm_shiftreg                      ; work         ;
;             |sld_offload_buffer_mgr:\stp_non_zero_depth_offload_gen:stp_offload_buff_mgr_inst|                                          ; 35 (11)             ; 60 (0)                    ; 0                 ; 0          ; 0    ; 0            ; |Golden_TOP3|sld_signaltap:auto_signaltap_0|sld_signaltap_impl:sld_signaltap_body|sld_signaltap_implb:sld_signaltap_body|sld_offload_buffer_mgr:\stp_non_zero_depth_offload_gen:stp_offload_buff_mgr_inst                                                                                                                                               ; sld_offload_buffer_mgr            ; work         ;
;                |lpm_counter:\adv_point_3_and_more:advance_pointer_counter|                                                              ; 6 (0)               ; 4 (0)                     ; 0                 ; 0          ; 0    ; 0            ; |Golden_TOP3|sld_signaltap:auto_signaltap_0|sld_signaltap_impl:sld_signaltap_body|sld_signaltap_implb:sld_signaltap_body|sld_offload_buffer_mgr:\stp_non_zero_depth_offload_gen:stp_offload_buff_mgr_inst|lpm_counter:\adv_point_3_and_more:advance_pointer_counter                                                                                     ; lpm_counter                       ; work         ;
;                   |cntr_1ai:auto_generated|                                                                                             ; 6 (6)               ; 4 (4)                     ; 0                 ; 0          ; 0    ; 0            ; |Golden_TOP3|sld_signaltap:auto_signaltap_0|sld_signaltap_impl:sld_signaltap_body|sld_signaltap_implb:sld_signaltap_body|sld_offload_buffer_mgr:\stp_non_zero_depth_offload_gen:stp_offload_buff_mgr_inst|lpm_counter:\adv_point_3_and_more:advance_pointer_counter|cntr_1ai:auto_generated                                                             ; cntr_1ai                          ; work         ;
;                |lpm_counter:read_pointer_counter|                                                                                       ; 7 (0)               ; 7 (0)                     ; 0                 ; 0          ; 0    ; 0            ; |Golden_TOP3|sld_signaltap:auto_signaltap_0|sld_signaltap_impl:sld_signaltap_body|sld_signaltap_implb:sld_signaltap_body|sld_offload_buffer_mgr:\stp_non_zero_depth_offload_gen:stp_offload_buff_mgr_inst|lpm_counter:read_pointer_counter                                                                                                              ; lpm_counter                       ; work         ;
;                   |cntr_60j:auto_generated|                                                                                             ; 7 (7)               ; 7 (7)                     ; 0                 ; 0          ; 0    ; 0            ; |Golden_TOP3|sld_signaltap:auto_signaltap_0|sld_signaltap_impl:sld_signaltap_body|sld_signaltap_implb:sld_signaltap_body|sld_offload_buffer_mgr:\stp_non_zero_depth_offload_gen:stp_offload_buff_mgr_inst|lpm_counter:read_pointer_counter|cntr_60j:auto_generated                                                                                      ; cntr_60j                          ; work         ;
;                |lpm_counter:status_advance_pointer_counter|                                                                             ; 6 (0)               ; 4 (0)                     ; 0                 ; 0          ; 0    ; 0            ; |Golden_TOP3|sld_signaltap:auto_signaltap_0|sld_signaltap_impl:sld_signaltap_body|sld_signaltap_implb:sld_signaltap_body|sld_offload_buffer_mgr:\stp_non_zero_depth_offload_gen:stp_offload_buff_mgr_inst|lpm_counter:status_advance_pointer_counter                                                                                                    ; lpm_counter                       ; work         ;
;                   |cntr_2ai:auto_generated|                                                                                             ; 6 (6)               ; 4 (4)                     ; 0                 ; 0          ; 0    ; 0            ; |Golden_TOP3|sld_signaltap:auto_signaltap_0|sld_signaltap_impl:sld_signaltap_body|sld_signaltap_implb:sld_signaltap_body|sld_offload_buffer_mgr:\stp_non_zero_depth_offload_gen:stp_offload_buff_mgr_inst|lpm_counter:status_advance_pointer_counter|cntr_2ai:auto_generated                                                                            ; cntr_2ai                          ; work         ;
;                |lpm_counter:status_read_pointer_counter|                                                                                ; 3 (0)               ; 1 (0)                     ; 0                 ; 0          ; 0    ; 0            ; |Golden_TOP3|sld_signaltap:auto_signaltap_0|sld_signaltap_impl:sld_signaltap_body|sld_signaltap_implb:sld_signaltap_body|sld_offload_buffer_mgr:\stp_non_zero_depth_offload_gen:stp_offload_buff_mgr_inst|lpm_counter:status_read_pointer_counter                                                                                                       ; lpm_counter                       ; work         ;
;                   |cntr_msi:auto_generated|                                                                                             ; 3 (3)               ; 1 (1)                     ; 0                 ; 0          ; 0    ; 0            ; |Golden_TOP3|sld_signaltap:auto_signaltap_0|sld_signaltap_impl:sld_signaltap_body|sld_signaltap_implb:sld_signaltap_body|sld_offload_buffer_mgr:\stp_non_zero_depth_offload_gen:stp_offload_buff_mgr_inst|lpm_counter:status_read_pointer_counter|cntr_msi:auto_generated                                                                               ; cntr_msi                          ; work         ;
;                |lpm_shiftreg:info_data_shift_out|                                                                                       ; 0 (0)               ; 15 (15)                   ; 0                 ; 0          ; 0    ; 0            ; |Golden_TOP3|sld_signaltap:auto_signaltap_0|sld_signaltap_impl:sld_signaltap_body|sld_signaltap_implb:sld_signaltap_body|sld_offload_buffer_mgr:\stp_non_zero_depth_offload_gen:stp_offload_buff_mgr_inst|lpm_shiftreg:info_data_shift_out                                                                                                              ; lpm_shiftreg                      ; work         ;
;                |lpm_shiftreg:ram_data_shift_out|                                                                                        ; 1 (1)               ; 14 (14)                   ; 0                 ; 0          ; 0    ; 0            ; |Golden_TOP3|sld_signaltap:auto_signaltap_0|sld_signaltap_impl:sld_signaltap_body|sld_signaltap_implb:sld_signaltap_body|sld_offload_buffer_mgr:\stp_non_zero_depth_offload_gen:stp_offload_buff_mgr_inst|lpm_shiftreg:ram_data_shift_out                                                                                                               ; lpm_shiftreg                      ; work         ;
;                |lpm_shiftreg:status_data_shift_out|                                                                                     ; 1 (1)               ; 15 (15)                   ; 0                 ; 0          ; 0    ; 0            ; |Golden_TOP3|sld_signaltap:auto_signaltap_0|sld_signaltap_impl:sld_signaltap_body|sld_signaltap_implb:sld_signaltap_body|sld_offload_buffer_mgr:\stp_non_zero_depth_offload_gen:stp_offload_buff_mgr_inst|lpm_shiftreg:status_data_shift_out                                                                                                            ; lpm_shiftreg                      ; work         ;
;             |sld_rom_sr:crc_rom_sr|                                                                                                     ; 20 (20)             ; 8 (8)                     ; 0                 ; 0          ; 0    ; 0            ; |Golden_TOP3|sld_signaltap:auto_signaltap_0|sld_signaltap_impl:sld_signaltap_body|sld_signaltap_implb:sld_signaltap_body|sld_rom_sr:crc_rom_sr                                                                                                                                                                                                          ; sld_rom_sr                        ; work         ;
+-----------------------------------------------------------------------------------------------------------------------------------------+---------------------+---------------------------+-------------------+------------+------+--------------+---------------------------------------------------------------------------------------------------------------------------------------------------------------------------------------------------------------------------------------------------------------------------------------------------------------------------------------------------------+-----------------------------------+--------------+
Note: For table entries with two numbers listed, the numbers in parentheses indicate the number of resources of the given type used by the specific entity alone. The numbers listed outside of parentheses indicate the total resources of the given type used by the specific entity and all of its sub-entities in the hierarchy.


+-----------------------------------------------------------------------------------------------------------------------------------------------------------------------------------------------------------------------------------------------------------------------------------------------------------------------------+
; Analysis & Synthesis RAM Summary                                                                                                                                                                                                                                                                                            ;
+-----------------------------------------------------------------------------------------------------------------------------------------------------------------------------------------------------------------------+------+------------------+--------------+--------------+--------------+--------------+--------+------+
; Name                                                                                                                                                                                                                  ; Type ; Mode             ; Port A Depth ; Port A Width ; Port B Depth ; Port B Width ; Size   ; MIF  ;
+-----------------------------------------------------------------------------------------------------------------------------------------------------------------------------------------------------------------------+------+------------------+--------------+--------------+--------------+--------------+--------+------+
; qaoa_system:ntuS|ntu_smachine:ns|fifo1:fifo1_inst|scfifo:scfifo_component|scfifo_ghd1:auto_generated|a_dpfifo_nnd1:dpfifo|altsyncram_hor1:FIFOram|ALTSYNCRAM                                                          ; AUTO ; Simple Dual Port ; 4            ; 8            ; 4            ; 8            ; 32     ; None ;
; qaoa_system:ntuS|ntu_smachine:ns|fifo1:fifoW_inst|scfifo:scfifo_component|scfifo_ghd1:auto_generated|a_dpfifo_nnd1:dpfifo|altsyncram_hor1:FIFOram|ALTSYNCRAM                                                          ; AUTO ; Simple Dual Port ; 4            ; 8            ; 4            ; 8            ; 32     ; None ;
; qaoa_system:ntuS|ntu_smachine:ns|mulfix8:mulfix8_inst|lpm_mult:lpm_mult_component|mult_c0p:auto_generated|altshift_taps:result_extra2_reg_rtl_0|shift_taps_tu51:auto_generated|altsyncram_n9e1:altsyncram4|ALTSYNCRAM ; AUTO ; Simple Dual Port ; 4            ; 48           ; 4            ; 48           ; 192    ; None ;
; qaoa_system:ntuS|ram:ram1|altsyncram:altsyncram_component|altsyncram_esq2:auto_generated|ALTSYNCRAM                                                                                                                   ; AUTO ; True Dual Port   ; 8192         ; 64           ; 8192         ; 64           ; 524288 ; None ;
; sld_signaltap:auto_signaltap_0|sld_signaltap_impl:sld_signaltap_body|sld_signaltap_implb:sld_signaltap_body|altsyncram:\stp_non_zero_ram_gen:stp_buffer_ram|altsyncram_8pc4:auto_generated|ALTSYNCRAM                 ; AUTO ; Simple Dual Port ; 128          ; 14           ; 128          ; 14           ; 1792   ; None ;
+-----------------------------------------------------------------------------------------------------------------------------------------------------------------------------------------------------------------------+------+------------------+--------------+--------------+--------------+--------------+--------+------+


+----------------------------------------------+
; Analysis & Synthesis DSP Block Usage Summary ;
+-------------------------------+--------------+
; Statistic                     ; Number Used  ;
+-------------------------------+--------------+
; Independent 27x27             ; 1            ;
; Total number of DSP blocks    ; 1            ;
;                               ;              ;
; Fixed Point Signed Multiplier ; 1            ;
+-------------------------------+--------------+


+--------------------------------------------------------------------------------------------------------------------------------------------------------------------------------------------------------------------------------------------------------------------------------------------------------------------------------------------------------------------+
; Analysis & Synthesis IP Cores Summary                                                                                                                                                                                                                                                                                                                              ;
+--------+--------------+---------+--------------+--------------+----------------------------------------------------------------------------------------------------------------------------------------------------------------------------------------------------------------------------------------------------------------------------------+-----------------+
; Vendor ; IP Core Name ; Version ; Release Date ; License Type ; Entity Instance                                                                                                                                                                                                                                                                  ; IP Include File ;
+--------+--------------+---------+--------------+--------------+----------------------------------------------------------------------------------------------------------------------------------------------------------------------------------------------------------------------------------------------------------------------------------+-----------------+
; Altera ; Signal Tap   ; N/A     ; N/A          ; Licensed     ; |Golden_TOP3|sld_hub:auto_hub|alt_sld_fab_with_jtag_input:\instrumentation_fabric_with_node_gen:fabric_gen_new_way:with_jtag_input_gen:instrumentation_fabric|alt_sld_fab:instrumentation_fabric                                                                                 ;                 ;
; Altera ; Signal Tap   ; N/A     ; N/A          ; Licensed     ; |Golden_TOP3|sld_hub:auto_hub|alt_sld_fab_with_jtag_input:\instrumentation_fabric_with_node_gen:fabric_gen_new_way:with_jtag_input_gen:instrumentation_fabric|alt_sld_fab:instrumentation_fabric|alt_sld_fab_alt_sld_fab:alt_sld_fab                                             ;                 ;
; Altera ; Signal Tap   ; N/A     ; N/A          ; Licensed     ; |Golden_TOP3|sld_hub:auto_hub|alt_sld_fab_with_jtag_input:\instrumentation_fabric_with_node_gen:fabric_gen_new_way:with_jtag_input_gen:instrumentation_fabric|alt_sld_fab:instrumentation_fabric|alt_sld_fab_alt_sld_fab:alt_sld_fab|alt_sld_fab_alt_sld_fab_presplit:presplit   ;                 ;
; Altera ; Signal Tap   ; N/A     ; N/A          ; Licensed     ; |Golden_TOP3|sld_hub:auto_hub|alt_sld_fab_with_jtag_input:\instrumentation_fabric_with_node_gen:fabric_gen_new_way:with_jtag_input_gen:instrumentation_fabric|alt_sld_fab:instrumentation_fabric|alt_sld_fab_alt_sld_fab:alt_sld_fab|alt_sld_fab_alt_sld_fab_sldfabric:sldfabric ;                 ;
; Altera ; Signal Tap   ; N/A     ; N/A          ; Licensed     ; |Golden_TOP3|sld_hub:auto_hub|alt_sld_fab_with_jtag_input:\instrumentation_fabric_with_node_gen:fabric_gen_new_way:with_jtag_input_gen:instrumentation_fabric|alt_sld_fab:instrumentation_fabric|alt_sld_fab_alt_sld_fab:alt_sld_fab|alt_sld_fab_alt_sld_fab_splitter:splitter   ;                 ;
; Altera ; altera_pll   ; 17.1    ; N/A          ; N/A          ; |Golden_TOP3|pll2:comb_19                                                                                                                                                                                                                                                        ; pll2.v          ;
; Altera ; LPM_ADD_SUB  ; 17.1    ; N/A          ; N/A          ; |Golden_TOP3|qaoa_system:ntuS|ntu_smachine:ns|addfix8:addix8_inst                                                                                                                                                                                                                ; addfix8.v       ;
; Altera ; FIFO         ; 17.1    ; N/A          ; N/A          ; |Golden_TOP3|qaoa_system:ntuS|ntu_smachine:ns|fifo1:fifo1_inst                                                                                                                                                                                                                   ; fifo1.v         ;
; Altera ; FIFO         ; 17.1    ; N/A          ; N/A          ; |Golden_TOP3|qaoa_system:ntuS|ntu_smachine:ns|fifo1:fifoW_inst                                                                                                                                                                                                                   ; fifo1.v         ;
; Altera ; LPM_MULT     ; 17.1    ; N/A          ; N/A          ; |Golden_TOP3|qaoa_system:ntuS|ntu_smachine:ns|mulfix8:mulfix8_inst                                                                                                                                                                                                               ; mulfix8.v       ;
; Altera ; RAM: 2-PORT  ; 17.1    ; N/A          ; N/A          ; |Golden_TOP3|qaoa_system:ntuS|ram:ram1                                                                                                                                                                                                                                           ; ram.v           ;
+--------+--------------+---------+--------------+--------------+----------------------------------------------------------------------------------------------------------------------------------------------------------------------------------------------------------------------------------------------------------------------------------+-----------------+


Encoding Type:  One-Hot
+---------------------------------------------------------------------------------------------------------------------------------------------------------------------------------------------------------------------------------------------------------------------------------------------------------------------------------------+
; State Machine - |Golden_TOP3|qaoa_system:ntuS|ntu_smachine:ns|writeReg                                                                                                                                                                                                                                                                ;
+---------------------------+-----------------------+-----------------------+--------------------+--------------------+-----------------------+-----------------------+---------------------------+---------------------------+--------------------+--------------------+--------------------+--------------------+---------------------+
; Name                      ; writeReg.WRITE_Info2U ; writeReg.WRITE_BRAM_U ; writeReg.WRITE_rB1 ; writeReg.WRITE_rA1 ; writeReg.WRITE_add_rA ; writeReg.WRITE_mul_rA ; writeReg.WRITE_addFP64_rA ; writeReg.WRITE_mulFP64_rA ; writeReg.WRITE_A2U ; writeReg.WRITE_A2B ; writeReg.WRITE_T2B ; writeReg.WRITE_T2A ; writeReg.WRITE_NONE ;
+---------------------------+-----------------------+-----------------------+--------------------+--------------------+-----------------------+-----------------------+---------------------------+---------------------------+--------------------+--------------------+--------------------+--------------------+---------------------+
; writeReg.WRITE_NONE       ; 0                     ; 0                     ; 0                  ; 0                  ; 0                     ; 0                     ; 0                         ; 0                         ; 0                  ; 0                  ; 0                  ; 0                  ; 0                   ;
; writeReg.WRITE_T2A        ; 0                     ; 0                     ; 0                  ; 0                  ; 0                     ; 0                     ; 0                         ; 0                         ; 0                  ; 0                  ; 0                  ; 1                  ; 1                   ;
; writeReg.WRITE_T2B        ; 0                     ; 0                     ; 0                  ; 0                  ; 0                     ; 0                     ; 0                         ; 0                         ; 0                  ; 0                  ; 1                  ; 0                  ; 1                   ;
; writeReg.WRITE_A2B        ; 0                     ; 0                     ; 0                  ; 0                  ; 0                     ; 0                     ; 0                         ; 0                         ; 0                  ; 1                  ; 0                  ; 0                  ; 1                   ;
; writeReg.WRITE_A2U        ; 0                     ; 0                     ; 0                  ; 0                  ; 0                     ; 0                     ; 0                         ; 0                         ; 1                  ; 0                  ; 0                  ; 0                  ; 1                   ;
; writeReg.WRITE_mulFP64_rA ; 0                     ; 0                     ; 0                  ; 0                  ; 0                     ; 0                     ; 0                         ; 1                         ; 0                  ; 0                  ; 0                  ; 0                  ; 1                   ;
; writeReg.WRITE_addFP64_rA ; 0                     ; 0                     ; 0                  ; 0                  ; 0                     ; 0                     ; 1                         ; 0                         ; 0                  ; 0                  ; 0                  ; 0                  ; 1                   ;
; writeReg.WRITE_mul_rA     ; 0                     ; 0                     ; 0                  ; 0                  ; 0                     ; 1                     ; 0                         ; 0                         ; 0                  ; 0                  ; 0                  ; 0                  ; 1                   ;
; writeReg.WRITE_add_rA     ; 0                     ; 0                     ; 0                  ; 0                  ; 1                     ; 0                     ; 0                         ; 0                         ; 0                  ; 0                  ; 0                  ; 0                  ; 1                   ;
; writeReg.WRITE_rA1        ; 0                     ; 0                     ; 0                  ; 1                  ; 0                     ; 0                     ; 0                         ; 0                         ; 0                  ; 0                  ; 0                  ; 0                  ; 1                   ;
; writeReg.WRITE_rB1        ; 0                     ; 0                     ; 1                  ; 0                  ; 0                     ; 0                     ; 0                         ; 0                         ; 0                  ; 0                  ; 0                  ; 0                  ; 1                   ;
; writeReg.WRITE_BRAM_U     ; 0                     ; 1                     ; 0                  ; 0                  ; 0                     ; 0                     ; 0                         ; 0                         ; 0                  ; 0                  ; 0                  ; 0                  ; 1                   ;
; writeReg.WRITE_Info2U     ; 1                     ; 0                     ; 0                  ; 0                  ; 0                     ; 0                     ; 0                         ; 0                         ; 0                  ; 0                  ; 0                  ; 0                  ; 1                   ;
+---------------------------+-----------------------+-----------------------+--------------------+--------------------+-----------------------+-----------------------+---------------------------+---------------------------+--------------------+--------------------+--------------------+--------------------+---------------------+


Encoding Type:  One-Hot
+--------------------------------------------------------------------------------------------------------------------------------------------------------------+
; State Machine - |Golden_TOP3|qaoa_system:ntuS|ntu_smachine:ns|bwriteReg                                                                                      ;
+----------------------------+---------------------+------------------------+------------------------+----------------------------+----------------------------+
; Name                       ; bwriteReg.WRITE_rA1 ; bwriteReg.WRITE_add_rA ; bwriteReg.WRITE_mul_rA ; bwriteReg.WRITE_addFP64_rA ; bwriteReg.WRITE_mulFP64_rA ;
+----------------------------+---------------------+------------------------+------------------------+----------------------------+----------------------------+
; bwriteReg.WRITE_mulFP64_rA ; 0                   ; 0                      ; 0                      ; 0                          ; 0                          ;
; bwriteReg.WRITE_addFP64_rA ; 0                   ; 0                      ; 0                      ; 1                          ; 1                          ;
; bwriteReg.WRITE_mul_rA     ; 0                   ; 0                      ; 1                      ; 0                          ; 1                          ;
; bwriteReg.WRITE_add_rA     ; 0                   ; 1                      ; 0                      ; 0                          ; 1                          ;
; bwriteReg.WRITE_rA1        ; 1                   ; 0                      ; 0                      ; 0                          ; 1                          ;
+----------------------------+---------------------+------------------------+------------------------+----------------------------+----------------------------+


Encoding Type:  One-Hot
+--------------------------------------------------------------------------------------+
; State Machine - |Golden_TOP3|qaoa_system:ntuS|ntu_smachine:ns|storeReg               ;
+---------------------+---------------------+---------------------+--------------------+
; Name                ; storeReg.STORE_IDLE ; storeReg.STORE_WAIT ; storeReg.STORE_LEN ;
+---------------------+---------------------+---------------------+--------------------+
; storeReg.STORE_IDLE ; 0                   ; 0                   ; 0                  ;
; storeReg.STORE_LEN  ; 1                   ; 0                   ; 1                  ;
; storeReg.STORE_WAIT ; 1                   ; 1                   ; 0                  ;
+---------------------+---------------------+---------------------+--------------------+


Encoding Type:  One-Hot
+---------------------------------------------------------------------------------------------------------------+
; State Machine - |Golden_TOP3|qaoa_system:ntuS|ntu_smachine:ns|fetchReg                                        ;
+----------------------+---------------------+----------------------+---------------------+---------------------+
; Name                 ; fetchReg.FETCH_IDLE ; fetchReg.FETCH_GETOP ; fetchReg.FETCH_WAIT ; fetchReg.FETCH_DATA ;
+----------------------+---------------------+----------------------+---------------------+---------------------+
; fetchReg.FETCH_IDLE  ; 0                   ; 0                    ; 0                   ; 0                   ;
; fetchReg.FETCH_DATA  ; 1                   ; 0                    ; 0                   ; 1                   ;
; fetchReg.FETCH_WAIT  ; 1                   ; 0                    ; 1                   ; 0                   ;
; fetchReg.FETCH_GETOP ; 1                   ; 1                    ; 0                   ; 0                   ;
+----------------------+---------------------+----------------------+---------------------+---------------------+


Encoding Type:  One-Hot
+-------------------------------------------------------------------------------------------------------------------------------------------------------------------------+
; State Machine - |Golden_TOP3|qaoa_system:ntuS|ntu_smachine:ns|state                                                                                                     ;
+--------------------+----------------+-------------------+--------------------+-------------------+-------------------+-------------------+---------------+--------------+
; Name               ; state.s_TXData ; state.s_READ_BRAM ; state.s_WRITE_BRAM ; state.s_WRITE_REG ; state.s_WAIT_COMP ; state.s_Operation ; state.s_Fetch ; state.s_IDLE ;
+--------------------+----------------+-------------------+--------------------+-------------------+-------------------+-------------------+---------------+--------------+
; state.s_IDLE       ; 0              ; 0                 ; 0                  ; 0                 ; 0                 ; 0                 ; 0             ; 0            ;
; state.s_Fetch      ; 0              ; 0                 ; 0                  ; 0                 ; 0                 ; 0                 ; 1             ; 1            ;
; state.s_Operation  ; 0              ; 0                 ; 0                  ; 0                 ; 0                 ; 1                 ; 0             ; 1            ;
; state.s_WAIT_COMP  ; 0              ; 0                 ; 0                  ; 0                 ; 1                 ; 0                 ; 0             ; 1            ;
; state.s_WRITE_REG  ; 0              ; 0                 ; 0                  ; 1                 ; 0                 ; 0                 ; 0             ; 1            ;
; state.s_WRITE_BRAM ; 0              ; 0                 ; 1                  ; 0                 ; 0                 ; 0                 ; 0             ; 1            ;
; state.s_READ_BRAM  ; 0              ; 1                 ; 0                  ; 0                 ; 0                 ; 0                 ; 0             ; 1            ;
; state.s_TXData     ; 1              ; 0                 ; 0                  ; 0                 ; 0                 ; 0                 ; 0             ; 1            ;
+--------------------+----------------+-------------------+--------------------+-------------------+-------------------+-------------------+---------------+--------------+


Encoding Type:  One-Hot
+---------------------------------------------------------------------------------------------------------------------------------------------------+
; State Machine - |Golden_TOP3|qaoa_system:ntuS|ntu_smachine:ns|transmitter:t0|r_SM_Main                                                            ;
+--------------------------+-------------------------+--------------------------+--------------------------+------------------+---------------------+
; Name                     ; r_SM_Main.s_TX_STOP_BIT ; r_SM_Main.s_TX_DATA_BITS ; r_SM_Main.s_TX_START_BIT ; r_SM_Main.s_IDLE ; r_SM_Main.s_CLEANUP ;
+--------------------------+-------------------------+--------------------------+--------------------------+------------------+---------------------+
; r_SM_Main.s_IDLE         ; 0                       ; 0                        ; 0                        ; 0                ; 0                   ;
; r_SM_Main.s_TX_START_BIT ; 0                       ; 0                        ; 1                        ; 1                ; 0                   ;
; r_SM_Main.s_TX_DATA_BITS ; 0                       ; 1                        ; 0                        ; 1                ; 0                   ;
; r_SM_Main.s_TX_STOP_BIT  ; 1                       ; 0                        ; 0                        ; 1                ; 0                   ;
; r_SM_Main.s_CLEANUP      ; 0                       ; 0                        ; 0                        ; 1                ; 1                   ;
+--------------------------+-------------------------+--------------------------+--------------------------+------------------+---------------------+


Encoding Type:  One-Hot
+---------------------------------------------------------------------------------------------------------------------------------------------------+
; State Machine - |Golden_TOP3|qaoa_system:ntuS|ntu_smachine:ns|receiver:uart1|r_SM_Main                                                            ;
+--------------------------+-------------------------+--------------------------+--------------------------+------------------+---------------------+
; Name                     ; r_SM_Main.s_RX_STOP_BIT ; r_SM_Main.s_RX_DATA_BITS ; r_SM_Main.s_RX_START_BIT ; r_SM_Main.s_IDLE ; r_SM_Main.s_CLEANUP ;
+--------------------------+-------------------------+--------------------------+--------------------------+------------------+---------------------+
; r_SM_Main.s_IDLE         ; 0                       ; 0                        ; 0                        ; 0                ; 0                   ;
; r_SM_Main.s_RX_START_BIT ; 0                       ; 0                        ; 1                        ; 1                ; 0                   ;
; r_SM_Main.s_RX_DATA_BITS ; 0                       ; 1                        ; 0                        ; 1                ; 0                   ;
; r_SM_Main.s_RX_STOP_BIT  ; 1                       ; 0                        ; 0                        ; 1                ; 0                   ;
; r_SM_Main.s_CLEANUP      ; 0                       ; 0                        ; 0                        ; 1                ; 1                   ;
+--------------------------+-------------------------+--------------------------+--------------------------+------------------+---------------------+


+------------------------------------------------------------------------------------------------------------------+
; User-Specified and Inferred Latches                                                                              ;
+-----------------------------------------------------+-----------------------------------+------------------------+
; Latch Name                                          ; Latch Enable Signal               ; Free of Timing Hazards ;
+-----------------------------------------------------+-----------------------------------+------------------------+
; Fan_Control:u0|I2C_Config:u0|FAN_REG_DATA[12]       ; Fan_Control:u0|I2C_Config:u0|Mux2 ; yes                    ;
; Fan_Control:u0|I2C_Config:u0|FAN_REG_DATA[11]       ; Fan_Control:u0|I2C_Config:u0|Mux2 ; yes                    ;
; Fan_Control:u0|I2C_Config:u0|FAN_REG_DATA[10]       ; Fan_Control:u0|I2C_Config:u0|Mux2 ; yes                    ;
; Fan_Control:u0|I2C_Config:u0|FAN_REG_DATA[9]        ; Fan_Control:u0|I2C_Config:u0|Mux2 ; yes                    ;
; Fan_Control:u0|I2C_Config:u0|FAN_REG_DATA[2]        ; Fan_Control:u0|I2C_Config:u0|Mux2 ; yes                    ;
; Fan_Control:u0|I2C_Config:u0|FAN_REG_DATA[0]        ; Fan_Control:u0|I2C_Config:u0|Mux2 ; yes                    ;
; Fan_Control:u0|I2C_Config:u0|FAN_REG_DATA[3]        ; Fan_Control:u0|I2C_Config:u0|Mux2 ; yes                    ;
; Fan_Control:u0|I2C_Config:u0|FAN_REG_DATA[1]        ; Fan_Control:u0|I2C_Config:u0|Mux2 ; yes                    ;
; Fan_Control:u0|I2C_Config:u0|FAN_REG_DATA[6]        ; Fan_Control:u0|I2C_Config:u0|Mux2 ; yes                    ;
; Fan_Control:u0|I2C_Config:u0|FAN_REG_DATA[4]        ; Fan_Control:u0|I2C_Config:u0|Mux2 ; yes                    ;
; Fan_Control:u0|I2C_Config:u0|FAN_REG_DATA[7]        ; Fan_Control:u0|I2C_Config:u0|Mux2 ; yes                    ;
; Fan_Control:u0|I2C_Config:u0|FAN_REG_DATA[5]        ; Fan_Control:u0|I2C_Config:u0|Mux2 ; yes                    ;
; Number of user-specified and inferred latches = 12  ;                                   ;                        ;
+-----------------------------------------------------+-----------------------------------+------------------------+
Note: All latches listed above may not be present at the end of synthesis due to various synthesis optimizations.


+-------------------------------------------------------------------------------------------------------------------------------+
; Registers Removed During Synthesis                                                                                            ;
+-------------------------------------------------------------+-----------------------------------------------------------------+
; Register name                                               ; Reason for Removal                                              ;
+-------------------------------------------------------------+-----------------------------------------------------------------+
; dt[2]                                                       ; Stuck at GND due to stuck port data_in                          ;
; qaoa_system:ntuS|N[4,5]                                     ; Stuck at GND due to stuck port data_in                          ;
; qaoa_system:ntuS|N[3]                                       ; Stuck at VCC due to stuck port data_in                          ;
; qaoa_system:ntuS|N[1,2]                                     ; Stuck at GND due to stuck port data_in                          ;
; qaoa_system:ntuS|N[0]                                       ; Stuck at VCC due to stuck port data_in                          ;
; qaoa_system:ntuS|maxAddr[12]                                ; Stuck at GND due to stuck port data_in                          ;
; qaoa_system:ntuS|maxAddr[11]                                ; Stuck at VCC due to stuck port data_in                          ;
; qaoa_system:ntuS|maxAddr[0..10]                             ; Stuck at GND due to stuck port data_in                          ;
; qaoa_system:ntuS|ntu_smachine:ns|o_Status[8..15]            ; Stuck at GND due to stuck port data_in                          ;
; Fan_Control:u0|FAN_RPM[0..2,5]                              ; Stuck at GND due to stuck port data_in                          ;
; Fan_Control:u0|FAN_RPM[7..9]                                ; Stuck at VCC due to stuck port data_in                          ;
; Fan_Control:u0|FAN_RPM[11]                                  ; Stuck at GND due to stuck port data_in                          ;
; Fan_Control:u0|I2C_Bus_Controller:u1|i2c_state[4,5]         ; Stuck at GND due to stuck port data_in                          ;
; Fan_Control:u0|I2C_Config:u0|oWord_Addr[0,5..7]             ; Stuck at GND due to stuck port data_in                          ;
; Fan_Control:u0|I2C_Config:u0|FAN_SPEED_RPM[0]               ; Stuck at GND due to stuck port data_in                          ;
; dt[3]                                                       ; Stuck at GND due to stuck port data_in                          ;
; Fan_Control:u0|I2C_Config:u0|Speed_Detected[0]              ; Stuck at GND due to stuck port data_in                          ;
; dt[4..7]                                                    ; Stuck at GND due to stuck port data_in                          ;
; Fan_Control:u0|I2C_Bus_Controller:u1|read_length[0..7]      ; Lost fanout                                                     ;
; qaoa_system:ntuS|addr_cw[0..11]                             ; Merged with qaoa_system:ntuS|addr_cw[12]                        ;
; qaoa_system:ntuS|ntu_smachine:ns|r_addr[63]                 ; Merged with qaoa_system:ntuS|ntu_smachine:ns|w_addr[63]         ;
; qaoa_system:ntuS|ntu_smachine:ns|r_addr[62]                 ; Merged with qaoa_system:ntuS|ntu_smachine:ns|w_addr[62]         ;
; qaoa_system:ntuS|ntu_smachine:ns|r_addr[61]                 ; Merged with qaoa_system:ntuS|ntu_smachine:ns|w_addr[61]         ;
; qaoa_system:ntuS|ntu_smachine:ns|r_addr[60]                 ; Merged with qaoa_system:ntuS|ntu_smachine:ns|w_addr[60]         ;
; qaoa_system:ntuS|ntu_smachine:ns|r_addr[59]                 ; Merged with qaoa_system:ntuS|ntu_smachine:ns|w_addr[59]         ;
; qaoa_system:ntuS|ntu_smachine:ns|r_addr[58]                 ; Merged with qaoa_system:ntuS|ntu_smachine:ns|w_addr[58]         ;
; qaoa_system:ntuS|ntu_smachine:ns|r_addr[57]                 ; Merged with qaoa_system:ntuS|ntu_smachine:ns|w_addr[57]         ;
; qaoa_system:ntuS|ntu_smachine:ns|r_addr[56]                 ; Merged with qaoa_system:ntuS|ntu_smachine:ns|w_addr[56]         ;
; qaoa_system:ntuS|ntu_smachine:ns|r_addr[11]                 ; Merged with qaoa_system:ntuS|ntu_smachine:ns|w_addr[11]         ;
; qaoa_system:ntuS|ntu_smachine:ns|r_addr[10]                 ; Merged with qaoa_system:ntuS|ntu_smachine:ns|w_addr[10]         ;
; qaoa_system:ntuS|ntu_smachine:ns|r_addr[9]                  ; Merged with qaoa_system:ntuS|ntu_smachine:ns|w_addr[9]          ;
; qaoa_system:ntuS|ntu_smachine:ns|r_addr[8]                  ; Merged with qaoa_system:ntuS|ntu_smachine:ns|w_addr[8]          ;
; qaoa_system:ntuS|ntu_smachine:ns|r_addr[7]                  ; Merged with qaoa_system:ntuS|ntu_smachine:ns|w_addr[7]          ;
; qaoa_system:ntuS|ntu_smachine:ns|r_addr[6]                  ; Merged with qaoa_system:ntuS|ntu_smachine:ns|w_addr[6]          ;
; qaoa_system:ntuS|ntu_smachine:ns|r_addr[5]                  ; Merged with qaoa_system:ntuS|ntu_smachine:ns|w_addr[5]          ;
; qaoa_system:ntuS|ntu_smachine:ns|r_addr[4]                  ; Merged with qaoa_system:ntuS|ntu_smachine:ns|w_addr[4]          ;
; qaoa_system:ntuS|ntu_smachine:ns|r_addr[3]                  ; Merged with qaoa_system:ntuS|ntu_smachine:ns|w_addr[3]          ;
; qaoa_system:ntuS|ntu_smachine:ns|r_addr[2]                  ; Merged with qaoa_system:ntuS|ntu_smachine:ns|w_addr[2]          ;
; qaoa_system:ntuS|ntu_smachine:ns|r_addr[1]                  ; Merged with qaoa_system:ntuS|ntu_smachine:ns|w_addr[1]          ;
; qaoa_system:ntuS|ntu_smachine:ns|r_addr[0]                  ; Merged with qaoa_system:ntuS|ntu_smachine:ns|w_addr[0]          ;
; qaoa_system:ntuS|ntu_smachine:ns|mulB[0]                    ; Merged with qaoa_system:ntuS|ntu_smachine:ns|addB[0]            ;
; qaoa_system:ntuS|ntu_smachine:ns|opa_c_wait[6..10]          ; Merged with qaoa_system:ntuS|ntu_smachine:ns|opa_c_wait[2]      ;
; qaoa_system:ntuS|ntu_smachine:ns|mulB[1]                    ; Merged with qaoa_system:ntuS|ntu_smachine:ns|addB[1]            ;
; qaoa_system:ntuS|ntu_smachine:ns|mulB[2]                    ; Merged with qaoa_system:ntuS|ntu_smachine:ns|addB[2]            ;
; qaoa_system:ntuS|ntu_smachine:ns|mulB[3]                    ; Merged with qaoa_system:ntuS|ntu_smachine:ns|addB[3]            ;
; qaoa_system:ntuS|ntu_smachine:ns|mulB[4]                    ; Merged with qaoa_system:ntuS|ntu_smachine:ns|addB[4]            ;
; qaoa_system:ntuS|ntu_smachine:ns|mulB[5]                    ; Merged with qaoa_system:ntuS|ntu_smachine:ns|addB[5]            ;
; qaoa_system:ntuS|ntu_smachine:ns|mulB[6]                    ; Merged with qaoa_system:ntuS|ntu_smachine:ns|addB[6]            ;
; qaoa_system:ntuS|ntu_smachine:ns|mulB[7]                    ; Merged with qaoa_system:ntuS|ntu_smachine:ns|addB[7]            ;
; qaoa_system:ntuS|ntu_smachine:ns|mulB[8]                    ; Merged with qaoa_system:ntuS|ntu_smachine:ns|addB[8]            ;
; qaoa_system:ntuS|ntu_smachine:ns|mulB[9]                    ; Merged with qaoa_system:ntuS|ntu_smachine:ns|addB[9]            ;
; qaoa_system:ntuS|ntu_smachine:ns|mulB[10]                   ; Merged with qaoa_system:ntuS|ntu_smachine:ns|addB[10]           ;
; qaoa_system:ntuS|ntu_smachine:ns|mulB[11]                   ; Merged with qaoa_system:ntuS|ntu_smachine:ns|addB[11]           ;
; qaoa_system:ntuS|ntu_smachine:ns|mulB[12]                   ; Merged with qaoa_system:ntuS|ntu_smachine:ns|addB[12]           ;
; qaoa_system:ntuS|ntu_smachine:ns|mulB[13]                   ; Merged with qaoa_system:ntuS|ntu_smachine:ns|addB[13]           ;
; qaoa_system:ntuS|ntu_smachine:ns|mulB[14]                   ; Merged with qaoa_system:ntuS|ntu_smachine:ns|addB[14]           ;
; qaoa_system:ntuS|ntu_smachine:ns|mulB[15]                   ; Merged with qaoa_system:ntuS|ntu_smachine:ns|addB[15]           ;
; qaoa_system:ntuS|ntu_smachine:ns|mulB[16]                   ; Merged with qaoa_system:ntuS|ntu_smachine:ns|addB[16]           ;
; qaoa_system:ntuS|ntu_smachine:ns|mulB[17]                   ; Merged with qaoa_system:ntuS|ntu_smachine:ns|addB[17]           ;
; qaoa_system:ntuS|ntu_smachine:ns|mulB[18]                   ; Merged with qaoa_system:ntuS|ntu_smachine:ns|addB[18]           ;
; qaoa_system:ntuS|ntu_smachine:ns|mulB[19]                   ; Merged with qaoa_system:ntuS|ntu_smachine:ns|addB[19]           ;
; qaoa_system:ntuS|ntu_smachine:ns|mulB[20]                   ; Merged with qaoa_system:ntuS|ntu_smachine:ns|addB[20]           ;
; qaoa_system:ntuS|ntu_smachine:ns|mulB[21]                   ; Merged with qaoa_system:ntuS|ntu_smachine:ns|addB[21]           ;
; qaoa_system:ntuS|ntu_smachine:ns|mulB[22]                   ; Merged with qaoa_system:ntuS|ntu_smachine:ns|addB[22]           ;
; qaoa_system:ntuS|ntu_smachine:ns|mulB[23]                   ; Merged with qaoa_system:ntuS|ntu_smachine:ns|addB[23]           ;
; qaoa_system:ntuS|ntu_smachine:ns|mulA[0]                    ; Merged with qaoa_system:ntuS|ntu_smachine:ns|addA[0]            ;
; qaoa_system:ntuS|ntu_smachine:ns|mulA[1]                    ; Merged with qaoa_system:ntuS|ntu_smachine:ns|addA[1]            ;
; qaoa_system:ntuS|ntu_smachine:ns|mulA[2]                    ; Merged with qaoa_system:ntuS|ntu_smachine:ns|addA[2]            ;
; qaoa_system:ntuS|ntu_smachine:ns|mulA[3]                    ; Merged with qaoa_system:ntuS|ntu_smachine:ns|addA[3]            ;
; qaoa_system:ntuS|ntu_smachine:ns|mulA[4]                    ; Merged with qaoa_system:ntuS|ntu_smachine:ns|addA[4]            ;
; qaoa_system:ntuS|ntu_smachine:ns|mulA[5]                    ; Merged with qaoa_system:ntuS|ntu_smachine:ns|addA[5]            ;
; qaoa_system:ntuS|ntu_smachine:ns|mulA[6]                    ; Merged with qaoa_system:ntuS|ntu_smachine:ns|addA[6]            ;
; qaoa_system:ntuS|ntu_smachine:ns|mulA[7]                    ; Merged with qaoa_system:ntuS|ntu_smachine:ns|addA[7]            ;
; qaoa_system:ntuS|ntu_smachine:ns|mulA[8]                    ; Merged with qaoa_system:ntuS|ntu_smachine:ns|addA[8]            ;
; qaoa_system:ntuS|ntu_smachine:ns|mulA[9]                    ; Merged with qaoa_system:ntuS|ntu_smachine:ns|addA[9]            ;
; qaoa_system:ntuS|ntu_smachine:ns|mulA[10]                   ; Merged with qaoa_system:ntuS|ntu_smachine:ns|addA[10]           ;
; qaoa_system:ntuS|ntu_smachine:ns|mulA[11]                   ; Merged with qaoa_system:ntuS|ntu_smachine:ns|addA[11]           ;
; qaoa_system:ntuS|ntu_smachine:ns|mulA[12]                   ; Merged with qaoa_system:ntuS|ntu_smachine:ns|addA[12]           ;
; qaoa_system:ntuS|ntu_smachine:ns|mulA[13]                   ; Merged with qaoa_system:ntuS|ntu_smachine:ns|addA[13]           ;
; qaoa_system:ntuS|ntu_smachine:ns|mulA[14]                   ; Merged with qaoa_system:ntuS|ntu_smachine:ns|addA[14]           ;
; qaoa_system:ntuS|ntu_smachine:ns|mulA[15]                   ; Merged with qaoa_system:ntuS|ntu_smachine:ns|addA[15]           ;
; qaoa_system:ntuS|ntu_smachine:ns|mulA[16]                   ; Merged with qaoa_system:ntuS|ntu_smachine:ns|addA[16]           ;
; qaoa_system:ntuS|ntu_smachine:ns|mulA[17]                   ; Merged with qaoa_system:ntuS|ntu_smachine:ns|addA[17]           ;
; qaoa_system:ntuS|ntu_smachine:ns|mulA[18]                   ; Merged with qaoa_system:ntuS|ntu_smachine:ns|addA[18]           ;
; qaoa_system:ntuS|ntu_smachine:ns|mulA[19]                   ; Merged with qaoa_system:ntuS|ntu_smachine:ns|addA[19]           ;
; qaoa_system:ntuS|ntu_smachine:ns|mulA[20]                   ; Merged with qaoa_system:ntuS|ntu_smachine:ns|addA[20]           ;
; qaoa_system:ntuS|ntu_smachine:ns|mulA[21]                   ; Merged with qaoa_system:ntuS|ntu_smachine:ns|addA[21]           ;
; qaoa_system:ntuS|ntu_smachine:ns|mulA[22]                   ; Merged with qaoa_system:ntuS|ntu_smachine:ns|addA[22]           ;
; qaoa_system:ntuS|ntu_smachine:ns|mulA[23]                   ; Merged with qaoa_system:ntuS|ntu_smachine:ns|addA[23]           ;
; qaoa_system:ntuS|ntu_smachine:ns|opa_c_wait[5]              ; Merged with qaoa_system:ntuS|ntu_smachine:ns|opa_c_wait[2]      ;
; qaoa_system:ntuS|ntu_smachine:ns|fetchMaxPos[1,2]           ; Merged with qaoa_system:ntuS|ntu_smachine:ns|fetchMaxPos[0]     ;
; qaoa_system:ntuS|ntu_smachine:ns|txMaxPos[1,2]              ; Merged with qaoa_system:ntuS|ntu_smachine:ns|txMaxPos[0]        ;
; qaoa_system:ntuS|w_addr[63]                                 ; Merged with qaoa_system:ntuS|r_addr[63]                         ;
; qaoa_system:ntuS|w_addr[62]                                 ; Merged with qaoa_system:ntuS|r_addr[62]                         ;
; qaoa_system:ntuS|w_addr[61]                                 ; Merged with qaoa_system:ntuS|r_addr[61]                         ;
; qaoa_system:ntuS|w_addr[60]                                 ; Merged with qaoa_system:ntuS|r_addr[60]                         ;
; qaoa_system:ntuS|w_addr[59]                                 ; Merged with qaoa_system:ntuS|r_addr[59]                         ;
; qaoa_system:ntuS|w_addr[58]                                 ; Merged with qaoa_system:ntuS|r_addr[58]                         ;
; qaoa_system:ntuS|w_addr[57]                                 ; Merged with qaoa_system:ntuS|r_addr[57]                         ;
; qaoa_system:ntuS|w_addr[56]                                 ; Merged with qaoa_system:ntuS|r_addr[56]                         ;
; Fan_Control:u0|FAN_RPM[3]                                   ; Merged with Fan_Control:u0|FAN_RPM[12]                          ;
; qaoa_system:ntuS|w_addr[0]                                  ; Merged with qaoa_system:ntuS|r_addr[0]                          ;
; qaoa_system:ntuS|w_addr[1]                                  ; Merged with qaoa_system:ntuS|r_addr[1]                          ;
; qaoa_system:ntuS|w_addr[2]                                  ; Merged with qaoa_system:ntuS|r_addr[2]                          ;
; qaoa_system:ntuS|w_addr[3]                                  ; Merged with qaoa_system:ntuS|r_addr[3]                          ;
; qaoa_system:ntuS|w_addr[4]                                  ; Merged with qaoa_system:ntuS|r_addr[4]                          ;
; qaoa_system:ntuS|w_addr[5]                                  ; Merged with qaoa_system:ntuS|r_addr[5]                          ;
; qaoa_system:ntuS|w_addr[6]                                  ; Merged with qaoa_system:ntuS|r_addr[6]                          ;
; qaoa_system:ntuS|w_addr[7]                                  ; Merged with qaoa_system:ntuS|r_addr[7]                          ;
; qaoa_system:ntuS|w_addr[8]                                  ; Merged with qaoa_system:ntuS|r_addr[8]                          ;
; qaoa_system:ntuS|w_addr[9]                                  ; Merged with qaoa_system:ntuS|r_addr[9]                          ;
; qaoa_system:ntuS|w_addr[10]                                 ; Merged with qaoa_system:ntuS|r_addr[10]                         ;
; qaoa_system:ntuS|w_addr[11]                                 ; Merged with qaoa_system:ntuS|r_addr[11]                         ;
; Fan_Control:u0|FAN_RPM[4,6]                                 ; Merged with Fan_Control:u0|FAN_RPM[10]                          ;
; qaoa_system:ntuS|addr_cw[12]                                ; Stuck at GND due to stuck port data_in                          ;
; qaoa_system:ntuS|ntu_smachine:ns|opa_c_wait[2]              ; Stuck at GND due to stuck port data_in                          ;
; qaoa_system:ntuS|ntu_smachine:ns|txMaxPos[3]                ; Stuck at GND due to stuck port data_in                          ;
; qaoa_system:ntuS|addr_gw[12]                                ; Stuck at GND due to stuck port data_in                          ;
; qaoa_system:ntuS|ntu_smachine:ns|fetchMaxPos[3]             ; Stuck at GND due to stuck port data_in                          ;
; qaoa_system:ntuS|ntu_smachine:ns|writeReg~2                 ; Lost fanout                                                     ;
; qaoa_system:ntuS|ntu_smachine:ns|writeReg~3                 ; Lost fanout                                                     ;
; qaoa_system:ntuS|ntu_smachine:ns|writeReg~4                 ; Lost fanout                                                     ;
; qaoa_system:ntuS|ntu_smachine:ns|writeReg~5                 ; Lost fanout                                                     ;
; qaoa_system:ntuS|ntu_smachine:ns|writeReg~6                 ; Lost fanout                                                     ;
; qaoa_system:ntuS|ntu_smachine:ns|bwriteReg~2                ; Lost fanout                                                     ;
; qaoa_system:ntuS|ntu_smachine:ns|bwriteReg~3                ; Lost fanout                                                     ;
; qaoa_system:ntuS|ntu_smachine:ns|bwriteReg~4                ; Lost fanout                                                     ;
; qaoa_system:ntuS|ntu_smachine:ns|bwriteReg~5                ; Lost fanout                                                     ;
; qaoa_system:ntuS|ntu_smachine:ns|bwriteReg~6                ; Lost fanout                                                     ;
; qaoa_system:ntuS|ntu_smachine:ns|storeReg~3                 ; Lost fanout                                                     ;
; qaoa_system:ntuS|ntu_smachine:ns|storeReg~5                 ; Lost fanout                                                     ;
; qaoa_system:ntuS|ntu_smachine:ns|fetchReg~5                 ; Lost fanout                                                     ;
; qaoa_system:ntuS|ntu_smachine:ns|state~2                    ; Lost fanout                                                     ;
; qaoa_system:ntuS|ntu_smachine:ns|state~3                    ; Lost fanout                                                     ;
; qaoa_system:ntuS|ntu_smachine:ns|state~4                    ; Lost fanout                                                     ;
; qaoa_system:ntuS|ntu_smachine:ns|state~5                    ; Lost fanout                                                     ;
; qaoa_system:ntuS|ntu_smachine:ns|state~6                    ; Lost fanout                                                     ;
; qaoa_system:ntuS|ntu_smachine:ns|state~7                    ; Lost fanout                                                     ;
; qaoa_system:ntuS|ntu_smachine:ns|state~8                    ; Lost fanout                                                     ;
; qaoa_system:ntuS|ntu_smachine:ns|state~9                    ; Lost fanout                                                     ;
; qaoa_system:ntuS|ntu_smachine:ns|transmitter:t0|r_SM_Main~2 ; Lost fanout                                                     ;
; qaoa_system:ntuS|ntu_smachine:ns|transmitter:t0|r_SM_Main~3 ; Lost fanout                                                     ;
; qaoa_system:ntuS|ntu_smachine:ns|receiver:uart1|r_SM_Main~2 ; Lost fanout                                                     ;
; qaoa_system:ntuS|ntu_smachine:ns|receiver:uart1|r_SM_Main~3 ; Lost fanout                                                     ;
; qaoa_system:ntuS|ntu_smachine:ns|storeReg.STORE_WAIT        ; Lost fanout                                                     ;
; qaoa_system:ntuS|ntu_smachine:ns|storeReg.STORE_IDLE        ; Lost fanout                                                     ;
; qaoa_system:ntuS|ntu_smachine:ns|writeReg.WRITE_rB1         ; Merged with qaoa_system:ntuS|ntu_smachine:ns|writeReg.WRITE_T2B ;
; qaoa_system:ntuS|ntu_smachine:ns|fetchReg.FETCH_WAIT        ; Stuck at GND due to stuck port data_in                          ;
; qaoa_system:ntuS|ntu_smachine:ns|writeReg.WRITE_T2B         ; Stuck at GND due to stuck port data_in                          ;
; cnt[29..31]                                                 ; Lost fanout                                                     ;
; Fan_Control:u0|FAN_RPS[8..12]                               ; Stuck at GND due to stuck port data_in                          ;
; Fan_Control:u0|I2C_Config:u0|FAN_INIT_INDEX[3]              ; Stuck at GND due to stuck port data_in                          ;
; Total Number of Removed Registers = 214                     ;                                                                 ;
+-------------------------------------------------------------+-----------------------------------------------------------------+


+--------------------------------------------------------------------------------------------------------------------------------------------------------------+
; Removed Registers Triggering Further Register Optimizations                                                                                                  ;
+--------------------------------------------+---------------------------+-------------------------------------------------------------------------------------+
; Register name                              ; Reason for Removal        ; Registers Removed due to This Register                                              ;
+--------------------------------------------+---------------------------+-------------------------------------------------------------------------------------+
; dt[2]                                      ; Stuck at GND              ; dt[3], dt[4], dt[5], dt[6], dt[7]                                                   ;
;                                            ; due to stuck port data_in ;                                                                                     ;
; Fan_Control:u0|FAN_RPM[1]                  ; Stuck at GND              ; Fan_Control:u0|FAN_RPS[12], Fan_Control:u0|FAN_RPS[11], Fan_Control:u0|FAN_RPS[10], ;
;                                            ; due to stuck port data_in ; Fan_Control:u0|FAN_RPS[9], Fan_Control:u0|FAN_RPS[8]                                ;
; Fan_Control:u0|I2C_Config:u0|oWord_Addr[7] ; Stuck at GND              ; Fan_Control:u0|I2C_Config:u0|FAN_SPEED_RPM[0],                                      ;
;                                            ; due to stuck port data_in ; Fan_Control:u0|I2C_Config:u0|Speed_Detected[0]                                      ;
; cnt[31]                                    ; Lost Fanouts              ; cnt[30], cnt[29]                                                                    ;
; qaoa_system:ntuS|addr_cw[12]               ; Stuck at GND              ; qaoa_system:ntuS|addr_gw[12]                                                        ;
;                                            ; due to stuck port data_in ;                                                                                     ;
+--------------------------------------------+---------------------------+-------------------------------------------------------------------------------------+


+------------------------------------------------------+
; General Register Statistics                          ;
+----------------------------------------------+-------+
; Statistic                                    ; Value ;
+----------------------------------------------+-------+
; Total registers                              ; 2321  ;
; Number of registers using Synchronous Clear  ; 750   ;
; Number of registers using Synchronous Load   ; 176   ;
; Number of registers using Asynchronous Clear ; 243   ;
; Number of registers using Asynchronous Load  ; 0     ;
; Number of registers using Clock Enable       ; 872   ;
; Number of registers using Preset             ; 0     ;
+----------------------------------------------+-------+


+-------------------------------------------------------------------------------------------------------------------------------------------------------------------------------------------------------------------------------------------------------------------------------------------------------------------------------------------+
; Inverted Register Statistics                                                                                                                                                                                                                                                                                                              ;
+---------------------------------------------------------------------------------------------------------------------------------------------------------------------------------------------------------------------------------------------------------------------------------------------------------------------------------+---------+
; Inverted Register                                                                                                                                                                                                                                                                                                               ; Fan out ;
+---------------------------------------------------------------------------------------------------------------------------------------------------------------------------------------------------------------------------------------------------------------------------------------------------------------------------------+---------+
; Fan_Control:u0|I2C_Bus_Controller:u1|start_clk_control                                                                                                                                                                                                                                                                          ; 1       ;
; Fan_Control:u0|I2C_Bus_Controller:u1|stop_clk_control                                                                                                                                                                                                                                                                           ; 1       ;
; sld_hub:auto_hub|alt_sld_fab_with_jtag_input:\instrumentation_fabric_with_node_gen:fabric_gen_new_way:with_jtag_input_gen:instrumentation_fabric|alt_sld_fab:instrumentation_fabric|alt_sld_fab_alt_sld_fab:alt_sld_fab|alt_sld_fab_alt_sld_fab_sldfabric:sldfabric|sld_jtag_hub:\jtag_hub_gen:real_sld_jtag_hub|jtag_ir_reg[1] ; 3       ;
; sld_hub:auto_hub|alt_sld_fab_with_jtag_input:\instrumentation_fabric_with_node_gen:fabric_gen_new_way:with_jtag_input_gen:instrumentation_fabric|alt_sld_fab:instrumentation_fabric|alt_sld_fab_alt_sld_fab:alt_sld_fab|alt_sld_fab_alt_sld_fab_sldfabric:sldfabric|sld_jtag_hub:\jtag_hub_gen:real_sld_jtag_hub|jtag_ir_reg[2] ; 3       ;
; sld_signaltap:auto_signaltap_0|sld_signaltap_impl:sld_signaltap_body|sld_signaltap_implb:sld_signaltap_body|sld_buffer_manager:sld_buffer_manager_inst|modified_post_count[6]                                                                                                                                                   ; 1       ;
; sld_signaltap:auto_signaltap_0|sld_signaltap_impl:sld_signaltap_body|sld_signaltap_implb:sld_signaltap_body|sld_buffer_manager:sld_buffer_manager_inst|modified_post_count[7]                                                                                                                                                   ; 1       ;
; sld_signaltap:auto_signaltap_0|sld_signaltap_impl:sld_signaltap_body|sld_signaltap_implb:sld_signaltap_body|sld_buffer_manager:sld_buffer_manager_inst|modified_post_count[0]                                                                                                                                                   ; 1       ;
; sld_signaltap:auto_signaltap_0|sld_signaltap_impl:sld_signaltap_body|sld_signaltap_implb:sld_signaltap_body|sld_buffer_manager:sld_buffer_manager_inst|modified_post_count[1]                                                                                                                                                   ; 1       ;
; sld_signaltap:auto_signaltap_0|sld_signaltap_impl:sld_signaltap_body|sld_signaltap_implb:sld_signaltap_body|sld_buffer_manager:sld_buffer_manager_inst|modified_post_count[2]                                                                                                                                                   ; 1       ;
; sld_signaltap:auto_signaltap_0|sld_signaltap_impl:sld_signaltap_body|sld_signaltap_implb:sld_signaltap_body|sld_buffer_manager:sld_buffer_manager_inst|modified_post_count[3]                                                                                                                                                   ; 1       ;
; sld_signaltap:auto_signaltap_0|sld_signaltap_impl:sld_signaltap_body|sld_signaltap_implb:sld_signaltap_body|sld_buffer_manager:sld_buffer_manager_inst|modified_post_count[4]                                                                                                                                                   ; 1       ;
; sld_signaltap:auto_signaltap_0|sld_signaltap_impl:sld_signaltap_body|sld_signaltap_implb:sld_signaltap_body|sld_buffer_manager:sld_buffer_manager_inst|modified_post_count[5]                                                                                                                                                   ; 1       ;
; Total number of inverted registers = 12                                                                                                                                                                                                                                                                                         ;         ;
+---------------------------------------------------------------------------------------------------------------------------------------------------------------------------------------------------------------------------------------------------------------------------------------------------------------------------------+---------+


+-------------------------------------------------------------------------------------------------------------------------------------------------------------------------------------------------------------------------------------------------------------------------------------+
; Registers Packed Into Inferred Megafunctions                                                                                                                                                                                                                                        ;
+------------------------------------------------------------------------------------------------------------------------------------+-----------------------------------------------------------------------------------------------------------------------------------+------------+
; Register Name                                                                                                                      ; Megafunction                                                                                                                      ; Type       ;
+------------------------------------------------------------------------------------------------------------------------------------+-----------------------------------------------------------------------------------------------------------------------------------+------------+
; qaoa_system:ntuS|ntu_smachine:ns|mulfix8:mulfix8_inst|lpm_mult:lpm_mult_component|mult_c0p:auto_generated|result_output_reg[0..47] ; qaoa_system:ntuS|ntu_smachine:ns|mulfix8:mulfix8_inst|lpm_mult:lpm_mult_component|mult_c0p:auto_generated|result_extra2_reg_rtl_0 ; SHIFT_TAPS ;
; qaoa_system:ntuS|ntu_smachine:ns|mulfix8:mulfix8_inst|lpm_mult:lpm_mult_component|mult_c0p:auto_generated|result_extra4_reg[0..47] ; qaoa_system:ntuS|ntu_smachine:ns|mulfix8:mulfix8_inst|lpm_mult:lpm_mult_component|mult_c0p:auto_generated|result_extra2_reg_rtl_0 ; SHIFT_TAPS ;
; qaoa_system:ntuS|ntu_smachine:ns|mulfix8:mulfix8_inst|lpm_mult:lpm_mult_component|mult_c0p:auto_generated|result_extra3_reg[0..47] ; qaoa_system:ntuS|ntu_smachine:ns|mulfix8:mulfix8_inst|lpm_mult:lpm_mult_component|mult_c0p:auto_generated|result_extra2_reg_rtl_0 ; SHIFT_TAPS ;
; qaoa_system:ntuS|ntu_smachine:ns|mulfix8:mulfix8_inst|lpm_mult:lpm_mult_component|mult_c0p:auto_generated|result_extra2_reg[0..47] ; qaoa_system:ntuS|ntu_smachine:ns|mulfix8:mulfix8_inst|lpm_mult:lpm_mult_component|mult_c0p:auto_generated|result_extra2_reg_rtl_0 ; SHIFT_TAPS ;
+------------------------------------------------------------------------------------------------------------------------------------+-----------------------------------------------------------------------------------------------------------------------------------+------------+


+----------------------------------------------------------------------------------------------------------------------------------------------------------------------------------------------+
; Multiplexer Restructuring Statistics (Restructuring Performed)                                                                                                                               ;
+--------------------+-----------+---------------+----------------------+------------------------+------------+--------------------------------------------------------------------------------+
; Multiplexer Inputs ; Bus Width ; Baseline Area ; Area if Restructured ; Saving if Restructured ; Registered ; Example Multiplexer Output                                                     ;
+--------------------+-----------+---------------+----------------------+------------------------+------------+--------------------------------------------------------------------------------+
; 3:1                ; 3 bits    ; 6 LEs         ; 3 LEs                ; 3 LEs                  ; Yes        ; |Golden_TOP3|qaoa_system:ntuS|ntu_smachine:ns|rPos[2]                          ;
; 3:1                ; 8 bits    ; 16 LEs        ; 0 LEs                ; 16 LEs                 ; Yes        ; |Golden_TOP3|qaoa_system:ntuS|ntu_smachine:ns|transmitter:t0|r_Tx_Data[0]      ;
; 3:1                ; 7 bits    ; 14 LEs        ; 7 LEs                ; 7 LEs                  ; Yes        ; |Golden_TOP3|qaoa_system:ntuS|ntu_smachine:ns|o_Status[0]                      ;
; 3:1                ; 8 bits    ; 16 LEs        ; 0 LEs                ; 16 LEs                 ; Yes        ; |Golden_TOP3|qaoa_system:ntuS|ntu_smachine:ns|ope_state[1]                     ;
; 3:1                ; 8 bits    ; 16 LEs        ; 0 LEs                ; 16 LEs                 ; Yes        ; |Golden_TOP3|Fan_Control:u0|I2C_Config:u0|owdata[7]                            ;
; 3:1                ; 2 bits    ; 4 LEs         ; 4 LEs                ; 0 LEs                  ; Yes        ; |Golden_TOP3|Fan_Control:u0|I2C_Config:u0|oWord_Addr[2]                        ;
; 3:1                ; 3 bits    ; 6 LEs         ; 3 LEs                ; 3 LEs                  ; Yes        ; |Golden_TOP3|Fan_Control:u0|I2C_Bus_Controller:u1|i2c_bit_cnt[1]               ;
; 3:1                ; 12 bits   ; 24 LEs        ; 0 LEs                ; 24 LEs                 ; Yes        ; |Golden_TOP3|qaoa_system:ntuS|addr_gw[11]                                      ;
; 4:1                ; 4 bits    ; 8 LEs         ; 8 LEs                ; 0 LEs                  ; Yes        ; |Golden_TOP3|qaoa_system:ntuS|ntu_smachine:ns|txPos[3]                         ;
; 4:1                ; 7 bits    ; 14 LEs        ; 7 LEs                ; 7 LEs                  ; Yes        ; |Golden_TOP3|qaoa_system:ntuS|ntu_smachine:ns|rT[9]                            ;
; 4:1                ; 7 bits    ; 14 LEs        ; 7 LEs                ; 7 LEs                  ; Yes        ; |Golden_TOP3|qaoa_system:ntuS|ntu_smachine:ns|rT[18]                           ;
; 4:1                ; 7 bits    ; 14 LEs        ; 7 LEs                ; 7 LEs                  ; Yes        ; |Golden_TOP3|qaoa_system:ntuS|ntu_smachine:ns|rT[27]                           ;
; 4:1                ; 7 bits    ; 14 LEs        ; 7 LEs                ; 7 LEs                  ; Yes        ; |Golden_TOP3|qaoa_system:ntuS|ntu_smachine:ns|rT[37]                           ;
; 4:1                ; 7 bits    ; 14 LEs        ; 7 LEs                ; 7 LEs                  ; Yes        ; |Golden_TOP3|qaoa_system:ntuS|ntu_smachine:ns|rT[43]                           ;
; 4:1                ; 7 bits    ; 14 LEs        ; 7 LEs                ; 7 LEs                  ; Yes        ; |Golden_TOP3|qaoa_system:ntuS|ntu_smachine:ns|rT[51]                           ;
; 4:1                ; 8 bits    ; 16 LEs        ; 0 LEs                ; 16 LEs                 ; Yes        ; |Golden_TOP3|qaoa_system:ntuS|ntu_smachine:ns|rT[63]                           ;
; 4:1                ; 66 bits   ; 132 LEs       ; 0 LEs                ; 132 LEs                ; Yes        ; |Golden_TOP3|qaoa_system:ntuS|data_gb[8]                                       ;
; 4:1                ; 7 bits    ; 14 LEs        ; 7 LEs                ; 7 LEs                  ; Yes        ; |Golden_TOP3|qaoa_system:ntuS|ntu_smachine:ns|rT[7]                            ;
; 6:1                ; 64 bits   ; 256 LEs       ; 128 LEs              ; 128 LEs                ; Yes        ; |Golden_TOP3|qaoa_system:ntuS|ntu_smachine:ns|rB[17]                           ;
; 6:1                ; 64 bits   ; 256 LEs       ; 128 LEs              ; 128 LEs                ; Yes        ; |Golden_TOP3|qaoa_system:ntuS|ntu_smachine:ns|rU[26]                           ;
; 5:1                ; 13 bits   ; 39 LEs        ; 0 LEs                ; 39 LEs                 ; Yes        ; |Golden_TOP3|qaoa_system:ntuS|ntu_smachine:ns|transmitter:t0|r_Clock_Count[8]  ;
; 9:1                ; 16 bits   ; 96 LEs        ; 32 LEs               ; 64 LEs                 ; Yes        ; |Golden_TOP3|qaoa_system:ntuS|ntu_smachine:ns|rA[56]                           ;
; 9:1                ; 48 bits   ; 288 LEs       ; 96 LEs               ; 192 LEs                ; Yes        ; |Golden_TOP3|qaoa_system:ntuS|ntu_smachine:ns|rA[21]                           ;
; 8:1                ; 13 bits   ; 65 LEs        ; 0 LEs                ; 65 LEs                 ; Yes        ; |Golden_TOP3|qaoa_system:ntuS|ntu_smachine:ns|receiver:uart1|r_Clock_Count[11] ;
; 68:1               ; 12 bits   ; 540 LEs       ; 0 LEs                ; 540 LEs                ; Yes        ; |Golden_TOP3|qaoa_system:ntuS|addr_gr[1]                                       ;
; 258:1              ; 4 bits    ; 688 LEs       ; 16 LEs               ; 672 LEs                ; Yes        ; |Golden_TOP3|qaoa_system:ntuS|ntu_smachine:ns|opa_c_wait[0]                    ;
; 69:1               ; 32 bits   ; 1472 LEs      ; 0 LEs                ; 1472 LEs               ; Yes        ; |Golden_TOP3|qaoa_system:ntuS|r_data[21]                                       ;
; 13:1               ; 26 bits   ; 208 LEs       ; 52 LEs               ; 156 LEs                ; Yes        ; |Golden_TOP3|qaoa_system:ntuS|r_data[46]                                       ;
; 70:1               ; 12 bits   ; 552 LEs       ; 0 LEs                ; 552 LEs                ; Yes        ; |Golden_TOP3|qaoa_system:ntuS|addr_cr[0]                                       ;
; 74:1               ; 60 bits   ; 2940 LEs      ; 120 LEs              ; 2820 LEs               ; Yes        ; |Golden_TOP3|qaoa_system:ntuS|testReg[39]                                      ;
; 3:1                ; 3 bits    ; 6 LEs         ; 6 LEs                ; 0 LEs                  ; No         ; |Golden_TOP3|qaoa_system:ntuS|ntu_smachine:ns|transmitter:t0|r_Bit_Index       ;
; 3:1                ; 3 bits    ; 6 LEs         ; 6 LEs                ; 0 LEs                  ; No         ; |Golden_TOP3|qaoa_system:ntuS|ntu_smachine:ns|receiver:uart1|r_Bit_Index       ;
; 10:1               ; 8 bits    ; 48 LEs        ; 48 LEs               ; 0 LEs                  ; No         ; |Golden_TOP3|qaoa_system:ntuS|ntu_smachine:ns|tf_data[0]                       ;
; 7:1                ; 4 bits    ; 16 LEs        ; 12 LEs               ; 4 LEs                  ; No         ; |Golden_TOP3|qaoa_system:ntuS|ntu_smachine:ns|fetchReg                         ;
; 257:1              ; 5 bits    ; 855 LEs       ; 20 LEs               ; 835 LEs                ; No         ; |Golden_TOP3|qaoa_system:ntuS|ntu_smachine:ns|bwriteReg                        ;
; 9:1                ; 4 bits    ; 24 LEs        ; 8 LEs                ; 16 LEs                 ; No         ; |Golden_TOP3|qaoa_system:ntuS|ntu_smachine:ns|writeReg                         ;
; 9:1                ; 5 bits    ; 30 LEs        ; 10 LEs               ; 20 LEs                 ; No         ; |Golden_TOP3|qaoa_system:ntuS|ntu_smachine:ns|writeReg                         ;
; 11:1               ; 5 bits    ; 35 LEs        ; 20 LEs               ; 15 LEs                 ; No         ; |Golden_TOP3|qaoa_system:ntuS|ntu_smachine:ns|state                            ;
; 12:1               ; 2 bits    ; 16 LEs        ; 8 LEs                ; 8 LEs                  ; No         ; |Golden_TOP3|qaoa_system:ntuS|ntu_smachine:ns|state                            ;
; 263:1              ; 4 bits    ; 700 LEs       ; 16 LEs               ; 684 LEs                ; No         ; |Golden_TOP3|qaoa_system:ntuS|ntu_smachine:ns|writeReg                         ;
+--------------------+-----------+---------------+----------------------+------------------------+------------+--------------------------------------------------------------------------------+


+--------------------------------------------------------------------------------------------------------------------------------------------------------------------------+
; Source assignments for qaoa_system:ntuS|ntu_smachine:ns|fifo1:fifo1_inst|scfifo:scfifo_component|scfifo_ghd1:auto_generated|a_dpfifo_nnd1:dpfifo|altsyncram_hor1:FIFOram ;
+---------------------------------+--------------------+------+------------------------------------------------------------------------------------------------------------+
; Assignment                      ; Value              ; From ; To                                                                                                         ;
+---------------------------------+--------------------+------+------------------------------------------------------------------------------------------------------------+
; OPTIMIZE_POWER_DURING_SYNTHESIS ; NORMAL_COMPILATION ; -    ; -                                                                                                          ;
+---------------------------------+--------------------+------+------------------------------------------------------------------------------------------------------------+


+--------------------------------------------------------------------------------------------------------------------------------------------------------------------------+
; Source assignments for qaoa_system:ntuS|ntu_smachine:ns|fifo1:fifoW_inst|scfifo:scfifo_component|scfifo_ghd1:auto_generated|a_dpfifo_nnd1:dpfifo|altsyncram_hor1:FIFOram ;
+---------------------------------+--------------------+------+------------------------------------------------------------------------------------------------------------+
; Assignment                      ; Value              ; From ; To                                                                                                         ;
+---------------------------------+--------------------+------+------------------------------------------------------------------------------------------------------------+
; OPTIMIZE_POWER_DURING_SYNTHESIS ; NORMAL_COMPILATION ; -    ; -                                                                                                          ;
+---------------------------------+--------------------+------+------------------------------------------------------------------------------------------------------------+


+-----------------------------------------------------------------------------------------------------------------+
; Source assignments for qaoa_system:ntuS|ram:ram1|altsyncram:altsyncram_component|altsyncram_esq2:auto_generated ;
+---------------------------------+--------------------+------+---------------------------------------------------+
; Assignment                      ; Value              ; From ; To                                                ;
+---------------------------------+--------------------+------+---------------------------------------------------+
; OPTIMIZE_POWER_DURING_SYNTHESIS ; NORMAL_COMPILATION ; -    ; -                                                 ;
+---------------------------------+--------------------+------+---------------------------------------------------+


+-------------------------------------------------------+
; Source assignments for sld_signaltap:auto_signaltap_0 ;
+-----------------+-------+------+----------------------+
; Assignment      ; Value ; From ; To                   ;
+-----------------+-------+------+----------------------+
; MESSAGE_DISABLE ; 13410 ; -    ; -                    ;
+-----------------+-------+------+----------------------+


+-----------------------------------------------------------------------------------------------------------------------------------------------------------------------------------------------------------------------------------+
; Source assignments for qaoa_system:ntuS|ntu_smachine:ns|mulfix8:mulfix8_inst|lpm_mult:lpm_mult_component|mult_c0p:auto_generated|altshift_taps:result_extra2_reg_rtl_0|shift_taps_tu51:auto_generated|altsyncram_n9e1:altsyncram4 ;
+---------------------------------+--------------------+------+---------------------------------------------------------------------------------------------------------------------------------------------------------------------+
; Assignment                      ; Value              ; From ; To                                                                                                                                                                  ;
+---------------------------------+--------------------+------+---------------------------------------------------------------------------------------------------------------------------------------------------------------------+
; OPTIMIZE_POWER_DURING_SYNTHESIS ; NORMAL_COMPILATION ; -    ; -                                                                                                                                                                   ;
+---------------------------------+--------------------+------+---------------------------------------------------------------------------------------------------------------------------------------------------------------------+


+-------------------------------------------------------------------------------------------------------+
; Parameter Settings for User Entity Instance: pll2:comb_19|pll2_0002:pll2_inst|altera_pll:altera_pll_i ;
+--------------------------------------+------------------------+---------------------------------------+
; Parameter Name                       ; Value                  ; Type                                  ;
+--------------------------------------+------------------------+---------------------------------------+
; reference_clock_frequency            ; 50.0 MHz               ; String                                ;
; fractional_vco_multiplier            ; false                  ; String                                ;
; pll_type                             ; General                ; String                                ;
; pll_subtype                          ; General                ; String                                ;
; number_of_clocks                     ; 2                      ; Signed Integer                        ;
; operation_mode                       ; direct                 ; String                                ;
; deserialization_factor               ; 4                      ; Signed Integer                        ;
; data_rate                            ; 0                      ; Signed Integer                        ;
; sim_additional_refclk_cycles_to_lock ; 0                      ; Signed Integer                        ;
; output_clock_frequency0              ; 200.000000 MHz         ; String                                ;
; phase_shift0                         ; 0 ps                   ; String                                ;
; duty_cycle0                          ; 50                     ; Signed Integer                        ;
; output_clock_frequency1              ; 2.000000 MHz           ; String                                ;
; phase_shift1                         ; 0 ps                   ; String                                ;
; duty_cycle1                          ; 50                     ; Signed Integer                        ;
; output_clock_frequency2              ; 0 MHz                  ; String                                ;
; phase_shift2                         ; 0 ps                   ; String                                ;
; duty_cycle2                          ; 50                     ; Signed Integer                        ;
; output_clock_frequency3              ; 0 MHz                  ; String                                ;
; phase_shift3                         ; 0 ps                   ; String                                ;
; duty_cycle3                          ; 50                     ; Signed Integer                        ;
; output_clock_frequency4              ; 0 MHz                  ; String                                ;
; phase_shift4                         ; 0 ps                   ; String                                ;
; duty_cycle4                          ; 50                     ; Signed Integer                        ;
; output_clock_frequency5              ; 0 MHz                  ; String                                ;
; phase_shift5                         ; 0 ps                   ; String                                ;
; duty_cycle5                          ; 50                     ; Signed Integer                        ;
; output_clock_frequency6              ; 0 MHz                  ; String                                ;
; phase_shift6                         ; 0 ps                   ; String                                ;
; duty_cycle6                          ; 50                     ; Signed Integer                        ;
; output_clock_frequency7              ; 0 MHz                  ; String                                ;
; phase_shift7                         ; 0 ps                   ; String                                ;
; duty_cycle7                          ; 50                     ; Signed Integer                        ;
; output_clock_frequency8              ; 0 MHz                  ; String                                ;
; phase_shift8                         ; 0 ps                   ; String                                ;
; duty_cycle8                          ; 50                     ; Signed Integer                        ;
; output_clock_frequency9              ; 0 MHz                  ; String                                ;
; phase_shift9                         ; 0 ps                   ; String                                ;
; duty_cycle9                          ; 50                     ; Signed Integer                        ;
; output_clock_frequency10             ; 0 MHz                  ; String                                ;
; phase_shift10                        ; 0 ps                   ; String                                ;
; duty_cycle10                         ; 50                     ; Signed Integer                        ;
; output_clock_frequency11             ; 0 MHz                  ; String                                ;
; phase_shift11                        ; 0 ps                   ; String                                ;
; duty_cycle11                         ; 50                     ; Signed Integer                        ;
; output_clock_frequency12             ; 0 MHz                  ; String                                ;
; phase_shift12                        ; 0 ps                   ; String                                ;
; duty_cycle12                         ; 50                     ; Signed Integer                        ;
; output_clock_frequency13             ; 0 MHz                  ; String                                ;
; phase_shift13                        ; 0 ps                   ; String                                ;
; duty_cycle13                         ; 50                     ; Signed Integer                        ;
; output_clock_frequency14             ; 0 MHz                  ; String                                ;
; phase_shift14                        ; 0 ps                   ; String                                ;
; duty_cycle14                         ; 50                     ; Signed Integer                        ;
; output_clock_frequency15             ; 0 MHz                  ; String                                ;
; phase_shift15                        ; 0 ps                   ; String                                ;
; duty_cycle15                         ; 50                     ; Signed Integer                        ;
; output_clock_frequency16             ; 0 MHz                  ; String                                ;
; phase_shift16                        ; 0 ps                   ; String                                ;
; duty_cycle16                         ; 50                     ; Signed Integer                        ;
; output_clock_frequency17             ; 0 MHz                  ; String                                ;
; phase_shift17                        ; 0 ps                   ; String                                ;
; duty_cycle17                         ; 50                     ; Signed Integer                        ;
; clock_name_0                         ;                        ; String                                ;
; clock_name_1                         ;                        ; String                                ;
; clock_name_2                         ;                        ; String                                ;
; clock_name_3                         ;                        ; String                                ;
; clock_name_4                         ;                        ; String                                ;
; clock_name_5                         ;                        ; String                                ;
; clock_name_6                         ;                        ; String                                ;
; clock_name_7                         ;                        ; String                                ;
; clock_name_8                         ;                        ; String                                ;
; clock_name_global_0                  ; false                  ; String                                ;
; clock_name_global_1                  ; false                  ; String                                ;
; clock_name_global_2                  ; false                  ; String                                ;
; clock_name_global_3                  ; false                  ; String                                ;
; clock_name_global_4                  ; false                  ; String                                ;
; clock_name_global_5                  ; false                  ; String                                ;
; clock_name_global_6                  ; false                  ; String                                ;
; clock_name_global_7                  ; false                  ; String                                ;
; clock_name_global_8                  ; false                  ; String                                ;
; m_cnt_hi_div                         ; 1                      ; Signed Integer                        ;
; m_cnt_lo_div                         ; 1                      ; Signed Integer                        ;
; m_cnt_bypass_en                      ; false                  ; String                                ;
; m_cnt_odd_div_duty_en                ; false                  ; String                                ;
; n_cnt_hi_div                         ; 1                      ; Signed Integer                        ;
; n_cnt_lo_div                         ; 1                      ; Signed Integer                        ;
; n_cnt_bypass_en                      ; false                  ; String                                ;
; n_cnt_odd_div_duty_en                ; false                  ; String                                ;
; c_cnt_hi_div0                        ; 1                      ; Signed Integer                        ;
; c_cnt_lo_div0                        ; 1                      ; Signed Integer                        ;
; c_cnt_bypass_en0                     ; false                  ; String                                ;
; c_cnt_in_src0                        ; ph_mux_clk             ; String                                ;
; c_cnt_odd_div_duty_en0               ; false                  ; String                                ;
; c_cnt_prst0                          ; 1                      ; Signed Integer                        ;
; c_cnt_ph_mux_prst0                   ; 0                      ; Signed Integer                        ;
; c_cnt_hi_div1                        ; 1                      ; Signed Integer                        ;
; c_cnt_lo_div1                        ; 1                      ; Signed Integer                        ;
; c_cnt_bypass_en1                     ; false                  ; String                                ;
; c_cnt_in_src1                        ; ph_mux_clk             ; String                                ;
; c_cnt_odd_div_duty_en1               ; false                  ; String                                ;
; c_cnt_prst1                          ; 1                      ; Signed Integer                        ;
; c_cnt_ph_mux_prst1                   ; 0                      ; Signed Integer                        ;
; c_cnt_hi_div2                        ; 1                      ; Signed Integer                        ;
; c_cnt_lo_div2                        ; 1                      ; Signed Integer                        ;
; c_cnt_bypass_en2                     ; false                  ; String                                ;
; c_cnt_in_src2                        ; ph_mux_clk             ; String                                ;
; c_cnt_odd_div_duty_en2               ; false                  ; String                                ;
; c_cnt_prst2                          ; 1                      ; Signed Integer                        ;
; c_cnt_ph_mux_prst2                   ; 0                      ; Signed Integer                        ;
; c_cnt_hi_div3                        ; 1                      ; Signed Integer                        ;
; c_cnt_lo_div3                        ; 1                      ; Signed Integer                        ;
; c_cnt_bypass_en3                     ; false                  ; String                                ;
; c_cnt_in_src3                        ; ph_mux_clk             ; String                                ;
; c_cnt_odd_div_duty_en3               ; false                  ; String                                ;
; c_cnt_prst3                          ; 1                      ; Signed Integer                        ;
; c_cnt_ph_mux_prst3                   ; 0                      ; Signed Integer                        ;
; c_cnt_hi_div4                        ; 1                      ; Signed Integer                        ;
; c_cnt_lo_div4                        ; 1                      ; Signed Integer                        ;
; c_cnt_bypass_en4                     ; false                  ; String                                ;
; c_cnt_in_src4                        ; ph_mux_clk             ; String                                ;
; c_cnt_odd_div_duty_en4               ; false                  ; String                                ;
; c_cnt_prst4                          ; 1                      ; Signed Integer                        ;
; c_cnt_ph_mux_prst4                   ; 0                      ; Signed Integer                        ;
; c_cnt_hi_div5                        ; 1                      ; Signed Integer                        ;
; c_cnt_lo_div5                        ; 1                      ; Signed Integer                        ;
; c_cnt_bypass_en5                     ; false                  ; String                                ;
; c_cnt_in_src5                        ; ph_mux_clk             ; String                                ;
; c_cnt_odd_div_duty_en5               ; false                  ; String                                ;
; c_cnt_prst5                          ; 1                      ; Signed Integer                        ;
; c_cnt_ph_mux_prst5                   ; 0                      ; Signed Integer                        ;
; c_cnt_hi_div6                        ; 1                      ; Signed Integer                        ;
; c_cnt_lo_div6                        ; 1                      ; Signed Integer                        ;
; c_cnt_bypass_en6                     ; false                  ; String                                ;
; c_cnt_in_src6                        ; ph_mux_clk             ; String                                ;
; c_cnt_odd_div_duty_en6               ; false                  ; String                                ;
; c_cnt_prst6                          ; 1                      ; Signed Integer                        ;
; c_cnt_ph_mux_prst6                   ; 0                      ; Signed Integer                        ;
; c_cnt_hi_div7                        ; 1                      ; Signed Integer                        ;
; c_cnt_lo_div7                        ; 1                      ; Signed Integer                        ;
; c_cnt_bypass_en7                     ; false                  ; String                                ;
; c_cnt_in_src7                        ; ph_mux_clk             ; String                                ;
; c_cnt_odd_div_duty_en7               ; false                  ; String                                ;
; c_cnt_prst7                          ; 1                      ; Signed Integer                        ;
; c_cnt_ph_mux_prst7                   ; 0                      ; Signed Integer                        ;
; c_cnt_hi_div8                        ; 1                      ; Signed Integer                        ;
; c_cnt_lo_div8                        ; 1                      ; Signed Integer                        ;
; c_cnt_bypass_en8                     ; false                  ; String                                ;
; c_cnt_in_src8                        ; ph_mux_clk             ; String                                ;
; c_cnt_odd_div_duty_en8               ; false                  ; String                                ;
; c_cnt_prst8                          ; 1                      ; Signed Integer                        ;
; c_cnt_ph_mux_prst8                   ; 0                      ; Signed Integer                        ;
; c_cnt_hi_div9                        ; 1                      ; Signed Integer                        ;
; c_cnt_lo_div9                        ; 1                      ; Signed Integer                        ;
; c_cnt_bypass_en9                     ; false                  ; String                                ;
; c_cnt_in_src9                        ; ph_mux_clk             ; String                                ;
; c_cnt_odd_div_duty_en9               ; false                  ; String                                ;
; c_cnt_prst9                          ; 1                      ; Signed Integer                        ;
; c_cnt_ph_mux_prst9                   ; 0                      ; Signed Integer                        ;
; c_cnt_hi_div10                       ; 1                      ; Signed Integer                        ;
; c_cnt_lo_div10                       ; 1                      ; Signed Integer                        ;
; c_cnt_bypass_en10                    ; false                  ; String                                ;
; c_cnt_in_src10                       ; ph_mux_clk             ; String                                ;
; c_cnt_odd_div_duty_en10              ; false                  ; String                                ;
; c_cnt_prst10                         ; 1                      ; Signed Integer                        ;
; c_cnt_ph_mux_prst10                  ; 0                      ; Signed Integer                        ;
; c_cnt_hi_div11                       ; 1                      ; Signed Integer                        ;
; c_cnt_lo_div11                       ; 1                      ; Signed Integer                        ;
; c_cnt_bypass_en11                    ; false                  ; String                                ;
; c_cnt_in_src11                       ; ph_mux_clk             ; String                                ;
; c_cnt_odd_div_duty_en11              ; false                  ; String                                ;
; c_cnt_prst11                         ; 1                      ; Signed Integer                        ;
; c_cnt_ph_mux_prst11                  ; 0                      ; Signed Integer                        ;
; c_cnt_hi_div12                       ; 1                      ; Signed Integer                        ;
; c_cnt_lo_div12                       ; 1                      ; Signed Integer                        ;
; c_cnt_bypass_en12                    ; false                  ; String                                ;
; c_cnt_in_src12                       ; ph_mux_clk             ; String                                ;
; c_cnt_odd_div_duty_en12              ; false                  ; String                                ;
; c_cnt_prst12                         ; 1                      ; Signed Integer                        ;
; c_cnt_ph_mux_prst12                  ; 0                      ; Signed Integer                        ;
; c_cnt_hi_div13                       ; 1                      ; Signed Integer                        ;
; c_cnt_lo_div13                       ; 1                      ; Signed Integer                        ;
; c_cnt_bypass_en13                    ; false                  ; String                                ;
; c_cnt_in_src13                       ; ph_mux_clk             ; String                                ;
; c_cnt_odd_div_duty_en13              ; false                  ; String                                ;
; c_cnt_prst13                         ; 1                      ; Signed Integer                        ;
; c_cnt_ph_mux_prst13                  ; 0                      ; Signed Integer                        ;
; c_cnt_hi_div14                       ; 1                      ; Signed Integer                        ;
; c_cnt_lo_div14                       ; 1                      ; Signed Integer                        ;
; c_cnt_bypass_en14                    ; false                  ; String                                ;
; c_cnt_in_src14                       ; ph_mux_clk             ; String                                ;
; c_cnt_odd_div_duty_en14              ; false                  ; String                                ;
; c_cnt_prst14                         ; 1                      ; Signed Integer                        ;
; c_cnt_ph_mux_prst14                  ; 0                      ; Signed Integer                        ;
; c_cnt_hi_div15                       ; 1                      ; Signed Integer                        ;
; c_cnt_lo_div15                       ; 1                      ; Signed Integer                        ;
; c_cnt_bypass_en15                    ; false                  ; String                                ;
; c_cnt_in_src15                       ; ph_mux_clk             ; String                                ;
; c_cnt_odd_div_duty_en15              ; false                  ; String                                ;
; c_cnt_prst15                         ; 1                      ; Signed Integer                        ;
; c_cnt_ph_mux_prst15                  ; 0                      ; Signed Integer                        ;
; c_cnt_hi_div16                       ; 1                      ; Signed Integer                        ;
; c_cnt_lo_div16                       ; 1                      ; Signed Integer                        ;
; c_cnt_bypass_en16                    ; false                  ; String                                ;
; c_cnt_in_src16                       ; ph_mux_clk             ; String                                ;
; c_cnt_odd_div_duty_en16              ; false                  ; String                                ;
; c_cnt_prst16                         ; 1                      ; Signed Integer                        ;
; c_cnt_ph_mux_prst16                  ; 0                      ; Signed Integer                        ;
; c_cnt_hi_div17                       ; 1                      ; Signed Integer                        ;
; c_cnt_lo_div17                       ; 1                      ; Signed Integer                        ;
; c_cnt_bypass_en17                    ; false                  ; String                                ;
; c_cnt_in_src17                       ; ph_mux_clk             ; String                                ;
; c_cnt_odd_div_duty_en17              ; false                  ; String                                ;
; c_cnt_prst17                         ; 1                      ; Signed Integer                        ;
; c_cnt_ph_mux_prst17                  ; 0                      ; Signed Integer                        ;
; pll_vco_div                          ; 1                      ; Signed Integer                        ;
; pll_slf_rst                          ; false                  ; String                                ;
; pll_bw_sel                           ; low                    ; String                                ;
; pll_output_clk_frequency             ; 0 MHz                  ; String                                ;
; pll_cp_current                       ; 0                      ; Signed Integer                        ;
; pll_bwctrl                           ; 0                      ; Signed Integer                        ;
; pll_fractional_division              ; 1                      ; Signed Integer                        ;
; pll_fractional_cout                  ; 24                     ; Signed Integer                        ;
; pll_dsm_out_sel                      ; 1st_order              ; String                                ;
; mimic_fbclk_type                     ; gclk                   ; String                                ;
; pll_fbclk_mux_1                      ; glb                    ; String                                ;
; pll_fbclk_mux_2                      ; fb_1                   ; String                                ;
; pll_m_cnt_in_src                     ; ph_mux_clk             ; String                                ;
; pll_vcoph_div                        ; 1                      ; Signed Integer                        ;
; refclk1_frequency                    ; 0 MHz                  ; String                                ;
; pll_clkin_0_src                      ; clk_0                  ; String                                ;
; pll_clkin_1_src                      ; clk_0                  ; String                                ;
; pll_clk_loss_sw_en                   ; false                  ; String                                ;
; pll_auto_clk_sw_en                   ; false                  ; String                                ;
; pll_manu_clk_sw_en                   ; false                  ; String                                ;
; pll_clk_sw_dly                       ; 0                      ; Signed Integer                        ;
; pll_extclk_0_cnt_src                 ; pll_extclk_cnt_src_vss ; String                                ;
; pll_extclk_1_cnt_src                 ; pll_extclk_cnt_src_vss ; String                                ;
+--------------------------------------+------------------------+---------------------------------------+
Note: In order to hide this table in the UI and the text report file, please set the "Show Parameter Settings in Synthesis Report" option in "Analysis and Synthesis Settings -> More Settings" to "Off".


+-----------------------------------------------------------------------------------+
; Parameter Settings for User Entity Instance: Fan_Control:u0|I2C_Bus_Controller:u1 ;
+-----------------------+--------+--------------------------------------------------+
; Parameter Name        ; Value  ; Type                                             ;
+-----------------------+--------+--------------------------------------------------+
; state_idle            ; 000000 ; Unsigned Binary                                  ;
; state_start1          ; 000001 ; Unsigned Binary                                  ;
; state_slave_addr1     ; 000010 ; Unsigned Binary                                  ;
; state_slave_addr_ack1 ; 000011 ; Unsigned Binary                                  ;
; state_word_addr1      ; 000100 ; Unsigned Binary                                  ;
; state_word_addr_ack   ; 000101 ; Unsigned Binary                                  ;
; state_start2          ; 000110 ; Unsigned Binary                                  ;
; state_slave_addr2     ; 000111 ; Unsigned Binary                                  ;
; state_slave_addr_ack2 ; 001000 ; Unsigned Binary                                  ;
; state_data1           ; 001001 ; Unsigned Binary                                  ;
; state_non_ack         ; 001010 ; Unsigned Binary                                  ;
; state_master_ack      ; 001011 ; Unsigned Binary                                  ;
; state_stop            ; 001100 ; Unsigned Binary                                  ;
; state_ack_error       ; 001101 ; Unsigned Binary                                  ;
; state_wr_data         ; 001110 ; Unsigned Binary                                  ;
; state_wr_ack          ; 001111 ; Unsigned Binary                                  ;
+-----------------------+--------+--------------------------------------------------+
Note: In order to hide this table in the UI and the text report file, please set the "Show Parameter Settings in Synthesis Report" option in "Analysis and Synthesis Settings -> More Settings" to "Off".


+---------------------------------------------------------------+
; Parameter Settings for User Entity Instance: qaoa_system:ntuS ;
+-------------------+-------+-----------------------------------+
; Parameter Name    ; Value ; Type                              ;
+-------------------+-------+-----------------------------------+
; UART_CLKS_PER_BIT ; 1736  ; Signed Integer                    ;
+-------------------+-------+-----------------------------------+
Note: In order to hide this table in the UI and the text report file, please set the "Show Parameter Settings in Synthesis Report" option in "Analysis and Synthesis Settings -> More Settings" to "Off".


+-------------------------------------------------------------------------------+
; Parameter Settings for User Entity Instance: qaoa_system:ntuS|ntu_smachine:ns ;
+-------------------+-------+---------------------------------------------------+
; Parameter Name    ; Value ; Type                                              ;
+-------------------+-------+---------------------------------------------------+
; UART_CLKS_PER_BIT ; 1736  ; Signed Integer                                    ;
+-------------------+-------+---------------------------------------------------+
Note: In order to hide this table in the UI and the text report file, please set the "Show Parameter Settings in Synthesis Report" option in "Analysis and Synthesis Settings -> More Settings" to "Off".


+----------------------------------------------------------------------------------------------+
; Parameter Settings for User Entity Instance: qaoa_system:ntuS|ntu_smachine:ns|receiver:uart1 ;
+----------------+-------+---------------------------------------------------------------------+
; Parameter Name ; Value ; Type                                                                ;
+----------------+-------+---------------------------------------------------------------------+
; CLKS_PER_BIT   ; 1736  ; Signed Integer                                                      ;
+----------------+-------+---------------------------------------------------------------------+
Note: In order to hide this table in the UI and the text report file, please set the "Show Parameter Settings in Synthesis Report" option in "Analysis and Synthesis Settings -> More Settings" to "Off".


+----------------------------------------------------------------------------------------------+
; Parameter Settings for User Entity Instance: qaoa_system:ntuS|ntu_smachine:ns|transmitter:t0 ;
+----------------+-------+---------------------------------------------------------------------+
; Parameter Name ; Value ; Type                                                                ;
+----------------+-------+---------------------------------------------------------------------+
; CLKS_PER_BIT   ; 1736  ; Signed Integer                                                      ;
+----------------+-------+---------------------------------------------------------------------+
Note: In order to hide this table in the UI and the text report file, please set the "Show Parameter Settings in Synthesis Report" option in "Analysis and Synthesis Settings -> More Settings" to "Off".


+------------------------------------------------------------------------------------------------------------------------+
; Parameter Settings for User Entity Instance: qaoa_system:ntuS|ntu_smachine:ns|fifo1:fifo1_inst|scfifo:scfifo_component ;
+-------------------------+-------------+--------------------------------------------------------------------------------+
; Parameter Name          ; Value       ; Type                                                                           ;
+-------------------------+-------------+--------------------------------------------------------------------------------+
; AUTO_CARRY_CHAINS       ; ON          ; AUTO_CARRY                                                                     ;
; IGNORE_CARRY_BUFFERS    ; OFF         ; IGNORE_CARRY                                                                   ;
; AUTO_CASCADE_CHAINS     ; ON          ; AUTO_CASCADE                                                                   ;
; IGNORE_CASCADE_BUFFERS  ; OFF         ; IGNORE_CASCADE                                                                 ;
; lpm_width               ; 8           ; Signed Integer                                                                 ;
; LPM_NUMWORDS            ; 4           ; Signed Integer                                                                 ;
; LPM_WIDTHU              ; 2           ; Signed Integer                                                                 ;
; LPM_SHOWAHEAD           ; OFF         ; Untyped                                                                        ;
; UNDERFLOW_CHECKING      ; OFF         ; Untyped                                                                        ;
; OVERFLOW_CHECKING       ; OFF         ; Untyped                                                                        ;
; ALLOW_RWCYCLE_WHEN_FULL ; OFF         ; Untyped                                                                        ;
; ADD_RAM_OUTPUT_REGISTER ; ON          ; Untyped                                                                        ;
; ALMOST_FULL_VALUE       ; 0           ; Untyped                                                                        ;
; ALMOST_EMPTY_VALUE      ; 0           ; Untyped                                                                        ;
; ENABLE_ECC              ; FALSE       ; Untyped                                                                        ;
; USE_EAB                 ; ON          ; Untyped                                                                        ;
; MAXIMIZE_SPEED          ; 5           ; Untyped                                                                        ;
; DEVICE_FAMILY           ; Stratix V   ; Untyped                                                                        ;
; OPTIMIZE_FOR_SPEED      ; 5           ; Untyped                                                                        ;
; CBXI_PARAMETER          ; scfifo_ghd1 ; Untyped                                                                        ;
+-------------------------+-------------+--------------------------------------------------------------------------------+
Note: In order to hide this table in the UI and the text report file, please set the "Show Parameter Settings in Synthesis Report" option in "Analysis and Synthesis Settings -> More Settings" to "Off".


+------------------------------------------------------------------------------------------------------------------------+
; Parameter Settings for User Entity Instance: qaoa_system:ntuS|ntu_smachine:ns|fifo1:fifoW_inst|scfifo:scfifo_component ;
+-------------------------+-------------+--------------------------------------------------------------------------------+
; Parameter Name          ; Value       ; Type                                                                           ;
+-------------------------+-------------+--------------------------------------------------------------------------------+
; AUTO_CARRY_CHAINS       ; ON          ; AUTO_CARRY                                                                     ;
; IGNORE_CARRY_BUFFERS    ; OFF         ; IGNORE_CARRY                                                                   ;
; AUTO_CASCADE_CHAINS     ; ON          ; AUTO_CASCADE                                                                   ;
; IGNORE_CASCADE_BUFFERS  ; OFF         ; IGNORE_CASCADE                                                                 ;
; lpm_width               ; 8           ; Signed Integer                                                                 ;
; LPM_NUMWORDS            ; 4           ; Signed Integer                                                                 ;
; LPM_WIDTHU              ; 2           ; Signed Integer                                                                 ;
; LPM_SHOWAHEAD           ; OFF         ; Untyped                                                                        ;
; UNDERFLOW_CHECKING      ; OFF         ; Untyped                                                                        ;
; OVERFLOW_CHECKING       ; OFF         ; Untyped                                                                        ;
; ALLOW_RWCYCLE_WHEN_FULL ; OFF         ; Untyped                                                                        ;
; ADD_RAM_OUTPUT_REGISTER ; ON          ; Untyped                                                                        ;
; ALMOST_FULL_VALUE       ; 0           ; Untyped                                                                        ;
; ALMOST_EMPTY_VALUE      ; 0           ; Untyped                                                                        ;
; ENABLE_ECC              ; FALSE       ; Untyped                                                                        ;
; USE_EAB                 ; ON          ; Untyped                                                                        ;
; MAXIMIZE_SPEED          ; 5           ; Untyped                                                                        ;
; DEVICE_FAMILY           ; Stratix V   ; Untyped                                                                        ;
; OPTIMIZE_FOR_SPEED      ; 5           ; Untyped                                                                        ;
; CBXI_PARAMETER          ; scfifo_ghd1 ; Untyped                                                                        ;
+-------------------------+-------------+--------------------------------------------------------------------------------+
Note: In order to hide this table in the UI and the text report file, please set the "Show Parameter Settings in Synthesis Report" option in "Analysis and Synthesis Settings -> More Settings" to "Off".


+--------------------------------------------------------------------------------------------------------------------------------+
; Parameter Settings for User Entity Instance: qaoa_system:ntuS|ntu_smachine:ns|mulfix8:mulfix8_inst|lpm_mult:lpm_mult_component ;
+------------------------------------------------+-----------+-------------------------------------------------------------------+
; Parameter Name                                 ; Value     ; Type                                                              ;
+------------------------------------------------+-----------+-------------------------------------------------------------------+
; AUTO_CARRY_CHAINS                              ; ON        ; AUTO_CARRY                                                        ;
; IGNORE_CARRY_BUFFERS                           ; OFF       ; IGNORE_CARRY                                                      ;
; AUTO_CASCADE_CHAINS                            ; ON        ; AUTO_CASCADE                                                      ;
; IGNORE_CASCADE_BUFFERS                         ; OFF       ; IGNORE_CASCADE                                                    ;
; LPM_WIDTHA                                     ; 24        ; Signed Integer                                                    ;
; LPM_WIDTHB                                     ; 24        ; Signed Integer                                                    ;
; LPM_WIDTHP                                     ; 48        ; Signed Integer                                                    ;
; LPM_WIDTHR                                     ; 0         ; Untyped                                                           ;
; LPM_WIDTHS                                     ; 1         ; Untyped                                                           ;
; LPM_REPRESENTATION                             ; SIGNED    ; Untyped                                                           ;
; LPM_PIPELINE                                   ; 7         ; Signed Integer                                                    ;
; LATENCY                                        ; 0         ; Untyped                                                           ;
; INPUT_A_IS_CONSTANT                            ; NO        ; Untyped                                                           ;
; INPUT_B_IS_CONSTANT                            ; NO        ; Untyped                                                           ;
; USE_EAB                                        ; OFF       ; Untyped                                                           ;
; MAXIMIZE_SPEED                                 ; 5         ; Untyped                                                           ;
; DEVICE_FAMILY                                  ; Stratix V ; Untyped                                                           ;
; CARRY_CHAIN                                    ; MANUAL    ; Untyped                                                           ;
; APEX20K_TECHNOLOGY_MAPPER                      ; LUT       ; TECH_MAPPER_APEX20K                                               ;
; DEDICATED_MULTIPLIER_CIRCUITRY                 ; AUTO      ; Untyped                                                           ;
; DEDICATED_MULTIPLIER_MIN_INPUT_WIDTH_FOR_AUTO  ; 0         ; Untyped                                                           ;
; DEDICATED_MULTIPLIER_MIN_OUTPUT_WIDTH_FOR_AUTO ; 0         ; Untyped                                                           ;
; CBXI_PARAMETER                                 ; mult_c0p  ; Untyped                                                           ;
; INPUT_A_FIXED_VALUE                            ; Bx        ; Untyped                                                           ;
; INPUT_B_FIXED_VALUE                            ; Bx        ; Untyped                                                           ;
; USE_AHDL_IMPLEMENTATION                        ; OFF       ; Untyped                                                           ;
+------------------------------------------------+-----------+-------------------------------------------------------------------+
Note: In order to hide this table in the UI and the text report file, please set the "Show Parameter Settings in Synthesis Report" option in "Analysis and Synthesis Settings -> More Settings" to "Off".


+-------------------------------------------------------------------------------------------------------------------------------------+
; Parameter Settings for User Entity Instance: qaoa_system:ntuS|ntu_smachine:ns|addfix8:addix8_inst|lpm_add_sub:LPM_ADD_SUB_component ;
+------------------------+-------------+----------------------------------------------------------------------------------------------+
; Parameter Name         ; Value       ; Type                                                                                         ;
+------------------------+-------------+----------------------------------------------------------------------------------------------+
; LPM_WIDTH              ; 64          ; Signed Integer                                                                               ;
; LPM_REPRESENTATION     ; SIGNED      ; Untyped                                                                                      ;
; LPM_DIRECTION          ; ADD         ; Untyped                                                                                      ;
; ONE_INPUT_IS_CONSTANT  ; NO          ; Untyped                                                                                      ;
; LPM_PIPELINE           ; 8           ; Signed Integer                                                                               ;
; MAXIMIZE_SPEED         ; 5           ; Untyped                                                                                      ;
; REGISTERED_AT_END      ; 0           ; Untyped                                                                                      ;
; OPTIMIZE_FOR_SPEED     ; 5           ; Untyped                                                                                      ;
; USE_CS_BUFFERS         ; 1           ; Untyped                                                                                      ;
; CARRY_CHAIN            ; MANUAL      ; Untyped                                                                                      ;
; CARRY_CHAIN_LENGTH     ; 48          ; CARRY_CHAIN_LENGTH                                                                           ;
; DEVICE_FAMILY          ; Stratix V   ; Untyped                                                                                      ;
; USE_WYS                ; OFF         ; Untyped                                                                                      ;
; STYLE                  ; FAST        ; Untyped                                                                                      ;
; CBXI_PARAMETER         ; add_sub_0bj ; Untyped                                                                                      ;
; AUTO_CARRY_CHAINS      ; ON          ; AUTO_CARRY                                                                                   ;
; IGNORE_CARRY_BUFFERS   ; OFF         ; IGNORE_CARRY                                                                                 ;
; AUTO_CASCADE_CHAINS    ; ON          ; AUTO_CASCADE                                                                                 ;
; IGNORE_CASCADE_BUFFERS ; OFF         ; IGNORE_CASCADE                                                                               ;
+------------------------+-------------+----------------------------------------------------------------------------------------------+
Note: In order to hide this table in the UI and the text report file, please set the "Show Parameter Settings in Synthesis Report" option in "Analysis and Synthesis Settings -> More Settings" to "Off".


+--------------------------------------------------------------------------------------------------------+
; Parameter Settings for User Entity Instance: qaoa_system:ntuS|ram:ram1|altsyncram:altsyncram_component ;
+------------------------------------+----------------------+--------------------------------------------+
; Parameter Name                     ; Value                ; Type                                       ;
+------------------------------------+----------------------+--------------------------------------------+
; BYTE_SIZE_BLOCK                    ; 8                    ; Untyped                                    ;
; AUTO_CARRY_CHAINS                  ; ON                   ; AUTO_CARRY                                 ;
; IGNORE_CARRY_BUFFERS               ; OFF                  ; IGNORE_CARRY                               ;
; AUTO_CASCADE_CHAINS                ; ON                   ; AUTO_CASCADE                               ;
; IGNORE_CASCADE_BUFFERS             ; OFF                  ; IGNORE_CASCADE                             ;
; WIDTH_BYTEENA                      ; 1                    ; Untyped                                    ;
; OPERATION_MODE                     ; BIDIR_DUAL_PORT      ; Untyped                                    ;
; WIDTH_A                            ; 64                   ; Signed Integer                             ;
; WIDTHAD_A                          ; 13                   ; Signed Integer                             ;
; NUMWORDS_A                         ; 8192                 ; Signed Integer                             ;
; OUTDATA_REG_A                      ; CLOCK0               ; Untyped                                    ;
; ADDRESS_ACLR_A                     ; NONE                 ; Untyped                                    ;
; OUTDATA_ACLR_A                     ; NONE                 ; Untyped                                    ;
; WRCONTROL_ACLR_A                   ; NONE                 ; Untyped                                    ;
; INDATA_ACLR_A                      ; NONE                 ; Untyped                                    ;
; BYTEENA_ACLR_A                     ; NONE                 ; Untyped                                    ;
; WIDTH_B                            ; 64                   ; Signed Integer                             ;
; WIDTHAD_B                          ; 13                   ; Signed Integer                             ;
; NUMWORDS_B                         ; 8192                 ; Signed Integer                             ;
; INDATA_REG_B                       ; CLOCK0               ; Untyped                                    ;
; WRCONTROL_WRADDRESS_REG_B          ; CLOCK0               ; Untyped                                    ;
; RDCONTROL_REG_B                    ; CLOCK1               ; Untyped                                    ;
; ADDRESS_REG_B                      ; CLOCK0               ; Untyped                                    ;
; OUTDATA_REG_B                      ; CLOCK0               ; Untyped                                    ;
; BYTEENA_REG_B                      ; CLOCK1               ; Untyped                                    ;
; INDATA_ACLR_B                      ; NONE                 ; Untyped                                    ;
; WRCONTROL_ACLR_B                   ; NONE                 ; Untyped                                    ;
; ADDRESS_ACLR_B                     ; NONE                 ; Untyped                                    ;
; OUTDATA_ACLR_B                     ; NONE                 ; Untyped                                    ;
; RDCONTROL_ACLR_B                   ; NONE                 ; Untyped                                    ;
; BYTEENA_ACLR_B                     ; NONE                 ; Untyped                                    ;
; WIDTH_BYTEENA_A                    ; 1                    ; Signed Integer                             ;
; WIDTH_BYTEENA_B                    ; 1                    ; Signed Integer                             ;
; RAM_BLOCK_TYPE                     ; AUTO                 ; Untyped                                    ;
; BYTE_SIZE                          ; 8                    ; Untyped                                    ;
; READ_DURING_WRITE_MODE_MIXED_PORTS ; DONT_CARE            ; Untyped                                    ;
; READ_DURING_WRITE_MODE_PORT_A      ; NEW_DATA_NO_NBE_READ ; Untyped                                    ;
; READ_DURING_WRITE_MODE_PORT_B      ; NEW_DATA_NO_NBE_READ ; Untyped                                    ;
; INIT_FILE                          ; UNUSED               ; Untyped                                    ;
; INIT_FILE_LAYOUT                   ; PORT_A               ; Untyped                                    ;
; MAXIMUM_DEPTH                      ; 0                    ; Untyped                                    ;
; CLOCK_ENABLE_INPUT_A               ; BYPASS               ; Untyped                                    ;
; CLOCK_ENABLE_INPUT_B               ; BYPASS               ; Untyped                                    ;
; CLOCK_ENABLE_OUTPUT_A              ; BYPASS               ; Untyped                                    ;
; CLOCK_ENABLE_OUTPUT_B              ; BYPASS               ; Untyped                                    ;
; CLOCK_ENABLE_CORE_A                ; USE_INPUT_CLKEN      ; Untyped                                    ;
; CLOCK_ENABLE_CORE_B                ; USE_INPUT_CLKEN      ; Untyped                                    ;
; ENABLE_ECC                         ; FALSE                ; Untyped                                    ;
; ECC_PIPELINE_STAGE_ENABLED         ; FALSE                ; Untyped                                    ;
; WIDTH_ECCSTATUS                    ; 3                    ; Untyped                                    ;
; DEVICE_FAMILY                      ; Stratix V            ; Untyped                                    ;
; CBXI_PARAMETER                     ; altsyncram_esq2      ; Untyped                                    ;
+------------------------------------+----------------------+--------------------------------------------+
Note: In order to hide this table in the UI and the text report file, please set the "Show Parameter Settings in Synthesis Report" option in "Analysis and Synthesis Settings -> More Settings" to "Off".


+------------------------------------------------------------------------------------------------------------------------------------+
; Parameter Settings for Inferred Entity Instance: sld_signaltap:auto_signaltap_0                                                    ;
+-------------------------------------------------+-----------------------------------------------------------------+----------------+
; Parameter Name                                  ; Value                                                           ; Type           ;
+-------------------------------------------------+-----------------------------------------------------------------+----------------+
; lpm_type                                        ; sld_signaltap                                                   ; String         ;
; sld_node_info                                   ; 805334528                                                       ; Untyped        ;
; SLD_SECTION_ID                                  ; hdl_signaltap_0                                                 ; String         ;
; SLD_IP_VERSION                                  ; 6                                                               ; Signed Integer ;
; SLD_IP_MINOR_VERSION                            ; 0                                                               ; Signed Integer ;
; SLD_COMMON_IP_VERSION                           ; 0                                                               ; Signed Integer ;
; sld_data_bits                                   ; 14                                                              ; Untyped        ;
; sld_trigger_bits                                ; 14                                                              ; Untyped        ;
; SLD_NODE_CRC_BITS                               ; 32                                                              ; Signed Integer ;
; SLD_NODE_CRC_HIWORD                             ; 41394                                                           ; Signed Integer ;
; SLD_NODE_CRC_LOWORD                             ; 50132                                                           ; Signed Integer ;
; sld_incremental_routing                         ; 1                                                               ; Untyped        ;
; sld_sample_depth                                ; 128                                                             ; Untyped        ;
; sld_segment_size                                ; 128                                                             ; Untyped        ;
; sld_ram_block_type                              ; AUTO                                                            ; Untyped        ;
; sld_state_bits                                  ; 11                                                              ; Untyped        ;
; sld_buffer_full_stop                            ; 1                                                               ; Untyped        ;
; SLD_MEM_ADDRESS_BITS                            ; 7                                                               ; Signed Integer ;
; SLD_DATA_BIT_CNTR_BITS                          ; 4                                                               ; Signed Integer ;
; sld_trigger_level                               ; 1                                                               ; Untyped        ;
; sld_trigger_in_enabled                          ; 0                                                               ; Untyped        ;
; SLD_HPS_TRIGGER_IN_ENABLED                      ; 0                                                               ; Signed Integer ;
; SLD_HPS_TRIGGER_OUT_ENABLED                     ; 0                                                               ; Signed Integer ;
; SLD_HPS_EVENT_ENABLED                           ; 0                                                               ; Signed Integer ;
; SLD_HPS_EVENT_ID                                ; 0                                                               ; Signed Integer ;
; sld_advanced_trigger_entity                     ; basic,1,                                                        ; Untyped        ;
; sld_trigger_level_pipeline                      ; 1                                                               ; Untyped        ;
; sld_trigger_pipeline                            ; 0                                                               ; Untyped        ;
; sld_ram_pipeline                                ; 0                                                               ; Untyped        ;
; sld_counter_pipeline                            ; 0                                                               ; Untyped        ;
; sld_enable_advanced_trigger                     ; 0                                                               ; Untyped        ;
; SLD_ADVANCED_TRIGGER_1                          ; NONE                                                            ; String         ;
; SLD_ADVANCED_TRIGGER_2                          ; NONE                                                            ; String         ;
; SLD_ADVANCED_TRIGGER_3                          ; NONE                                                            ; String         ;
; SLD_ADVANCED_TRIGGER_4                          ; NONE                                                            ; String         ;
; SLD_ADVANCED_TRIGGER_5                          ; NONE                                                            ; String         ;
; SLD_ADVANCED_TRIGGER_6                          ; NONE                                                            ; String         ;
; SLD_ADVANCED_TRIGGER_7                          ; NONE                                                            ; String         ;
; SLD_ADVANCED_TRIGGER_8                          ; NONE                                                            ; String         ;
; SLD_ADVANCED_TRIGGER_9                          ; NONE                                                            ; String         ;
; SLD_ADVANCED_TRIGGER_10                         ; NONE                                                            ; String         ;
; sld_inversion_mask_length                       ; 63                                                              ; Untyped        ;
; sld_inversion_mask                              ; 000000000000000000000000000000000000000000000000000000000000000 ; Untyped        ;
; sld_power_up_trigger                            ; 0                                                               ; Untyped        ;
; SLD_STATE_FLOW_MGR_ENTITY                       ; state_flow_mgr_entity.vhd                                       ; String         ;
; sld_state_flow_use_generated                    ; 0                                                               ; Untyped        ;
; sld_current_resource_width                      ; 1                                                               ; Untyped        ;
; sld_attribute_mem_mode                          ; OFF                                                             ; Untyped        ;
; sld_storage_qualifier_bits                      ; 14                                                              ; Untyped        ;
; SLD_STORAGE_QUALIFIER_GAP_RECORD                ; 0                                                               ; Signed Integer ;
; SLD_STORAGE_QUALIFIER_MODE                      ; OFF                                                             ; String         ;
; SLD_STORAGE_QUALIFIER_ENABLE_ADVANCED_CONDITION ; 0                                                               ; Signed Integer ;
; sld_storage_qualifier_inversion_mask_length     ; 0                                                               ; Untyped        ;
; SLD_STORAGE_QUALIFIER_ADVANCED_CONDITION_ENTITY ; basic                                                           ; String         ;
; SLD_STORAGE_QUALIFIER_PIPELINE                  ; 0                                                               ; Signed Integer ;
; SLD_CREATE_MONITOR_INTERFACE                    ; 0                                                               ; Signed Integer ;
; SLD_USE_JTAG_SIGNAL_ADAPTER                     ; 1                                                               ; Signed Integer ;
+-------------------------------------------------+-----------------------------------------------------------------+----------------+
Note: In order to hide this table in the UI and the text report file, please set the "Show Parameter Settings in Synthesis Report" option in "Analysis and Synthesis Settings -> More Settings" to "Off".


+--------------------------------------------------------------------------------------------------------------------------------------------------------------------------------------------------+
; Parameter Settings for Inferred Entity Instance: qaoa_system:ntuS|ntu_smachine:ns|mulfix8:mulfix8_inst|lpm_mult:lpm_mult_component|mult_c0p:auto_generated|altshift_taps:result_extra2_reg_rtl_0 ;
+----------------+-----------------+---------------------------------------------------------------------------------------------------------------------------------------------------------------+
; Parameter Name ; Value           ; Type                                                                                                                                                          ;
+----------------+-----------------+---------------------------------------------------------------------------------------------------------------------------------------------------------------+
; WIDTH_BYTEENA  ; 1               ; Untyped                                                                                                                                                       ;
; NUMBER_OF_TAPS ; 1               ; Untyped                                                                                                                                                       ;
; TAP_DISTANCE   ; 4               ; Untyped                                                                                                                                                       ;
; WIDTH          ; 48              ; Untyped                                                                                                                                                       ;
; POWER_UP_STATE ; DONT_CARE       ; Untyped                                                                                                                                                       ;
; CBXI_PARAMETER ; shift_taps_tu51 ; Untyped                                                                                                                                                       ;
+----------------+-----------------+---------------------------------------------------------------------------------------------------------------------------------------------------------------+
Note: In order to hide this table in the UI and the text report file, please set the "Show Parameter Settings in Synthesis Report" option in "Analysis and Synthesis Settings -> More Settings" to "Off".


+---------------------------------------------------------------------------------+
; Parameter Settings for Inferred Entity Instance: Fan_Control:u0|lpm_divide:Div1 ;
+------------------------+----------------+---------------------------------------+
; Parameter Name         ; Value          ; Type                                  ;
+------------------------+----------------+---------------------------------------+
; LPM_WIDTHN             ; 12             ; Untyped                               ;
; LPM_WIDTHD             ; 13             ; Untyped                               ;
; LPM_NREPRESENTATION    ; UNSIGNED       ; Untyped                               ;
; LPM_DREPRESENTATION    ; UNSIGNED       ; Untyped                               ;
; LPM_PIPELINE           ; 0              ; Untyped                               ;
; LPM_REMAINDERPOSITIVE  ; TRUE           ; Untyped                               ;
; MAXIMIZE_SPEED         ; 5              ; Untyped                               ;
; CBXI_PARAMETER         ; lpm_divide_2em ; Untyped                               ;
; CARRY_CHAIN            ; MANUAL         ; Untyped                               ;
; OPTIMIZE_FOR_SPEED     ; 5              ; Untyped                               ;
; AUTO_CARRY_CHAINS      ; ON             ; AUTO_CARRY                            ;
; IGNORE_CARRY_BUFFERS   ; OFF            ; IGNORE_CARRY                          ;
; AUTO_CASCADE_CHAINS    ; ON             ; AUTO_CASCADE                          ;
; IGNORE_CASCADE_BUFFERS ; OFF            ; IGNORE_CASCADE                        ;
+------------------------+----------------+---------------------------------------+
Note: In order to hide this table in the UI and the text report file, please set the "Show Parameter Settings in Synthesis Report" option in "Analysis and Synthesis Settings -> More Settings" to "Off".


+---------------------------------------------------------------------------------+
; Parameter Settings for Inferred Entity Instance: Fan_Control:u0|lpm_divide:Div0 ;
+------------------------+----------------+---------------------------------------+
; Parameter Name         ; Value          ; Type                                  ;
+------------------------+----------------+---------------------------------------+
; LPM_WIDTHN             ; 13             ; Untyped                               ;
; LPM_WIDTHD             ; 6              ; Untyped                               ;
; LPM_NREPRESENTATION    ; UNSIGNED       ; Untyped                               ;
; LPM_DREPRESENTATION    ; UNSIGNED       ; Untyped                               ;
; LPM_PIPELINE           ; 0              ; Untyped                               ;
; LPM_REMAINDERPOSITIVE  ; TRUE           ; Untyped                               ;
; MAXIMIZE_SPEED         ; 5              ; Untyped                               ;
; CBXI_PARAMETER         ; lpm_divide_lcm ; Untyped                               ;
; CARRY_CHAIN            ; MANUAL         ; Untyped                               ;
; OPTIMIZE_FOR_SPEED     ; 5              ; Untyped                               ;
; AUTO_CARRY_CHAINS      ; ON             ; AUTO_CARRY                            ;
; IGNORE_CARRY_BUFFERS   ; OFF            ; IGNORE_CARRY                          ;
; AUTO_CASCADE_CHAINS    ; ON             ; AUTO_CASCADE                          ;
; IGNORE_CASCADE_BUFFERS ; OFF            ; IGNORE_CASCADE                        ;
+------------------------+----------------+---------------------------------------+
Note: In order to hide this table in the UI and the text report file, please set the "Show Parameter Settings in Synthesis Report" option in "Analysis and Synthesis Settings -> More Settings" to "Off".


+--------------------------------------------------------------------------------------------------------+
; scfifo Parameter Settings by Entity Instance                                                           ;
+----------------------------+---------------------------------------------------------------------------+
; Name                       ; Value                                                                     ;
+----------------------------+---------------------------------------------------------------------------+
; Number of entity instances ; 2                                                                         ;
; Entity Instance            ; qaoa_system:ntuS|ntu_smachine:ns|fifo1:fifo1_inst|scfifo:scfifo_component ;
;     -- FIFO Type           ; Single Clock                                                              ;
;     -- lpm_width           ; 8                                                                         ;
;     -- LPM_NUMWORDS        ; 4                                                                         ;
;     -- LPM_SHOWAHEAD       ; OFF                                                                       ;
;     -- USE_EAB             ; ON                                                                        ;
; Entity Instance            ; qaoa_system:ntuS|ntu_smachine:ns|fifo1:fifoW_inst|scfifo:scfifo_component ;
;     -- FIFO Type           ; Single Clock                                                              ;
;     -- lpm_width           ; 8                                                                         ;
;     -- LPM_NUMWORDS        ; 4                                                                         ;
;     -- LPM_SHOWAHEAD       ; OFF                                                                       ;
;     -- USE_EAB             ; ON                                                                        ;
+----------------------------+---------------------------------------------------------------------------+


+---------------------------------------------------------------------------------------------------------------------------+
; lpm_mult Parameter Settings by Entity Instance                                                                            ;
+---------------------------------------+-----------------------------------------------------------------------------------+
; Name                                  ; Value                                                                             ;
+---------------------------------------+-----------------------------------------------------------------------------------+
; Number of entity instances            ; 1                                                                                 ;
; Entity Instance                       ; qaoa_system:ntuS|ntu_smachine:ns|mulfix8:mulfix8_inst|lpm_mult:lpm_mult_component ;
;     -- LPM_WIDTHA                     ; 24                                                                                ;
;     -- LPM_WIDTHB                     ; 24                                                                                ;
;     -- LPM_WIDTHP                     ; 48                                                                                ;
;     -- LPM_REPRESENTATION             ; SIGNED                                                                            ;
;     -- INPUT_A_IS_CONSTANT            ; NO                                                                                ;
;     -- INPUT_B_IS_CONSTANT            ; NO                                                                                ;
;     -- USE_EAB                        ; OFF                                                                               ;
;     -- DEDICATED_MULTIPLIER_CIRCUITRY ; AUTO                                                                              ;
;     -- INPUT_A_FIXED_VALUE            ; Bx                                                                                ;
;     -- INPUT_B_FIXED_VALUE            ; Bx                                                                                ;
+---------------------------------------+-----------------------------------------------------------------------------------+


+-------------------------------------------------------------------------------------------------------+
; altsyncram Parameter Settings by Entity Instance                                                      ;
+-------------------------------------------+-----------------------------------------------------------+
; Name                                      ; Value                                                     ;
+-------------------------------------------+-----------------------------------------------------------+
; Number of entity instances                ; 1                                                         ;
; Entity Instance                           ; qaoa_system:ntuS|ram:ram1|altsyncram:altsyncram_component ;
;     -- OPERATION_MODE                     ; BIDIR_DUAL_PORT                                           ;
;     -- WIDTH_A                            ; 64                                                        ;
;     -- NUMWORDS_A                         ; 8192                                                      ;
;     -- OUTDATA_REG_A                      ; CLOCK0                                                    ;
;     -- WIDTH_B                            ; 64                                                        ;
;     -- NUMWORDS_B                         ; 8192                                                      ;
;     -- ADDRESS_REG_B                      ; CLOCK0                                                    ;
;     -- OUTDATA_REG_B                      ; CLOCK0                                                    ;
;     -- RAM_BLOCK_TYPE                     ; AUTO                                                      ;
;     -- READ_DURING_WRITE_MODE_MIXED_PORTS ; DONT_CARE                                                 ;
+-------------------------------------------+-----------------------------------------------------------+


+------------------------------------------------------------------------------------------------------------------------------------------------------------------------------+
; altshift_taps Parameter Settings by Entity Instance                                                                                                                          ;
+----------------------------+-------------------------------------------------------------------------------------------------------------------------------------------------+
; Name                       ; Value                                                                                                                                           ;
+----------------------------+-------------------------------------------------------------------------------------------------------------------------------------------------+
; Number of entity instances ; 1                                                                                                                                               ;
; Entity Instance            ; qaoa_system:ntuS|ntu_smachine:ns|mulfix8:mulfix8_inst|lpm_mult:lpm_mult_component|mult_c0p:auto_generated|altshift_taps:result_extra2_reg_rtl_0 ;
;     -- NUMBER_OF_TAPS      ; 1                                                                                                                                               ;
;     -- TAP_DISTANCE        ; 4                                                                                                                                               ;
;     -- WIDTH               ; 48                                                                                                                                              ;
+----------------------------+-------------------------------------------------------------------------------------------------------------------------------------------------+


+-------------------------------------------------------+
; Port Connectivity Checks: "qaoa_system:ntuS|ram:ram1" ;
+--------+--------+----------+--------------------------+
; Port   ; Type   ; Severity ; Details                  ;
+--------+--------+----------+--------------------------+
; data_a ; Input  ; Info     ; Explicitly unconnected   ;
; wren_a ; Input  ; Info     ; Explicitly unconnected   ;
; q_b    ; Output ; Info     ; Explicitly unconnected   ;
+--------+--------+----------+--------------------------+


+----------------------------------------------------------------------------------------------------------------+
; Port Connectivity Checks: "qaoa_system:ntuS|ntu_smachine:ns|fifo1:fifo1_inst"                                  ;
+------+--------+----------+-------------------------------------------------------------------------------------+
; Port ; Type   ; Severity ; Details                                                                             ;
+------+--------+----------+-------------------------------------------------------------------------------------+
; full ; Output ; Info     ; Connected to dangling logic. Logic that only feeds a dangling port will be removed. ;
+------+--------+----------+-------------------------------------------------------------------------------------+


+-----------------------------------------------------------------------------+
; Port Connectivity Checks: "qaoa_system:ntuS|ntu_smachine:ns|transmitter:t0" ;
+-----------+--------+----------+---------------------------------------------+
; Port      ; Type   ; Severity ; Details                                     ;
+-----------+--------+----------+---------------------------------------------+
; o_Tx_Done ; Output ; Info     ; Explicitly unconnected                      ;
+-----------+--------+----------+---------------------------------------------+


+--------------------------------------------------------------------------------------------------------------------------+
; Port Connectivity Checks: "qaoa_system:ntuS|ntu_smachine:ns"                                                             ;
+----------------+--------+----------+-------------------------------------------------------------------------------------+
; Port           ; Type   ; Severity ; Details                                                                             ;
+----------------+--------+----------+-------------------------------------------------------------------------------------+
; r_addr[55..12] ; Output ; Info     ; Connected to dangling logic. Logic that only feeds a dangling port will be removed. ;
; w_addr[55..12] ; Output ; Info     ; Connected to dangling logic. Logic that only feeds a dangling port will be removed. ;
+----------------+--------+----------+-------------------------------------------------------------------------------------+


+----------------------------------------------------------------------------------------------------------------------------+
; Port Connectivity Checks: "qaoa_system:ntuS"                                                                               ;
+------------------+--------+----------+-------------------------------------------------------------------------------------+
; Port             ; Type   ; Severity ; Details                                                                             ;
+------------------+--------+----------+-------------------------------------------------------------------------------------+
; o_Status[31..16] ; Output ; Info     ; Connected to dangling logic. Logic that only feeds a dangling port will be removed. ;
; o_Status[7..3]   ; Output ; Info     ; Connected to dangling logic. Logic that only feeds a dangling port will be removed. ;
+------------------+--------+----------+-------------------------------------------------------------------------------------+


+-----------------------------------------------------------------------------------------------------------------------------------------------------+
; Port Connectivity Checks: "Fan_Control:u0|I2C_Bus_Controller:u1"                                                                                    ;
+----------------------+--------+----------+----------------------------------------------------------------------------------------------------------+
; Port                 ; Type   ; Severity ; Details                                                                                                  ;
+----------------------+--------+----------+----------------------------------------------------------------------------------------------------------+
; iSequential_read     ; Input  ; Info     ; Stuck at GND                                                                                             ;
; iRead_length[7..1]   ; Input  ; Info     ; Stuck at GND                                                                                             ;
; iRead_length[0]      ; Input  ; Info     ; Stuck at VCC                                                                                             ;
; read_data_tmp        ; Output ; Warning  ; Declared by entity but not connected by instance. Logic that only feeds a dangling port will be removed. ;
; oSYSTEM_STATE        ; Output ; Warning  ; Declared by entity but not connected by instance. Logic that only feeds a dangling port will be removed. ;
; i2c_clk_cnt          ; Output ; Warning  ; Declared by entity but not connected by instance. Logic that only feeds a dangling port will be removed. ;
; i2c_state            ; Output ; Warning  ; Declared by entity but not connected by instance. Logic that only feeds a dangling port will be removed. ;
; i2c_bit_cnt          ; Output ; Warning  ; Declared by entity but not connected by instance. Logic that only feeds a dangling port will be removed. ;
; shift_out            ; Output ; Warning  ; Declared by entity but not connected by instance. Logic that only feeds a dangling port will be removed. ;
; slave_addr1_shift_en ; Output ; Warning  ; Declared by entity but not connected by instance. Logic that only feeds a dangling port will be removed. ;
; slave_addr2_shift_en ; Output ; Warning  ; Declared by entity but not connected by instance. Logic that only feeds a dangling port will be removed. ;
; word_addr1_shift_en  ; Output ; Warning  ; Declared by entity but not connected by instance. Logic that only feeds a dangling port will be removed. ;
; data_shift_en        ; Output ; Warning  ; Declared by entity but not connected by instance. Logic that only feeds a dangling port will be removed. ;
; system_clk           ; Output ; Warning  ; Declared by entity but not connected by instance. Logic that only feeds a dangling port will be removed. ;
; i2c_clk_src          ; Output ; Warning  ; Declared by entity but not connected by instance. Logic that only feeds a dangling port will be removed. ;
; falling_edge         ; Output ; Warning  ; Declared by entity but not connected by instance. Logic that only feeds a dangling port will be removed. ;
; rising_edge          ; Output ; Warning  ; Declared by entity but not connected by instance. Logic that only feeds a dangling port will be removed. ;
; process_en           ; Output ; Warning  ; Declared by entity but not connected by instance. Logic that only feeds a dangling port will be removed. ;
; start_data_control   ; Output ; Warning  ; Declared by entity but not connected by instance. Logic that only feeds a dangling port will be removed. ;
; stop_data_control    ; Output ; Warning  ; Declared by entity but not connected by instance. Logic that only feeds a dangling port will be removed. ;
; start_clk_control    ; Output ; Warning  ; Declared by entity but not connected by instance. Logic that only feeds a dangling port will be removed. ;
; stop_clk_control     ; Output ; Warning  ; Declared by entity but not connected by instance. Logic that only feeds a dangling port will be removed. ;
; i2c_master_out       ; Output ; Warning  ; Declared by entity but not connected by instance. Logic that only feeds a dangling port will be removed. ;
; i2c_slave_out        ; Output ; Warning  ; Declared by entity but not connected by instance. Logic that only feeds a dangling port will be removed. ;
; i2c_read_done        ; Output ; Warning  ; Declared by entity but not connected by instance. Logic that only feeds a dangling port will be removed. ;
; read_length          ; Output ; Warning  ; Declared by entity but not connected by instance. Logic that only feeds a dangling port will be removed. ;
; test_start           ; Output ; Warning  ; Declared by entity but not connected by instance. Logic that only feeds a dangling port will be removed. ;
; test_cnt             ; Output ; Warning  ; Declared by entity but not connected by instance. Logic that only feeds a dangling port will be removed. ;
; wr_data_en           ; Output ; Warning  ; Declared by entity but not connected by instance. Logic that only feeds a dangling port will be removed. ;
; i2c_stop_ctrl_cnt    ; Output ; Warning  ; Declared by entity but not connected by instance. Logic that only feeds a dangling port will be removed. ;
+----------------------+--------+----------+----------------------------------------------------------------------------------------------------------+


+--------------------------------------------------------------------------------------------------------------------------------------------------------------------------------------------------------------+
; Port Connectivity Checks: "Fan_Control:u0|I2C_Config:u0"                                                                                                                                                     ;
+----------------+--------+----------+-------------------------------------------------------------------------------------------------------------------------------------------------------------------------+
; Port           ; Type   ; Severity ; Details                                                                                                                                                                 ;
+----------------+--------+----------+-------------------------------------------------------------------------------------------------------------------------------------------------------------------------+
; Speed_Detected ; Output ; Warning  ; Output or bidir port (13 bits) is smaller than the port expression (14 bits) it drives.  The 1 most-significant bit(s) in the port expression will be connected to GND. ;
; iSYSTEM_STATE  ; Input  ; Warning  ; Declared by entity but not connected by instance. If a default value exists, it will be used.  Otherwise, the port will be connected to GND.                            ;
+----------------+--------+----------+-------------------------------------------------------------------------------------------------------------------------------------------------------------------------+


+--------------------------------------------------------------+
; Port Connectivity Checks: "Fan_Control:u0"                   ;
+-----------------+--------+----------+------------------------+
; Port            ; Type   ; Severity ; Details                ;
+-----------------+--------+----------+------------------------+
; Speed_Set[9..7] ; Input  ; Info     ; Stuck at VCC           ;
; Speed_Set[2..0] ; Input  ; Info     ; Stuck at GND           ;
; Speed_Set[11]   ; Input  ; Info     ; Stuck at GND           ;
; Speed_Set[5]    ; Input  ; Info     ; Stuck at GND           ;
; Speed_Detected  ; Output ; Info     ; Explicitly unconnected ;
; Alert_Type      ; Output ; Info     ; Explicitly unconnected ;
+-----------------+--------+----------+------------------------+


+--------------------------------------------------------------------------------------------------------------------+
; Port Connectivity Checks: "pll2:comb_19"                                                                           ;
+----------+--------+----------+-------------------------------------------------------------------------------------+
; Port     ; Type   ; Severity ; Details                                                                             ;
+----------+--------+----------+-------------------------------------------------------------------------------------+
; outclk_1 ; Output ; Info     ; Connected to dangling logic. Logic that only feeds a dangling port will be removed. ;
+----------+--------+----------+-------------------------------------------------------------------------------------+


+-------------------------------------------------------------------------------------------------------------------------------------------------------------------------------------------------------------------------------------------------------------------------+
; Signal Tap Logic Analyzer Settings                                                                                                                                                                                                                                      ;
+----------------+------------------+---------------------+------------------+--------------+----------+------------------------+----------------------+--------------------+-----------------------------+-----------------+------------------+--------------------------+
; Instance Index ; Instance Name    ; Trigger Input Width ; Data Input Width ; Sample Depth ; Segments ; Storage Qualifier Type ; Trigger Flow Control ; Trigger Conditions ; Advanced Trigger Conditions ; Trigger In Used ; Trigger Out Used ; Power-Up Trigger Enabled ;
+----------------+------------------+---------------------+------------------+--------------+----------+------------------------+----------------------+--------------------+-----------------------------+-----------------+------------------+--------------------------+
; 0              ; auto_signaltap_0 ; 14                  ; 14               ; 128          ; 1        ; continuous             ; sequential           ; 1                  ; 0                           ; no              ; no               ; no                       ;
+----------------+------------------+---------------------+------------------+--------------+----------+------------------------+----------------------+--------------------+-----------------------------+-----------------+------------------+--------------------------+


+-----------------------------------------------------+
; Post-Synthesis Netlist Statistics for Top Partition ;
+-----------------------+-----------------------------+
; Type                  ; Count                       ;
+-----------------------+-----------------------------+
; boundary_port         ; 650                         ;
; generic_pll           ; 1                           ;
; stratixv_ff           ; 1791                        ;
;     CLR               ; 26                          ;
;     ENA               ; 208                         ;
;     ENA CLR           ; 24                          ;
;     ENA CLR SLD       ; 8                           ;
;     ENA SCLR          ; 320                         ;
;     ENA SCLR SLD      ; 2                           ;
;     SCLR              ; 287                         ;
;     SCLR SLD          ; 44                          ;
;     SLD               ; 1                           ;
;     plain             ; 871                         ;
; stratixv_io_obuf      ; 501                         ;
; stratixv_lcell_comb   ; 1879                        ;
;     arith             ; 1013                        ;
;         0 data inputs ; 55                          ;
;         1 data inputs ; 786                         ;
;         2 data inputs ; 85                          ;
;         3 data inputs ; 17                          ;
;         4 data inputs ; 36                          ;
;         5 data inputs ; 34                          ;
;     extend            ; 10                          ;
;         7 data inputs ; 10                          ;
;     normal            ; 830                         ;
;         0 data inputs ; 1                           ;
;         1 data inputs ; 21                          ;
;         2 data inputs ; 133                         ;
;         3 data inputs ; 155                         ;
;         4 data inputs ; 172                         ;
;         5 data inputs ; 181                         ;
;         6 data inputs ; 167                         ;
;     shared            ; 26                          ;
;         0 data inputs ; 7                           ;
;         1 data inputs ; 13                          ;
;         2 data inputs ; 4                           ;
;         3 data inputs ; 1                           ;
;         4 data inputs ; 1                           ;
; stratixv_mac          ; 1                           ;
; stratixv_ram_block    ; 128                         ;
;                       ;                             ;
; Max LUT depth         ; 28.90                       ;
; Average LUT depth     ; 3.83                        ;
+-----------------------+-----------------------------+


+-------------------------------+
; Elapsed Time Per Partition    ;
+----------------+--------------+
; Partition Name ; Elapsed Time ;
+----------------+--------------+
; Top            ; 00:00:10     ;
+----------------+--------------+


+-----------------------------------------------------------------------------------------------------------------------------------------------------------------------------------------------------------------------------------------------------------------+
; Connections to In-System Debugging Instance "auto_signaltap_0"                                                                                                                                                                                                  ;
+-----------------------------------+---------------+-----------+--------------------------------+-------------------+-------------------------------------------------+------------------------------------------------------------------------------------------+
; Name                              ; Type          ; Status    ; Partition Name                 ; Netlist Type Used ; Actual Connection                               ; Details                                                                                  ;
+-----------------------------------+---------------+-----------+--------------------------------+-------------------+-------------------------------------------------+------------------------------------------------------------------------------------------+
; Fan_Control:u0|Speed_Detected[0]  ; pre-synthesis ; connected ; Top                            ; post-synthesis    ; GND                                             ; N/A                                                                                      ;
; Fan_Control:u0|Speed_Detected[0]  ; pre-synthesis ; connected ; Top                            ; post-synthesis    ; GND                                             ; N/A                                                                                      ;
; Fan_Control:u0|Speed_Detected[10] ; pre-synthesis ; connected ; Top                            ; post-synthesis    ; Fan_Control:u0|I2C_Config:u0|Speed_Detected[10] ; N/A                                                                                      ;
; Fan_Control:u0|Speed_Detected[10] ; pre-synthesis ; connected ; Top                            ; post-synthesis    ; Fan_Control:u0|I2C_Config:u0|Speed_Detected[10] ; N/A                                                                                      ;
; Fan_Control:u0|Speed_Detected[11] ; pre-synthesis ; connected ; Top                            ; post-synthesis    ; Fan_Control:u0|I2C_Config:u0|Speed_Detected[11] ; N/A                                                                                      ;
; Fan_Control:u0|Speed_Detected[11] ; pre-synthesis ; connected ; Top                            ; post-synthesis    ; Fan_Control:u0|I2C_Config:u0|Speed_Detected[11] ; N/A                                                                                      ;
; Fan_Control:u0|Speed_Detected[12] ; pre-synthesis ; connected ; Top                            ; post-synthesis    ; Fan_Control:u0|I2C_Config:u0|Speed_Detected[12] ; N/A                                                                                      ;
; Fan_Control:u0|Speed_Detected[12] ; pre-synthesis ; connected ; Top                            ; post-synthesis    ; Fan_Control:u0|I2C_Config:u0|Speed_Detected[12] ; N/A                                                                                      ;
; Fan_Control:u0|Speed_Detected[13] ; pre-synthesis ; connected ; Top                            ; post-synthesis    ; GND                                             ; N/A                                                                                      ;
; Fan_Control:u0|Speed_Detected[13] ; pre-synthesis ; connected ; Top                            ; post-synthesis    ; GND                                             ; N/A                                                                                      ;
; Fan_Control:u0|Speed_Detected[1]  ; pre-synthesis ; connected ; Top                            ; post-synthesis    ; Fan_Control:u0|I2C_Config:u0|Speed_Detected[1]  ; N/A                                                                                      ;
; Fan_Control:u0|Speed_Detected[1]  ; pre-synthesis ; connected ; Top                            ; post-synthesis    ; Fan_Control:u0|I2C_Config:u0|Speed_Detected[1]  ; N/A                                                                                      ;
; Fan_Control:u0|Speed_Detected[2]  ; pre-synthesis ; connected ; Top                            ; post-synthesis    ; Fan_Control:u0|I2C_Config:u0|Speed_Detected[2]  ; N/A                                                                                      ;
; Fan_Control:u0|Speed_Detected[2]  ; pre-synthesis ; connected ; Top                            ; post-synthesis    ; Fan_Control:u0|I2C_Config:u0|Speed_Detected[2]  ; N/A                                                                                      ;
; Fan_Control:u0|Speed_Detected[3]  ; pre-synthesis ; connected ; Top                            ; post-synthesis    ; Fan_Control:u0|I2C_Config:u0|Speed_Detected[3]  ; N/A                                                                                      ;
; Fan_Control:u0|Speed_Detected[3]  ; pre-synthesis ; connected ; Top                            ; post-synthesis    ; Fan_Control:u0|I2C_Config:u0|Speed_Detected[3]  ; N/A                                                                                      ;
; Fan_Control:u0|Speed_Detected[4]  ; pre-synthesis ; connected ; Top                            ; post-synthesis    ; Fan_Control:u0|I2C_Config:u0|Speed_Detected[4]  ; N/A                                                                                      ;
; Fan_Control:u0|Speed_Detected[4]  ; pre-synthesis ; connected ; Top                            ; post-synthesis    ; Fan_Control:u0|I2C_Config:u0|Speed_Detected[4]  ; N/A                                                                                      ;
; Fan_Control:u0|Speed_Detected[5]  ; pre-synthesis ; connected ; Top                            ; post-synthesis    ; Fan_Control:u0|I2C_Config:u0|Speed_Detected[5]  ; N/A                                                                                      ;
; Fan_Control:u0|Speed_Detected[5]  ; pre-synthesis ; connected ; Top                            ; post-synthesis    ; Fan_Control:u0|I2C_Config:u0|Speed_Detected[5]  ; N/A                                                                                      ;
; Fan_Control:u0|Speed_Detected[6]  ; pre-synthesis ; connected ; Top                            ; post-synthesis    ; Fan_Control:u0|I2C_Config:u0|Speed_Detected[6]  ; N/A                                                                                      ;
; Fan_Control:u0|Speed_Detected[6]  ; pre-synthesis ; connected ; Top                            ; post-synthesis    ; Fan_Control:u0|I2C_Config:u0|Speed_Detected[6]  ; N/A                                                                                      ;
; Fan_Control:u0|Speed_Detected[7]  ; pre-synthesis ; connected ; Top                            ; post-synthesis    ; Fan_Control:u0|I2C_Config:u0|Speed_Detected[7]  ; N/A                                                                                      ;
; Fan_Control:u0|Speed_Detected[7]  ; pre-synthesis ; connected ; Top                            ; post-synthesis    ; Fan_Control:u0|I2C_Config:u0|Speed_Detected[7]  ; N/A                                                                                      ;
; Fan_Control:u0|Speed_Detected[8]  ; pre-synthesis ; connected ; Top                            ; post-synthesis    ; Fan_Control:u0|I2C_Config:u0|Speed_Detected[8]  ; N/A                                                                                      ;
; Fan_Control:u0|Speed_Detected[8]  ; pre-synthesis ; connected ; Top                            ; post-synthesis    ; Fan_Control:u0|I2C_Config:u0|Speed_Detected[8]  ; N/A                                                                                      ;
; Fan_Control:u0|Speed_Detected[9]  ; pre-synthesis ; connected ; Top                            ; post-synthesis    ; Fan_Control:u0|I2C_Config:u0|Speed_Detected[9]  ; N/A                                                                                      ;
; Fan_Control:u0|Speed_Detected[9]  ; pre-synthesis ; connected ; Top                            ; post-synthesis    ; Fan_Control:u0|I2C_Config:u0|Speed_Detected[9]  ; N/A                                                                                      ;
; OSC_50_B3B                        ; post-fitting  ; missing   ; Top                            ; post-synthesis    ; GND                                             ; The post-fitting netlist is not being used.  Set the partition's netlist type to source. ;
; auto_signaltap_0|gnd              ; post-fitting  ; connected ; sld_signaltap:auto_signaltap_0 ; post-synthesis    ; sld_signaltap:auto_signaltap_0|~GND             ; N/A                                                                                      ;
; auto_signaltap_0|gnd              ; post-fitting  ; connected ; sld_signaltap:auto_signaltap_0 ; post-synthesis    ; sld_signaltap:auto_signaltap_0|~GND             ; N/A                                                                                      ;
; auto_signaltap_0|gnd              ; post-fitting  ; connected ; sld_signaltap:auto_signaltap_0 ; post-synthesis    ; sld_signaltap:auto_signaltap_0|~GND             ; N/A                                                                                      ;
; auto_signaltap_0|gnd              ; post-fitting  ; connected ; sld_signaltap:auto_signaltap_0 ; post-synthesis    ; sld_signaltap:auto_signaltap_0|~GND             ; N/A                                                                                      ;
; auto_signaltap_0|gnd              ; post-fitting  ; connected ; sld_signaltap:auto_signaltap_0 ; post-synthesis    ; sld_signaltap:auto_signaltap_0|~GND             ; N/A                                                                                      ;
; auto_signaltap_0|gnd              ; post-fitting  ; connected ; sld_signaltap:auto_signaltap_0 ; post-synthesis    ; sld_signaltap:auto_signaltap_0|~GND             ; N/A                                                                                      ;
; auto_signaltap_0|gnd              ; post-fitting  ; connected ; sld_signaltap:auto_signaltap_0 ; post-synthesis    ; sld_signaltap:auto_signaltap_0|~GND             ; N/A                                                                                      ;
; auto_signaltap_0|gnd              ; post-fitting  ; connected ; sld_signaltap:auto_signaltap_0 ; post-synthesis    ; sld_signaltap:auto_signaltap_0|~GND             ; N/A                                                                                      ;
; auto_signaltap_0|gnd              ; post-fitting  ; connected ; sld_signaltap:auto_signaltap_0 ; post-synthesis    ; sld_signaltap:auto_signaltap_0|~GND             ; N/A                                                                                      ;
; auto_signaltap_0|gnd              ; post-fitting  ; connected ; sld_signaltap:auto_signaltap_0 ; post-synthesis    ; sld_signaltap:auto_signaltap_0|~GND             ; N/A                                                                                      ;
; auto_signaltap_0|gnd              ; post-fitting  ; connected ; sld_signaltap:auto_signaltap_0 ; post-synthesis    ; sld_signaltap:auto_signaltap_0|~GND             ; N/A                                                                                      ;
; auto_signaltap_0|gnd              ; post-fitting  ; connected ; sld_signaltap:auto_signaltap_0 ; post-synthesis    ; sld_signaltap:auto_signaltap_0|~GND             ; N/A                                                                                      ;
; auto_signaltap_0|gnd              ; post-fitting  ; connected ; sld_signaltap:auto_signaltap_0 ; post-synthesis    ; sld_signaltap:auto_signaltap_0|~GND             ; N/A                                                                                      ;
; auto_signaltap_0|gnd              ; post-fitting  ; connected ; sld_signaltap:auto_signaltap_0 ; post-synthesis    ; sld_signaltap:auto_signaltap_0|~GND             ; N/A                                                                                      ;
; auto_signaltap_0|gnd              ; post-fitting  ; connected ; sld_signaltap:auto_signaltap_0 ; post-synthesis    ; sld_signaltap:auto_signaltap_0|~GND             ; N/A                                                                                      ;
; auto_signaltap_0|gnd              ; post-fitting  ; connected ; sld_signaltap:auto_signaltap_0 ; post-synthesis    ; sld_signaltap:auto_signaltap_0|~GND             ; N/A                                                                                      ;
; auto_signaltap_0|vcc              ; post-fitting  ; connected ; sld_signaltap:auto_signaltap_0 ; post-synthesis    ; sld_signaltap:auto_signaltap_0|~VCC             ; N/A                                                                                      ;
; auto_signaltap_0|vcc              ; post-fitting  ; connected ; sld_signaltap:auto_signaltap_0 ; post-synthesis    ; sld_signaltap:auto_signaltap_0|~VCC             ; N/A                                                                                      ;
; auto_signaltap_0|vcc              ; post-fitting  ; connected ; sld_signaltap:auto_signaltap_0 ; post-synthesis    ; sld_signaltap:auto_signaltap_0|~VCC             ; N/A                                                                                      ;
; auto_signaltap_0|vcc              ; post-fitting  ; connected ; sld_signaltap:auto_signaltap_0 ; post-synthesis    ; sld_signaltap:auto_signaltap_0|~VCC             ; N/A                                                                                      ;
; auto_signaltap_0|vcc              ; post-fitting  ; connected ; sld_signaltap:auto_signaltap_0 ; post-synthesis    ; sld_signaltap:auto_signaltap_0|~VCC             ; N/A                                                                                      ;
; auto_signaltap_0|vcc              ; post-fitting  ; connected ; sld_signaltap:auto_signaltap_0 ; post-synthesis    ; sld_signaltap:auto_signaltap_0|~VCC             ; N/A                                                                                      ;
; auto_signaltap_0|vcc              ; post-fitting  ; connected ; sld_signaltap:auto_signaltap_0 ; post-synthesis    ; sld_signaltap:auto_signaltap_0|~VCC             ; N/A                                                                                      ;
; auto_signaltap_0|vcc              ; post-fitting  ; connected ; sld_signaltap:auto_signaltap_0 ; post-synthesis    ; sld_signaltap:auto_signaltap_0|~VCC             ; N/A                                                                                      ;
; auto_signaltap_0|vcc              ; post-fitting  ; connected ; sld_signaltap:auto_signaltap_0 ; post-synthesis    ; sld_signaltap:auto_signaltap_0|~VCC             ; N/A                                                                                      ;
; auto_signaltap_0|vcc              ; post-fitting  ; connected ; sld_signaltap:auto_signaltap_0 ; post-synthesis    ; sld_signaltap:auto_signaltap_0|~VCC             ; N/A                                                                                      ;
; auto_signaltap_0|vcc              ; post-fitting  ; connected ; sld_signaltap:auto_signaltap_0 ; post-synthesis    ; sld_signaltap:auto_signaltap_0|~VCC             ; N/A                                                                                      ;
; auto_signaltap_0|vcc              ; post-fitting  ; connected ; sld_signaltap:auto_signaltap_0 ; post-synthesis    ; sld_signaltap:auto_signaltap_0|~VCC             ; N/A                                                                                      ;
; auto_signaltap_0|vcc              ; post-fitting  ; connected ; sld_signaltap:auto_signaltap_0 ; post-synthesis    ; sld_signaltap:auto_signaltap_0|~VCC             ; N/A                                                                                      ;
; auto_signaltap_0|vcc              ; post-fitting  ; connected ; sld_signaltap:auto_signaltap_0 ; post-synthesis    ; sld_signaltap:auto_signaltap_0|~VCC             ; N/A                                                                                      ;
; auto_signaltap_0|vcc              ; post-fitting  ; connected ; sld_signaltap:auto_signaltap_0 ; post-synthesis    ; sld_signaltap:auto_signaltap_0|~VCC             ; N/A                                                                                      ;
; auto_signaltap_0|vcc              ; post-fitting  ; connected ; sld_signaltap:auto_signaltap_0 ; post-synthesis    ; sld_signaltap:auto_signaltap_0|~VCC             ; N/A                                                                                      ;
+-----------------------------------+---------------+-----------+--------------------------------+-------------------+-------------------------------------------------+------------------------------------------------------------------------------------------+


+-------------------------------+
; Analysis & Synthesis Messages ;
+-------------------------------+
Info: *******************************************************************
Info: Running Quartus Prime Analysis & Synthesis
    Info: Version 17.1.0 Build 590 10/25/2017 SJ Standard Edition
    Info: Processing started: Fri Oct 03 16:03:54 2025
Info: Command: quartus_map --read_settings_files=on --write_settings_files=off Golden_TOP -c Golden_TOP
Warning (18236): Number of processors has not been specified which may cause overloading on shared machines.  Set the global assignment NUM_PARALLEL_PROCESSORS in your QSF to an appropriate value for best performance.
Info (20030): Parallel compilation is enabled and will use 4 of the 4 processors detected
Info (12021): Found 1 design units, including 1 entities, in source file golden_top3.v
    Info (12023): Found entity 1: Golden_TOP2 File: C:/Users/N1259534/OneDrive - Nottingham Trent University/Desktop/Simulation_FPGA/NTU_FPGA2-new_permision/NTU_FPGA2/Golden_TOP3.v Line: 42
Info (12021): Found 1 design units, including 1 entities, in source file qaoa_system.sv
    Info (12023): Found entity 1: qaoa_system File: C:/Users/N1259534/OneDrive - Nottingham Trent University/Desktop/Simulation_FPGA/NTU_FPGA2-new_permision/NTU_FPGA2/qaoa_system.sv Line: 2
Info (12021): Found 1 design units, including 1 entities, in source file ntu_smachine.sv
    Info (12023): Found entity 1: ntu_smachine File: C:/Users/N1259534/OneDrive - Nottingham Trent University/Desktop/Simulation_FPGA/NTU_FPGA2-new_permision/NTU_FPGA2/ntu_smachine.sv Line: 6
Info (12021): Found 1 design units, including 1 entities, in source file alutest.v
    Info (12023): Found entity 1: alu_test File: C:/Users/N1259534/OneDrive - Nottingham Trent University/Desktop/Simulation_FPGA/NTU_FPGA2-new_permision/NTU_FPGA2/alutest.v Line: 4
Info (12021): Found 1 design units, including 1 entities, in source file alutest_tb.v
    Info (12023): Found entity 1: alutest_tb File: C:/Users/N1259534/OneDrive - Nottingham Trent University/Desktop/Simulation_FPGA/NTU_FPGA2-new_permision/NTU_FPGA2/alutest_tb.v Line: 5
Info (12021): Found 1 design units, including 1 entities, in source file golden_top2.v
    Info (12023): Found entity 1: Golden_TOP3 File: C:/Users/N1259534/OneDrive - Nottingham Trent University/Desktop/Simulation_FPGA/NTU_FPGA2-new_permision/NTU_FPGA2/Golden_TOP2.v Line: 42
Info (12021): Found 1 design units, including 1 entities, in source file transmitter.v
    Info (12023): Found entity 1: transmitter File: C:/Users/N1259534/OneDrive - Nottingham Trent University/Desktop/Simulation_FPGA/NTU_FPGA2-new_permision/NTU_FPGA2/transmitter.v Line: 7
Info (12021): Found 1 design units, including 1 entities, in source file receiver.v
    Info (12023): Found entity 1: receiver File: C:/Users/N1259534/OneDrive - Nottingham Trent University/Desktop/Simulation_FPGA/NTU_FPGA2-new_permision/NTU_FPGA2/receiver.v Line: 9
Info (12021): Found 1 design units, including 1 entities, in source file fan/i2c_config.v
    Info (12023): Found entity 1: I2C_Config File: C:/Users/N1259534/OneDrive - Nottingham Trent University/Desktop/Simulation_FPGA/NTU_FPGA2-new_permision/NTU_FPGA2/Fan/I2C_Config.v Line: 1
Info (12021): Found 1 design units, including 1 entities, in source file fan/i2c_bus_controller.v
    Info (12023): Found entity 1: I2C_Bus_Controller File: C:/Users/N1259534/OneDrive - Nottingham Trent University/Desktop/Simulation_FPGA/NTU_FPGA2-new_permision/NTU_FPGA2/Fan/I2C_Bus_Controller.v Line: 48
Info (12021): Found 1 design units, including 1 entities, in source file fan/fan_control.v
    Info (12023): Found entity 1: Fan_Control File: C:/Users/N1259534/OneDrive - Nottingham Trent University/Desktop/Simulation_FPGA/NTU_FPGA2-new_permision/NTU_FPGA2/Fan/Fan_Control.v Line: 1
Info (12021): Found 1 design units, including 1 entities, in source file golden_top.v
    Info (12023): Found entity 1: Golden_TOP File: C:/Users/N1259534/OneDrive - Nottingham Trent University/Desktop/Simulation_FPGA/NTU_FPGA2-new_permision/NTU_FPGA2/Golden_TOP.v Line: 42
Info (12021): Found 1 design units, including 1 entities, in source file fifo1.v
    Info (12023): Found entity 1: fifo1 File: C:/Users/N1259534/OneDrive - Nottingham Trent University/Desktop/Simulation_FPGA/NTU_FPGA2-new_permision/NTU_FPGA2/fifo1.v Line: 39
Info (12021): Found 1 design units, including 1 entities, in source file pll2.v
    Info (12023): Found entity 1: pll2 File: C:/Users/N1259534/OneDrive - Nottingham Trent University/Desktop/Simulation_FPGA/NTU_FPGA2-new_permision/NTU_FPGA2/pll2.v Line: 8
Info (12021): Found 1 design units, including 1 entities, in source file pll2/pll2_0002.v
    Info (12023): Found entity 1: pll2_0002 File: C:/Users/N1259534/OneDrive - Nottingham Trent University/Desktop/Simulation_FPGA/NTU_FPGA2-new_permision/NTU_FPGA2/pll2/pll2_0002.v Line: 2
Info (12021): Found 1 design units, including 1 entities, in source file addfix8.v
    Info (12023): Found entity 1: addfix8 File: C:/Users/N1259534/OneDrive - Nottingham Trent University/Desktop/Simulation_FPGA/NTU_FPGA2-new_permision/NTU_FPGA2/addfix8.v Line: 39
Info (12021): Found 1 design units, including 1 entities, in source file mulfpf64.v
    Info (12023): Found entity 1: mulFPF64 File: C:/Users/N1259534/OneDrive - Nottingham Trent University/Desktop/Simulation_FPGA/NTU_FPGA2-new_permision/NTU_FPGA2/mulFPF64.v Line: 8
Info (12021): Found 1 design units, including 0 entities, in source file mulfpf64/dspba_library_package.vhd
    Info (12022): Found design unit 1: dspba_library_package (mulfpf64) File: C:/Users/N1259534/OneDrive - Nottingham Trent University/Desktop/Simulation_FPGA/NTU_FPGA2-new_permision/NTU_FPGA2/mulFPF64/dspba_library_package.vhd Line: 17
Info (12021): Found 6 design units, including 3 entities, in source file mulfpf64/dspba_library.vhd
    Info (12022): Found design unit 1: dspba_delay-delay File: C:/Users/N1259534/OneDrive - Nottingham Trent University/Desktop/Simulation_FPGA/NTU_FPGA2-new_permision/NTU_FPGA2/mulFPF64/dspba_library.vhd Line: 34
    Info (12022): Found design unit 2: dspba_sync_reg-sync_reg File: C:/Users/N1259534/OneDrive - Nottingham Trent University/Desktop/Simulation_FPGA/NTU_FPGA2-new_permision/NTU_FPGA2/mulFPF64/dspba_library.vhd Line: 117
    Info (12022): Found design unit 3: dspba_pipe-rtl File: C:/Users/N1259534/OneDrive - Nottingham Trent University/Desktop/Simulation_FPGA/NTU_FPGA2-new_permision/NTU_FPGA2/mulFPF64/dspba_library.vhd Line: 356
    Info (12023): Found entity 1: dspba_delay File: C:/Users/N1259534/OneDrive - Nottingham Trent University/Desktop/Simulation_FPGA/NTU_FPGA2-new_permision/NTU_FPGA2/mulFPF64/dspba_library.vhd Line: 18
    Info (12023): Found entity 2: dspba_sync_reg File: C:/Users/N1259534/OneDrive - Nottingham Trent University/Desktop/Simulation_FPGA/NTU_FPGA2-new_permision/NTU_FPGA2/mulFPF64/dspba_library.vhd Line: 93
    Info (12023): Found entity 3: dspba_pipe File: C:/Users/N1259534/OneDrive - Nottingham Trent University/Desktop/Simulation_FPGA/NTU_FPGA2-new_permision/NTU_FPGA2/mulFPF64/dspba_library.vhd Line: 343
Info (12021): Found 2 design units, including 1 entities, in source file mulfpf64/mulfpf64_0002.vhd
    Info (12022): Found design unit 1: mulFPF64_0002-normal File: C:/Users/N1259534/OneDrive - Nottingham Trent University/Desktop/Simulation_FPGA/NTU_FPGA2-new_permision/NTU_FPGA2/mulFPF64/mulFPF64_0002.vhd Line: 46
    Info (12023): Found entity 1: mulFPF64_0002 File: C:/Users/N1259534/OneDrive - Nottingham Trent University/Desktop/Simulation_FPGA/NTU_FPGA2-new_permision/NTU_FPGA2/mulFPF64/mulFPF64_0002.vhd Line: 36
Info (12021): Found 1 design units, including 1 entities, in source file mulfix8.v
    Info (12023): Found entity 1: mulfix8 File: C:/Users/N1259534/OneDrive - Nottingham Trent University/Desktop/Simulation_FPGA/NTU_FPGA2-new_permision/NTU_FPGA2/mulfix8.v Line: 39
Info (12021): Found 1 design units, including 1 entities, in source file addfpf64.v
    Info (12023): Found entity 1: addFPF64 File: C:/Users/N1259534/OneDrive - Nottingham Trent University/Desktop/Simulation_FPGA/NTU_FPGA2-new_permision/NTU_FPGA2/addFPF64.v Line: 8
Info (12021): Found 1 design units, including 0 entities, in source file addfpf64/dspba_library_package.vhd
    Info (12022): Found design unit 1: dspba_library_package (addfpf64) File: C:/Users/N1259534/OneDrive - Nottingham Trent University/Desktop/Simulation_FPGA/NTU_FPGA2-new_permision/NTU_FPGA2/addFPF64/dspba_library_package.vhd Line: 17
Info (12021): Found 6 design units, including 3 entities, in source file addfpf64/dspba_library.vhd
    Info (12022): Found design unit 1: dspba_delay-delay File: C:/Users/N1259534/OneDrive - Nottingham Trent University/Desktop/Simulation_FPGA/NTU_FPGA2-new_permision/NTU_FPGA2/addFPF64/dspba_library.vhd Line: 34
    Info (12022): Found design unit 2: dspba_sync_reg-sync_reg File: C:/Users/N1259534/OneDrive - Nottingham Trent University/Desktop/Simulation_FPGA/NTU_FPGA2-new_permision/NTU_FPGA2/addFPF64/dspba_library.vhd Line: 117
    Info (12022): Found design unit 3: dspba_pipe-rtl File: C:/Users/N1259534/OneDrive - Nottingham Trent University/Desktop/Simulation_FPGA/NTU_FPGA2-new_permision/NTU_FPGA2/addFPF64/dspba_library.vhd Line: 356
    Info (12023): Found entity 1: dspba_delay File: C:/Users/N1259534/OneDrive - Nottingham Trent University/Desktop/Simulation_FPGA/NTU_FPGA2-new_permision/NTU_FPGA2/addFPF64/dspba_library.vhd Line: 18
    Info (12023): Found entity 2: dspba_sync_reg File: C:/Users/N1259534/OneDrive - Nottingham Trent University/Desktop/Simulation_FPGA/NTU_FPGA2-new_permision/NTU_FPGA2/addFPF64/dspba_library.vhd Line: 93
    Info (12023): Found entity 3: dspba_pipe File: C:/Users/N1259534/OneDrive - Nottingham Trent University/Desktop/Simulation_FPGA/NTU_FPGA2-new_permision/NTU_FPGA2/addFPF64/dspba_library.vhd Line: 343
Info (12021): Found 2 design units, including 1 entities, in source file addfpf64/addfpf64_0002.vhd
    Info (12022): Found design unit 1: addFPF64_0002-normal File: C:/Users/N1259534/OneDrive - Nottingham Trent University/Desktop/Simulation_FPGA/NTU_FPGA2-new_permision/NTU_FPGA2/addFPF64/addFPF64_0002.vhd Line: 46
    Info (12023): Found entity 1: addFPF64_0002 File: C:/Users/N1259534/OneDrive - Nottingham Trent University/Desktop/Simulation_FPGA/NTU_FPGA2-new_permision/NTU_FPGA2/addFPF64/addFPF64_0002.vhd Line: 36
Info (12021): Found 1 design units, including 1 entities, in source file ram.v
    Info (12023): Found entity 1: ram File: C:/Users/N1259534/OneDrive - Nottingham Trent University/Desktop/Simulation_FPGA/NTU_FPGA2-new_permision/NTU_FPGA2/ram.v Line: 39
Critical Warning (10846): Verilog HDL Instantiation warning at Golden_TOP3.v(331): instance has no name File: C:/Users/N1259534/OneDrive - Nottingham Trent University/Desktop/Simulation_FPGA/NTU_FPGA2-new_permision/NTU_FPGA2/Golden_TOP3.v Line: 331
Warning (10222): Verilog HDL Parameter Declaration warning at receiver.v(19): Parameter Declaration in module "receiver" behaves as a Local Parameter Declaration because the module has a Module Parameter Port List File: C:/Users/N1259534/OneDrive - Nottingham Trent University/Desktop/Simulation_FPGA/NTU_FPGA2-new_permision/NTU_FPGA2/receiver.v Line: 19
Warning (10222): Verilog HDL Parameter Declaration warning at receiver.v(20): Parameter Declaration in module "receiver" behaves as a Local Parameter Declaration because the module has a Module Parameter Port List File: C:/Users/N1259534/OneDrive - Nottingham Trent University/Desktop/Simulation_FPGA/NTU_FPGA2-new_permision/NTU_FPGA2/receiver.v Line: 20
Warning (10222): Verilog HDL Parameter Declaration warning at receiver.v(21): Parameter Declaration in module "receiver" behaves as a Local Parameter Declaration because the module has a Module Parameter Port List File: C:/Users/N1259534/OneDrive - Nottingham Trent University/Desktop/Simulation_FPGA/NTU_FPGA2-new_permision/NTU_FPGA2/receiver.v Line: 21
Warning (10222): Verilog HDL Parameter Declaration warning at receiver.v(22): Parameter Declaration in module "receiver" behaves as a Local Parameter Declaration because the module has a Module Parameter Port List File: C:/Users/N1259534/OneDrive - Nottingham Trent University/Desktop/Simulation_FPGA/NTU_FPGA2-new_permision/NTU_FPGA2/receiver.v Line: 22
Warning (10222): Verilog HDL Parameter Declaration warning at receiver.v(23): Parameter Declaration in module "receiver" behaves as a Local Parameter Declaration because the module has a Module Parameter Port List File: C:/Users/N1259534/OneDrive - Nottingham Trent University/Desktop/Simulation_FPGA/NTU_FPGA2-new_permision/NTU_FPGA2/receiver.v Line: 23
Warning (10222): Verilog HDL Parameter Declaration warning at transmitter.v(31): Parameter Declaration in module "transmitter" behaves as a Local Parameter Declaration because the module has a Module Parameter Port List File: C:/Users/N1259534/OneDrive - Nottingham Trent University/Desktop/Simulation_FPGA/NTU_FPGA2-new_permision/NTU_FPGA2/transmitter.v Line: 31
Warning (10222): Verilog HDL Parameter Declaration warning at transmitter.v(32): Parameter Declaration in module "transmitter" behaves as a Local Parameter Declaration because the module has a Module Parameter Port List File: C:/Users/N1259534/OneDrive - Nottingham Trent University/Desktop/Simulation_FPGA/NTU_FPGA2-new_permision/NTU_FPGA2/transmitter.v Line: 32
Warning (10222): Verilog HDL Parameter Declaration warning at transmitter.v(33): Parameter Declaration in module "transmitter" behaves as a Local Parameter Declaration because the module has a Module Parameter Port List File: C:/Users/N1259534/OneDrive - Nottingham Trent University/Desktop/Simulation_FPGA/NTU_FPGA2-new_permision/NTU_FPGA2/transmitter.v Line: 33
Warning (10222): Verilog HDL Parameter Declaration warning at transmitter.v(34): Parameter Declaration in module "transmitter" behaves as a Local Parameter Declaration because the module has a Module Parameter Port List File: C:/Users/N1259534/OneDrive - Nottingham Trent University/Desktop/Simulation_FPGA/NTU_FPGA2-new_permision/NTU_FPGA2/transmitter.v Line: 34
Warning (10222): Verilog HDL Parameter Declaration warning at transmitter.v(35): Parameter Declaration in module "transmitter" behaves as a Local Parameter Declaration because the module has a Module Parameter Port List File: C:/Users/N1259534/OneDrive - Nottingham Trent University/Desktop/Simulation_FPGA/NTU_FPGA2-new_permision/NTU_FPGA2/transmitter.v Line: 35
Warning (10222): Verilog HDL Parameter Declaration warning at ntu_smachine.sv(184): Parameter Declaration in module "ntu_smachine" behaves as a Local Parameter Declaration because the module has a Module Parameter Port List File: C:/Users/N1259534/OneDrive - Nottingham Trent University/Desktop/Simulation_FPGA/NTU_FPGA2-new_permision/NTU_FPGA2/ntu_smachine.sv Line: 184
Warning (10222): Verilog HDL Parameter Declaration warning at ntu_smachine.sv(185): Parameter Declaration in module "ntu_smachine" behaves as a Local Parameter Declaration because the module has a Module Parameter Port List File: C:/Users/N1259534/OneDrive - Nottingham Trent University/Desktop/Simulation_FPGA/NTU_FPGA2-new_permision/NTU_FPGA2/ntu_smachine.sv Line: 185
Warning (10222): Verilog HDL Parameter Declaration warning at ntu_smachine.sv(186): Parameter Declaration in module "ntu_smachine" behaves as a Local Parameter Declaration because the module has a Module Parameter Port List File: C:/Users/N1259534/OneDrive - Nottingham Trent University/Desktop/Simulation_FPGA/NTU_FPGA2-new_permision/NTU_FPGA2/ntu_smachine.sv Line: 186
Warning (10222): Verilog HDL Parameter Declaration warning at ntu_smachine.sv(187): Parameter Declaration in module "ntu_smachine" behaves as a Local Parameter Declaration because the module has a Module Parameter Port List File: C:/Users/N1259534/OneDrive - Nottingham Trent University/Desktop/Simulation_FPGA/NTU_FPGA2-new_permision/NTU_FPGA2/ntu_smachine.sv Line: 187
Warning (10222): Verilog HDL Parameter Declaration warning at ntu_smachine.sv(188): Parameter Declaration in module "ntu_smachine" behaves as a Local Parameter Declaration because the module has a Module Parameter Port List File: C:/Users/N1259534/OneDrive - Nottingham Trent University/Desktop/Simulation_FPGA/NTU_FPGA2-new_permision/NTU_FPGA2/ntu_smachine.sv Line: 188
Warning (10222): Verilog HDL Parameter Declaration warning at ntu_smachine.sv(189): Parameter Declaration in module "ntu_smachine" behaves as a Local Parameter Declaration because the module has a Module Parameter Port List File: C:/Users/N1259534/OneDrive - Nottingham Trent University/Desktop/Simulation_FPGA/NTU_FPGA2-new_permision/NTU_FPGA2/ntu_smachine.sv Line: 189
Warning (10222): Verilog HDL Parameter Declaration warning at ntu_smachine.sv(190): Parameter Declaration in module "ntu_smachine" behaves as a Local Parameter Declaration because the module has a Module Parameter Port List File: C:/Users/N1259534/OneDrive - Nottingham Trent University/Desktop/Simulation_FPGA/NTU_FPGA2-new_permision/NTU_FPGA2/ntu_smachine.sv Line: 190
Warning (10222): Verilog HDL Parameter Declaration warning at ntu_smachine.sv(191): Parameter Declaration in module "ntu_smachine" behaves as a Local Parameter Declaration because the module has a Module Parameter Port List File: C:/Users/N1259534/OneDrive - Nottingham Trent University/Desktop/Simulation_FPGA/NTU_FPGA2-new_permision/NTU_FPGA2/ntu_smachine.sv Line: 191
Warning (10222): Verilog HDL Parameter Declaration warning at ntu_smachine.sv(192): Parameter Declaration in module "ntu_smachine" behaves as a Local Parameter Declaration because the module has a Module Parameter Port List File: C:/Users/N1259534/OneDrive - Nottingham Trent University/Desktop/Simulation_FPGA/NTU_FPGA2-new_permision/NTU_FPGA2/ntu_smachine.sv Line: 192
Warning (10222): Verilog HDL Parameter Declaration warning at ntu_smachine.sv(193): Parameter Declaration in module "ntu_smachine" behaves as a Local Parameter Declaration because the module has a Module Parameter Port List File: C:/Users/N1259534/OneDrive - Nottingham Trent University/Desktop/Simulation_FPGA/NTU_FPGA2-new_permision/NTU_FPGA2/ntu_smachine.sv Line: 193
Warning (10222): Verilog HDL Parameter Declaration warning at ntu_smachine.sv(194): Parameter Declaration in module "ntu_smachine" behaves as a Local Parameter Declaration because the module has a Module Parameter Port List File: C:/Users/N1259534/OneDrive - Nottingham Trent University/Desktop/Simulation_FPGA/NTU_FPGA2-new_permision/NTU_FPGA2/ntu_smachine.sv Line: 194
Warning (10222): Verilog HDL Parameter Declaration warning at ntu_smachine.sv(195): Parameter Declaration in module "ntu_smachine" behaves as a Local Parameter Declaration because the module has a Module Parameter Port List File: C:/Users/N1259534/OneDrive - Nottingham Trent University/Desktop/Simulation_FPGA/NTU_FPGA2-new_permision/NTU_FPGA2/ntu_smachine.sv Line: 195
Warning (10222): Verilog HDL Parameter Declaration warning at ntu_smachine.sv(196): Parameter Declaration in module "ntu_smachine" behaves as a Local Parameter Declaration because the module has a Module Parameter Port List File: C:/Users/N1259534/OneDrive - Nottingham Trent University/Desktop/Simulation_FPGA/NTU_FPGA2-new_permision/NTU_FPGA2/ntu_smachine.sv Line: 196
Warning (10222): Verilog HDL Parameter Declaration warning at ntu_smachine.sv(197): Parameter Declaration in module "ntu_smachine" behaves as a Local Parameter Declaration because the module has a Module Parameter Port List File: C:/Users/N1259534/OneDrive - Nottingham Trent University/Desktop/Simulation_FPGA/NTU_FPGA2-new_permision/NTU_FPGA2/ntu_smachine.sv Line: 197
Warning (10222): Verilog HDL Parameter Declaration warning at ntu_smachine.sv(198): Parameter Declaration in module "ntu_smachine" behaves as a Local Parameter Declaration because the module has a Module Parameter Port List File: C:/Users/N1259534/OneDrive - Nottingham Trent University/Desktop/Simulation_FPGA/NTU_FPGA2-new_permision/NTU_FPGA2/ntu_smachine.sv Line: 198
Warning (10222): Verilog HDL Parameter Declaration warning at ntu_smachine.sv(199): Parameter Declaration in module "ntu_smachine" behaves as a Local Parameter Declaration because the module has a Module Parameter Port List File: C:/Users/N1259534/OneDrive - Nottingham Trent University/Desktop/Simulation_FPGA/NTU_FPGA2-new_permision/NTU_FPGA2/ntu_smachine.sv Line: 199
Warning (10222): Verilog HDL Parameter Declaration warning at ntu_smachine.sv(200): Parameter Declaration in module "ntu_smachine" behaves as a Local Parameter Declaration because the module has a Module Parameter Port List File: C:/Users/N1259534/OneDrive - Nottingham Trent University/Desktop/Simulation_FPGA/NTU_FPGA2-new_permision/NTU_FPGA2/ntu_smachine.sv Line: 200
Warning (10222): Verilog HDL Parameter Declaration warning at ntu_smachine.sv(201): Parameter Declaration in module "ntu_smachine" behaves as a Local Parameter Declaration because the module has a Module Parameter Port List File: C:/Users/N1259534/OneDrive - Nottingham Trent University/Desktop/Simulation_FPGA/NTU_FPGA2-new_permision/NTU_FPGA2/ntu_smachine.sv Line: 201
Warning (10222): Verilog HDL Parameter Declaration warning at ntu_smachine.sv(202): Parameter Declaration in module "ntu_smachine" behaves as a Local Parameter Declaration because the module has a Module Parameter Port List File: C:/Users/N1259534/OneDrive - Nottingham Trent University/Desktop/Simulation_FPGA/NTU_FPGA2-new_permision/NTU_FPGA2/ntu_smachine.sv Line: 202
Warning (10222): Verilog HDL Parameter Declaration warning at ntu_smachine.sv(203): Parameter Declaration in module "ntu_smachine" behaves as a Local Parameter Declaration because the module has a Module Parameter Port List File: C:/Users/N1259534/OneDrive - Nottingham Trent University/Desktop/Simulation_FPGA/NTU_FPGA2-new_permision/NTU_FPGA2/ntu_smachine.sv Line: 203
Warning (10222): Verilog HDL Parameter Declaration warning at ntu_smachine.sv(204): Parameter Declaration in module "ntu_smachine" behaves as a Local Parameter Declaration because the module has a Module Parameter Port List File: C:/Users/N1259534/OneDrive - Nottingham Trent University/Desktop/Simulation_FPGA/NTU_FPGA2-new_permision/NTU_FPGA2/ntu_smachine.sv Line: 204
Warning (10222): Verilog HDL Parameter Declaration warning at ntu_smachine.sv(205): Parameter Declaration in module "ntu_smachine" behaves as a Local Parameter Declaration because the module has a Module Parameter Port List File: C:/Users/N1259534/OneDrive - Nottingham Trent University/Desktop/Simulation_FPGA/NTU_FPGA2-new_permision/NTU_FPGA2/ntu_smachine.sv Line: 205
Warning (10222): Verilog HDL Parameter Declaration warning at ntu_smachine.sv(206): Parameter Declaration in module "ntu_smachine" behaves as a Local Parameter Declaration because the module has a Module Parameter Port List File: C:/Users/N1259534/OneDrive - Nottingham Trent University/Desktop/Simulation_FPGA/NTU_FPGA2-new_permision/NTU_FPGA2/ntu_smachine.sv Line: 206
Warning (10222): Verilog HDL Parameter Declaration warning at ntu_smachine.sv(207): Parameter Declaration in module "ntu_smachine" behaves as a Local Parameter Declaration because the module has a Module Parameter Port List File: C:/Users/N1259534/OneDrive - Nottingham Trent University/Desktop/Simulation_FPGA/NTU_FPGA2-new_permision/NTU_FPGA2/ntu_smachine.sv Line: 207
Warning (10222): Verilog HDL Parameter Declaration warning at ntu_smachine.sv(208): Parameter Declaration in module "ntu_smachine" behaves as a Local Parameter Declaration because the module has a Module Parameter Port List File: C:/Users/N1259534/OneDrive - Nottingham Trent University/Desktop/Simulation_FPGA/NTU_FPGA2-new_permision/NTU_FPGA2/ntu_smachine.sv Line: 208
Warning (10222): Verilog HDL Parameter Declaration warning at ntu_smachine.sv(209): Parameter Declaration in module "ntu_smachine" behaves as a Local Parameter Declaration because the module has a Module Parameter Port List File: C:/Users/N1259534/OneDrive - Nottingham Trent University/Desktop/Simulation_FPGA/NTU_FPGA2-new_permision/NTU_FPGA2/ntu_smachine.sv Line: 209
Warning (10222): Verilog HDL Parameter Declaration warning at ntu_smachine.sv(210): Parameter Declaration in module "ntu_smachine" behaves as a Local Parameter Declaration because the module has a Module Parameter Port List File: C:/Users/N1259534/OneDrive - Nottingham Trent University/Desktop/Simulation_FPGA/NTU_FPGA2-new_permision/NTU_FPGA2/ntu_smachine.sv Line: 210
Warning (10222): Verilog HDL Parameter Declaration warning at ntu_smachine.sv(212): Parameter Declaration in module "ntu_smachine" behaves as a Local Parameter Declaration because the module has a Module Parameter Port List File: C:/Users/N1259534/OneDrive - Nottingham Trent University/Desktop/Simulation_FPGA/NTU_FPGA2-new_permision/NTU_FPGA2/ntu_smachine.sv Line: 212
Warning (10222): Verilog HDL Parameter Declaration warning at ntu_smachine.sv(213): Parameter Declaration in module "ntu_smachine" behaves as a Local Parameter Declaration because the module has a Module Parameter Port List File: C:/Users/N1259534/OneDrive - Nottingham Trent University/Desktop/Simulation_FPGA/NTU_FPGA2-new_permision/NTU_FPGA2/ntu_smachine.sv Line: 213
Warning (10222): Verilog HDL Parameter Declaration warning at ntu_smachine.sv(214): Parameter Declaration in module "ntu_smachine" behaves as a Local Parameter Declaration because the module has a Module Parameter Port List File: C:/Users/N1259534/OneDrive - Nottingham Trent University/Desktop/Simulation_FPGA/NTU_FPGA2-new_permision/NTU_FPGA2/ntu_smachine.sv Line: 214
Warning (10222): Verilog HDL Parameter Declaration warning at ntu_smachine.sv(215): Parameter Declaration in module "ntu_smachine" behaves as a Local Parameter Declaration because the module has a Module Parameter Port List File: C:/Users/N1259534/OneDrive - Nottingham Trent University/Desktop/Simulation_FPGA/NTU_FPGA2-new_permision/NTU_FPGA2/ntu_smachine.sv Line: 215
Warning (10222): Verilog HDL Parameter Declaration warning at ntu_smachine.sv(217): Parameter Declaration in module "ntu_smachine" behaves as a Local Parameter Declaration because the module has a Module Parameter Port List File: C:/Users/N1259534/OneDrive - Nottingham Trent University/Desktop/Simulation_FPGA/NTU_FPGA2-new_permision/NTU_FPGA2/ntu_smachine.sv Line: 217
Warning (10222): Verilog HDL Parameter Declaration warning at ntu_smachine.sv(218): Parameter Declaration in module "ntu_smachine" behaves as a Local Parameter Declaration because the module has a Module Parameter Port List File: C:/Users/N1259534/OneDrive - Nottingham Trent University/Desktop/Simulation_FPGA/NTU_FPGA2-new_permision/NTU_FPGA2/ntu_smachine.sv Line: 218
Warning (10222): Verilog HDL Parameter Declaration warning at ntu_smachine.sv(219): Parameter Declaration in module "ntu_smachine" behaves as a Local Parameter Declaration because the module has a Module Parameter Port List File: C:/Users/N1259534/OneDrive - Nottingham Trent University/Desktop/Simulation_FPGA/NTU_FPGA2-new_permision/NTU_FPGA2/ntu_smachine.sv Line: 219
Warning (10222): Verilog HDL Parameter Declaration warning at ntu_smachine.sv(246): Parameter Declaration in module "ntu_smachine" behaves as a Local Parameter Declaration because the module has a Module Parameter Port List File: C:/Users/N1259534/OneDrive - Nottingham Trent University/Desktop/Simulation_FPGA/NTU_FPGA2-new_permision/NTU_FPGA2/ntu_smachine.sv Line: 246
Warning (10222): Verilog HDL Parameter Declaration warning at ntu_smachine.sv(247): Parameter Declaration in module "ntu_smachine" behaves as a Local Parameter Declaration because the module has a Module Parameter Port List File: C:/Users/N1259534/OneDrive - Nottingham Trent University/Desktop/Simulation_FPGA/NTU_FPGA2-new_permision/NTU_FPGA2/ntu_smachine.sv Line: 247
Warning (10222): Verilog HDL Parameter Declaration warning at ntu_smachine.sv(248): Parameter Declaration in module "ntu_smachine" behaves as a Local Parameter Declaration because the module has a Module Parameter Port List File: C:/Users/N1259534/OneDrive - Nottingham Trent University/Desktop/Simulation_FPGA/NTU_FPGA2-new_permision/NTU_FPGA2/ntu_smachine.sv Line: 248
Warning (10222): Verilog HDL Parameter Declaration warning at ntu_smachine.sv(249): Parameter Declaration in module "ntu_smachine" behaves as a Local Parameter Declaration because the module has a Module Parameter Port List File: C:/Users/N1259534/OneDrive - Nottingham Trent University/Desktop/Simulation_FPGA/NTU_FPGA2-new_permision/NTU_FPGA2/ntu_smachine.sv Line: 249
Warning (10222): Verilog HDL Parameter Declaration warning at ntu_smachine.sv(250): Parameter Declaration in module "ntu_smachine" behaves as a Local Parameter Declaration because the module has a Module Parameter Port List File: C:/Users/N1259534/OneDrive - Nottingham Trent University/Desktop/Simulation_FPGA/NTU_FPGA2-new_permision/NTU_FPGA2/ntu_smachine.sv Line: 250
Warning (10222): Verilog HDL Parameter Declaration warning at ntu_smachine.sv(251): Parameter Declaration in module "ntu_smachine" behaves as a Local Parameter Declaration because the module has a Module Parameter Port List File: C:/Users/N1259534/OneDrive - Nottingham Trent University/Desktop/Simulation_FPGA/NTU_FPGA2-new_permision/NTU_FPGA2/ntu_smachine.sv Line: 251
Warning (10222): Verilog HDL Parameter Declaration warning at ntu_smachine.sv(252): Parameter Declaration in module "ntu_smachine" behaves as a Local Parameter Declaration because the module has a Module Parameter Port List File: C:/Users/N1259534/OneDrive - Nottingham Trent University/Desktop/Simulation_FPGA/NTU_FPGA2-new_permision/NTU_FPGA2/ntu_smachine.sv Line: 252
Warning (10222): Verilog HDL Parameter Declaration warning at ntu_smachine.sv(253): Parameter Declaration in module "ntu_smachine" behaves as a Local Parameter Declaration because the module has a Module Parameter Port List File: C:/Users/N1259534/OneDrive - Nottingham Trent University/Desktop/Simulation_FPGA/NTU_FPGA2-new_permision/NTU_FPGA2/ntu_smachine.sv Line: 253
Warning (10222): Verilog HDL Parameter Declaration warning at ntu_smachine.sv(254): Parameter Declaration in module "ntu_smachine" behaves as a Local Parameter Declaration because the module has a Module Parameter Port List File: C:/Users/N1259534/OneDrive - Nottingham Trent University/Desktop/Simulation_FPGA/NTU_FPGA2-new_permision/NTU_FPGA2/ntu_smachine.sv Line: 254
Warning (10222): Verilog HDL Parameter Declaration warning at ntu_smachine.sv(264): Parameter Declaration in module "ntu_smachine" behaves as a Local Parameter Declaration because the module has a Module Parameter Port List File: C:/Users/N1259534/OneDrive - Nottingham Trent University/Desktop/Simulation_FPGA/NTU_FPGA2-new_permision/NTU_FPGA2/ntu_smachine.sv Line: 264
Warning (10222): Verilog HDL Parameter Declaration warning at ntu_smachine.sv(265): Parameter Declaration in module "ntu_smachine" behaves as a Local Parameter Declaration because the module has a Module Parameter Port List File: C:/Users/N1259534/OneDrive - Nottingham Trent University/Desktop/Simulation_FPGA/NTU_FPGA2-new_permision/NTU_FPGA2/ntu_smachine.sv Line: 265
Warning (10222): Verilog HDL Parameter Declaration warning at ntu_smachine.sv(266): Parameter Declaration in module "ntu_smachine" behaves as a Local Parameter Declaration because the module has a Module Parameter Port List File: C:/Users/N1259534/OneDrive - Nottingham Trent University/Desktop/Simulation_FPGA/NTU_FPGA2-new_permision/NTU_FPGA2/ntu_smachine.sv Line: 266
Warning (10222): Verilog HDL Parameter Declaration warning at ntu_smachine.sv(267): Parameter Declaration in module "ntu_smachine" behaves as a Local Parameter Declaration because the module has a Module Parameter Port List File: C:/Users/N1259534/OneDrive - Nottingham Trent University/Desktop/Simulation_FPGA/NTU_FPGA2-new_permision/NTU_FPGA2/ntu_smachine.sv Line: 267
Warning (10222): Verilog HDL Parameter Declaration warning at ntu_smachine.sv(268): Parameter Declaration in module "ntu_smachine" behaves as a Local Parameter Declaration because the module has a Module Parameter Port List File: C:/Users/N1259534/OneDrive - Nottingham Trent University/Desktop/Simulation_FPGA/NTU_FPGA2-new_permision/NTU_FPGA2/ntu_smachine.sv Line: 268
Warning (10222): Verilog HDL Parameter Declaration warning at ntu_smachine.sv(269): Parameter Declaration in module "ntu_smachine" behaves as a Local Parameter Declaration because the module has a Module Parameter Port List File: C:/Users/N1259534/OneDrive - Nottingham Trent University/Desktop/Simulation_FPGA/NTU_FPGA2-new_permision/NTU_FPGA2/ntu_smachine.sv Line: 269
Warning (10222): Verilog HDL Parameter Declaration warning at ntu_smachine.sv(270): Parameter Declaration in module "ntu_smachine" behaves as a Local Parameter Declaration because the module has a Module Parameter Port List File: C:/Users/N1259534/OneDrive - Nottingham Trent University/Desktop/Simulation_FPGA/NTU_FPGA2-new_permision/NTU_FPGA2/ntu_smachine.sv Line: 270
Warning (10222): Verilog HDL Parameter Declaration warning at ntu_smachine.sv(271): Parameter Declaration in module "ntu_smachine" behaves as a Local Parameter Declaration because the module has a Module Parameter Port List File: C:/Users/N1259534/OneDrive - Nottingham Trent University/Desktop/Simulation_FPGA/NTU_FPGA2-new_permision/NTU_FPGA2/ntu_smachine.sv Line: 271
Warning (10222): Verilog HDL Parameter Declaration warning at ntu_smachine.sv(272): Parameter Declaration in module "ntu_smachine" behaves as a Local Parameter Declaration because the module has a Module Parameter Port List File: C:/Users/N1259534/OneDrive - Nottingham Trent University/Desktop/Simulation_FPGA/NTU_FPGA2-new_permision/NTU_FPGA2/ntu_smachine.sv Line: 272
Warning (10222): Verilog HDL Parameter Declaration warning at ntu_smachine.sv(273): Parameter Declaration in module "ntu_smachine" behaves as a Local Parameter Declaration because the module has a Module Parameter Port List File: C:/Users/N1259534/OneDrive - Nottingham Trent University/Desktop/Simulation_FPGA/NTU_FPGA2-new_permision/NTU_FPGA2/ntu_smachine.sv Line: 273
Warning (10222): Verilog HDL Parameter Declaration warning at ntu_smachine.sv(274): Parameter Declaration in module "ntu_smachine" behaves as a Local Parameter Declaration because the module has a Module Parameter Port List File: C:/Users/N1259534/OneDrive - Nottingham Trent University/Desktop/Simulation_FPGA/NTU_FPGA2-new_permision/NTU_FPGA2/ntu_smachine.sv Line: 274
Warning (10222): Verilog HDL Parameter Declaration warning at ntu_smachine.sv(275): Parameter Declaration in module "ntu_smachine" behaves as a Local Parameter Declaration because the module has a Module Parameter Port List File: C:/Users/N1259534/OneDrive - Nottingham Trent University/Desktop/Simulation_FPGA/NTU_FPGA2-new_permision/NTU_FPGA2/ntu_smachine.sv Line: 275
Warning (10222): Verilog HDL Parameter Declaration warning at ntu_smachine.sv(276): Parameter Declaration in module "ntu_smachine" behaves as a Local Parameter Declaration because the module has a Module Parameter Port List File: C:/Users/N1259534/OneDrive - Nottingham Trent University/Desktop/Simulation_FPGA/NTU_FPGA2-new_permision/NTU_FPGA2/ntu_smachine.sv Line: 276
Warning (10222): Verilog HDL Parameter Declaration warning at ntu_smachine.sv(277): Parameter Declaration in module "ntu_smachine" behaves as a Local Parameter Declaration because the module has a Module Parameter Port List File: C:/Users/N1259534/OneDrive - Nottingham Trent University/Desktop/Simulation_FPGA/NTU_FPGA2-new_permision/NTU_FPGA2/ntu_smachine.sv Line: 277
Warning (10222): Verilog HDL Parameter Declaration warning at qaoa_system.sv(30): Parameter Declaration in module "qaoa_system" behaves as a Local Parameter Declaration because the module has a Module Parameter Port List File: C:/Users/N1259534/OneDrive - Nottingham Trent University/Desktop/Simulation_FPGA/NTU_FPGA2-new_permision/NTU_FPGA2/qaoa_system.sv Line: 30
Warning (10222): Verilog HDL Parameter Declaration warning at qaoa_system.sv(31): Parameter Declaration in module "qaoa_system" behaves as a Local Parameter Declaration because the module has a Module Parameter Port List File: C:/Users/N1259534/OneDrive - Nottingham Trent University/Desktop/Simulation_FPGA/NTU_FPGA2-new_permision/NTU_FPGA2/qaoa_system.sv Line: 31
Warning (10222): Verilog HDL Parameter Declaration warning at qaoa_system.sv(32): Parameter Declaration in module "qaoa_system" behaves as a Local Parameter Declaration because the module has a Module Parameter Port List File: C:/Users/N1259534/OneDrive - Nottingham Trent University/Desktop/Simulation_FPGA/NTU_FPGA2-new_permision/NTU_FPGA2/qaoa_system.sv Line: 32
Warning (10222): Verilog HDL Parameter Declaration warning at qaoa_system.sv(34): Parameter Declaration in module "qaoa_system" behaves as a Local Parameter Declaration because the module has a Module Parameter Port List File: C:/Users/N1259534/OneDrive - Nottingham Trent University/Desktop/Simulation_FPGA/NTU_FPGA2-new_permision/NTU_FPGA2/qaoa_system.sv Line: 34
Warning (10222): Verilog HDL Parameter Declaration warning at alutest.v(17): Parameter Declaration in module "alu_test" behaves as a Local Parameter Declaration because the module has a Module Parameter Port List File: C:/Users/N1259534/OneDrive - Nottingham Trent University/Desktop/Simulation_FPGA/NTU_FPGA2-new_permision/NTU_FPGA2/alutest.v Line: 17
Critical Warning (10846): Verilog HDL Instantiation warning at Golden_TOP2.v(331): instance has no name File: C:/Users/N1259534/OneDrive - Nottingham Trent University/Desktop/Simulation_FPGA/NTU_FPGA2-new_permision/NTU_FPGA2/Golden_TOP2.v Line: 331
Critical Warning (10846): Verilog HDL Instantiation warning at Golden_TOP.v(330): instance has no name File: C:/Users/N1259534/OneDrive - Nottingham Trent University/Desktop/Simulation_FPGA/NTU_FPGA2-new_permision/NTU_FPGA2/Golden_TOP.v Line: 330
Info (12127): Elaborating entity "Golden_TOP3" for the top level hierarchy
Warning (10036): Verilog HDL or VHDL warning at Golden_TOP2.v(321): object "clk50" assigned a value but never read File: C:/Users/N1259534/OneDrive - Nottingham Trent University/Desktop/Simulation_FPGA/NTU_FPGA2-new_permision/NTU_FPGA2/Golden_TOP2.v Line: 321
Warning (10030): Net "dt[1]" at Golden_TOP2.v(366) has no driver or initial value, using a default initial value '0' File: C:/Users/N1259534/OneDrive - Nottingham Trent University/Desktop/Simulation_FPGA/NTU_FPGA2-new_permision/NTU_FPGA2/Golden_TOP2.v Line: 366
Warning (10034): Output port "FSM_A" at Golden_TOP2.v(86) has no driver File: C:/Users/N1259534/OneDrive - Nottingham Trent University/Desktop/Simulation_FPGA/NTU_FPGA2-new_permision/NTU_FPGA2/Golden_TOP2.v Line: 86
Warning (10034): Output port "FMCA_GA" at Golden_TOP2.v(189) has no driver File: C:/Users/N1259534/OneDrive - Nottingham Trent University/Desktop/Simulation_FPGA/NTU_FPGA2-new_permision/NTU_FPGA2/Golden_TOP2.v Line: 189
Warning (10034): Output port "FMCB_GA" at Golden_TOP2.v(212) has no driver File: C:/Users/N1259534/OneDrive - Nottingham Trent University/Desktop/Simulation_FPGA/NTU_FPGA2-new_permision/NTU_FPGA2/Golden_TOP2.v Line: 212
Warning (10034): Output port "FMCC_GA" at Golden_TOP2.v(235) has no driver File: C:/Users/N1259534/OneDrive - Nottingham Trent University/Desktop/Simulation_FPGA/NTU_FPGA2-new_permision/NTU_FPGA2/Golden_TOP2.v Line: 235
Warning (10034): Output port "FMCD_GA" at Golden_TOP2.v(274) has no driver File: C:/Users/N1259534/OneDrive - Nottingham Trent University/Desktop/Simulation_FPGA/NTU_FPGA2-new_permision/NTU_FPGA2/Golden_TOP2.v Line: 274
Warning (10034): Output port "SSRAM_CLK" at Golden_TOP2.v(67) has no driver File: C:/Users/N1259534/OneDrive - Nottingham Trent University/Desktop/Simulation_FPGA/NTU_FPGA2-new_permision/NTU_FPGA2/Golden_TOP2.v Line: 67
Warning (10034): Output port "SSRAM_CKE_n" at Golden_TOP2.v(68) has no driver File: C:/Users/N1259534/OneDrive - Nottingham Trent University/Desktop/Simulation_FPGA/NTU_FPGA2-new_permision/NTU_FPGA2/Golden_TOP2.v Line: 68
Warning (10034): Output port "SSRAM_CE_n" at Golden_TOP2.v(69) has no driver File: C:/Users/N1259534/OneDrive - Nottingham Trent University/Desktop/Simulation_FPGA/NTU_FPGA2-new_permision/NTU_FPGA2/Golden_TOP2.v Line: 69
Warning (10034): Output port "SSRAM_WE_n" at Golden_TOP2.v(70) has no driver File: C:/Users/N1259534/OneDrive - Nottingham Trent University/Desktop/Simulation_FPGA/NTU_FPGA2-new_permision/NTU_FPGA2/Golden_TOP2.v Line: 70
Warning (10034): Output port "SSRAM_OE_n" at Golden_TOP2.v(71) has no driver File: C:/Users/N1259534/OneDrive - Nottingham Trent University/Desktop/Simulation_FPGA/NTU_FPGA2-new_permision/NTU_FPGA2/Golden_TOP2.v Line: 71
Warning (10034): Output port "SSRAM_ADV" at Golden_TOP2.v(72) has no driver File: C:/Users/N1259534/OneDrive - Nottingham Trent University/Desktop/Simulation_FPGA/NTU_FPGA2-new_permision/NTU_FPGA2/Golden_TOP2.v Line: 72
Warning (10034): Output port "SSRAM_BWA_n" at Golden_TOP2.v(73) has no driver File: C:/Users/N1259534/OneDrive - Nottingham Trent University/Desktop/Simulation_FPGA/NTU_FPGA2-new_permision/NTU_FPGA2/Golden_TOP2.v Line: 73
Warning (10034): Output port "SSRAM_BWB_n" at Golden_TOP2.v(74) has no driver File: C:/Users/N1259534/OneDrive - Nottingham Trent University/Desktop/Simulation_FPGA/NTU_FPGA2-new_permision/NTU_FPGA2/Golden_TOP2.v Line: 74
Warning (10034): Output port "FLASH_CLK" at Golden_TOP2.v(77) has no driver File: C:/Users/N1259534/OneDrive - Nottingham Trent University/Desktop/Simulation_FPGA/NTU_FPGA2-new_permision/NTU_FPGA2/Golden_TOP2.v Line: 77
Warning (10034): Output port "FLASH_CE_n" at Golden_TOP2.v(78) has no driver File: C:/Users/N1259534/OneDrive - Nottingham Trent University/Desktop/Simulation_FPGA/NTU_FPGA2-new_permision/NTU_FPGA2/Golden_TOP2.v Line: 78
Warning (10034): Output port "FLASH_WE_n" at Golden_TOP2.v(79) has no driver File: C:/Users/N1259534/OneDrive - Nottingham Trent University/Desktop/Simulation_FPGA/NTU_FPGA2-new_permision/NTU_FPGA2/Golden_TOP2.v Line: 79
Warning (10034): Output port "FLASH_OE_n" at Golden_TOP2.v(80) has no driver File: C:/Users/N1259534/OneDrive - Nottingham Trent University/Desktop/Simulation_FPGA/NTU_FPGA2-new_permision/NTU_FPGA2/Golden_TOP2.v Line: 80
Warning (10034): Output port "FLASH_ADV_n" at Golden_TOP2.v(81) has no driver File: C:/Users/N1259534/OneDrive - Nottingham Trent University/Desktop/Simulation_FPGA/NTU_FPGA2-new_permision/NTU_FPGA2/Golden_TOP2.v Line: 81
Warning (10034): Output port "FLASH_RESET_n" at Golden_TOP2.v(82) has no driver File: C:/Users/N1259534/OneDrive - Nottingham Trent University/Desktop/Simulation_FPGA/NTU_FPGA2-new_permision/NTU_FPGA2/Golden_TOP2.v Line: 82
Warning (10034): Output port "SD_CLK" at Golden_TOP2.v(90) has no driver File: C:/Users/N1259534/OneDrive - Nottingham Trent University/Desktop/Simulation_FPGA/NTU_FPGA2-new_permision/NTU_FPGA2/Golden_TOP2.v Line: 90
Warning (10034): Output port "TPS40422_CLK" at Golden_TOP2.v(126) has no driver File: C:/Users/N1259534/OneDrive - Nottingham Trent University/Desktop/Simulation_FPGA/NTU_FPGA2-new_permision/NTU_FPGA2/Golden_TOP2.v Line: 126
Warning (10034): Output port "LMK04906_CLK" at Golden_TOP2.v(131) has no driver File: C:/Users/N1259534/OneDrive - Nottingham Trent University/Desktop/Simulation_FPGA/NTU_FPGA2-new_permision/NTU_FPGA2/Golden_TOP2.v Line: 131
Warning (10034): Output port "LMK04906_DATAIN" at Golden_TOP2.v(132) has no driver File: C:/Users/N1259534/OneDrive - Nottingham Trent University/Desktop/Simulation_FPGA/NTU_FPGA2-new_permision/NTU_FPGA2/Golden_TOP2.v Line: 132
Warning (10034): Output port "LMK04906_LE" at Golden_TOP2.v(134) has no driver File: C:/Users/N1259534/OneDrive - Nottingham Trent University/Desktop/Simulation_FPGA/NTU_FPGA2-new_permision/NTU_FPGA2/Golden_TOP2.v Line: 134
Warning (10034): Output port "CLOCK_SCL" at Golden_TOP2.v(137) has no driver File: C:/Users/N1259534/OneDrive - Nottingham Trent University/Desktop/Simulation_FPGA/NTU_FPGA2-new_permision/NTU_FPGA2/Golden_TOP2.v Line: 137
Warning (10034): Output port "FMCA_HA_TX_CLK_p" at Golden_TOP2.v(159) has no driver File: C:/Users/N1259534/OneDrive - Nottingham Trent University/Desktop/Simulation_FPGA/NTU_FPGA2-new_permision/NTU_FPGA2/Golden_TOP2.v Line: 159
Warning (10034): Output port "FMCA_HA_TX_CLK_n" at Golden_TOP2.v(160) has no driver File: C:/Users/N1259534/OneDrive - Nottingham Trent University/Desktop/Simulation_FPGA/NTU_FPGA2-new_permision/NTU_FPGA2/Golden_TOP2.v Line: 160
Warning (10034): Output port "FMCA_HB_TX_CLK_p" at Golden_TOP2.v(163) has no driver File: C:/Users/N1259534/OneDrive - Nottingham Trent University/Desktop/Simulation_FPGA/NTU_FPGA2-new_permision/NTU_FPGA2/Golden_TOP2.v Line: 163
Warning (10034): Output port "FMCA_HB_TX_CLK_n" at Golden_TOP2.v(164) has no driver File: C:/Users/N1259534/OneDrive - Nottingham Trent University/Desktop/Simulation_FPGA/NTU_FPGA2-new_permision/NTU_FPGA2/Golden_TOP2.v Line: 164
Warning (10034): Output port "FMCA_LA_TX_CLK_p" at Golden_TOP2.v(167) has no driver File: C:/Users/N1259534/OneDrive - Nottingham Trent University/Desktop/Simulation_FPGA/NTU_FPGA2-new_permision/NTU_FPGA2/Golden_TOP2.v Line: 167
Warning (10034): Output port "FMCA_LA_TX_CLK_n" at Golden_TOP2.v(168) has no driver File: C:/Users/N1259534/OneDrive - Nottingham Trent University/Desktop/Simulation_FPGA/NTU_FPGA2-new_permision/NTU_FPGA2/Golden_TOP2.v Line: 168
Warning (10034): Output port "FMCB_LA_TX_CLK_p" at Golden_TOP2.v(198) has no driver File: C:/Users/N1259534/OneDrive - Nottingham Trent University/Desktop/Simulation_FPGA/NTU_FPGA2-new_permision/NTU_FPGA2/Golden_TOP2.v Line: 198
Warning (10034): Output port "FMCB_LA_TX_CLK_n" at Golden_TOP2.v(199) has no driver File: C:/Users/N1259534/OneDrive - Nottingham Trent University/Desktop/Simulation_FPGA/NTU_FPGA2-new_permision/NTU_FPGA2/Golden_TOP2.v Line: 199
Warning (10034): Output port "FMCC_LA_TX_CLK_p" at Golden_TOP2.v(221) has no driver File: C:/Users/N1259534/OneDrive - Nottingham Trent University/Desktop/Simulation_FPGA/NTU_FPGA2-new_permision/NTU_FPGA2/Golden_TOP2.v Line: 221
Warning (10034): Output port "FMCC_LA_TX_CLK_n" at Golden_TOP2.v(222) has no driver File: C:/Users/N1259534/OneDrive - Nottingham Trent University/Desktop/Simulation_FPGA/NTU_FPGA2-new_permision/NTU_FPGA2/Golden_TOP2.v Line: 222
Warning (10034): Output port "FMCD_HA_TX_CLK_p" at Golden_TOP2.v(244) has no driver File: C:/Users/N1259534/OneDrive - Nottingham Trent University/Desktop/Simulation_FPGA/NTU_FPGA2-new_permision/NTU_FPGA2/Golden_TOP2.v Line: 244
Warning (10034): Output port "FMCD_HA_TX_CLK_n" at Golden_TOP2.v(245) has no driver File: C:/Users/N1259534/OneDrive - Nottingham Trent University/Desktop/Simulation_FPGA/NTU_FPGA2-new_permision/NTU_FPGA2/Golden_TOP2.v Line: 245
Warning (10034): Output port "FMCD_HB_TX_CLK_p" at Golden_TOP2.v(248) has no driver File: C:/Users/N1259534/OneDrive - Nottingham Trent University/Desktop/Simulation_FPGA/NTU_FPGA2-new_permision/NTU_FPGA2/Golden_TOP2.v Line: 248
Warning (10034): Output port "FMCD_HB_TX_CLK_n" at Golden_TOP2.v(249) has no driver File: C:/Users/N1259534/OneDrive - Nottingham Trent University/Desktop/Simulation_FPGA/NTU_FPGA2-new_permision/NTU_FPGA2/Golden_TOP2.v Line: 249
Warning (10034): Output port "FMCD_LA_TX_CLK_p" at Golden_TOP2.v(252) has no driver File: C:/Users/N1259534/OneDrive - Nottingham Trent University/Desktop/Simulation_FPGA/NTU_FPGA2-new_permision/NTU_FPGA2/Golden_TOP2.v Line: 252
Warning (10034): Output port "FMCD_LA_TX_CLK_n" at Golden_TOP2.v(253) has no driver File: C:/Users/N1259534/OneDrive - Nottingham Trent University/Desktop/Simulation_FPGA/NTU_FPGA2-new_permision/NTU_FPGA2/Golden_TOP2.v Line: 253
Warning (10034): Output port "SMA_CLKOUT_p" at Golden_TOP2.v(304) has no driver File: C:/Users/N1259534/OneDrive - Nottingham Trent University/Desktop/Simulation_FPGA/NTU_FPGA2-new_permision/NTU_FPGA2/Golden_TOP2.v Line: 304
Info (12128): Elaborating entity "pll2" for hierarchy "pll2:comb_19" File: C:/Users/N1259534/OneDrive - Nottingham Trent University/Desktop/Simulation_FPGA/NTU_FPGA2-new_permision/NTU_FPGA2/Golden_TOP2.v Line: 331
Info (12128): Elaborating entity "pll2_0002" for hierarchy "pll2:comb_19|pll2_0002:pll2_inst" File: C:/Users/N1259534/OneDrive - Nottingham Trent University/Desktop/Simulation_FPGA/NTU_FPGA2-new_permision/NTU_FPGA2/pll2.v Line: 22
Info (12128): Elaborating entity "altera_pll" for hierarchy "pll2:comb_19|pll2_0002:pll2_inst|altera_pll:altera_pll_i" File: C:/Users/N1259534/OneDrive - Nottingham Trent University/Desktop/Simulation_FPGA/NTU_FPGA2-new_permision/NTU_FPGA2/pll2/pll2_0002.v Line: 88
Info (10008): Verilog HDL or VHDL information: EDA Netlist Writer cannot regroup multidimensional array "wire_to_nowhere_64" into its bus
Info (12130): Elaborated megafunction instantiation "pll2:comb_19|pll2_0002:pll2_inst|altera_pll:altera_pll_i" File: C:/Users/N1259534/OneDrive - Nottingham Trent University/Desktop/Simulation_FPGA/NTU_FPGA2-new_permision/NTU_FPGA2/pll2/pll2_0002.v Line: 88
Info (12133): Instantiated megafunction "pll2:comb_19|pll2_0002:pll2_inst|altera_pll:altera_pll_i" with the following parameter: File: C:/Users/N1259534/OneDrive - Nottingham Trent University/Desktop/Simulation_FPGA/NTU_FPGA2-new_permision/NTU_FPGA2/pll2/pll2_0002.v Line: 88
    Info (12134): Parameter "fractional_vco_multiplier" = "false"
    Info (12134): Parameter "reference_clock_frequency" = "50.0 MHz"
    Info (12134): Parameter "operation_mode" = "direct"
    Info (12134): Parameter "number_of_clocks" = "2"
    Info (12134): Parameter "output_clock_frequency0" = "200.000000 MHz"
    Info (12134): Parameter "phase_shift0" = "0 ps"
    Info (12134): Parameter "duty_cycle0" = "50"
    Info (12134): Parameter "output_clock_frequency1" = "2.000000 MHz"
    Info (12134): Parameter "phase_shift1" = "0 ps"
    Info (12134): Parameter "duty_cycle1" = "50"
    Info (12134): Parameter "output_clock_frequency2" = "0 MHz"
    Info (12134): Parameter "phase_shift2" = "0 ps"
    Info (12134): Parameter "duty_cycle2" = "50"
    Info (12134): Parameter "output_clock_frequency3" = "0 MHz"
    Info (12134): Parameter "phase_shift3" = "0 ps"
    Info (12134): Parameter "duty_cycle3" = "50"
    Info (12134): Parameter "output_clock_frequency4" = "0 MHz"
    Info (12134): Parameter "phase_shift4" = "0 ps"
    Info (12134): Parameter "duty_cycle4" = "50"
    Info (12134): Parameter "output_clock_frequency5" = "0 MHz"
    Info (12134): Parameter "phase_shift5" = "0 ps"
    Info (12134): Parameter "duty_cycle5" = "50"
    Info (12134): Parameter "output_clock_frequency6" = "0 MHz"
    Info (12134): Parameter "phase_shift6" = "0 ps"
    Info (12134): Parameter "duty_cycle6" = "50"
    Info (12134): Parameter "output_clock_frequency7" = "0 MHz"
    Info (12134): Parameter "phase_shift7" = "0 ps"
    Info (12134): Parameter "duty_cycle7" = "50"
    Info (12134): Parameter "output_clock_frequency8" = "0 MHz"
    Info (12134): Parameter "phase_shift8" = "0 ps"
    Info (12134): Parameter "duty_cycle8" = "50"
    Info (12134): Parameter "output_clock_frequency9" = "0 MHz"
    Info (12134): Parameter "phase_shift9" = "0 ps"
    Info (12134): Parameter "duty_cycle9" = "50"
    Info (12134): Parameter "output_clock_frequency10" = "0 MHz"
    Info (12134): Parameter "phase_shift10" = "0 ps"
    Info (12134): Parameter "duty_cycle10" = "50"
    Info (12134): Parameter "output_clock_frequency11" = "0 MHz"
    Info (12134): Parameter "phase_shift11" = "0 ps"
    Info (12134): Parameter "duty_cycle11" = "50"
    Info (12134): Parameter "output_clock_frequency12" = "0 MHz"
    Info (12134): Parameter "phase_shift12" = "0 ps"
    Info (12134): Parameter "duty_cycle12" = "50"
    Info (12134): Parameter "output_clock_frequency13" = "0 MHz"
    Info (12134): Parameter "phase_shift13" = "0 ps"
    Info (12134): Parameter "duty_cycle13" = "50"
    Info (12134): Parameter "output_clock_frequency14" = "0 MHz"
    Info (12134): Parameter "phase_shift14" = "0 ps"
    Info (12134): Parameter "duty_cycle14" = "50"
    Info (12134): Parameter "output_clock_frequency15" = "0 MHz"
    Info (12134): Parameter "phase_shift15" = "0 ps"
    Info (12134): Parameter "duty_cycle15" = "50"
    Info (12134): Parameter "output_clock_frequency16" = "0 MHz"
    Info (12134): Parameter "phase_shift16" = "0 ps"
    Info (12134): Parameter "duty_cycle16" = "50"
    Info (12134): Parameter "output_clock_frequency17" = "0 MHz"
    Info (12134): Parameter "phase_shift17" = "0 ps"
    Info (12134): Parameter "duty_cycle17" = "50"
    Info (12134): Parameter "pll_type" = "General"
    Info (12134): Parameter "pll_subtype" = "General"
Info (12128): Elaborating entity "Fan_Control" for hierarchy "Fan_Control:u0" File: C:/Users/N1259534/OneDrive - Nottingham Trent University/Desktop/Simulation_FPGA/NTU_FPGA2-new_permision/NTU_FPGA2/Golden_TOP2.v Line: 359
Warning (10230): Verilog HDL assignment warning at Fan_Control.v(51): truncated value with size 32 to match size of target (5) File: C:/Users/N1259534/OneDrive - Nottingham Trent University/Desktop/Simulation_FPGA/NTU_FPGA2-new_permision/NTU_FPGA2/Fan/Fan_Control.v Line: 51
Warning (10230): Verilog HDL assignment warning at Fan_Control.v(58): truncated value with size 32 to match size of target (13) File: C:/Users/N1259534/OneDrive - Nottingham Trent University/Desktop/Simulation_FPGA/NTU_FPGA2-new_permision/NTU_FPGA2/Fan/Fan_Control.v Line: 58
Warning (10230): Verilog HDL assignment warning at Fan_Control.v(59): truncated value with size 32 to match size of target (8) File: C:/Users/N1259534/OneDrive - Nottingham Trent University/Desktop/Simulation_FPGA/NTU_FPGA2-new_permision/NTU_FPGA2/Fan/Fan_Control.v Line: 59
Info (12128): Elaborating entity "I2C_Config" for hierarchy "Fan_Control:u0|I2C_Config:u0" File: C:/Users/N1259534/OneDrive - Nottingham Trent University/Desktop/Simulation_FPGA/NTU_FPGA2-new_permision/NTU_FPGA2/Fan/Fan_Control.v Line: 79
Warning (10240): Verilog HDL Always Construct warning at I2C_Config.v(41): inferring latch(es) for variable "oSlave_Addr", which holds its previous value in one or more paths through the always construct File: C:/Users/N1259534/OneDrive - Nottingham Trent University/Desktop/Simulation_FPGA/NTU_FPGA2-new_permision/NTU_FPGA2/Fan/I2C_Config.v Line: 41
Warning (10230): Verilog HDL assignment warning at I2C_Config.v(107): truncated value with size 32 to match size of target (13) File: C:/Users/N1259534/OneDrive - Nottingham Trent University/Desktop/Simulation_FPGA/NTU_FPGA2-new_permision/NTU_FPGA2/Fan/I2C_Config.v Line: 107
Warning (10230): Verilog HDL assignment warning at I2C_Config.v(125): truncated value with size 32 to match size of target (4) File: C:/Users/N1259534/OneDrive - Nottingham Trent University/Desktop/Simulation_FPGA/NTU_FPGA2-new_permision/NTU_FPGA2/Fan/I2C_Config.v Line: 125
Warning (10270): Verilog HDL Case Statement warning at I2C_Config.v(132): incomplete case statement has no default case item File: C:/Users/N1259534/OneDrive - Nottingham Trent University/Desktop/Simulation_FPGA/NTU_FPGA2-new_permision/NTU_FPGA2/Fan/I2C_Config.v Line: 132
Warning (10240): Verilog HDL Always Construct warning at I2C_Config.v(130): inferring latch(es) for variable "FAN_REG_DATA", which holds its previous value in one or more paths through the always construct File: C:/Users/N1259534/OneDrive - Nottingham Trent University/Desktop/Simulation_FPGA/NTU_FPGA2-new_permision/NTU_FPGA2/Fan/I2C_Config.v Line: 130
Info (10041): Inferred latch for "FAN_REG_DATA[0]" at I2C_Config.v(130) File: C:/Users/N1259534/OneDrive - Nottingham Trent University/Desktop/Simulation_FPGA/NTU_FPGA2-new_permision/NTU_FPGA2/Fan/I2C_Config.v Line: 130
Info (10041): Inferred latch for "FAN_REG_DATA[1]" at I2C_Config.v(130) File: C:/Users/N1259534/OneDrive - Nottingham Trent University/Desktop/Simulation_FPGA/NTU_FPGA2-new_permision/NTU_FPGA2/Fan/I2C_Config.v Line: 130
Info (10041): Inferred latch for "FAN_REG_DATA[2]" at I2C_Config.v(130) File: C:/Users/N1259534/OneDrive - Nottingham Trent University/Desktop/Simulation_FPGA/NTU_FPGA2-new_permision/NTU_FPGA2/Fan/I2C_Config.v Line: 130
Info (10041): Inferred latch for "FAN_REG_DATA[3]" at I2C_Config.v(130) File: C:/Users/N1259534/OneDrive - Nottingham Trent University/Desktop/Simulation_FPGA/NTU_FPGA2-new_permision/NTU_FPGA2/Fan/I2C_Config.v Line: 130
Info (10041): Inferred latch for "FAN_REG_DATA[4]" at I2C_Config.v(130) File: C:/Users/N1259534/OneDrive - Nottingham Trent University/Desktop/Simulation_FPGA/NTU_FPGA2-new_permision/NTU_FPGA2/Fan/I2C_Config.v Line: 130
Info (10041): Inferred latch for "FAN_REG_DATA[5]" at I2C_Config.v(130) File: C:/Users/N1259534/OneDrive - Nottingham Trent University/Desktop/Simulation_FPGA/NTU_FPGA2-new_permision/NTU_FPGA2/Fan/I2C_Config.v Line: 130
Info (10041): Inferred latch for "FAN_REG_DATA[6]" at I2C_Config.v(130) File: C:/Users/N1259534/OneDrive - Nottingham Trent University/Desktop/Simulation_FPGA/NTU_FPGA2-new_permision/NTU_FPGA2/Fan/I2C_Config.v Line: 130
Info (10041): Inferred latch for "FAN_REG_DATA[7]" at I2C_Config.v(130) File: C:/Users/N1259534/OneDrive - Nottingham Trent University/Desktop/Simulation_FPGA/NTU_FPGA2-new_permision/NTU_FPGA2/Fan/I2C_Config.v Line: 130
Info (10041): Inferred latch for "FAN_REG_DATA[8]" at I2C_Config.v(130) File: C:/Users/N1259534/OneDrive - Nottingham Trent University/Desktop/Simulation_FPGA/NTU_FPGA2-new_permision/NTU_FPGA2/Fan/I2C_Config.v Line: 130
Info (10041): Inferred latch for "FAN_REG_DATA[9]" at I2C_Config.v(130) File: C:/Users/N1259534/OneDrive - Nottingham Trent University/Desktop/Simulation_FPGA/NTU_FPGA2-new_permision/NTU_FPGA2/Fan/I2C_Config.v Line: 130
Info (10041): Inferred latch for "FAN_REG_DATA[10]" at I2C_Config.v(130) File: C:/Users/N1259534/OneDrive - Nottingham Trent University/Desktop/Simulation_FPGA/NTU_FPGA2-new_permision/NTU_FPGA2/Fan/I2C_Config.v Line: 130
Info (10041): Inferred latch for "FAN_REG_DATA[11]" at I2C_Config.v(130) File: C:/Users/N1259534/OneDrive - Nottingham Trent University/Desktop/Simulation_FPGA/NTU_FPGA2-new_permision/NTU_FPGA2/Fan/I2C_Config.v Line: 130
Info (10041): Inferred latch for "FAN_REG_DATA[12]" at I2C_Config.v(130) File: C:/Users/N1259534/OneDrive - Nottingham Trent University/Desktop/Simulation_FPGA/NTU_FPGA2-new_permision/NTU_FPGA2/Fan/I2C_Config.v Line: 130
Info (10041): Inferred latch for "FAN_REG_DATA[13]" at I2C_Config.v(130) File: C:/Users/N1259534/OneDrive - Nottingham Trent University/Desktop/Simulation_FPGA/NTU_FPGA2-new_permision/NTU_FPGA2/Fan/I2C_Config.v Line: 130
Info (10041): Inferred latch for "FAN_REG_DATA[14]" at I2C_Config.v(130) File: C:/Users/N1259534/OneDrive - Nottingham Trent University/Desktop/Simulation_FPGA/NTU_FPGA2-new_permision/NTU_FPGA2/Fan/I2C_Config.v Line: 130
Info (10041): Inferred latch for "FAN_REG_DATA[15]" at I2C_Config.v(130) File: C:/Users/N1259534/OneDrive - Nottingham Trent University/Desktop/Simulation_FPGA/NTU_FPGA2-new_permision/NTU_FPGA2/Fan/I2C_Config.v Line: 130
Info (10041): Inferred latch for "oSlave_Addr[0]" at I2C_Config.v(41) File: C:/Users/N1259534/OneDrive - Nottingham Trent University/Desktop/Simulation_FPGA/NTU_FPGA2-new_permision/NTU_FPGA2/Fan/I2C_Config.v Line: 41
Info (10041): Inferred latch for "oSlave_Addr[1]" at I2C_Config.v(41) File: C:/Users/N1259534/OneDrive - Nottingham Trent University/Desktop/Simulation_FPGA/NTU_FPGA2-new_permision/NTU_FPGA2/Fan/I2C_Config.v Line: 41
Info (10041): Inferred latch for "oSlave_Addr[2]" at I2C_Config.v(41) File: C:/Users/N1259534/OneDrive - Nottingham Trent University/Desktop/Simulation_FPGA/NTU_FPGA2-new_permision/NTU_FPGA2/Fan/I2C_Config.v Line: 41
Info (10041): Inferred latch for "oSlave_Addr[3]" at I2C_Config.v(41) File: C:/Users/N1259534/OneDrive - Nottingham Trent University/Desktop/Simulation_FPGA/NTU_FPGA2-new_permision/NTU_FPGA2/Fan/I2C_Config.v Line: 41
Info (10041): Inferred latch for "oSlave_Addr[4]" at I2C_Config.v(41) File: C:/Users/N1259534/OneDrive - Nottingham Trent University/Desktop/Simulation_FPGA/NTU_FPGA2-new_permision/NTU_FPGA2/Fan/I2C_Config.v Line: 41
Info (10041): Inferred latch for "oSlave_Addr[5]" at I2C_Config.v(41) File: C:/Users/N1259534/OneDrive - Nottingham Trent University/Desktop/Simulation_FPGA/NTU_FPGA2-new_permision/NTU_FPGA2/Fan/I2C_Config.v Line: 41
Info (10041): Inferred latch for "oSlave_Addr[6]" at I2C_Config.v(41) File: C:/Users/N1259534/OneDrive - Nottingham Trent University/Desktop/Simulation_FPGA/NTU_FPGA2-new_permision/NTU_FPGA2/Fan/I2C_Config.v Line: 41
Info (12128): Elaborating entity "I2C_Bus_Controller" for hierarchy "Fan_Control:u0|I2C_Bus_Controller:u1" File: C:/Users/N1259534/OneDrive - Nottingham Trent University/Desktop/Simulation_FPGA/NTU_FPGA2-new_permision/NTU_FPGA2/Fan/Fan_Control.v Line: 96
Warning (10036): Verilog HDL or VHDL warning at I2C_Bus_Controller.v(170): object "shift_enable" assigned a value but never read File: C:/Users/N1259534/OneDrive - Nottingham Trent University/Desktop/Simulation_FPGA/NTU_FPGA2-new_permision/NTU_FPGA2/Fan/I2C_Bus_Controller.v Line: 170
Warning (10230): Verilog HDL assignment warning at I2C_Bus_Controller.v(180): truncated value with size 32 to match size of target (1) File: C:/Users/N1259534/OneDrive - Nottingham Trent University/Desktop/Simulation_FPGA/NTU_FPGA2-new_permision/NTU_FPGA2/Fan/I2C_Bus_Controller.v Line: 180
Warning (10230): Verilog HDL assignment warning at I2C_Bus_Controller.v(181): truncated value with size 32 to match size of target (1) File: C:/Users/N1259534/OneDrive - Nottingham Trent University/Desktop/Simulation_FPGA/NTU_FPGA2-new_permision/NTU_FPGA2/Fan/I2C_Bus_Controller.v Line: 181
Warning (10230): Verilog HDL assignment warning at I2C_Bus_Controller.v(229): truncated value with size 32 to match size of target (2) File: C:/Users/N1259534/OneDrive - Nottingham Trent University/Desktop/Simulation_FPGA/NTU_FPGA2-new_permision/NTU_FPGA2/Fan/I2C_Bus_Controller.v Line: 229
Warning (10230): Verilog HDL assignment warning at I2C_Bus_Controller.v(417): truncated value with size 32 to match size of target (3) File: C:/Users/N1259534/OneDrive - Nottingham Trent University/Desktop/Simulation_FPGA/NTU_FPGA2-new_permision/NTU_FPGA2/Fan/I2C_Bus_Controller.v Line: 417
Warning (10230): Verilog HDL assignment warning at I2C_Bus_Controller.v(529): truncated value with size 32 to match size of target (8) File: C:/Users/N1259534/OneDrive - Nottingham Trent University/Desktop/Simulation_FPGA/NTU_FPGA2-new_permision/NTU_FPGA2/Fan/I2C_Bus_Controller.v Line: 529
Warning (10230): Verilog HDL assignment warning at I2C_Bus_Controller.v(540): truncated value with size 32 to match size of target (3) File: C:/Users/N1259534/OneDrive - Nottingham Trent University/Desktop/Simulation_FPGA/NTU_FPGA2-new_permision/NTU_FPGA2/Fan/I2C_Bus_Controller.v Line: 540
Warning (10034): Output port "test_start" at I2C_Bus_Controller.v(138) has no driver File: C:/Users/N1259534/OneDrive - Nottingham Trent University/Desktop/Simulation_FPGA/NTU_FPGA2-new_permision/NTU_FPGA2/Fan/I2C_Bus_Controller.v Line: 138
Info (12128): Elaborating entity "qaoa_system" for hierarchy "qaoa_system:ntuS" File: C:/Users/N1259534/OneDrive - Nottingham Trent University/Desktop/Simulation_FPGA/NTU_FPGA2-new_permision/NTU_FPGA2/Golden_TOP2.v Line: 395
Warning (10036): Verilog HDL or VHDL warning at qaoa_system.sv(50): object "data_ga" assigned a value but never read File: C:/Users/N1259534/OneDrive - Nottingham Trent University/Desktop/Simulation_FPGA/NTU_FPGA2-new_permision/NTU_FPGA2/qaoa_system.sv Line: 50
Warning (10036): Verilog HDL or VHDL warning at qaoa_system.sv(56): object "bram_wrena" assigned a value but never read File: C:/Users/N1259534/OneDrive - Nottingham Trent University/Desktop/Simulation_FPGA/NTU_FPGA2-new_permision/NTU_FPGA2/qaoa_system.sv Line: 56
Warning (10270): Verilog HDL Case Statement warning at qaoa_system.sv(105): incomplete case statement has no default case item File: C:/Users/N1259534/OneDrive - Nottingham Trent University/Desktop/Simulation_FPGA/NTU_FPGA2-new_permision/NTU_FPGA2/qaoa_system.sv Line: 105
Info (10264): Verilog HDL Case Statement information at qaoa_system.sv(105): all case item expressions in this case statement are onehot File: C:/Users/N1259534/OneDrive - Nottingham Trent University/Desktop/Simulation_FPGA/NTU_FPGA2-new_permision/NTU_FPGA2/qaoa_system.sv Line: 105
Warning (10270): Verilog HDL Case Statement warning at qaoa_system.sv(130): incomplete case statement has no default case item File: C:/Users/N1259534/OneDrive - Nottingham Trent University/Desktop/Simulation_FPGA/NTU_FPGA2-new_permision/NTU_FPGA2/qaoa_system.sv Line: 130
Info (10264): Verilog HDL Case Statement information at qaoa_system.sv(130): all case item expressions in this case statement are onehot File: C:/Users/N1259534/OneDrive - Nottingham Trent University/Desktop/Simulation_FPGA/NTU_FPGA2-new_permision/NTU_FPGA2/qaoa_system.sv Line: 130
Warning (10230): Verilog HDL assignment warning at qaoa_system.sv(160): truncated value with size 32 to match size of target (13) File: C:/Users/N1259534/OneDrive - Nottingham Trent University/Desktop/Simulation_FPGA/NTU_FPGA2-new_permision/NTU_FPGA2/qaoa_system.sv Line: 160
Warning (10270): Verilog HDL Case Statement warning at qaoa_system.sv(103): incomplete case statement has no default case item File: C:/Users/N1259534/OneDrive - Nottingham Trent University/Desktop/Simulation_FPGA/NTU_FPGA2-new_permision/NTU_FPGA2/qaoa_system.sv Line: 103
Info (10264): Verilog HDL Case Statement information at qaoa_system.sv(103): all case item expressions in this case statement are onehot File: C:/Users/N1259534/OneDrive - Nottingham Trent University/Desktop/Simulation_FPGA/NTU_FPGA2-new_permision/NTU_FPGA2/qaoa_system.sv Line: 103
Warning (10230): Verilog HDL assignment warning at qaoa_system.sv(187): truncated value with size 32 to match size of target (8) File: C:/Users/N1259534/OneDrive - Nottingham Trent University/Desktop/Simulation_FPGA/NTU_FPGA2-new_permision/NTU_FPGA2/qaoa_system.sv Line: 187
Info (12128): Elaborating entity "ntu_smachine" for hierarchy "qaoa_system:ntuS|ntu_smachine:ns" File: C:/Users/N1259534/OneDrive - Nottingham Trent University/Desktop/Simulation_FPGA/NTU_FPGA2-new_permision/NTU_FPGA2/qaoa_system.sv Line: 78
Warning (10036): Verilog HDL or VHDL warning at ntu_smachine.sv(36): object "CP" assigned a value but never read File: C:/Users/N1259534/OneDrive - Nottingham Trent University/Desktop/Simulation_FPGA/NTU_FPGA2-new_permision/NTU_FPGA2/ntu_smachine.sv Line: 36
Warning (10858): Verilog HDL warning at ntu_smachine.sv(138): object res_addFP64 used but never assigned File: C:/Users/N1259534/OneDrive - Nottingham Trent University/Desktop/Simulation_FPGA/NTU_FPGA2-new_permision/NTU_FPGA2/ntu_smachine.sv Line: 138
Warning (10858): Verilog HDL warning at ntu_smachine.sv(139): object res_mulFP64 used but never assigned File: C:/Users/N1259534/OneDrive - Nottingham Trent University/Desktop/Simulation_FPGA/NTU_FPGA2-new_permision/NTU_FPGA2/ntu_smachine.sv Line: 139
Warning (10858): Verilog HDL warning at ntu_smachine.sv(234): object txBRPos used but never assigned File: C:/Users/N1259534/OneDrive - Nottingham Trent University/Desktop/Simulation_FPGA/NTU_FPGA2-new_permision/NTU_FPGA2/ntu_smachine.sv Line: 234
Warning (10036): Verilog HDL or VHDL warning at ntu_smachine.sv(240): object "n_txBRPos" assigned a value but never read File: C:/Users/N1259534/OneDrive - Nottingham Trent University/Desktop/Simulation_FPGA/NTU_FPGA2-new_permision/NTU_FPGA2/ntu_smachine.sv Line: 240
Warning (10235): Verilog HDL Always Construct warning at ntu_smachine.sv(76): variable "RST" is read inside the Always Construct but isn't in the Always Construct's Event Control File: C:/Users/N1259534/OneDrive - Nottingham Trent University/Desktop/Simulation_FPGA/NTU_FPGA2-new_permision/NTU_FPGA2/ntu_smachine.sv Line: 76
Warning (10235): Verilog HDL Always Construct warning at ntu_smachine.sv(77): variable "RST" is read inside the Always Construct but isn't in the Always Construct's Event Control File: C:/Users/N1259534/OneDrive - Nottingham Trent University/Desktop/Simulation_FPGA/NTU_FPGA2-new_permision/NTU_FPGA2/ntu_smachine.sv Line: 77
Warning (10230): Verilog HDL assignment warning at ntu_smachine.sv(312): truncated value with size 32 to match size of target (4) File: C:/Users/N1259534/OneDrive - Nottingham Trent University/Desktop/Simulation_FPGA/NTU_FPGA2-new_permision/NTU_FPGA2/ntu_smachine.sv Line: 312
Info (10264): Verilog HDL Case Statement information at ntu_smachine.sv(309): all case item expressions in this case statement are onehot File: C:/Users/N1259534/OneDrive - Nottingham Trent University/Desktop/Simulation_FPGA/NTU_FPGA2-new_permision/NTU_FPGA2/ntu_smachine.sv Line: 309
Warning (10230): Verilog HDL assignment warning at ntu_smachine.sv(426): truncated value with size 32 to match size of target (11) File: C:/Users/N1259534/OneDrive - Nottingham Trent University/Desktop/Simulation_FPGA/NTU_FPGA2-new_permision/NTU_FPGA2/ntu_smachine.sv Line: 426
Info (10264): Verilog HDL Case Statement information at ntu_smachine.sv(434): all case item expressions in this case statement are onehot File: C:/Users/N1259534/OneDrive - Nottingham Trent University/Desktop/Simulation_FPGA/NTU_FPGA2-new_permision/NTU_FPGA2/ntu_smachine.sv Line: 434
Warning (10230): Verilog HDL assignment warning at ntu_smachine.sv(480): truncated value with size 32 to match size of target (4) File: C:/Users/N1259534/OneDrive - Nottingham Trent University/Desktop/Simulation_FPGA/NTU_FPGA2-new_permision/NTU_FPGA2/ntu_smachine.sv Line: 480
Info (10264): Verilog HDL Case Statement information at ntu_smachine.sv(307): all case item expressions in this case statement are onehot File: C:/Users/N1259534/OneDrive - Nottingham Trent University/Desktop/Simulation_FPGA/NTU_FPGA2-new_permision/NTU_FPGA2/ntu_smachine.sv Line: 307
Warning (10230): Verilog HDL assignment warning at ntu_smachine.sv(527): truncated value with size 56 to match size of target (32) File: C:/Users/N1259534/OneDrive - Nottingham Trent University/Desktop/Simulation_FPGA/NTU_FPGA2-new_permision/NTU_FPGA2/ntu_smachine.sv Line: 527
Warning (10030): Net "res_addFP64" at ntu_smachine.sv(138) has no driver or initial value, using a default initial value '0' File: C:/Users/N1259534/OneDrive - Nottingham Trent University/Desktop/Simulation_FPGA/NTU_FPGA2-new_permision/NTU_FPGA2/ntu_smachine.sv Line: 138
Warning (10030): Net "res_mulFP64" at ntu_smachine.sv(139) has no driver or initial value, using a default initial value '0' File: C:/Users/N1259534/OneDrive - Nottingham Trent University/Desktop/Simulation_FPGA/NTU_FPGA2-new_permision/NTU_FPGA2/ntu_smachine.sv Line: 139
Info (12128): Elaborating entity "receiver" for hierarchy "qaoa_system:ntuS|ntu_smachine:ns|receiver:uart1" File: C:/Users/N1259534/OneDrive - Nottingham Trent University/Desktop/Simulation_FPGA/NTU_FPGA2-new_permision/NTU_FPGA2/ntu_smachine.sv Line: 88
Warning (10230): Verilog HDL assignment warning at receiver.v(84): truncated value with size 32 to match size of target (13) File: C:/Users/N1259534/OneDrive - Nottingham Trent University/Desktop/Simulation_FPGA/NTU_FPGA2-new_permision/NTU_FPGA2/receiver.v Line: 84
Warning (10230): Verilog HDL assignment warning at receiver.v(95): truncated value with size 32 to match size of target (13) File: C:/Users/N1259534/OneDrive - Nottingham Trent University/Desktop/Simulation_FPGA/NTU_FPGA2-new_permision/NTU_FPGA2/receiver.v Line: 95
Warning (10230): Verilog HDL assignment warning at receiver.v(106): truncated value with size 32 to match size of target (3) File: C:/Users/N1259534/OneDrive - Nottingham Trent University/Desktop/Simulation_FPGA/NTU_FPGA2-new_permision/NTU_FPGA2/receiver.v Line: 106
Warning (10230): Verilog HDL assignment warning at receiver.v(124): truncated value with size 32 to match size of target (13) File: C:/Users/N1259534/OneDrive - Nottingham Trent University/Desktop/Simulation_FPGA/NTU_FPGA2-new_permision/NTU_FPGA2/receiver.v Line: 124
Info (12128): Elaborating entity "transmitter" for hierarchy "qaoa_system:ntuS|ntu_smachine:ns|transmitter:t0" File: C:/Users/N1259534/OneDrive - Nottingham Trent University/Desktop/Simulation_FPGA/NTU_FPGA2-new_permision/NTU_FPGA2/ntu_smachine.sv Line: 115
Warning (10230): Verilog HDL assignment warning at transmitter.v(82): truncated value with size 32 to match size of target (13) File: C:/Users/N1259534/OneDrive - Nottingham Trent University/Desktop/Simulation_FPGA/NTU_FPGA2-new_permision/NTU_FPGA2/transmitter.v Line: 82
Warning (10230): Verilog HDL assignment warning at transmitter.v(100): truncated value with size 32 to match size of target (13) File: C:/Users/N1259534/OneDrive - Nottingham Trent University/Desktop/Simulation_FPGA/NTU_FPGA2-new_permision/NTU_FPGA2/transmitter.v Line: 100
Warning (10230): Verilog HDL assignment warning at transmitter.v(110): truncated value with size 32 to match size of target (3) File: C:/Users/N1259534/OneDrive - Nottingham Trent University/Desktop/Simulation_FPGA/NTU_FPGA2-new_permision/NTU_FPGA2/transmitter.v Line: 110
Warning (10230): Verilog HDL assignment warning at transmitter.v(130): truncated value with size 32 to match size of target (13) File: C:/Users/N1259534/OneDrive - Nottingham Trent University/Desktop/Simulation_FPGA/NTU_FPGA2-new_permision/NTU_FPGA2/transmitter.v Line: 130
Info (12128): Elaborating entity "fifo1" for hierarchy "qaoa_system:ntuS|ntu_smachine:ns|fifo1:fifo1_inst" File: C:/Users/N1259534/OneDrive - Nottingham Trent University/Desktop/Simulation_FPGA/NTU_FPGA2-new_permision/NTU_FPGA2/ntu_smachine.sv Line: 125
Info (12128): Elaborating entity "scfifo" for hierarchy "qaoa_system:ntuS|ntu_smachine:ns|fifo1:fifo1_inst|scfifo:scfifo_component" File: C:/Users/N1259534/OneDrive - Nottingham Trent University/Desktop/Simulation_FPGA/NTU_FPGA2-new_permision/NTU_FPGA2/fifo1.v Line: 76
Info (12130): Elaborated megafunction instantiation "qaoa_system:ntuS|ntu_smachine:ns|fifo1:fifo1_inst|scfifo:scfifo_component" File: C:/Users/N1259534/OneDrive - Nottingham Trent University/Desktop/Simulation_FPGA/NTU_FPGA2-new_permision/NTU_FPGA2/fifo1.v Line: 76
Info (12133): Instantiated megafunction "qaoa_system:ntuS|ntu_smachine:ns|fifo1:fifo1_inst|scfifo:scfifo_component" with the following parameter: File: C:/Users/N1259534/OneDrive - Nottingham Trent University/Desktop/Simulation_FPGA/NTU_FPGA2-new_permision/NTU_FPGA2/fifo1.v Line: 76
    Info (12134): Parameter "add_ram_output_register" = "ON"
    Info (12134): Parameter "intended_device_family" = "Stratix V"
    Info (12134): Parameter "lpm_numwords" = "4"
    Info (12134): Parameter "lpm_showahead" = "OFF"
    Info (12134): Parameter "lpm_type" = "scfifo"
    Info (12134): Parameter "lpm_width" = "8"
    Info (12134): Parameter "lpm_widthu" = "2"
    Info (12134): Parameter "overflow_checking" = "OFF"
    Info (12134): Parameter "underflow_checking" = "OFF"
    Info (12134): Parameter "use_eab" = "ON"
Info (12021): Found 1 design units, including 1 entities, in source file db/scfifo_ghd1.tdf
    Info (12023): Found entity 1: scfifo_ghd1 File: C:/Users/N1259534/OneDrive - Nottingham Trent University/Desktop/Simulation_FPGA/NTU_FPGA2-new_permision/NTU_FPGA2/db/scfifo_ghd1.tdf Line: 24
Info (12128): Elaborating entity "scfifo_ghd1" for hierarchy "qaoa_system:ntuS|ntu_smachine:ns|fifo1:fifo1_inst|scfifo:scfifo_component|scfifo_ghd1:auto_generated" File: c:/intelfpga/17.1/quartus/libraries/megafunctions/scfifo.tdf Line: 299
Info (12021): Found 1 design units, including 1 entities, in source file db/a_dpfifo_nnd1.tdf
    Info (12023): Found entity 1: a_dpfifo_nnd1 File: C:/Users/N1259534/OneDrive - Nottingham Trent University/Desktop/Simulation_FPGA/NTU_FPGA2-new_permision/NTU_FPGA2/db/a_dpfifo_nnd1.tdf Line: 32
Info (12128): Elaborating entity "a_dpfifo_nnd1" for hierarchy "qaoa_system:ntuS|ntu_smachine:ns|fifo1:fifo1_inst|scfifo:scfifo_component|scfifo_ghd1:auto_generated|a_dpfifo_nnd1:dpfifo" File: C:/Users/N1259534/OneDrive - Nottingham Trent University/Desktop/Simulation_FPGA/NTU_FPGA2-new_permision/NTU_FPGA2/db/scfifo_ghd1.tdf Line: 35
Info (12021): Found 1 design units, including 1 entities, in source file db/altsyncram_hor1.tdf
    Info (12023): Found entity 1: altsyncram_hor1 File: C:/Users/N1259534/OneDrive - Nottingham Trent University/Desktop/Simulation_FPGA/NTU_FPGA2-new_permision/NTU_FPGA2/db/altsyncram_hor1.tdf Line: 27
Info (12128): Elaborating entity "altsyncram_hor1" for hierarchy "qaoa_system:ntuS|ntu_smachine:ns|fifo1:fifo1_inst|scfifo:scfifo_component|scfifo_ghd1:auto_generated|a_dpfifo_nnd1:dpfifo|altsyncram_hor1:FIFOram" File: C:/Users/N1259534/OneDrive - Nottingham Trent University/Desktop/Simulation_FPGA/NTU_FPGA2-new_permision/NTU_FPGA2/db/a_dpfifo_nnd1.tdf Line: 44
Info (12021): Found 1 design units, including 1 entities, in source file db/cmpr_3m8.tdf
    Info (12023): Found entity 1: cmpr_3m8 File: C:/Users/N1259534/OneDrive - Nottingham Trent University/Desktop/Simulation_FPGA/NTU_FPGA2-new_permision/NTU_FPGA2/db/cmpr_3m8.tdf Line: 22
Info (12128): Elaborating entity "cmpr_3m8" for hierarchy "qaoa_system:ntuS|ntu_smachine:ns|fifo1:fifo1_inst|scfifo:scfifo_component|scfifo_ghd1:auto_generated|a_dpfifo_nnd1:dpfifo|cmpr_3m8:almost_full_comparer" File: C:/Users/N1259534/OneDrive - Nottingham Trent University/Desktop/Simulation_FPGA/NTU_FPGA2-new_permision/NTU_FPGA2/db/a_dpfifo_nnd1.tdf Line: 52
Info (12128): Elaborating entity "cmpr_3m8" for hierarchy "qaoa_system:ntuS|ntu_smachine:ns|fifo1:fifo1_inst|scfifo:scfifo_component|scfifo_ghd1:auto_generated|a_dpfifo_nnd1:dpfifo|cmpr_3m8:two_comparison" File: C:/Users/N1259534/OneDrive - Nottingham Trent University/Desktop/Simulation_FPGA/NTU_FPGA2-new_permision/NTU_FPGA2/db/a_dpfifo_nnd1.tdf Line: 53
Info (12021): Found 1 design units, including 1 entities, in source file db/cntr_e3b.tdf
    Info (12023): Found entity 1: cntr_e3b File: C:/Users/N1259534/OneDrive - Nottingham Trent University/Desktop/Simulation_FPGA/NTU_FPGA2-new_permision/NTU_FPGA2/db/cntr_e3b.tdf Line: 25
Info (12128): Elaborating entity "cntr_e3b" for hierarchy "qaoa_system:ntuS|ntu_smachine:ns|fifo1:fifo1_inst|scfifo:scfifo_component|scfifo_ghd1:auto_generated|a_dpfifo_nnd1:dpfifo|cntr_e3b:rd_ptr_msb" File: C:/Users/N1259534/OneDrive - Nottingham Trent University/Desktop/Simulation_FPGA/NTU_FPGA2-new_permision/NTU_FPGA2/db/a_dpfifo_nnd1.tdf Line: 54
Info (12021): Found 1 design units, including 1 entities, in source file db/cntr_r37.tdf
    Info (12023): Found entity 1: cntr_r37 File: C:/Users/N1259534/OneDrive - Nottingham Trent University/Desktop/Simulation_FPGA/NTU_FPGA2-new_permision/NTU_FPGA2/db/cntr_r37.tdf Line: 25
Info (12128): Elaborating entity "cntr_r37" for hierarchy "qaoa_system:ntuS|ntu_smachine:ns|fifo1:fifo1_inst|scfifo:scfifo_component|scfifo_ghd1:auto_generated|a_dpfifo_nnd1:dpfifo|cntr_r37:usedw_counter" File: C:/Users/N1259534/OneDrive - Nottingham Trent University/Desktop/Simulation_FPGA/NTU_FPGA2-new_permision/NTU_FPGA2/db/a_dpfifo_nnd1.tdf Line: 55
Info (12021): Found 1 design units, including 1 entities, in source file db/cntr_f3b.tdf
    Info (12023): Found entity 1: cntr_f3b File: C:/Users/N1259534/OneDrive - Nottingham Trent University/Desktop/Simulation_FPGA/NTU_FPGA2-new_permision/NTU_FPGA2/db/cntr_f3b.tdf Line: 25
Info (12128): Elaborating entity "cntr_f3b" for hierarchy "qaoa_system:ntuS|ntu_smachine:ns|fifo1:fifo1_inst|scfifo:scfifo_component|scfifo_ghd1:auto_generated|a_dpfifo_nnd1:dpfifo|cntr_f3b:wr_ptr" File: C:/Users/N1259534/OneDrive - Nottingham Trent University/Desktop/Simulation_FPGA/NTU_FPGA2-new_permision/NTU_FPGA2/db/a_dpfifo_nnd1.tdf Line: 56
Info (12128): Elaborating entity "mulfix8" for hierarchy "qaoa_system:ntuS|ntu_smachine:ns|mulfix8:mulfix8_inst" File: C:/Users/N1259534/OneDrive - Nottingham Trent University/Desktop/Simulation_FPGA/NTU_FPGA2-new_permision/NTU_FPGA2/ntu_smachine.sv Line: 173
Info (12128): Elaborating entity "lpm_mult" for hierarchy "qaoa_system:ntuS|ntu_smachine:ns|mulfix8:mulfix8_inst|lpm_mult:lpm_mult_component" File: C:/Users/N1259534/OneDrive - Nottingham Trent University/Desktop/Simulation_FPGA/NTU_FPGA2-new_permision/NTU_FPGA2/mulfix8.v Line: 61
Info (12130): Elaborated megafunction instantiation "qaoa_system:ntuS|ntu_smachine:ns|mulfix8:mulfix8_inst|lpm_mult:lpm_mult_component" File: C:/Users/N1259534/OneDrive - Nottingham Trent University/Desktop/Simulation_FPGA/NTU_FPGA2-new_permision/NTU_FPGA2/mulfix8.v Line: 61
Info (12133): Instantiated megafunction "qaoa_system:ntuS|ntu_smachine:ns|mulfix8:mulfix8_inst|lpm_mult:lpm_mult_component" with the following parameter: File: C:/Users/N1259534/OneDrive - Nottingham Trent University/Desktop/Simulation_FPGA/NTU_FPGA2-new_permision/NTU_FPGA2/mulfix8.v Line: 61
    Info (12134): Parameter "lpm_hint" = "MAXIMIZE_SPEED=5"
    Info (12134): Parameter "lpm_pipeline" = "7"
    Info (12134): Parameter "lpm_representation" = "SIGNED"
    Info (12134): Parameter "lpm_type" = "LPM_MULT"
    Info (12134): Parameter "lpm_widtha" = "24"
    Info (12134): Parameter "lpm_widthb" = "24"
    Info (12134): Parameter "lpm_widthp" = "48"
Info (12021): Found 1 design units, including 1 entities, in source file db/mult_c0p.v
    Info (12023): Found entity 1: mult_c0p File: C:/Users/N1259534/OneDrive - Nottingham Trent University/Desktop/Simulation_FPGA/NTU_FPGA2-new_permision/NTU_FPGA2/db/mult_c0p.v Line: 28
Info (12128): Elaborating entity "mult_c0p" for hierarchy "qaoa_system:ntuS|ntu_smachine:ns|mulfix8:mulfix8_inst|lpm_mult:lpm_mult_component|mult_c0p:auto_generated" File: c:/intelfpga/17.1/quartus/libraries/megafunctions/lpm_mult.tdf Line: 376
Info (12128): Elaborating entity "addfix8" for hierarchy "qaoa_system:ntuS|ntu_smachine:ns|addfix8:addix8_inst" File: C:/Users/N1259534/OneDrive - Nottingham Trent University/Desktop/Simulation_FPGA/NTU_FPGA2-new_permision/NTU_FPGA2/ntu_smachine.sv Line: 180
Info (12128): Elaborating entity "lpm_add_sub" for hierarchy "qaoa_system:ntuS|ntu_smachine:ns|addfix8:addix8_inst|lpm_add_sub:LPM_ADD_SUB_component" File: C:/Users/N1259534/OneDrive - Nottingham Trent University/Desktop/Simulation_FPGA/NTU_FPGA2-new_permision/NTU_FPGA2/addfix8.v Line: 67
Info (12130): Elaborated megafunction instantiation "qaoa_system:ntuS|ntu_smachine:ns|addfix8:addix8_inst|lpm_add_sub:LPM_ADD_SUB_component" File: C:/Users/N1259534/OneDrive - Nottingham Trent University/Desktop/Simulation_FPGA/NTU_FPGA2-new_permision/NTU_FPGA2/addfix8.v Line: 67
Info (12133): Instantiated megafunction "qaoa_system:ntuS|ntu_smachine:ns|addfix8:addix8_inst|lpm_add_sub:LPM_ADD_SUB_component" with the following parameter: File: C:/Users/N1259534/OneDrive - Nottingham Trent University/Desktop/Simulation_FPGA/NTU_FPGA2-new_permision/NTU_FPGA2/addfix8.v Line: 67
    Info (12134): Parameter "lpm_direction" = "ADD"
    Info (12134): Parameter "lpm_hint" = "ONE_INPUT_IS_CONSTANT=NO,CIN_USED=NO"
    Info (12134): Parameter "lpm_pipeline" = "8"
    Info (12134): Parameter "lpm_representation" = "SIGNED"
    Info (12134): Parameter "lpm_type" = "LPM_ADD_SUB"
    Info (12134): Parameter "lpm_width" = "64"
Info (12021): Found 1 design units, including 1 entities, in source file db/add_sub_0bj.tdf
    Info (12023): Found entity 1: add_sub_0bj File: C:/Users/N1259534/OneDrive - Nottingham Trent University/Desktop/Simulation_FPGA/NTU_FPGA2-new_permision/NTU_FPGA2/db/add_sub_0bj.tdf Line: 25
Info (12128): Elaborating entity "add_sub_0bj" for hierarchy "qaoa_system:ntuS|ntu_smachine:ns|addfix8:addix8_inst|lpm_add_sub:LPM_ADD_SUB_component|add_sub_0bj:auto_generated" File: c:/intelfpga/17.1/quartus/libraries/megafunctions/lpm_add_sub.tdf Line: 118
Info (12128): Elaborating entity "ram" for hierarchy "qaoa_system:ntuS|ram:ram1" File: C:/Users/N1259534/OneDrive - Nottingham Trent University/Desktop/Simulation_FPGA/NTU_FPGA2-new_permision/NTU_FPGA2/qaoa_system.sv Line: 88
Info (12128): Elaborating entity "altsyncram" for hierarchy "qaoa_system:ntuS|ram:ram1|altsyncram:altsyncram_component" File: C:/Users/N1259534/OneDrive - Nottingham Trent University/Desktop/Simulation_FPGA/NTU_FPGA2-new_permision/NTU_FPGA2/ram.v Line: 97
Info (12130): Elaborated megafunction instantiation "qaoa_system:ntuS|ram:ram1|altsyncram:altsyncram_component" File: C:/Users/N1259534/OneDrive - Nottingham Trent University/Desktop/Simulation_FPGA/NTU_FPGA2-new_permision/NTU_FPGA2/ram.v Line: 97
Info (12133): Instantiated megafunction "qaoa_system:ntuS|ram:ram1|altsyncram:altsyncram_component" with the following parameter: File: C:/Users/N1259534/OneDrive - Nottingham Trent University/Desktop/Simulation_FPGA/NTU_FPGA2-new_permision/NTU_FPGA2/ram.v Line: 97
    Info (12134): Parameter "address_reg_b" = "CLOCK0"
    Info (12134): Parameter "clock_enable_input_a" = "BYPASS"
    Info (12134): Parameter "clock_enable_input_b" = "BYPASS"
    Info (12134): Parameter "clock_enable_output_a" = "BYPASS"
    Info (12134): Parameter "clock_enable_output_b" = "BYPASS"
    Info (12134): Parameter "indata_reg_b" = "CLOCK0"
    Info (12134): Parameter "intended_device_family" = "Stratix V"
    Info (12134): Parameter "lpm_type" = "altsyncram"
    Info (12134): Parameter "numwords_a" = "8192"
    Info (12134): Parameter "numwords_b" = "8192"
    Info (12134): Parameter "operation_mode" = "BIDIR_DUAL_PORT"
    Info (12134): Parameter "outdata_aclr_a" = "NONE"
    Info (12134): Parameter "outdata_aclr_b" = "NONE"
    Info (12134): Parameter "outdata_reg_a" = "CLOCK0"
    Info (12134): Parameter "outdata_reg_b" = "CLOCK0"
    Info (12134): Parameter "power_up_uninitialized" = "FALSE"
    Info (12134): Parameter "read_during_write_mode_mixed_ports" = "DONT_CARE"
    Info (12134): Parameter "read_during_write_mode_port_a" = "NEW_DATA_NO_NBE_READ"
    Info (12134): Parameter "read_during_write_mode_port_b" = "NEW_DATA_NO_NBE_READ"
    Info (12134): Parameter "widthad_a" = "13"
    Info (12134): Parameter "widthad_b" = "13"
    Info (12134): Parameter "width_a" = "64"
    Info (12134): Parameter "width_b" = "64"
    Info (12134): Parameter "width_byteena_a" = "1"
    Info (12134): Parameter "width_byteena_b" = "1"
    Info (12134): Parameter "wrcontrol_wraddress_reg_b" = "CLOCK0"
Info (12021): Found 1 design units, including 1 entities, in source file db/altsyncram_esq2.tdf
    Info (12023): Found entity 1: altsyncram_esq2 File: C:/Users/N1259534/OneDrive - Nottingham Trent University/Desktop/Simulation_FPGA/NTU_FPGA2-new_permision/NTU_FPGA2/db/altsyncram_esq2.tdf Line: 27
Info (12128): Elaborating entity "altsyncram_esq2" for hierarchy "qaoa_system:ntuS|ram:ram1|altsyncram:altsyncram_component|altsyncram_esq2:auto_generated" File: c:/intelfpga/17.1/quartus/libraries/megafunctions/altsyncram.tdf Line: 791
Info (12021): Found 1 design units, including 1 entities, in source file db/altsyncram_8pc4.tdf
    Info (12023): Found entity 1: altsyncram_8pc4 File: C:/Users/N1259534/OneDrive - Nottingham Trent University/Desktop/Simulation_FPGA/NTU_FPGA2-new_permision/NTU_FPGA2/db/altsyncram_8pc4.tdf Line: 27
Info (12021): Found 1 design units, including 1 entities, in source file db/mux_gmc.tdf
    Info (12023): Found entity 1: mux_gmc File: C:/Users/N1259534/OneDrive - Nottingham Trent University/Desktop/Simulation_FPGA/NTU_FPGA2-new_permision/NTU_FPGA2/db/mux_gmc.tdf Line: 22
Info (12021): Found 1 design units, including 1 entities, in source file db/decode_1pf.tdf
    Info (12023): Found entity 1: decode_1pf File: C:/Users/N1259534/OneDrive - Nottingham Trent University/Desktop/Simulation_FPGA/NTU_FPGA2-new_permision/NTU_FPGA2/db/decode_1pf.tdf Line: 22
Info (12021): Found 1 design units, including 1 entities, in source file db/cntr_1ai.tdf
    Info (12023): Found entity 1: cntr_1ai File: C:/Users/N1259534/OneDrive - Nottingham Trent University/Desktop/Simulation_FPGA/NTU_FPGA2-new_permision/NTU_FPGA2/db/cntr_1ai.tdf Line: 27
Info (12021): Found 1 design units, including 1 entities, in source file db/cmpr_eac.tdf
    Info (12023): Found entity 1: cmpr_eac File: C:/Users/N1259534/OneDrive - Nottingham Trent University/Desktop/Simulation_FPGA/NTU_FPGA2-new_permision/NTU_FPGA2/db/cmpr_eac.tdf Line: 22
Info (12021): Found 1 design units, including 1 entities, in source file db/cntr_60j.tdf
    Info (12023): Found entity 1: cntr_60j File: C:/Users/N1259534/OneDrive - Nottingham Trent University/Desktop/Simulation_FPGA/NTU_FPGA2-new_permision/NTU_FPGA2/db/cntr_60j.tdf Line: 25
Info (12021): Found 1 design units, including 1 entities, in source file db/cntr_2ai.tdf
    Info (12023): Found entity 1: cntr_2ai File: C:/Users/N1259534/OneDrive - Nottingham Trent University/Desktop/Simulation_FPGA/NTU_FPGA2-new_permision/NTU_FPGA2/db/cntr_2ai.tdf Line: 27
Info (12021): Found 1 design units, including 1 entities, in source file db/cntr_msi.tdf
    Info (12023): Found entity 1: cntr_msi File: C:/Users/N1259534/OneDrive - Nottingham Trent University/Desktop/Simulation_FPGA/NTU_FPGA2-new_permision/NTU_FPGA2/db/cntr_msi.tdf Line: 27
Info (12021): Found 1 design units, including 1 entities, in source file db/cmpr_bac.tdf
    Info (12023): Found entity 1: cmpr_bac File: C:/Users/N1259534/OneDrive - Nottingham Trent University/Desktop/Simulation_FPGA/NTU_FPGA2-new_permision/NTU_FPGA2/db/cmpr_bac.tdf Line: 22
Info (12033): Analysis and Synthesis generated Signal Tap or debug node instance "auto_signaltap_0"
Info (11170): Starting IP generation for the debug fabric: alt_sld_fab.
Info (11172): 2025.10.03.16:04:23 Progress: Loading sld24e5314a/alt_sld_fab_wrapper_hw.tcl
Info (11172): Alt_sld_fab.alt_sld_fab: SLD fabric agents which did not specify prefer_host were connected to JTAG
Info (11172): Alt_sld_fab: Generating alt_sld_fab "alt_sld_fab" for QUARTUS_SYNTH
Info (11172): Alt_sld_fab: "alt_sld_fab" instantiated alt_sld_fab "alt_sld_fab"
Info (11172): Presplit: "alt_sld_fab" instantiated altera_super_splitter "presplit"
Info (11172): Splitter: "alt_sld_fab" instantiated altera_sld_splitter "splitter"
Info (11172): Sldfabric: "alt_sld_fab" instantiated altera_sld_jtag_hub "sldfabric"
Info (11172): Ident: "alt_sld_fab" instantiated altera_connection_identification_hub "ident"
Info (11172): Alt_sld_fab: Done "alt_sld_fab" with 6 modules, 6 files
Info (11171): Finished IP generation for the debug fabric: alt_sld_fab.
Info (12021): Found 1 design units, including 1 entities, in source file db/ip/sld24e5314a/alt_sld_fab.v
    Info (12023): Found entity 1: alt_sld_fab File: C:/Users/N1259534/OneDrive - Nottingham Trent University/Desktop/Simulation_FPGA/NTU_FPGA2-new_permision/NTU_FPGA2/db/ip/sld24e5314a/alt_sld_fab.v Line: 9
Info (12021): Found 1 design units, including 1 entities, in source file db/ip/sld24e5314a/submodules/alt_sld_fab_alt_sld_fab.v
    Info (12023): Found entity 1: alt_sld_fab_alt_sld_fab File: C:/Users/N1259534/OneDrive - Nottingham Trent University/Desktop/Simulation_FPGA/NTU_FPGA2-new_permision/NTU_FPGA2/db/ip/sld24e5314a/submodules/alt_sld_fab_alt_sld_fab.v Line: 9
Info (12021): Found 1 design units, including 1 entities, in source file db/ip/sld24e5314a/submodules/alt_sld_fab_alt_sld_fab_ident.sv
    Info (12023): Found entity 1: alt_sld_fab_alt_sld_fab_ident File: C:/Users/N1259534/OneDrive - Nottingham Trent University/Desktop/Simulation_FPGA/NTU_FPGA2-new_permision/NTU_FPGA2/db/ip/sld24e5314a/submodules/alt_sld_fab_alt_sld_fab_ident.sv Line: 33
Info (12021): Found 1 design units, including 1 entities, in source file db/ip/sld24e5314a/submodules/alt_sld_fab_alt_sld_fab_presplit.sv
    Info (12023): Found entity 1: alt_sld_fab_alt_sld_fab_presplit File: C:/Users/N1259534/OneDrive - Nottingham Trent University/Desktop/Simulation_FPGA/NTU_FPGA2-new_permision/NTU_FPGA2/db/ip/sld24e5314a/submodules/alt_sld_fab_alt_sld_fab_presplit.sv Line: 3
Info (12021): Found 2 design units, including 1 entities, in source file db/ip/sld24e5314a/submodules/alt_sld_fab_alt_sld_fab_sldfabric.vhd
    Info (12022): Found design unit 1: alt_sld_fab_alt_sld_fab_sldfabric-rtl File: C:/Users/N1259534/OneDrive - Nottingham Trent University/Desktop/Simulation_FPGA/NTU_FPGA2-new_permision/NTU_FPGA2/db/ip/sld24e5314a/submodules/alt_sld_fab_alt_sld_fab_sldfabric.vhd Line: 102
    Info (12023): Found entity 1: alt_sld_fab_alt_sld_fab_sldfabric File: C:/Users/N1259534/OneDrive - Nottingham Trent University/Desktop/Simulation_FPGA/NTU_FPGA2-new_permision/NTU_FPGA2/db/ip/sld24e5314a/submodules/alt_sld_fab_alt_sld_fab_sldfabric.vhd Line: 11
Info (12021): Found 1 design units, including 1 entities, in source file db/ip/sld24e5314a/submodules/alt_sld_fab_alt_sld_fab_splitter.sv
    Info (12023): Found entity 1: alt_sld_fab_alt_sld_fab_splitter File: C:/Users/N1259534/OneDrive - Nottingham Trent University/Desktop/Simulation_FPGA/NTU_FPGA2-new_permision/NTU_FPGA2/db/ip/sld24e5314a/submodules/alt_sld_fab_alt_sld_fab_splitter.sv Line: 3
Warning (14284): Synthesized away the following node(s):
    Warning (14285): Synthesized away the following PLL node(s):
        Warning (14320): Synthesized away node "pll2:comb_19|pll2_0002:pll2_inst|altera_pll:altera_pll_i|outclk_wire[1]" File: c:/intelfpga/17.1/quartus/libraries/megafunctions/altera_pll.v Line: 748
Info (286031): Timing-Driven Synthesis is running on partition "Top"
Info (19000): Inferred 1 megafunctions from design logic
    Info (276034): Inferred altshift_taps megafunction from the following design logic: "qaoa_system:ntuS|ntu_smachine:ns|mulfix8:mulfix8_inst|lpm_mult:lpm_mult_component|mult_c0p:auto_generated|result_extra2_reg_rtl_0"
        Info (286033): Parameter NUMBER_OF_TAPS set to 1
        Info (286033): Parameter TAP_DISTANCE set to 4
        Info (286033): Parameter WIDTH set to 48
        Info (286033): Parameter POWER_UP_STATE set to DONT_CARE
Info (278001): Inferred 2 megafunctions from design logic
    Info (278004): Inferred divider/modulo megafunction ("lpm_divide") from the following logic: "Fan_Control:u0|Div1" File: C:/Users/N1259534/OneDrive - Nottingham Trent University/Desktop/Simulation_FPGA/NTU_FPGA2-new_permision/NTU_FPGA2/Fan/Fan_Control.v Line: 59
    Info (278004): Inferred divider/modulo megafunction ("lpm_divide") from the following logic: "Fan_Control:u0|Div0" File: C:/Users/N1259534/OneDrive - Nottingham Trent University/Desktop/Simulation_FPGA/NTU_FPGA2-new_permision/NTU_FPGA2/Fan/Fan_Control.v Line: 58
Info (12130): Elaborated megafunction instantiation "qaoa_system:ntuS|ntu_smachine:ns|mulfix8:mulfix8_inst|lpm_mult:lpm_mult_component|mult_c0p:auto_generated|altshift_taps:result_extra2_reg_rtl_0"
Info (12133): Instantiated megafunction "qaoa_system:ntuS|ntu_smachine:ns|mulfix8:mulfix8_inst|lpm_mult:lpm_mult_component|mult_c0p:auto_generated|altshift_taps:result_extra2_reg_rtl_0" with the following parameter:
    Info (12134): Parameter "NUMBER_OF_TAPS" = "1"
    Info (12134): Parameter "TAP_DISTANCE" = "4"
    Info (12134): Parameter "WIDTH" = "48"
    Info (12134): Parameter "POWER_UP_STATE" = "DONT_CARE"
Info (12021): Found 1 design units, including 1 entities, in source file db/shift_taps_tu51.tdf
    Info (12023): Found entity 1: shift_taps_tu51 File: C:/Users/N1259534/OneDrive - Nottingham Trent University/Desktop/Simulation_FPGA/NTU_FPGA2-new_permision/NTU_FPGA2/db/shift_taps_tu51.tdf Line: 26
Info (12021): Found 1 design units, including 1 entities, in source file db/altsyncram_n9e1.tdf
    Info (12023): Found entity 1: altsyncram_n9e1 File: C:/Users/N1259534/OneDrive - Nottingham Trent University/Desktop/Simulation_FPGA/NTU_FPGA2-new_permision/NTU_FPGA2/db/altsyncram_n9e1.tdf Line: 27
Info (12021): Found 1 design units, including 1 entities, in source file db/cntr_rif.tdf
    Info (12023): Found entity 1: cntr_rif File: C:/Users/N1259534/OneDrive - Nottingham Trent University/Desktop/Simulation_FPGA/NTU_FPGA2-new_permision/NTU_FPGA2/db/cntr_rif.tdf Line: 25
Info (12130): Elaborated megafunction instantiation "Fan_Control:u0|lpm_divide:Div1" File: C:/Users/N1259534/OneDrive - Nottingham Trent University/Desktop/Simulation_FPGA/NTU_FPGA2-new_permision/NTU_FPGA2/Fan/Fan_Control.v Line: 59
Info (12133): Instantiated megafunction "Fan_Control:u0|lpm_divide:Div1" with the following parameter: File: C:/Users/N1259534/OneDrive - Nottingham Trent University/Desktop/Simulation_FPGA/NTU_FPGA2-new_permision/NTU_FPGA2/Fan/Fan_Control.v Line: 59
    Info (12134): Parameter "LPM_WIDTHN" = "12"
    Info (12134): Parameter "LPM_WIDTHD" = "13"
    Info (12134): Parameter "LPM_NREPRESENTATION" = "UNSIGNED"
    Info (12134): Parameter "LPM_DREPRESENTATION" = "UNSIGNED"
Info (12021): Found 1 design units, including 1 entities, in source file db/lpm_divide_2em.tdf
    Info (12023): Found entity 1: lpm_divide_2em File: C:/Users/N1259534/OneDrive - Nottingham Trent University/Desktop/Simulation_FPGA/NTU_FPGA2-new_permision/NTU_FPGA2/db/lpm_divide_2em.tdf Line: 24
Info (12021): Found 1 design units, including 1 entities, in source file db/sign_div_unsign_7nh.tdf
    Info (12023): Found entity 1: sign_div_unsign_7nh File: C:/Users/N1259534/OneDrive - Nottingham Trent University/Desktop/Simulation_FPGA/NTU_FPGA2-new_permision/NTU_FPGA2/db/sign_div_unsign_7nh.tdf Line: 24
Info (12021): Found 1 design units, including 1 entities, in source file db/alt_u_div_m3f.tdf
    Info (12023): Found entity 1: alt_u_div_m3f File: C:/Users/N1259534/OneDrive - Nottingham Trent University/Desktop/Simulation_FPGA/NTU_FPGA2-new_permision/NTU_FPGA2/db/alt_u_div_m3f.tdf Line: 22
Info (12130): Elaborated megafunction instantiation "Fan_Control:u0|lpm_divide:Div0" File: C:/Users/N1259534/OneDrive - Nottingham Trent University/Desktop/Simulation_FPGA/NTU_FPGA2-new_permision/NTU_FPGA2/Fan/Fan_Control.v Line: 58
Info (12133): Instantiated megafunction "Fan_Control:u0|lpm_divide:Div0" with the following parameter: File: C:/Users/N1259534/OneDrive - Nottingham Trent University/Desktop/Simulation_FPGA/NTU_FPGA2-new_permision/NTU_FPGA2/Fan/Fan_Control.v Line: 58
    Info (12134): Parameter "LPM_WIDTHN" = "13"
    Info (12134): Parameter "LPM_WIDTHD" = "6"
    Info (12134): Parameter "LPM_NREPRESENTATION" = "UNSIGNED"
    Info (12134): Parameter "LPM_DREPRESENTATION" = "UNSIGNED"
Info (12021): Found 1 design units, including 1 entities, in source file db/lpm_divide_lcm.tdf
    Info (12023): Found entity 1: lpm_divide_lcm File: C:/Users/N1259534/OneDrive - Nottingham Trent University/Desktop/Simulation_FPGA/NTU_FPGA2-new_permision/NTU_FPGA2/db/lpm_divide_lcm.tdf Line: 24
Info (12021): Found 1 design units, including 1 entities, in source file db/sign_div_unsign_plh.tdf
    Info (12023): Found entity 1: sign_div_unsign_plh File: C:/Users/N1259534/OneDrive - Nottingham Trent University/Desktop/Simulation_FPGA/NTU_FPGA2-new_permision/NTU_FPGA2/db/sign_div_unsign_plh.tdf Line: 24
Info (12021): Found 1 design units, including 1 entities, in source file db/alt_u_div_q0f.tdf
    Info (12023): Found entity 1: alt_u_div_q0f File: C:/Users/N1259534/OneDrive - Nottingham Trent University/Desktop/Simulation_FPGA/NTU_FPGA2-new_permision/NTU_FPGA2/db/alt_u_div_q0f.tdf Line: 22
Warning (12241): 2 hierarchies have connectivity warnings - see the Connectivity Checks report folder
Warning (13034): The following nodes have both tri-state and non-tri-state drivers
    Warning (13035): Inserted always-enabled tri-state buffer between "FPGA_I2C_SCL" and its non-tri-state driver. File: C:/Users/N1259534/OneDrive - Nottingham Trent University/Desktop/Simulation_FPGA/NTU_FPGA2-new_permision/NTU_FPGA2/Golden_TOP2.v Line: 141
    Warning (13035): Inserted always-enabled tri-state buffer between "GPIO[8]" and its non-tri-state driver. File: C:/Users/N1259534/OneDrive - Nottingham Trent University/Desktop/Simulation_FPGA/NTU_FPGA2-new_permision/NTU_FPGA2/Golden_TOP2.v Line: 152
Warning (13039): The following bidirectional pins have no drivers
    Warning (13040): bidirectional pin "FSM_D[0]" has no driver File: C:/Users/N1259534/OneDrive - Nottingham Trent University/Desktop/Simulation_FPGA/NTU_FPGA2-new_permision/NTU_FPGA2/Golden_TOP2.v Line: 87
    Warning (13040): bidirectional pin "FSM_D[1]" has no driver File: C:/Users/N1259534/OneDrive - Nottingham Trent University/Desktop/Simulation_FPGA/NTU_FPGA2-new_permision/NTU_FPGA2/Golden_TOP2.v Line: 87
    Warning (13040): bidirectional pin "FSM_D[2]" has no driver File: C:/Users/N1259534/OneDrive - Nottingham Trent University/Desktop/Simulation_FPGA/NTU_FPGA2-new_permision/NTU_FPGA2/Golden_TOP2.v Line: 87
    Warning (13040): bidirectional pin "FSM_D[3]" has no driver File: C:/Users/N1259534/OneDrive - Nottingham Trent University/Desktop/Simulation_FPGA/NTU_FPGA2-new_permision/NTU_FPGA2/Golden_TOP2.v Line: 87
    Warning (13040): bidirectional pin "FSM_D[4]" has no driver File: C:/Users/N1259534/OneDrive - Nottingham Trent University/Desktop/Simulation_FPGA/NTU_FPGA2-new_permision/NTU_FPGA2/Golden_TOP2.v Line: 87
    Warning (13040): bidirectional pin "FSM_D[5]" has no driver File: C:/Users/N1259534/OneDrive - Nottingham Trent University/Desktop/Simulation_FPGA/NTU_FPGA2-new_permision/NTU_FPGA2/Golden_TOP2.v Line: 87
    Warning (13040): bidirectional pin "FSM_D[6]" has no driver File: C:/Users/N1259534/OneDrive - Nottingham Trent University/Desktop/Simulation_FPGA/NTU_FPGA2-new_permision/NTU_FPGA2/Golden_TOP2.v Line: 87
    Warning (13040): bidirectional pin "FSM_D[7]" has no driver File: C:/Users/N1259534/OneDrive - Nottingham Trent University/Desktop/Simulation_FPGA/NTU_FPGA2-new_permision/NTU_FPGA2/Golden_TOP2.v Line: 87
    Warning (13040): bidirectional pin "FSM_D[8]" has no driver File: C:/Users/N1259534/OneDrive - Nottingham Trent University/Desktop/Simulation_FPGA/NTU_FPGA2-new_permision/NTU_FPGA2/Golden_TOP2.v Line: 87
    Warning (13040): bidirectional pin "FSM_D[9]" has no driver File: C:/Users/N1259534/OneDrive - Nottingham Trent University/Desktop/Simulation_FPGA/NTU_FPGA2-new_permision/NTU_FPGA2/Golden_TOP2.v Line: 87
    Warning (13040): bidirectional pin "FSM_D[10]" has no driver File: C:/Users/N1259534/OneDrive - Nottingham Trent University/Desktop/Simulation_FPGA/NTU_FPGA2-new_permision/NTU_FPGA2/Golden_TOP2.v Line: 87
    Warning (13040): bidirectional pin "FSM_D[11]" has no driver File: C:/Users/N1259534/OneDrive - Nottingham Trent University/Desktop/Simulation_FPGA/NTU_FPGA2-new_permision/NTU_FPGA2/Golden_TOP2.v Line: 87
    Warning (13040): bidirectional pin "FSM_D[12]" has no driver File: C:/Users/N1259534/OneDrive - Nottingham Trent University/Desktop/Simulation_FPGA/NTU_FPGA2-new_permision/NTU_FPGA2/Golden_TOP2.v Line: 87
    Warning (13040): bidirectional pin "FSM_D[13]" has no driver File: C:/Users/N1259534/OneDrive - Nottingham Trent University/Desktop/Simulation_FPGA/NTU_FPGA2-new_permision/NTU_FPGA2/Golden_TOP2.v Line: 87
    Warning (13040): bidirectional pin "FSM_D[14]" has no driver File: C:/Users/N1259534/OneDrive - Nottingham Trent University/Desktop/Simulation_FPGA/NTU_FPGA2-new_permision/NTU_FPGA2/Golden_TOP2.v Line: 87
    Warning (13040): bidirectional pin "FSM_D[15]" has no driver File: C:/Users/N1259534/OneDrive - Nottingham Trent University/Desktop/Simulation_FPGA/NTU_FPGA2-new_permision/NTU_FPGA2/Golden_TOP2.v Line: 87
    Warning (13040): bidirectional pin "SD_DATA[0]" has no driver File: C:/Users/N1259534/OneDrive - Nottingham Trent University/Desktop/Simulation_FPGA/NTU_FPGA2-new_permision/NTU_FPGA2/Golden_TOP2.v Line: 91
    Warning (13040): bidirectional pin "SD_DATA[1]" has no driver File: C:/Users/N1259534/OneDrive - Nottingham Trent University/Desktop/Simulation_FPGA/NTU_FPGA2-new_permision/NTU_FPGA2/Golden_TOP2.v Line: 91
    Warning (13040): bidirectional pin "SD_DATA[2]" has no driver File: C:/Users/N1259534/OneDrive - Nottingham Trent University/Desktop/Simulation_FPGA/NTU_FPGA2-new_permision/NTU_FPGA2/Golden_TOP2.v Line: 91
    Warning (13040): bidirectional pin "SD_DATA[3]" has no driver File: C:/Users/N1259534/OneDrive - Nottingham Trent University/Desktop/Simulation_FPGA/NTU_FPGA2-new_permision/NTU_FPGA2/Golden_TOP2.v Line: 91
    Warning (13040): bidirectional pin "SD_CMD" has no driver File: C:/Users/N1259534/OneDrive - Nottingham Trent University/Desktop/Simulation_FPGA/NTU_FPGA2-new_permision/NTU_FPGA2/Golden_TOP2.v Line: 92
    Warning (13040): bidirectional pin "TPS40422_DATA" has no driver File: C:/Users/N1259534/OneDrive - Nottingham Trent University/Desktop/Simulation_FPGA/NTU_FPGA2-new_permision/NTU_FPGA2/Golden_TOP2.v Line: 127
    Warning (13040): bidirectional pin "CLOCK_SDA" has no driver File: C:/Users/N1259534/OneDrive - Nottingham Trent University/Desktop/Simulation_FPGA/NTU_FPGA2-new_permision/NTU_FPGA2/Golden_TOP2.v Line: 138
    Warning (13040): bidirectional pin "GPIO[16]" has no driver File: C:/Users/N1259534/OneDrive - Nottingham Trent University/Desktop/Simulation_FPGA/NTU_FPGA2-new_permision/NTU_FPGA2/Golden_TOP2.v Line: 152
    Warning (13040): bidirectional pin "GPIO[17]" has no driver File: C:/Users/N1259534/OneDrive - Nottingham Trent University/Desktop/Simulation_FPGA/NTU_FPGA2-new_permision/NTU_FPGA2/Golden_TOP2.v Line: 152
    Warning (13040): bidirectional pin "GPIO[18]" has no driver File: C:/Users/N1259534/OneDrive - Nottingham Trent University/Desktop/Simulation_FPGA/NTU_FPGA2-new_permision/NTU_FPGA2/Golden_TOP2.v Line: 152
    Warning (13040): bidirectional pin "GPIO[19]" has no driver File: C:/Users/N1259534/OneDrive - Nottingham Trent University/Desktop/Simulation_FPGA/NTU_FPGA2-new_permision/NTU_FPGA2/Golden_TOP2.v Line: 152
    Warning (13040): bidirectional pin "GPIO[20]" has no driver File: C:/Users/N1259534/OneDrive - Nottingham Trent University/Desktop/Simulation_FPGA/NTU_FPGA2-new_permision/NTU_FPGA2/Golden_TOP2.v Line: 152
    Warning (13040): bidirectional pin "GPIO[21]" has no driver File: C:/Users/N1259534/OneDrive - Nottingham Trent University/Desktop/Simulation_FPGA/NTU_FPGA2-new_permision/NTU_FPGA2/Golden_TOP2.v Line: 152
    Warning (13040): bidirectional pin "GPIO[22]" has no driver File: C:/Users/N1259534/OneDrive - Nottingham Trent University/Desktop/Simulation_FPGA/NTU_FPGA2-new_permision/NTU_FPGA2/Golden_TOP2.v Line: 152
    Warning (13040): bidirectional pin "GPIO[23]" has no driver File: C:/Users/N1259534/OneDrive - Nottingham Trent University/Desktop/Simulation_FPGA/NTU_FPGA2-new_permision/NTU_FPGA2/Golden_TOP2.v Line: 152
    Warning (13040): bidirectional pin "GPIO[24]" has no driver File: C:/Users/N1259534/OneDrive - Nottingham Trent University/Desktop/Simulation_FPGA/NTU_FPGA2-new_permision/NTU_FPGA2/Golden_TOP2.v Line: 152
    Warning (13040): bidirectional pin "GPIO[25]" has no driver File: C:/Users/N1259534/OneDrive - Nottingham Trent University/Desktop/Simulation_FPGA/NTU_FPGA2-new_permision/NTU_FPGA2/Golden_TOP2.v Line: 152
    Warning (13040): bidirectional pin "GPIO[26]" has no driver File: C:/Users/N1259534/OneDrive - Nottingham Trent University/Desktop/Simulation_FPGA/NTU_FPGA2-new_permision/NTU_FPGA2/Golden_TOP2.v Line: 152
    Warning (13040): bidirectional pin "GPIO[27]" has no driver File: C:/Users/N1259534/OneDrive - Nottingham Trent University/Desktop/Simulation_FPGA/NTU_FPGA2-new_permision/NTU_FPGA2/Golden_TOP2.v Line: 152
    Warning (13040): bidirectional pin "GPIO[28]" has no driver File: C:/Users/N1259534/OneDrive - Nottingham Trent University/Desktop/Simulation_FPGA/NTU_FPGA2-new_permision/NTU_FPGA2/Golden_TOP2.v Line: 152
    Warning (13040): bidirectional pin "GPIO[29]" has no driver File: C:/Users/N1259534/OneDrive - Nottingham Trent University/Desktop/Simulation_FPGA/NTU_FPGA2-new_permision/NTU_FPGA2/Golden_TOP2.v Line: 152
    Warning (13040): bidirectional pin "GPIO[30]" has no driver File: C:/Users/N1259534/OneDrive - Nottingham Trent University/Desktop/Simulation_FPGA/NTU_FPGA2-new_permision/NTU_FPGA2/Golden_TOP2.v Line: 152
    Warning (13040): bidirectional pin "GPIO[31]" has no driver File: C:/Users/N1259534/OneDrive - Nottingham Trent University/Desktop/Simulation_FPGA/NTU_FPGA2-new_permision/NTU_FPGA2/Golden_TOP2.v Line: 152
    Warning (13040): bidirectional pin "GPIO[32]" has no driver File: C:/Users/N1259534/OneDrive - Nottingham Trent University/Desktop/Simulation_FPGA/NTU_FPGA2-new_permision/NTU_FPGA2/Golden_TOP2.v Line: 152
    Warning (13040): bidirectional pin "GPIO[33]" has no driver File: C:/Users/N1259534/OneDrive - Nottingham Trent University/Desktop/Simulation_FPGA/NTU_FPGA2-new_permision/NTU_FPGA2/Golden_TOP2.v Line: 152
    Warning (13040): bidirectional pin "GPIO[34]" has no driver File: C:/Users/N1259534/OneDrive - Nottingham Trent University/Desktop/Simulation_FPGA/NTU_FPGA2-new_permision/NTU_FPGA2/Golden_TOP2.v Line: 152
    Warning (13040): bidirectional pin "GPIO[35]" has no driver File: C:/Users/N1259534/OneDrive - Nottingham Trent University/Desktop/Simulation_FPGA/NTU_FPGA2-new_permision/NTU_FPGA2/Golden_TOP2.v Line: 152
    Warning (13040): bidirectional pin "FMCA_HA_TX_p[0]" has no driver File: C:/Users/N1259534/OneDrive - Nottingham Trent University/Desktop/Simulation_FPGA/NTU_FPGA2-new_permision/NTU_FPGA2/Golden_TOP2.v Line: 169
    Warning (13040): bidirectional pin "FMCA_HA_TX_p[1]" has no driver File: C:/Users/N1259534/OneDrive - Nottingham Trent University/Desktop/Simulation_FPGA/NTU_FPGA2-new_permision/NTU_FPGA2/Golden_TOP2.v Line: 169
    Warning (13040): bidirectional pin "FMCA_HA_TX_p[2]" has no driver File: C:/Users/N1259534/OneDrive - Nottingham Trent University/Desktop/Simulation_FPGA/NTU_FPGA2-new_permision/NTU_FPGA2/Golden_TOP2.v Line: 169
    Warning (13040): bidirectional pin "FMCA_HA_TX_p[3]" has no driver File: C:/Users/N1259534/OneDrive - Nottingham Trent University/Desktop/Simulation_FPGA/NTU_FPGA2-new_permision/NTU_FPGA2/Golden_TOP2.v Line: 169
    Warning (13040): bidirectional pin "FMCA_HA_TX_p[4]" has no driver File: C:/Users/N1259534/OneDrive - Nottingham Trent University/Desktop/Simulation_FPGA/NTU_FPGA2-new_permision/NTU_FPGA2/Golden_TOP2.v Line: 169
    Warning (13040): bidirectional pin "FMCA_HA_TX_p[5]" has no driver File: C:/Users/N1259534/OneDrive - Nottingham Trent University/Desktop/Simulation_FPGA/NTU_FPGA2-new_permision/NTU_FPGA2/Golden_TOP2.v Line: 169
    Warning (13040): bidirectional pin "FMCA_HA_TX_p[6]" has no driver File: C:/Users/N1259534/OneDrive - Nottingham Trent University/Desktop/Simulation_FPGA/NTU_FPGA2-new_permision/NTU_FPGA2/Golden_TOP2.v Line: 169
    Warning (13040): bidirectional pin "FMCA_HA_TX_p[7]" has no driver File: C:/Users/N1259534/OneDrive - Nottingham Trent University/Desktop/Simulation_FPGA/NTU_FPGA2-new_permision/NTU_FPGA2/Golden_TOP2.v Line: 169
    Warning (13040): bidirectional pin "FMCA_HA_TX_p[8]" has no driver File: C:/Users/N1259534/OneDrive - Nottingham Trent University/Desktop/Simulation_FPGA/NTU_FPGA2-new_permision/NTU_FPGA2/Golden_TOP2.v Line: 169
    Warning (13040): bidirectional pin "FMCA_HA_TX_p[9]" has no driver File: C:/Users/N1259534/OneDrive - Nottingham Trent University/Desktop/Simulation_FPGA/NTU_FPGA2-new_permision/NTU_FPGA2/Golden_TOP2.v Line: 169
    Warning (13040): bidirectional pin "FMCA_HA_TX_p[10]" has no driver File: C:/Users/N1259534/OneDrive - Nottingham Trent University/Desktop/Simulation_FPGA/NTU_FPGA2-new_permision/NTU_FPGA2/Golden_TOP2.v Line: 169
    Warning (13040): bidirectional pin "FMCA_HA_TX_n[0]" has no driver File: C:/Users/N1259534/OneDrive - Nottingham Trent University/Desktop/Simulation_FPGA/NTU_FPGA2-new_permision/NTU_FPGA2/Golden_TOP2.v Line: 170
    Warning (13040): bidirectional pin "FMCA_HA_TX_n[1]" has no driver File: C:/Users/N1259534/OneDrive - Nottingham Trent University/Desktop/Simulation_FPGA/NTU_FPGA2-new_permision/NTU_FPGA2/Golden_TOP2.v Line: 170
    Warning (13040): bidirectional pin "FMCA_HA_TX_n[2]" has no driver File: C:/Users/N1259534/OneDrive - Nottingham Trent University/Desktop/Simulation_FPGA/NTU_FPGA2-new_permision/NTU_FPGA2/Golden_TOP2.v Line: 170
    Warning (13040): bidirectional pin "FMCA_HA_TX_n[3]" has no driver File: C:/Users/N1259534/OneDrive - Nottingham Trent University/Desktop/Simulation_FPGA/NTU_FPGA2-new_permision/NTU_FPGA2/Golden_TOP2.v Line: 170
    Warning (13040): bidirectional pin "FMCA_HA_TX_n[4]" has no driver File: C:/Users/N1259534/OneDrive - Nottingham Trent University/Desktop/Simulation_FPGA/NTU_FPGA2-new_permision/NTU_FPGA2/Golden_TOP2.v Line: 170
    Warning (13040): bidirectional pin "FMCA_HA_TX_n[5]" has no driver File: C:/Users/N1259534/OneDrive - Nottingham Trent University/Desktop/Simulation_FPGA/NTU_FPGA2-new_permision/NTU_FPGA2/Golden_TOP2.v Line: 170
    Warning (13040): bidirectional pin "FMCA_HA_TX_n[6]" has no driver File: C:/Users/N1259534/OneDrive - Nottingham Trent University/Desktop/Simulation_FPGA/NTU_FPGA2-new_permision/NTU_FPGA2/Golden_TOP2.v Line: 170
    Warning (13040): bidirectional pin "FMCA_HA_TX_n[7]" has no driver File: C:/Users/N1259534/OneDrive - Nottingham Trent University/Desktop/Simulation_FPGA/NTU_FPGA2-new_permision/NTU_FPGA2/Golden_TOP2.v Line: 170
    Warning (13040): bidirectional pin "FMCA_HA_TX_n[8]" has no driver File: C:/Users/N1259534/OneDrive - Nottingham Trent University/Desktop/Simulation_FPGA/NTU_FPGA2-new_permision/NTU_FPGA2/Golden_TOP2.v Line: 170
    Warning (13040): bidirectional pin "FMCA_HA_TX_n[9]" has no driver File: C:/Users/N1259534/OneDrive - Nottingham Trent University/Desktop/Simulation_FPGA/NTU_FPGA2-new_permision/NTU_FPGA2/Golden_TOP2.v Line: 170
    Warning (13040): bidirectional pin "FMCA_HA_TX_n[10]" has no driver File: C:/Users/N1259534/OneDrive - Nottingham Trent University/Desktop/Simulation_FPGA/NTU_FPGA2-new_permision/NTU_FPGA2/Golden_TOP2.v Line: 170
    Warning (13040): bidirectional pin "FMCA_HA_RX_p[0]" has no driver File: C:/Users/N1259534/OneDrive - Nottingham Trent University/Desktop/Simulation_FPGA/NTU_FPGA2-new_permision/NTU_FPGA2/Golden_TOP2.v Line: 171
    Warning (13040): bidirectional pin "FMCA_HA_RX_p[1]" has no driver File: C:/Users/N1259534/OneDrive - Nottingham Trent University/Desktop/Simulation_FPGA/NTU_FPGA2-new_permision/NTU_FPGA2/Golden_TOP2.v Line: 171
    Warning (13040): bidirectional pin "FMCA_HA_RX_p[2]" has no driver File: C:/Users/N1259534/OneDrive - Nottingham Trent University/Desktop/Simulation_FPGA/NTU_FPGA2-new_permision/NTU_FPGA2/Golden_TOP2.v Line: 171
    Warning (13040): bidirectional pin "FMCA_HA_RX_p[3]" has no driver File: C:/Users/N1259534/OneDrive - Nottingham Trent University/Desktop/Simulation_FPGA/NTU_FPGA2-new_permision/NTU_FPGA2/Golden_TOP2.v Line: 171
    Warning (13040): bidirectional pin "FMCA_HA_RX_p[4]" has no driver File: C:/Users/N1259534/OneDrive - Nottingham Trent University/Desktop/Simulation_FPGA/NTU_FPGA2-new_permision/NTU_FPGA2/Golden_TOP2.v Line: 171
    Warning (13040): bidirectional pin "FMCA_HA_RX_p[5]" has no driver File: C:/Users/N1259534/OneDrive - Nottingham Trent University/Desktop/Simulation_FPGA/NTU_FPGA2-new_permision/NTU_FPGA2/Golden_TOP2.v Line: 171
    Warning (13040): bidirectional pin "FMCA_HA_RX_p[6]" has no driver File: C:/Users/N1259534/OneDrive - Nottingham Trent University/Desktop/Simulation_FPGA/NTU_FPGA2-new_permision/NTU_FPGA2/Golden_TOP2.v Line: 171
    Warning (13040): bidirectional pin "FMCA_HA_RX_p[7]" has no driver File: C:/Users/N1259534/OneDrive - Nottingham Trent University/Desktop/Simulation_FPGA/NTU_FPGA2-new_permision/NTU_FPGA2/Golden_TOP2.v Line: 171
    Warning (13040): bidirectional pin "FMCA_HA_RX_p[8]" has no driver File: C:/Users/N1259534/OneDrive - Nottingham Trent University/Desktop/Simulation_FPGA/NTU_FPGA2-new_permision/NTU_FPGA2/Golden_TOP2.v Line: 171
    Warning (13040): bidirectional pin "FMCA_HA_RX_p[9]" has no driver File: C:/Users/N1259534/OneDrive - Nottingham Trent University/Desktop/Simulation_FPGA/NTU_FPGA2-new_permision/NTU_FPGA2/Golden_TOP2.v Line: 171
    Warning (13040): bidirectional pin "FMCA_HA_RX_p[10]" has no driver File: C:/Users/N1259534/OneDrive - Nottingham Trent University/Desktop/Simulation_FPGA/NTU_FPGA2-new_permision/NTU_FPGA2/Golden_TOP2.v Line: 171
    Warning (13040): bidirectional pin "FMCA_HA_RX_n[0]" has no driver File: C:/Users/N1259534/OneDrive - Nottingham Trent University/Desktop/Simulation_FPGA/NTU_FPGA2-new_permision/NTU_FPGA2/Golden_TOP2.v Line: 172
    Warning (13040): bidirectional pin "FMCA_HA_RX_n[1]" has no driver File: C:/Users/N1259534/OneDrive - Nottingham Trent University/Desktop/Simulation_FPGA/NTU_FPGA2-new_permision/NTU_FPGA2/Golden_TOP2.v Line: 172
    Warning (13040): bidirectional pin "FMCA_HA_RX_n[2]" has no driver File: C:/Users/N1259534/OneDrive - Nottingham Trent University/Desktop/Simulation_FPGA/NTU_FPGA2-new_permision/NTU_FPGA2/Golden_TOP2.v Line: 172
    Warning (13040): bidirectional pin "FMCA_HA_RX_n[3]" has no driver File: C:/Users/N1259534/OneDrive - Nottingham Trent University/Desktop/Simulation_FPGA/NTU_FPGA2-new_permision/NTU_FPGA2/Golden_TOP2.v Line: 172
    Warning (13040): bidirectional pin "FMCA_HA_RX_n[4]" has no driver File: C:/Users/N1259534/OneDrive - Nottingham Trent University/Desktop/Simulation_FPGA/NTU_FPGA2-new_permision/NTU_FPGA2/Golden_TOP2.v Line: 172
    Warning (13040): bidirectional pin "FMCA_HA_RX_n[5]" has no driver File: C:/Users/N1259534/OneDrive - Nottingham Trent University/Desktop/Simulation_FPGA/NTU_FPGA2-new_permision/NTU_FPGA2/Golden_TOP2.v Line: 172
    Warning (13040): bidirectional pin "FMCA_HA_RX_n[6]" has no driver File: C:/Users/N1259534/OneDrive - Nottingham Trent University/Desktop/Simulation_FPGA/NTU_FPGA2-new_permision/NTU_FPGA2/Golden_TOP2.v Line: 172
    Warning (13040): bidirectional pin "FMCA_HA_RX_n[7]" has no driver File: C:/Users/N1259534/OneDrive - Nottingham Trent University/Desktop/Simulation_FPGA/NTU_FPGA2-new_permision/NTU_FPGA2/Golden_TOP2.v Line: 172
    Warning (13040): bidirectional pin "FMCA_HA_RX_n[8]" has no driver File: C:/Users/N1259534/OneDrive - Nottingham Trent University/Desktop/Simulation_FPGA/NTU_FPGA2-new_permision/NTU_FPGA2/Golden_TOP2.v Line: 172
    Warning (13040): bidirectional pin "FMCA_HA_RX_n[9]" has no driver File: C:/Users/N1259534/OneDrive - Nottingham Trent University/Desktop/Simulation_FPGA/NTU_FPGA2-new_permision/NTU_FPGA2/Golden_TOP2.v Line: 172
    Warning (13040): bidirectional pin "FMCA_HA_RX_n[10]" has no driver File: C:/Users/N1259534/OneDrive - Nottingham Trent University/Desktop/Simulation_FPGA/NTU_FPGA2-new_permision/NTU_FPGA2/Golden_TOP2.v Line: 172
    Warning (13040): bidirectional pin "FMCA_HB_TX_p[0]" has no driver File: C:/Users/N1259534/OneDrive - Nottingham Trent University/Desktop/Simulation_FPGA/NTU_FPGA2-new_permision/NTU_FPGA2/Golden_TOP2.v Line: 173
    Warning (13040): bidirectional pin "FMCA_HB_TX_p[1]" has no driver File: C:/Users/N1259534/OneDrive - Nottingham Trent University/Desktop/Simulation_FPGA/NTU_FPGA2-new_permision/NTU_FPGA2/Golden_TOP2.v Line: 173
    Warning (13040): bidirectional pin "FMCA_HB_TX_p[2]" has no driver File: C:/Users/N1259534/OneDrive - Nottingham Trent University/Desktop/Simulation_FPGA/NTU_FPGA2-new_permision/NTU_FPGA2/Golden_TOP2.v Line: 173
    Warning (13040): bidirectional pin "FMCA_HB_TX_p[3]" has no driver File: C:/Users/N1259534/OneDrive - Nottingham Trent University/Desktop/Simulation_FPGA/NTU_FPGA2-new_permision/NTU_FPGA2/Golden_TOP2.v Line: 173
    Warning (13040): bidirectional pin "FMCA_HB_TX_p[4]" has no driver File: C:/Users/N1259534/OneDrive - Nottingham Trent University/Desktop/Simulation_FPGA/NTU_FPGA2-new_permision/NTU_FPGA2/Golden_TOP2.v Line: 173
    Warning (13040): bidirectional pin "FMCA_HB_TX_p[5]" has no driver File: C:/Users/N1259534/OneDrive - Nottingham Trent University/Desktop/Simulation_FPGA/NTU_FPGA2-new_permision/NTU_FPGA2/Golden_TOP2.v Line: 173
    Warning (13040): bidirectional pin "FMCA_HB_TX_p[6]" has no driver File: C:/Users/N1259534/OneDrive - Nottingham Trent University/Desktop/Simulation_FPGA/NTU_FPGA2-new_permision/NTU_FPGA2/Golden_TOP2.v Line: 173
    Warning (13040): bidirectional pin "FMCA_HB_TX_p[7]" has no driver File: C:/Users/N1259534/OneDrive - Nottingham Trent University/Desktop/Simulation_FPGA/NTU_FPGA2-new_permision/NTU_FPGA2/Golden_TOP2.v Line: 173
    Warning (13040): bidirectional pin "FMCA_HB_TX_p[8]" has no driver File: C:/Users/N1259534/OneDrive - Nottingham Trent University/Desktop/Simulation_FPGA/NTU_FPGA2-new_permision/NTU_FPGA2/Golden_TOP2.v Line: 173
    Warning (13040): bidirectional pin "FMCA_HB_TX_p[9]" has no driver File: C:/Users/N1259534/OneDrive - Nottingham Trent University/Desktop/Simulation_FPGA/NTU_FPGA2-new_permision/NTU_FPGA2/Golden_TOP2.v Line: 173
    Warning (13040): bidirectional pin "FMCA_HB_TX_p[10]" has no driver File: C:/Users/N1259534/OneDrive - Nottingham Trent University/Desktop/Simulation_FPGA/NTU_FPGA2-new_permision/NTU_FPGA2/Golden_TOP2.v Line: 173
    Warning (13040): bidirectional pin "FMCA_HB_TX_n[0]" has no driver File: C:/Users/N1259534/OneDrive - Nottingham Trent University/Desktop/Simulation_FPGA/NTU_FPGA2-new_permision/NTU_FPGA2/Golden_TOP2.v Line: 174
    Warning (13040): bidirectional pin "FMCA_HB_TX_n[1]" has no driver File: C:/Users/N1259534/OneDrive - Nottingham Trent University/Desktop/Simulation_FPGA/NTU_FPGA2-new_permision/NTU_FPGA2/Golden_TOP2.v Line: 174
    Warning (13040): bidirectional pin "FMCA_HB_TX_n[2]" has no driver File: C:/Users/N1259534/OneDrive - Nottingham Trent University/Desktop/Simulation_FPGA/NTU_FPGA2-new_permision/NTU_FPGA2/Golden_TOP2.v Line: 174
    Warning (13040): bidirectional pin "FMCA_HB_TX_n[3]" has no driver File: C:/Users/N1259534/OneDrive - Nottingham Trent University/Desktop/Simulation_FPGA/NTU_FPGA2-new_permision/NTU_FPGA2/Golden_TOP2.v Line: 174
    Warning (13040): bidirectional pin "FMCA_HB_TX_n[4]" has no driver File: C:/Users/N1259534/OneDrive - Nottingham Trent University/Desktop/Simulation_FPGA/NTU_FPGA2-new_permision/NTU_FPGA2/Golden_TOP2.v Line: 174
    Warning (13040): bidirectional pin "FMCA_HB_TX_n[5]" has no driver File: C:/Users/N1259534/OneDrive - Nottingham Trent University/Desktop/Simulation_FPGA/NTU_FPGA2-new_permision/NTU_FPGA2/Golden_TOP2.v Line: 174
    Warning (13040): bidirectional pin "FMCA_HB_TX_n[6]" has no driver File: C:/Users/N1259534/OneDrive - Nottingham Trent University/Desktop/Simulation_FPGA/NTU_FPGA2-new_permision/NTU_FPGA2/Golden_TOP2.v Line: 174
    Warning (13040): bidirectional pin "FMCA_HB_TX_n[7]" has no driver File: C:/Users/N1259534/OneDrive - Nottingham Trent University/Desktop/Simulation_FPGA/NTU_FPGA2-new_permision/NTU_FPGA2/Golden_TOP2.v Line: 174
    Warning (13040): bidirectional pin "FMCA_HB_TX_n[8]" has no driver File: C:/Users/N1259534/OneDrive - Nottingham Trent University/Desktop/Simulation_FPGA/NTU_FPGA2-new_permision/NTU_FPGA2/Golden_TOP2.v Line: 174
    Warning (13040): bidirectional pin "FMCA_HB_TX_n[9]" has no driver File: C:/Users/N1259534/OneDrive - Nottingham Trent University/Desktop/Simulation_FPGA/NTU_FPGA2-new_permision/NTU_FPGA2/Golden_TOP2.v Line: 174
    Warning (13040): bidirectional pin "FMCA_HB_TX_n[10]" has no driver File: C:/Users/N1259534/OneDrive - Nottingham Trent University/Desktop/Simulation_FPGA/NTU_FPGA2-new_permision/NTU_FPGA2/Golden_TOP2.v Line: 174
    Warning (13040): bidirectional pin "FMCA_HB_RX_p[0]" has no driver File: C:/Users/N1259534/OneDrive - Nottingham Trent University/Desktop/Simulation_FPGA/NTU_FPGA2-new_permision/NTU_FPGA2/Golden_TOP2.v Line: 175
    Warning (13040): bidirectional pin "FMCA_HB_RX_p[1]" has no driver File: C:/Users/N1259534/OneDrive - Nottingham Trent University/Desktop/Simulation_FPGA/NTU_FPGA2-new_permision/NTU_FPGA2/Golden_TOP2.v Line: 175
    Warning (13040): bidirectional pin "FMCA_HB_RX_p[2]" has no driver File: C:/Users/N1259534/OneDrive - Nottingham Trent University/Desktop/Simulation_FPGA/NTU_FPGA2-new_permision/NTU_FPGA2/Golden_TOP2.v Line: 175
    Warning (13040): bidirectional pin "FMCA_HB_RX_p[3]" has no driver File: C:/Users/N1259534/OneDrive - Nottingham Trent University/Desktop/Simulation_FPGA/NTU_FPGA2-new_permision/NTU_FPGA2/Golden_TOP2.v Line: 175
    Warning (13040): bidirectional pin "FMCA_HB_RX_p[4]" has no driver File: C:/Users/N1259534/OneDrive - Nottingham Trent University/Desktop/Simulation_FPGA/NTU_FPGA2-new_permision/NTU_FPGA2/Golden_TOP2.v Line: 175
    Warning (13040): bidirectional pin "FMCA_HB_RX_p[5]" has no driver File: C:/Users/N1259534/OneDrive - Nottingham Trent University/Desktop/Simulation_FPGA/NTU_FPGA2-new_permision/NTU_FPGA2/Golden_TOP2.v Line: 175
    Warning (13040): bidirectional pin "FMCA_HB_RX_p[6]" has no driver File: C:/Users/N1259534/OneDrive - Nottingham Trent University/Desktop/Simulation_FPGA/NTU_FPGA2-new_permision/NTU_FPGA2/Golden_TOP2.v Line: 175
    Warning (13040): bidirectional pin "FMCA_HB_RX_p[7]" has no driver File: C:/Users/N1259534/OneDrive - Nottingham Trent University/Desktop/Simulation_FPGA/NTU_FPGA2-new_permision/NTU_FPGA2/Golden_TOP2.v Line: 175
    Warning (13040): bidirectional pin "FMCA_HB_RX_p[8]" has no driver File: C:/Users/N1259534/OneDrive - Nottingham Trent University/Desktop/Simulation_FPGA/NTU_FPGA2-new_permision/NTU_FPGA2/Golden_TOP2.v Line: 175
    Warning (13040): bidirectional pin "FMCA_HB_RX_p[9]" has no driver File: C:/Users/N1259534/OneDrive - Nottingham Trent University/Desktop/Simulation_FPGA/NTU_FPGA2-new_permision/NTU_FPGA2/Golden_TOP2.v Line: 175
    Warning (13040): bidirectional pin "FMCA_HB_RX_p[10]" has no driver File: C:/Users/N1259534/OneDrive - Nottingham Trent University/Desktop/Simulation_FPGA/NTU_FPGA2-new_permision/NTU_FPGA2/Golden_TOP2.v Line: 175
    Warning (13040): bidirectional pin "FMCA_HB_RX_n[0]" has no driver File: C:/Users/N1259534/OneDrive - Nottingham Trent University/Desktop/Simulation_FPGA/NTU_FPGA2-new_permision/NTU_FPGA2/Golden_TOP2.v Line: 176
    Warning (13040): bidirectional pin "FMCA_HB_RX_n[1]" has no driver File: C:/Users/N1259534/OneDrive - Nottingham Trent University/Desktop/Simulation_FPGA/NTU_FPGA2-new_permision/NTU_FPGA2/Golden_TOP2.v Line: 176
    Warning (13040): bidirectional pin "FMCA_HB_RX_n[2]" has no driver File: C:/Users/N1259534/OneDrive - Nottingham Trent University/Desktop/Simulation_FPGA/NTU_FPGA2-new_permision/NTU_FPGA2/Golden_TOP2.v Line: 176
    Warning (13040): bidirectional pin "FMCA_HB_RX_n[3]" has no driver File: C:/Users/N1259534/OneDrive - Nottingham Trent University/Desktop/Simulation_FPGA/NTU_FPGA2-new_permision/NTU_FPGA2/Golden_TOP2.v Line: 176
    Warning (13040): bidirectional pin "FMCA_HB_RX_n[4]" has no driver File: C:/Users/N1259534/OneDrive - Nottingham Trent University/Desktop/Simulation_FPGA/NTU_FPGA2-new_permision/NTU_FPGA2/Golden_TOP2.v Line: 176
    Warning (13040): bidirectional pin "FMCA_HB_RX_n[5]" has no driver File: C:/Users/N1259534/OneDrive - Nottingham Trent University/Desktop/Simulation_FPGA/NTU_FPGA2-new_permision/NTU_FPGA2/Golden_TOP2.v Line: 176
    Warning (13040): bidirectional pin "FMCA_HB_RX_n[6]" has no driver File: C:/Users/N1259534/OneDrive - Nottingham Trent University/Desktop/Simulation_FPGA/NTU_FPGA2-new_permision/NTU_FPGA2/Golden_TOP2.v Line: 176
    Warning (13040): bidirectional pin "FMCA_HB_RX_n[7]" has no driver File: C:/Users/N1259534/OneDrive - Nottingham Trent University/Desktop/Simulation_FPGA/NTU_FPGA2-new_permision/NTU_FPGA2/Golden_TOP2.v Line: 176
    Warning (13040): bidirectional pin "FMCA_HB_RX_n[8]" has no driver File: C:/Users/N1259534/OneDrive - Nottingham Trent University/Desktop/Simulation_FPGA/NTU_FPGA2-new_permision/NTU_FPGA2/Golden_TOP2.v Line: 176
    Warning (13040): bidirectional pin "FMCA_HB_RX_n[9]" has no driver File: C:/Users/N1259534/OneDrive - Nottingham Trent University/Desktop/Simulation_FPGA/NTU_FPGA2-new_permision/NTU_FPGA2/Golden_TOP2.v Line: 176
    Warning (13040): bidirectional pin "FMCA_HB_RX_n[10]" has no driver File: C:/Users/N1259534/OneDrive - Nottingham Trent University/Desktop/Simulation_FPGA/NTU_FPGA2-new_permision/NTU_FPGA2/Golden_TOP2.v Line: 176
    Warning (13040): bidirectional pin "FMCA_LA_TX_p[0]" has no driver File: C:/Users/N1259534/OneDrive - Nottingham Trent University/Desktop/Simulation_FPGA/NTU_FPGA2-new_permision/NTU_FPGA2/Golden_TOP2.v Line: 177
    Warning (13040): bidirectional pin "FMCA_LA_TX_p[1]" has no driver File: C:/Users/N1259534/OneDrive - Nottingham Trent University/Desktop/Simulation_FPGA/NTU_FPGA2-new_permision/NTU_FPGA2/Golden_TOP2.v Line: 177
    Warning (13040): bidirectional pin "FMCA_LA_TX_p[2]" has no driver File: C:/Users/N1259534/OneDrive - Nottingham Trent University/Desktop/Simulation_FPGA/NTU_FPGA2-new_permision/NTU_FPGA2/Golden_TOP2.v Line: 177
    Warning (13040): bidirectional pin "FMCA_LA_TX_p[3]" has no driver File: C:/Users/N1259534/OneDrive - Nottingham Trent University/Desktop/Simulation_FPGA/NTU_FPGA2-new_permision/NTU_FPGA2/Golden_TOP2.v Line: 177
    Warning (13040): bidirectional pin "FMCA_LA_TX_p[4]" has no driver File: C:/Users/N1259534/OneDrive - Nottingham Trent University/Desktop/Simulation_FPGA/NTU_FPGA2-new_permision/NTU_FPGA2/Golden_TOP2.v Line: 177
    Warning (13040): bidirectional pin "FMCA_LA_TX_p[5]" has no driver File: C:/Users/N1259534/OneDrive - Nottingham Trent University/Desktop/Simulation_FPGA/NTU_FPGA2-new_permision/NTU_FPGA2/Golden_TOP2.v Line: 177
    Warning (13040): bidirectional pin "FMCA_LA_TX_p[6]" has no driver File: C:/Users/N1259534/OneDrive - Nottingham Trent University/Desktop/Simulation_FPGA/NTU_FPGA2-new_permision/NTU_FPGA2/Golden_TOP2.v Line: 177
    Warning (13040): bidirectional pin "FMCA_LA_TX_p[7]" has no driver File: C:/Users/N1259534/OneDrive - Nottingham Trent University/Desktop/Simulation_FPGA/NTU_FPGA2-new_permision/NTU_FPGA2/Golden_TOP2.v Line: 177
    Warning (13040): bidirectional pin "FMCA_LA_TX_p[8]" has no driver File: C:/Users/N1259534/OneDrive - Nottingham Trent University/Desktop/Simulation_FPGA/NTU_FPGA2-new_permision/NTU_FPGA2/Golden_TOP2.v Line: 177
    Warning (13040): bidirectional pin "FMCA_LA_TX_p[9]" has no driver File: C:/Users/N1259534/OneDrive - Nottingham Trent University/Desktop/Simulation_FPGA/NTU_FPGA2-new_permision/NTU_FPGA2/Golden_TOP2.v Line: 177
    Warning (13040): bidirectional pin "FMCA_LA_TX_p[10]" has no driver File: C:/Users/N1259534/OneDrive - Nottingham Trent University/Desktop/Simulation_FPGA/NTU_FPGA2-new_permision/NTU_FPGA2/Golden_TOP2.v Line: 177
    Warning (13040): bidirectional pin "FMCA_LA_TX_p[11]" has no driver File: C:/Users/N1259534/OneDrive - Nottingham Trent University/Desktop/Simulation_FPGA/NTU_FPGA2-new_permision/NTU_FPGA2/Golden_TOP2.v Line: 177
    Warning (13040): bidirectional pin "FMCA_LA_TX_p[12]" has no driver File: C:/Users/N1259534/OneDrive - Nottingham Trent University/Desktop/Simulation_FPGA/NTU_FPGA2-new_permision/NTU_FPGA2/Golden_TOP2.v Line: 177
    Warning (13040): bidirectional pin "FMCA_LA_TX_p[13]" has no driver File: C:/Users/N1259534/OneDrive - Nottingham Trent University/Desktop/Simulation_FPGA/NTU_FPGA2-new_permision/NTU_FPGA2/Golden_TOP2.v Line: 177
    Warning (13040): bidirectional pin "FMCA_LA_TX_p[14]" has no driver File: C:/Users/N1259534/OneDrive - Nottingham Trent University/Desktop/Simulation_FPGA/NTU_FPGA2-new_permision/NTU_FPGA2/Golden_TOP2.v Line: 177
    Warning (13040): bidirectional pin "FMCA_LA_TX_p[15]" has no driver File: C:/Users/N1259534/OneDrive - Nottingham Trent University/Desktop/Simulation_FPGA/NTU_FPGA2-new_permision/NTU_FPGA2/Golden_TOP2.v Line: 177
    Warning (13040): bidirectional pin "FMCA_LA_TX_p[16]" has no driver File: C:/Users/N1259534/OneDrive - Nottingham Trent University/Desktop/Simulation_FPGA/NTU_FPGA2-new_permision/NTU_FPGA2/Golden_TOP2.v Line: 177
    Warning (13040): bidirectional pin "FMCA_LA_TX_n[0]" has no driver File: C:/Users/N1259534/OneDrive - Nottingham Trent University/Desktop/Simulation_FPGA/NTU_FPGA2-new_permision/NTU_FPGA2/Golden_TOP2.v Line: 178
    Warning (13040): bidirectional pin "FMCA_LA_TX_n[1]" has no driver File: C:/Users/N1259534/OneDrive - Nottingham Trent University/Desktop/Simulation_FPGA/NTU_FPGA2-new_permision/NTU_FPGA2/Golden_TOP2.v Line: 178
    Warning (13040): bidirectional pin "FMCA_LA_TX_n[2]" has no driver File: C:/Users/N1259534/OneDrive - Nottingham Trent University/Desktop/Simulation_FPGA/NTU_FPGA2-new_permision/NTU_FPGA2/Golden_TOP2.v Line: 178
    Warning (13040): bidirectional pin "FMCA_LA_TX_n[3]" has no driver File: C:/Users/N1259534/OneDrive - Nottingham Trent University/Desktop/Simulation_FPGA/NTU_FPGA2-new_permision/NTU_FPGA2/Golden_TOP2.v Line: 178
    Warning (13040): bidirectional pin "FMCA_LA_TX_n[4]" has no driver File: C:/Users/N1259534/OneDrive - Nottingham Trent University/Desktop/Simulation_FPGA/NTU_FPGA2-new_permision/NTU_FPGA2/Golden_TOP2.v Line: 178
    Warning (13040): bidirectional pin "FMCA_LA_TX_n[5]" has no driver File: C:/Users/N1259534/OneDrive - Nottingham Trent University/Desktop/Simulation_FPGA/NTU_FPGA2-new_permision/NTU_FPGA2/Golden_TOP2.v Line: 178
    Warning (13040): bidirectional pin "FMCA_LA_TX_n[6]" has no driver File: C:/Users/N1259534/OneDrive - Nottingham Trent University/Desktop/Simulation_FPGA/NTU_FPGA2-new_permision/NTU_FPGA2/Golden_TOP2.v Line: 178
    Warning (13040): bidirectional pin "FMCA_LA_TX_n[7]" has no driver File: C:/Users/N1259534/OneDrive - Nottingham Trent University/Desktop/Simulation_FPGA/NTU_FPGA2-new_permision/NTU_FPGA2/Golden_TOP2.v Line: 178
    Warning (13040): bidirectional pin "FMCA_LA_TX_n[8]" has no driver File: C:/Users/N1259534/OneDrive - Nottingham Trent University/Desktop/Simulation_FPGA/NTU_FPGA2-new_permision/NTU_FPGA2/Golden_TOP2.v Line: 178
    Warning (13040): bidirectional pin "FMCA_LA_TX_n[9]" has no driver File: C:/Users/N1259534/OneDrive - Nottingham Trent University/Desktop/Simulation_FPGA/NTU_FPGA2-new_permision/NTU_FPGA2/Golden_TOP2.v Line: 178
    Warning (13040): bidirectional pin "FMCA_LA_TX_n[10]" has no driver File: C:/Users/N1259534/OneDrive - Nottingham Trent University/Desktop/Simulation_FPGA/NTU_FPGA2-new_permision/NTU_FPGA2/Golden_TOP2.v Line: 178
    Warning (13040): bidirectional pin "FMCA_LA_TX_n[11]" has no driver File: C:/Users/N1259534/OneDrive - Nottingham Trent University/Desktop/Simulation_FPGA/NTU_FPGA2-new_permision/NTU_FPGA2/Golden_TOP2.v Line: 178
    Warning (13040): bidirectional pin "FMCA_LA_TX_n[12]" has no driver File: C:/Users/N1259534/OneDrive - Nottingham Trent University/Desktop/Simulation_FPGA/NTU_FPGA2-new_permision/NTU_FPGA2/Golden_TOP2.v Line: 178
    Warning (13040): bidirectional pin "FMCA_LA_TX_n[13]" has no driver File: C:/Users/N1259534/OneDrive - Nottingham Trent University/Desktop/Simulation_FPGA/NTU_FPGA2-new_permision/NTU_FPGA2/Golden_TOP2.v Line: 178
    Warning (13040): bidirectional pin "FMCA_LA_TX_n[14]" has no driver File: C:/Users/N1259534/OneDrive - Nottingham Trent University/Desktop/Simulation_FPGA/NTU_FPGA2-new_permision/NTU_FPGA2/Golden_TOP2.v Line: 178
    Warning (13040): bidirectional pin "FMCA_LA_TX_n[15]" has no driver File: C:/Users/N1259534/OneDrive - Nottingham Trent University/Desktop/Simulation_FPGA/NTU_FPGA2-new_permision/NTU_FPGA2/Golden_TOP2.v Line: 178
    Warning (13040): bidirectional pin "FMCA_LA_TX_n[16]" has no driver File: C:/Users/N1259534/OneDrive - Nottingham Trent University/Desktop/Simulation_FPGA/NTU_FPGA2-new_permision/NTU_FPGA2/Golden_TOP2.v Line: 178
    Warning (13040): bidirectional pin "FMCA_LA_RX_p[0]" has no driver File: C:/Users/N1259534/OneDrive - Nottingham Trent University/Desktop/Simulation_FPGA/NTU_FPGA2-new_permision/NTU_FPGA2/Golden_TOP2.v Line: 179
    Warning (13040): bidirectional pin "FMCA_LA_RX_p[1]" has no driver File: C:/Users/N1259534/OneDrive - Nottingham Trent University/Desktop/Simulation_FPGA/NTU_FPGA2-new_permision/NTU_FPGA2/Golden_TOP2.v Line: 179
    Warning (13040): bidirectional pin "FMCA_LA_RX_p[2]" has no driver File: C:/Users/N1259534/OneDrive - Nottingham Trent University/Desktop/Simulation_FPGA/NTU_FPGA2-new_permision/NTU_FPGA2/Golden_TOP2.v Line: 179
    Warning (13040): bidirectional pin "FMCA_LA_RX_p[3]" has no driver File: C:/Users/N1259534/OneDrive - Nottingham Trent University/Desktop/Simulation_FPGA/NTU_FPGA2-new_permision/NTU_FPGA2/Golden_TOP2.v Line: 179
    Warning (13040): bidirectional pin "FMCA_LA_RX_p[4]" has no driver File: C:/Users/N1259534/OneDrive - Nottingham Trent University/Desktop/Simulation_FPGA/NTU_FPGA2-new_permision/NTU_FPGA2/Golden_TOP2.v Line: 179
    Warning (13040): bidirectional pin "FMCA_LA_RX_p[5]" has no driver File: C:/Users/N1259534/OneDrive - Nottingham Trent University/Desktop/Simulation_FPGA/NTU_FPGA2-new_permision/NTU_FPGA2/Golden_TOP2.v Line: 179
    Warning (13040): bidirectional pin "FMCA_LA_RX_p[6]" has no driver File: C:/Users/N1259534/OneDrive - Nottingham Trent University/Desktop/Simulation_FPGA/NTU_FPGA2-new_permision/NTU_FPGA2/Golden_TOP2.v Line: 179
    Warning (13040): bidirectional pin "FMCA_LA_RX_p[7]" has no driver File: C:/Users/N1259534/OneDrive - Nottingham Trent University/Desktop/Simulation_FPGA/NTU_FPGA2-new_permision/NTU_FPGA2/Golden_TOP2.v Line: 179
    Warning (13040): bidirectional pin "FMCA_LA_RX_p[8]" has no driver File: C:/Users/N1259534/OneDrive - Nottingham Trent University/Desktop/Simulation_FPGA/NTU_FPGA2-new_permision/NTU_FPGA2/Golden_TOP2.v Line: 179
    Warning (13040): bidirectional pin "FMCA_LA_RX_p[9]" has no driver File: C:/Users/N1259534/OneDrive - Nottingham Trent University/Desktop/Simulation_FPGA/NTU_FPGA2-new_permision/NTU_FPGA2/Golden_TOP2.v Line: 179
    Warning (13040): bidirectional pin "FMCA_LA_RX_p[10]" has no driver File: C:/Users/N1259534/OneDrive - Nottingham Trent University/Desktop/Simulation_FPGA/NTU_FPGA2-new_permision/NTU_FPGA2/Golden_TOP2.v Line: 179
    Warning (13040): bidirectional pin "FMCA_LA_RX_p[11]" has no driver File: C:/Users/N1259534/OneDrive - Nottingham Trent University/Desktop/Simulation_FPGA/NTU_FPGA2-new_permision/NTU_FPGA2/Golden_TOP2.v Line: 179
    Warning (13040): bidirectional pin "FMCA_LA_RX_p[12]" has no driver File: C:/Users/N1259534/OneDrive - Nottingham Trent University/Desktop/Simulation_FPGA/NTU_FPGA2-new_permision/NTU_FPGA2/Golden_TOP2.v Line: 179
    Warning (13040): bidirectional pin "FMCA_LA_RX_p[13]" has no driver File: C:/Users/N1259534/OneDrive - Nottingham Trent University/Desktop/Simulation_FPGA/NTU_FPGA2-new_permision/NTU_FPGA2/Golden_TOP2.v Line: 179
    Warning (13040): bidirectional pin "FMCA_LA_RX_p[14]" has no driver File: C:/Users/N1259534/OneDrive - Nottingham Trent University/Desktop/Simulation_FPGA/NTU_FPGA2-new_permision/NTU_FPGA2/Golden_TOP2.v Line: 179
    Warning (13040): bidirectional pin "FMCA_LA_RX_n[0]" has no driver File: C:/Users/N1259534/OneDrive - Nottingham Trent University/Desktop/Simulation_FPGA/NTU_FPGA2-new_permision/NTU_FPGA2/Golden_TOP2.v Line: 180
    Warning (13040): bidirectional pin "FMCA_LA_RX_n[1]" has no driver File: C:/Users/N1259534/OneDrive - Nottingham Trent University/Desktop/Simulation_FPGA/NTU_FPGA2-new_permision/NTU_FPGA2/Golden_TOP2.v Line: 180
    Warning (13040): bidirectional pin "FMCA_LA_RX_n[2]" has no driver File: C:/Users/N1259534/OneDrive - Nottingham Trent University/Desktop/Simulation_FPGA/NTU_FPGA2-new_permision/NTU_FPGA2/Golden_TOP2.v Line: 180
    Warning (13040): bidirectional pin "FMCA_LA_RX_n[3]" has no driver File: C:/Users/N1259534/OneDrive - Nottingham Trent University/Desktop/Simulation_FPGA/NTU_FPGA2-new_permision/NTU_FPGA2/Golden_TOP2.v Line: 180
    Warning (13040): bidirectional pin "FMCA_LA_RX_n[4]" has no driver File: C:/Users/N1259534/OneDrive - Nottingham Trent University/Desktop/Simulation_FPGA/NTU_FPGA2-new_permision/NTU_FPGA2/Golden_TOP2.v Line: 180
    Warning (13040): bidirectional pin "FMCA_LA_RX_n[5]" has no driver File: C:/Users/N1259534/OneDrive - Nottingham Trent University/Desktop/Simulation_FPGA/NTU_FPGA2-new_permision/NTU_FPGA2/Golden_TOP2.v Line: 180
    Warning (13040): bidirectional pin "FMCA_LA_RX_n[6]" has no driver File: C:/Users/N1259534/OneDrive - Nottingham Trent University/Desktop/Simulation_FPGA/NTU_FPGA2-new_permision/NTU_FPGA2/Golden_TOP2.v Line: 180
    Warning (13040): bidirectional pin "FMCA_LA_RX_n[7]" has no driver File: C:/Users/N1259534/OneDrive - Nottingham Trent University/Desktop/Simulation_FPGA/NTU_FPGA2-new_permision/NTU_FPGA2/Golden_TOP2.v Line: 180
    Warning (13040): bidirectional pin "FMCA_LA_RX_n[8]" has no driver File: C:/Users/N1259534/OneDrive - Nottingham Trent University/Desktop/Simulation_FPGA/NTU_FPGA2-new_permision/NTU_FPGA2/Golden_TOP2.v Line: 180
    Warning (13040): bidirectional pin "FMCA_LA_RX_n[9]" has no driver File: C:/Users/N1259534/OneDrive - Nottingham Trent University/Desktop/Simulation_FPGA/NTU_FPGA2-new_permision/NTU_FPGA2/Golden_TOP2.v Line: 180
    Warning (13040): bidirectional pin "FMCA_LA_RX_n[10]" has no driver File: C:/Users/N1259534/OneDrive - Nottingham Trent University/Desktop/Simulation_FPGA/NTU_FPGA2-new_permision/NTU_FPGA2/Golden_TOP2.v Line: 180
    Warning (13040): bidirectional pin "FMCA_LA_RX_n[11]" has no driver File: C:/Users/N1259534/OneDrive - Nottingham Trent University/Desktop/Simulation_FPGA/NTU_FPGA2-new_permision/NTU_FPGA2/Golden_TOP2.v Line: 180
    Warning (13040): bidirectional pin "FMCA_LA_RX_n[12]" has no driver File: C:/Users/N1259534/OneDrive - Nottingham Trent University/Desktop/Simulation_FPGA/NTU_FPGA2-new_permision/NTU_FPGA2/Golden_TOP2.v Line: 180
    Warning (13040): bidirectional pin "FMCA_LA_RX_n[13]" has no driver File: C:/Users/N1259534/OneDrive - Nottingham Trent University/Desktop/Simulation_FPGA/NTU_FPGA2-new_permision/NTU_FPGA2/Golden_TOP2.v Line: 180
    Warning (13040): bidirectional pin "FMCA_LA_RX_n[14]" has no driver File: C:/Users/N1259534/OneDrive - Nottingham Trent University/Desktop/Simulation_FPGA/NTU_FPGA2-new_permision/NTU_FPGA2/Golden_TOP2.v Line: 180
    Warning (13040): bidirectional pin "FMCA_SCL" has no driver File: C:/Users/N1259534/OneDrive - Nottingham Trent University/Desktop/Simulation_FPGA/NTU_FPGA2-new_permision/NTU_FPGA2/Golden_TOP2.v Line: 190
    Warning (13040): bidirectional pin "FMCA_SDA" has no driver File: C:/Users/N1259534/OneDrive - Nottingham Trent University/Desktop/Simulation_FPGA/NTU_FPGA2-new_permision/NTU_FPGA2/Golden_TOP2.v Line: 191
    Warning (13040): bidirectional pin "FMCB_LA_TX_p[0]" has no driver File: C:/Users/N1259534/OneDrive - Nottingham Trent University/Desktop/Simulation_FPGA/NTU_FPGA2-new_permision/NTU_FPGA2/Golden_TOP2.v Line: 200
    Warning (13040): bidirectional pin "FMCB_LA_TX_p[1]" has no driver File: C:/Users/N1259534/OneDrive - Nottingham Trent University/Desktop/Simulation_FPGA/NTU_FPGA2-new_permision/NTU_FPGA2/Golden_TOP2.v Line: 200
    Warning (13040): bidirectional pin "FMCB_LA_TX_p[2]" has no driver File: C:/Users/N1259534/OneDrive - Nottingham Trent University/Desktop/Simulation_FPGA/NTU_FPGA2-new_permision/NTU_FPGA2/Golden_TOP2.v Line: 200
    Warning (13040): bidirectional pin "FMCB_LA_TX_p[3]" has no driver File: C:/Users/N1259534/OneDrive - Nottingham Trent University/Desktop/Simulation_FPGA/NTU_FPGA2-new_permision/NTU_FPGA2/Golden_TOP2.v Line: 200
    Warning (13040): bidirectional pin "FMCB_LA_TX_p[4]" has no driver File: C:/Users/N1259534/OneDrive - Nottingham Trent University/Desktop/Simulation_FPGA/NTU_FPGA2-new_permision/NTU_FPGA2/Golden_TOP2.v Line: 200
    Warning (13040): bidirectional pin "FMCB_LA_TX_p[5]" has no driver File: C:/Users/N1259534/OneDrive - Nottingham Trent University/Desktop/Simulation_FPGA/NTU_FPGA2-new_permision/NTU_FPGA2/Golden_TOP2.v Line: 200
    Warning (13040): bidirectional pin "FMCB_LA_TX_p[6]" has no driver File: C:/Users/N1259534/OneDrive - Nottingham Trent University/Desktop/Simulation_FPGA/NTU_FPGA2-new_permision/NTU_FPGA2/Golden_TOP2.v Line: 200
    Warning (13040): bidirectional pin "FMCB_LA_TX_p[7]" has no driver File: C:/Users/N1259534/OneDrive - Nottingham Trent University/Desktop/Simulation_FPGA/NTU_FPGA2-new_permision/NTU_FPGA2/Golden_TOP2.v Line: 200
    Warning (13040): bidirectional pin "FMCB_LA_TX_p[8]" has no driver File: C:/Users/N1259534/OneDrive - Nottingham Trent University/Desktop/Simulation_FPGA/NTU_FPGA2-new_permision/NTU_FPGA2/Golden_TOP2.v Line: 200
    Warning (13040): bidirectional pin "FMCB_LA_TX_p[9]" has no driver File: C:/Users/N1259534/OneDrive - Nottingham Trent University/Desktop/Simulation_FPGA/NTU_FPGA2-new_permision/NTU_FPGA2/Golden_TOP2.v Line: 200
    Warning (13040): bidirectional pin "FMCB_LA_TX_p[10]" has no driver File: C:/Users/N1259534/OneDrive - Nottingham Trent University/Desktop/Simulation_FPGA/NTU_FPGA2-new_permision/NTU_FPGA2/Golden_TOP2.v Line: 200
    Warning (13040): bidirectional pin "FMCB_LA_TX_p[11]" has no driver File: C:/Users/N1259534/OneDrive - Nottingham Trent University/Desktop/Simulation_FPGA/NTU_FPGA2-new_permision/NTU_FPGA2/Golden_TOP2.v Line: 200
    Warning (13040): bidirectional pin "FMCB_LA_TX_p[12]" has no driver File: C:/Users/N1259534/OneDrive - Nottingham Trent University/Desktop/Simulation_FPGA/NTU_FPGA2-new_permision/NTU_FPGA2/Golden_TOP2.v Line: 200
    Warning (13040): bidirectional pin "FMCB_LA_TX_p[13]" has no driver File: C:/Users/N1259534/OneDrive - Nottingham Trent University/Desktop/Simulation_FPGA/NTU_FPGA2-new_permision/NTU_FPGA2/Golden_TOP2.v Line: 200
    Warning (13040): bidirectional pin "FMCB_LA_TX_p[14]" has no driver File: C:/Users/N1259534/OneDrive - Nottingham Trent University/Desktop/Simulation_FPGA/NTU_FPGA2-new_permision/NTU_FPGA2/Golden_TOP2.v Line: 200
    Warning (13040): bidirectional pin "FMCB_LA_TX_p[15]" has no driver File: C:/Users/N1259534/OneDrive - Nottingham Trent University/Desktop/Simulation_FPGA/NTU_FPGA2-new_permision/NTU_FPGA2/Golden_TOP2.v Line: 200
    Warning (13040): bidirectional pin "FMCB_LA_TX_p[16]" has no driver File: C:/Users/N1259534/OneDrive - Nottingham Trent University/Desktop/Simulation_FPGA/NTU_FPGA2-new_permision/NTU_FPGA2/Golden_TOP2.v Line: 200
    Warning (13040): bidirectional pin "FMCB_LA_TX_n[0]" has no driver File: C:/Users/N1259534/OneDrive - Nottingham Trent University/Desktop/Simulation_FPGA/NTU_FPGA2-new_permision/NTU_FPGA2/Golden_TOP2.v Line: 201
    Warning (13040): bidirectional pin "FMCB_LA_TX_n[1]" has no driver File: C:/Users/N1259534/OneDrive - Nottingham Trent University/Desktop/Simulation_FPGA/NTU_FPGA2-new_permision/NTU_FPGA2/Golden_TOP2.v Line: 201
    Warning (13040): bidirectional pin "FMCB_LA_TX_n[2]" has no driver File: C:/Users/N1259534/OneDrive - Nottingham Trent University/Desktop/Simulation_FPGA/NTU_FPGA2-new_permision/NTU_FPGA2/Golden_TOP2.v Line: 201
    Warning (13040): bidirectional pin "FMCB_LA_TX_n[3]" has no driver File: C:/Users/N1259534/OneDrive - Nottingham Trent University/Desktop/Simulation_FPGA/NTU_FPGA2-new_permision/NTU_FPGA2/Golden_TOP2.v Line: 201
    Warning (13040): bidirectional pin "FMCB_LA_TX_n[4]" has no driver File: C:/Users/N1259534/OneDrive - Nottingham Trent University/Desktop/Simulation_FPGA/NTU_FPGA2-new_permision/NTU_FPGA2/Golden_TOP2.v Line: 201
    Warning (13040): bidirectional pin "FMCB_LA_TX_n[5]" has no driver File: C:/Users/N1259534/OneDrive - Nottingham Trent University/Desktop/Simulation_FPGA/NTU_FPGA2-new_permision/NTU_FPGA2/Golden_TOP2.v Line: 201
    Warning (13040): bidirectional pin "FMCB_LA_TX_n[6]" has no driver File: C:/Users/N1259534/OneDrive - Nottingham Trent University/Desktop/Simulation_FPGA/NTU_FPGA2-new_permision/NTU_FPGA2/Golden_TOP2.v Line: 201
    Warning (13040): bidirectional pin "FMCB_LA_TX_n[7]" has no driver File: C:/Users/N1259534/OneDrive - Nottingham Trent University/Desktop/Simulation_FPGA/NTU_FPGA2-new_permision/NTU_FPGA2/Golden_TOP2.v Line: 201
    Warning (13040): bidirectional pin "FMCB_LA_TX_n[8]" has no driver File: C:/Users/N1259534/OneDrive - Nottingham Trent University/Desktop/Simulation_FPGA/NTU_FPGA2-new_permision/NTU_FPGA2/Golden_TOP2.v Line: 201
    Warning (13040): bidirectional pin "FMCB_LA_TX_n[9]" has no driver File: C:/Users/N1259534/OneDrive - Nottingham Trent University/Desktop/Simulation_FPGA/NTU_FPGA2-new_permision/NTU_FPGA2/Golden_TOP2.v Line: 201
    Warning (13040): bidirectional pin "FMCB_LA_TX_n[10]" has no driver File: C:/Users/N1259534/OneDrive - Nottingham Trent University/Desktop/Simulation_FPGA/NTU_FPGA2-new_permision/NTU_FPGA2/Golden_TOP2.v Line: 201
    Warning (13040): bidirectional pin "FMCB_LA_TX_n[11]" has no driver File: C:/Users/N1259534/OneDrive - Nottingham Trent University/Desktop/Simulation_FPGA/NTU_FPGA2-new_permision/NTU_FPGA2/Golden_TOP2.v Line: 201
    Warning (13040): bidirectional pin "FMCB_LA_TX_n[12]" has no driver File: C:/Users/N1259534/OneDrive - Nottingham Trent University/Desktop/Simulation_FPGA/NTU_FPGA2-new_permision/NTU_FPGA2/Golden_TOP2.v Line: 201
    Warning (13040): bidirectional pin "FMCB_LA_TX_n[13]" has no driver File: C:/Users/N1259534/OneDrive - Nottingham Trent University/Desktop/Simulation_FPGA/NTU_FPGA2-new_permision/NTU_FPGA2/Golden_TOP2.v Line: 201
    Warning (13040): bidirectional pin "FMCB_LA_TX_n[14]" has no driver File: C:/Users/N1259534/OneDrive - Nottingham Trent University/Desktop/Simulation_FPGA/NTU_FPGA2-new_permision/NTU_FPGA2/Golden_TOP2.v Line: 201
    Warning (13040): bidirectional pin "FMCB_LA_TX_n[15]" has no driver File: C:/Users/N1259534/OneDrive - Nottingham Trent University/Desktop/Simulation_FPGA/NTU_FPGA2-new_permision/NTU_FPGA2/Golden_TOP2.v Line: 201
    Warning (13040): bidirectional pin "FMCB_LA_TX_n[16]" has no driver File: C:/Users/N1259534/OneDrive - Nottingham Trent University/Desktop/Simulation_FPGA/NTU_FPGA2-new_permision/NTU_FPGA2/Golden_TOP2.v Line: 201
    Warning (13040): bidirectional pin "FMCB_LA_RX_p[0]" has no driver File: C:/Users/N1259534/OneDrive - Nottingham Trent University/Desktop/Simulation_FPGA/NTU_FPGA2-new_permision/NTU_FPGA2/Golden_TOP2.v Line: 202
    Warning (13040): bidirectional pin "FMCB_LA_RX_p[1]" has no driver File: C:/Users/N1259534/OneDrive - Nottingham Trent University/Desktop/Simulation_FPGA/NTU_FPGA2-new_permision/NTU_FPGA2/Golden_TOP2.v Line: 202
    Warning (13040): bidirectional pin "FMCB_LA_RX_p[2]" has no driver File: C:/Users/N1259534/OneDrive - Nottingham Trent University/Desktop/Simulation_FPGA/NTU_FPGA2-new_permision/NTU_FPGA2/Golden_TOP2.v Line: 202
    Warning (13040): bidirectional pin "FMCB_LA_RX_p[3]" has no driver File: C:/Users/N1259534/OneDrive - Nottingham Trent University/Desktop/Simulation_FPGA/NTU_FPGA2-new_permision/NTU_FPGA2/Golden_TOP2.v Line: 202
    Warning (13040): bidirectional pin "FMCB_LA_RX_p[4]" has no driver File: C:/Users/N1259534/OneDrive - Nottingham Trent University/Desktop/Simulation_FPGA/NTU_FPGA2-new_permision/NTU_FPGA2/Golden_TOP2.v Line: 202
    Warning (13040): bidirectional pin "FMCB_LA_RX_p[5]" has no driver File: C:/Users/N1259534/OneDrive - Nottingham Trent University/Desktop/Simulation_FPGA/NTU_FPGA2-new_permision/NTU_FPGA2/Golden_TOP2.v Line: 202
    Warning (13040): bidirectional pin "FMCB_LA_RX_p[6]" has no driver File: C:/Users/N1259534/OneDrive - Nottingham Trent University/Desktop/Simulation_FPGA/NTU_FPGA2-new_permision/NTU_FPGA2/Golden_TOP2.v Line: 202
    Warning (13040): bidirectional pin "FMCB_LA_RX_p[7]" has no driver File: C:/Users/N1259534/OneDrive - Nottingham Trent University/Desktop/Simulation_FPGA/NTU_FPGA2-new_permision/NTU_FPGA2/Golden_TOP2.v Line: 202
    Warning (13040): bidirectional pin "FMCB_LA_RX_p[8]" has no driver File: C:/Users/N1259534/OneDrive - Nottingham Trent University/Desktop/Simulation_FPGA/NTU_FPGA2-new_permision/NTU_FPGA2/Golden_TOP2.v Line: 202
    Warning (13040): bidirectional pin "FMCB_LA_RX_p[9]" has no driver File: C:/Users/N1259534/OneDrive - Nottingham Trent University/Desktop/Simulation_FPGA/NTU_FPGA2-new_permision/NTU_FPGA2/Golden_TOP2.v Line: 202
    Warning (13040): bidirectional pin "FMCB_LA_RX_p[10]" has no driver File: C:/Users/N1259534/OneDrive - Nottingham Trent University/Desktop/Simulation_FPGA/NTU_FPGA2-new_permision/NTU_FPGA2/Golden_TOP2.v Line: 202
    Warning (13040): bidirectional pin "FMCB_LA_RX_p[11]" has no driver File: C:/Users/N1259534/OneDrive - Nottingham Trent University/Desktop/Simulation_FPGA/NTU_FPGA2-new_permision/NTU_FPGA2/Golden_TOP2.v Line: 202
    Warning (13040): bidirectional pin "FMCB_LA_RX_p[12]" has no driver File: C:/Users/N1259534/OneDrive - Nottingham Trent University/Desktop/Simulation_FPGA/NTU_FPGA2-new_permision/NTU_FPGA2/Golden_TOP2.v Line: 202
    Warning (13040): bidirectional pin "FMCB_LA_RX_p[13]" has no driver File: C:/Users/N1259534/OneDrive - Nottingham Trent University/Desktop/Simulation_FPGA/NTU_FPGA2-new_permision/NTU_FPGA2/Golden_TOP2.v Line: 202
    Warning (13040): bidirectional pin "FMCB_LA_RX_p[14]" has no driver File: C:/Users/N1259534/OneDrive - Nottingham Trent University/Desktop/Simulation_FPGA/NTU_FPGA2-new_permision/NTU_FPGA2/Golden_TOP2.v Line: 202
    Warning (13040): bidirectional pin "FMCB_LA_RX_n[0]" has no driver File: C:/Users/N1259534/OneDrive - Nottingham Trent University/Desktop/Simulation_FPGA/NTU_FPGA2-new_permision/NTU_FPGA2/Golden_TOP2.v Line: 203
    Warning (13040): bidirectional pin "FMCB_LA_RX_n[1]" has no driver File: C:/Users/N1259534/OneDrive - Nottingham Trent University/Desktop/Simulation_FPGA/NTU_FPGA2-new_permision/NTU_FPGA2/Golden_TOP2.v Line: 203
    Warning (13040): bidirectional pin "FMCB_LA_RX_n[2]" has no driver File: C:/Users/N1259534/OneDrive - Nottingham Trent University/Desktop/Simulation_FPGA/NTU_FPGA2-new_permision/NTU_FPGA2/Golden_TOP2.v Line: 203
    Warning (13040): bidirectional pin "FMCB_LA_RX_n[3]" has no driver File: C:/Users/N1259534/OneDrive - Nottingham Trent University/Desktop/Simulation_FPGA/NTU_FPGA2-new_permision/NTU_FPGA2/Golden_TOP2.v Line: 203
    Warning (13040): bidirectional pin "FMCB_LA_RX_n[4]" has no driver File: C:/Users/N1259534/OneDrive - Nottingham Trent University/Desktop/Simulation_FPGA/NTU_FPGA2-new_permision/NTU_FPGA2/Golden_TOP2.v Line: 203
    Warning (13040): bidirectional pin "FMCB_LA_RX_n[5]" has no driver File: C:/Users/N1259534/OneDrive - Nottingham Trent University/Desktop/Simulation_FPGA/NTU_FPGA2-new_permision/NTU_FPGA2/Golden_TOP2.v Line: 203
    Warning (13040): bidirectional pin "FMCB_LA_RX_n[6]" has no driver File: C:/Users/N1259534/OneDrive - Nottingham Trent University/Desktop/Simulation_FPGA/NTU_FPGA2-new_permision/NTU_FPGA2/Golden_TOP2.v Line: 203
    Warning (13040): bidirectional pin "FMCB_LA_RX_n[7]" has no driver File: C:/Users/N1259534/OneDrive - Nottingham Trent University/Desktop/Simulation_FPGA/NTU_FPGA2-new_permision/NTU_FPGA2/Golden_TOP2.v Line: 203
    Warning (13040): bidirectional pin "FMCB_LA_RX_n[8]" has no driver File: C:/Users/N1259534/OneDrive - Nottingham Trent University/Desktop/Simulation_FPGA/NTU_FPGA2-new_permision/NTU_FPGA2/Golden_TOP2.v Line: 203
    Warning (13040): bidirectional pin "FMCB_LA_RX_n[9]" has no driver File: C:/Users/N1259534/OneDrive - Nottingham Trent University/Desktop/Simulation_FPGA/NTU_FPGA2-new_permision/NTU_FPGA2/Golden_TOP2.v Line: 203
    Warning (13040): bidirectional pin "FMCB_LA_RX_n[10]" has no driver File: C:/Users/N1259534/OneDrive - Nottingham Trent University/Desktop/Simulation_FPGA/NTU_FPGA2-new_permision/NTU_FPGA2/Golden_TOP2.v Line: 203
    Warning (13040): bidirectional pin "FMCB_LA_RX_n[11]" has no driver File: C:/Users/N1259534/OneDrive - Nottingham Trent University/Desktop/Simulation_FPGA/NTU_FPGA2-new_permision/NTU_FPGA2/Golden_TOP2.v Line: 203
    Warning (13040): bidirectional pin "FMCB_LA_RX_n[12]" has no driver File: C:/Users/N1259534/OneDrive - Nottingham Trent University/Desktop/Simulation_FPGA/NTU_FPGA2-new_permision/NTU_FPGA2/Golden_TOP2.v Line: 203
    Warning (13040): bidirectional pin "FMCB_LA_RX_n[13]" has no driver File: C:/Users/N1259534/OneDrive - Nottingham Trent University/Desktop/Simulation_FPGA/NTU_FPGA2-new_permision/NTU_FPGA2/Golden_TOP2.v Line: 203
    Warning (13040): bidirectional pin "FMCB_LA_RX_n[14]" has no driver File: C:/Users/N1259534/OneDrive - Nottingham Trent University/Desktop/Simulation_FPGA/NTU_FPGA2-new_permision/NTU_FPGA2/Golden_TOP2.v Line: 203
    Warning (13040): bidirectional pin "FMCB_SCL" has no driver File: C:/Users/N1259534/OneDrive - Nottingham Trent University/Desktop/Simulation_FPGA/NTU_FPGA2-new_permision/NTU_FPGA2/Golden_TOP2.v Line: 213
    Warning (13040): bidirectional pin "FMCB_SDA" has no driver File: C:/Users/N1259534/OneDrive - Nottingham Trent University/Desktop/Simulation_FPGA/NTU_FPGA2-new_permision/NTU_FPGA2/Golden_TOP2.v Line: 214
    Warning (13040): bidirectional pin "FMCC_LA_TX_p[0]" has no driver File: C:/Users/N1259534/OneDrive - Nottingham Trent University/Desktop/Simulation_FPGA/NTU_FPGA2-new_permision/NTU_FPGA2/Golden_TOP2.v Line: 223
    Warning (13040): bidirectional pin "FMCC_LA_TX_p[1]" has no driver File: C:/Users/N1259534/OneDrive - Nottingham Trent University/Desktop/Simulation_FPGA/NTU_FPGA2-new_permision/NTU_FPGA2/Golden_TOP2.v Line: 223
    Warning (13040): bidirectional pin "FMCC_LA_TX_p[2]" has no driver File: C:/Users/N1259534/OneDrive - Nottingham Trent University/Desktop/Simulation_FPGA/NTU_FPGA2-new_permision/NTU_FPGA2/Golden_TOP2.v Line: 223
    Warning (13040): bidirectional pin "FMCC_LA_TX_p[3]" has no driver File: C:/Users/N1259534/OneDrive - Nottingham Trent University/Desktop/Simulation_FPGA/NTU_FPGA2-new_permision/NTU_FPGA2/Golden_TOP2.v Line: 223
    Warning (13040): bidirectional pin "FMCC_LA_TX_p[4]" has no driver File: C:/Users/N1259534/OneDrive - Nottingham Trent University/Desktop/Simulation_FPGA/NTU_FPGA2-new_permision/NTU_FPGA2/Golden_TOP2.v Line: 223
    Warning (13040): bidirectional pin "FMCC_LA_TX_p[5]" has no driver File: C:/Users/N1259534/OneDrive - Nottingham Trent University/Desktop/Simulation_FPGA/NTU_FPGA2-new_permision/NTU_FPGA2/Golden_TOP2.v Line: 223
    Warning (13040): bidirectional pin "FMCC_LA_TX_p[6]" has no driver File: C:/Users/N1259534/OneDrive - Nottingham Trent University/Desktop/Simulation_FPGA/NTU_FPGA2-new_permision/NTU_FPGA2/Golden_TOP2.v Line: 223
    Warning (13040): bidirectional pin "FMCC_LA_TX_p[7]" has no driver File: C:/Users/N1259534/OneDrive - Nottingham Trent University/Desktop/Simulation_FPGA/NTU_FPGA2-new_permision/NTU_FPGA2/Golden_TOP2.v Line: 223
    Warning (13040): bidirectional pin "FMCC_LA_TX_p[8]" has no driver File: C:/Users/N1259534/OneDrive - Nottingham Trent University/Desktop/Simulation_FPGA/NTU_FPGA2-new_permision/NTU_FPGA2/Golden_TOP2.v Line: 223
    Warning (13040): bidirectional pin "FMCC_LA_TX_p[9]" has no driver File: C:/Users/N1259534/OneDrive - Nottingham Trent University/Desktop/Simulation_FPGA/NTU_FPGA2-new_permision/NTU_FPGA2/Golden_TOP2.v Line: 223
    Warning (13040): bidirectional pin "FMCC_LA_TX_p[10]" has no driver File: C:/Users/N1259534/OneDrive - Nottingham Trent University/Desktop/Simulation_FPGA/NTU_FPGA2-new_permision/NTU_FPGA2/Golden_TOP2.v Line: 223
    Warning (13040): bidirectional pin "FMCC_LA_TX_p[11]" has no driver File: C:/Users/N1259534/OneDrive - Nottingham Trent University/Desktop/Simulation_FPGA/NTU_FPGA2-new_permision/NTU_FPGA2/Golden_TOP2.v Line: 223
    Warning (13040): bidirectional pin "FMCC_LA_TX_p[12]" has no driver File: C:/Users/N1259534/OneDrive - Nottingham Trent University/Desktop/Simulation_FPGA/NTU_FPGA2-new_permision/NTU_FPGA2/Golden_TOP2.v Line: 223
    Warning (13040): bidirectional pin "FMCC_LA_TX_p[13]" has no driver File: C:/Users/N1259534/OneDrive - Nottingham Trent University/Desktop/Simulation_FPGA/NTU_FPGA2-new_permision/NTU_FPGA2/Golden_TOP2.v Line: 223
    Warning (13040): bidirectional pin "FMCC_LA_TX_p[14]" has no driver File: C:/Users/N1259534/OneDrive - Nottingham Trent University/Desktop/Simulation_FPGA/NTU_FPGA2-new_permision/NTU_FPGA2/Golden_TOP2.v Line: 223
    Warning (13040): bidirectional pin "FMCC_LA_TX_p[15]" has no driver File: C:/Users/N1259534/OneDrive - Nottingham Trent University/Desktop/Simulation_FPGA/NTU_FPGA2-new_permision/NTU_FPGA2/Golden_TOP2.v Line: 223
    Warning (13040): bidirectional pin "FMCC_LA_TX_p[16]" has no driver File: C:/Users/N1259534/OneDrive - Nottingham Trent University/Desktop/Simulation_FPGA/NTU_FPGA2-new_permision/NTU_FPGA2/Golden_TOP2.v Line: 223
    Warning (13040): bidirectional pin "FMCC_LA_TX_n[0]" has no driver File: C:/Users/N1259534/OneDrive - Nottingham Trent University/Desktop/Simulation_FPGA/NTU_FPGA2-new_permision/NTU_FPGA2/Golden_TOP2.v Line: 224
    Warning (13040): bidirectional pin "FMCC_LA_TX_n[1]" has no driver File: C:/Users/N1259534/OneDrive - Nottingham Trent University/Desktop/Simulation_FPGA/NTU_FPGA2-new_permision/NTU_FPGA2/Golden_TOP2.v Line: 224
    Warning (13040): bidirectional pin "FMCC_LA_TX_n[2]" has no driver File: C:/Users/N1259534/OneDrive - Nottingham Trent University/Desktop/Simulation_FPGA/NTU_FPGA2-new_permision/NTU_FPGA2/Golden_TOP2.v Line: 224
    Warning (13040): bidirectional pin "FMCC_LA_TX_n[3]" has no driver File: C:/Users/N1259534/OneDrive - Nottingham Trent University/Desktop/Simulation_FPGA/NTU_FPGA2-new_permision/NTU_FPGA2/Golden_TOP2.v Line: 224
    Warning (13040): bidirectional pin "FMCC_LA_TX_n[4]" has no driver File: C:/Users/N1259534/OneDrive - Nottingham Trent University/Desktop/Simulation_FPGA/NTU_FPGA2-new_permision/NTU_FPGA2/Golden_TOP2.v Line: 224
    Warning (13040): bidirectional pin "FMCC_LA_TX_n[5]" has no driver File: C:/Users/N1259534/OneDrive - Nottingham Trent University/Desktop/Simulation_FPGA/NTU_FPGA2-new_permision/NTU_FPGA2/Golden_TOP2.v Line: 224
    Warning (13040): bidirectional pin "FMCC_LA_TX_n[6]" has no driver File: C:/Users/N1259534/OneDrive - Nottingham Trent University/Desktop/Simulation_FPGA/NTU_FPGA2-new_permision/NTU_FPGA2/Golden_TOP2.v Line: 224
    Warning (13040): bidirectional pin "FMCC_LA_TX_n[7]" has no driver File: C:/Users/N1259534/OneDrive - Nottingham Trent University/Desktop/Simulation_FPGA/NTU_FPGA2-new_permision/NTU_FPGA2/Golden_TOP2.v Line: 224
    Warning (13040): bidirectional pin "FMCC_LA_TX_n[8]" has no driver File: C:/Users/N1259534/OneDrive - Nottingham Trent University/Desktop/Simulation_FPGA/NTU_FPGA2-new_permision/NTU_FPGA2/Golden_TOP2.v Line: 224
    Warning (13040): bidirectional pin "FMCC_LA_TX_n[9]" has no driver File: C:/Users/N1259534/OneDrive - Nottingham Trent University/Desktop/Simulation_FPGA/NTU_FPGA2-new_permision/NTU_FPGA2/Golden_TOP2.v Line: 224
    Warning (13040): bidirectional pin "FMCC_LA_TX_n[10]" has no driver File: C:/Users/N1259534/OneDrive - Nottingham Trent University/Desktop/Simulation_FPGA/NTU_FPGA2-new_permision/NTU_FPGA2/Golden_TOP2.v Line: 224
    Warning (13040): bidirectional pin "FMCC_LA_TX_n[11]" has no driver File: C:/Users/N1259534/OneDrive - Nottingham Trent University/Desktop/Simulation_FPGA/NTU_FPGA2-new_permision/NTU_FPGA2/Golden_TOP2.v Line: 224
    Warning (13040): bidirectional pin "FMCC_LA_TX_n[12]" has no driver File: C:/Users/N1259534/OneDrive - Nottingham Trent University/Desktop/Simulation_FPGA/NTU_FPGA2-new_permision/NTU_FPGA2/Golden_TOP2.v Line: 224
    Warning (13040): bidirectional pin "FMCC_LA_TX_n[13]" has no driver File: C:/Users/N1259534/OneDrive - Nottingham Trent University/Desktop/Simulation_FPGA/NTU_FPGA2-new_permision/NTU_FPGA2/Golden_TOP2.v Line: 224
    Warning (13040): bidirectional pin "FMCC_LA_TX_n[14]" has no driver File: C:/Users/N1259534/OneDrive - Nottingham Trent University/Desktop/Simulation_FPGA/NTU_FPGA2-new_permision/NTU_FPGA2/Golden_TOP2.v Line: 224
    Warning (13040): bidirectional pin "FMCC_LA_TX_n[15]" has no driver File: C:/Users/N1259534/OneDrive - Nottingham Trent University/Desktop/Simulation_FPGA/NTU_FPGA2-new_permision/NTU_FPGA2/Golden_TOP2.v Line: 224
    Warning (13040): bidirectional pin "FMCC_LA_TX_n[16]" has no driver File: C:/Users/N1259534/OneDrive - Nottingham Trent University/Desktop/Simulation_FPGA/NTU_FPGA2-new_permision/NTU_FPGA2/Golden_TOP2.v Line: 224
    Warning (13040): bidirectional pin "FMCC_LA_RX_p[0]" has no driver File: C:/Users/N1259534/OneDrive - Nottingham Trent University/Desktop/Simulation_FPGA/NTU_FPGA2-new_permision/NTU_FPGA2/Golden_TOP2.v Line: 225
    Warning (13040): bidirectional pin "FMCC_LA_RX_p[1]" has no driver File: C:/Users/N1259534/OneDrive - Nottingham Trent University/Desktop/Simulation_FPGA/NTU_FPGA2-new_permision/NTU_FPGA2/Golden_TOP2.v Line: 225
    Warning (13040): bidirectional pin "FMCC_LA_RX_p[2]" has no driver File: C:/Users/N1259534/OneDrive - Nottingham Trent University/Desktop/Simulation_FPGA/NTU_FPGA2-new_permision/NTU_FPGA2/Golden_TOP2.v Line: 225
    Warning (13040): bidirectional pin "FMCC_LA_RX_p[3]" has no driver File: C:/Users/N1259534/OneDrive - Nottingham Trent University/Desktop/Simulation_FPGA/NTU_FPGA2-new_permision/NTU_FPGA2/Golden_TOP2.v Line: 225
    Warning (13040): bidirectional pin "FMCC_LA_RX_p[4]" has no driver File: C:/Users/N1259534/OneDrive - Nottingham Trent University/Desktop/Simulation_FPGA/NTU_FPGA2-new_permision/NTU_FPGA2/Golden_TOP2.v Line: 225
    Warning (13040): bidirectional pin "FMCC_LA_RX_p[5]" has no driver File: C:/Users/N1259534/OneDrive - Nottingham Trent University/Desktop/Simulation_FPGA/NTU_FPGA2-new_permision/NTU_FPGA2/Golden_TOP2.v Line: 225
    Warning (13040): bidirectional pin "FMCC_LA_RX_p[6]" has no driver File: C:/Users/N1259534/OneDrive - Nottingham Trent University/Desktop/Simulation_FPGA/NTU_FPGA2-new_permision/NTU_FPGA2/Golden_TOP2.v Line: 225
    Warning (13040): bidirectional pin "FMCC_LA_RX_p[7]" has no driver File: C:/Users/N1259534/OneDrive - Nottingham Trent University/Desktop/Simulation_FPGA/NTU_FPGA2-new_permision/NTU_FPGA2/Golden_TOP2.v Line: 225
    Warning (13040): bidirectional pin "FMCC_LA_RX_p[8]" has no driver File: C:/Users/N1259534/OneDrive - Nottingham Trent University/Desktop/Simulation_FPGA/NTU_FPGA2-new_permision/NTU_FPGA2/Golden_TOP2.v Line: 225
    Warning (13040): bidirectional pin "FMCC_LA_RX_p[9]" has no driver File: C:/Users/N1259534/OneDrive - Nottingham Trent University/Desktop/Simulation_FPGA/NTU_FPGA2-new_permision/NTU_FPGA2/Golden_TOP2.v Line: 225
    Warning (13040): bidirectional pin "FMCC_LA_RX_p[10]" has no driver File: C:/Users/N1259534/OneDrive - Nottingham Trent University/Desktop/Simulation_FPGA/NTU_FPGA2-new_permision/NTU_FPGA2/Golden_TOP2.v Line: 225
    Warning (13040): bidirectional pin "FMCC_LA_RX_p[11]" has no driver File: C:/Users/N1259534/OneDrive - Nottingham Trent University/Desktop/Simulation_FPGA/NTU_FPGA2-new_permision/NTU_FPGA2/Golden_TOP2.v Line: 225
    Warning (13040): bidirectional pin "FMCC_LA_RX_p[12]" has no driver File: C:/Users/N1259534/OneDrive - Nottingham Trent University/Desktop/Simulation_FPGA/NTU_FPGA2-new_permision/NTU_FPGA2/Golden_TOP2.v Line: 225
    Warning (13040): bidirectional pin "FMCC_LA_RX_p[13]" has no driver File: C:/Users/N1259534/OneDrive - Nottingham Trent University/Desktop/Simulation_FPGA/NTU_FPGA2-new_permision/NTU_FPGA2/Golden_TOP2.v Line: 225
    Warning (13040): bidirectional pin "FMCC_LA_RX_p[14]" has no driver File: C:/Users/N1259534/OneDrive - Nottingham Trent University/Desktop/Simulation_FPGA/NTU_FPGA2-new_permision/NTU_FPGA2/Golden_TOP2.v Line: 225
    Warning (13040): bidirectional pin "FMCC_LA_RX_n[0]" has no driver File: C:/Users/N1259534/OneDrive - Nottingham Trent University/Desktop/Simulation_FPGA/NTU_FPGA2-new_permision/NTU_FPGA2/Golden_TOP2.v Line: 226
    Warning (13040): bidirectional pin "FMCC_LA_RX_n[1]" has no driver File: C:/Users/N1259534/OneDrive - Nottingham Trent University/Desktop/Simulation_FPGA/NTU_FPGA2-new_permision/NTU_FPGA2/Golden_TOP2.v Line: 226
    Warning (13040): bidirectional pin "FMCC_LA_RX_n[2]" has no driver File: C:/Users/N1259534/OneDrive - Nottingham Trent University/Desktop/Simulation_FPGA/NTU_FPGA2-new_permision/NTU_FPGA2/Golden_TOP2.v Line: 226
    Warning (13040): bidirectional pin "FMCC_LA_RX_n[3]" has no driver File: C:/Users/N1259534/OneDrive - Nottingham Trent University/Desktop/Simulation_FPGA/NTU_FPGA2-new_permision/NTU_FPGA2/Golden_TOP2.v Line: 226
    Warning (13040): bidirectional pin "FMCC_LA_RX_n[4]" has no driver File: C:/Users/N1259534/OneDrive - Nottingham Trent University/Desktop/Simulation_FPGA/NTU_FPGA2-new_permision/NTU_FPGA2/Golden_TOP2.v Line: 226
    Warning (13040): bidirectional pin "FMCC_LA_RX_n[5]" has no driver File: C:/Users/N1259534/OneDrive - Nottingham Trent University/Desktop/Simulation_FPGA/NTU_FPGA2-new_permision/NTU_FPGA2/Golden_TOP2.v Line: 226
    Warning (13040): bidirectional pin "FMCC_LA_RX_n[6]" has no driver File: C:/Users/N1259534/OneDrive - Nottingham Trent University/Desktop/Simulation_FPGA/NTU_FPGA2-new_permision/NTU_FPGA2/Golden_TOP2.v Line: 226
    Warning (13040): bidirectional pin "FMCC_LA_RX_n[7]" has no driver File: C:/Users/N1259534/OneDrive - Nottingham Trent University/Desktop/Simulation_FPGA/NTU_FPGA2-new_permision/NTU_FPGA2/Golden_TOP2.v Line: 226
    Warning (13040): bidirectional pin "FMCC_LA_RX_n[8]" has no driver File: C:/Users/N1259534/OneDrive - Nottingham Trent University/Desktop/Simulation_FPGA/NTU_FPGA2-new_permision/NTU_FPGA2/Golden_TOP2.v Line: 226
    Warning (13040): bidirectional pin "FMCC_LA_RX_n[9]" has no driver File: C:/Users/N1259534/OneDrive - Nottingham Trent University/Desktop/Simulation_FPGA/NTU_FPGA2-new_permision/NTU_FPGA2/Golden_TOP2.v Line: 226
    Warning (13040): bidirectional pin "FMCC_LA_RX_n[10]" has no driver File: C:/Users/N1259534/OneDrive - Nottingham Trent University/Desktop/Simulation_FPGA/NTU_FPGA2-new_permision/NTU_FPGA2/Golden_TOP2.v Line: 226
    Warning (13040): bidirectional pin "FMCC_LA_RX_n[11]" has no driver File: C:/Users/N1259534/OneDrive - Nottingham Trent University/Desktop/Simulation_FPGA/NTU_FPGA2-new_permision/NTU_FPGA2/Golden_TOP2.v Line: 226
    Warning (13040): bidirectional pin "FMCC_LA_RX_n[12]" has no driver File: C:/Users/N1259534/OneDrive - Nottingham Trent University/Desktop/Simulation_FPGA/NTU_FPGA2-new_permision/NTU_FPGA2/Golden_TOP2.v Line: 226
    Warning (13040): bidirectional pin "FMCC_LA_RX_n[13]" has no driver File: C:/Users/N1259534/OneDrive - Nottingham Trent University/Desktop/Simulation_FPGA/NTU_FPGA2-new_permision/NTU_FPGA2/Golden_TOP2.v Line: 226
    Warning (13040): bidirectional pin "FMCC_LA_RX_n[14]" has no driver File: C:/Users/N1259534/OneDrive - Nottingham Trent University/Desktop/Simulation_FPGA/NTU_FPGA2-new_permision/NTU_FPGA2/Golden_TOP2.v Line: 226
    Warning (13040): bidirectional pin "FMCC_SCL" has no driver File: C:/Users/N1259534/OneDrive - Nottingham Trent University/Desktop/Simulation_FPGA/NTU_FPGA2-new_permision/NTU_FPGA2/Golden_TOP2.v Line: 236
    Warning (13040): bidirectional pin "FMCC_SDA" has no driver File: C:/Users/N1259534/OneDrive - Nottingham Trent University/Desktop/Simulation_FPGA/NTU_FPGA2-new_permision/NTU_FPGA2/Golden_TOP2.v Line: 237
    Warning (13040): bidirectional pin "FMCD_HA_TX_p[0]" has no driver File: C:/Users/N1259534/OneDrive - Nottingham Trent University/Desktop/Simulation_FPGA/NTU_FPGA2-new_permision/NTU_FPGA2/Golden_TOP2.v Line: 254
    Warning (13040): bidirectional pin "FMCD_HA_TX_p[1]" has no driver File: C:/Users/N1259534/OneDrive - Nottingham Trent University/Desktop/Simulation_FPGA/NTU_FPGA2-new_permision/NTU_FPGA2/Golden_TOP2.v Line: 254
    Warning (13040): bidirectional pin "FMCD_HA_TX_p[2]" has no driver File: C:/Users/N1259534/OneDrive - Nottingham Trent University/Desktop/Simulation_FPGA/NTU_FPGA2-new_permision/NTU_FPGA2/Golden_TOP2.v Line: 254
    Warning (13040): bidirectional pin "FMCD_HA_TX_p[3]" has no driver File: C:/Users/N1259534/OneDrive - Nottingham Trent University/Desktop/Simulation_FPGA/NTU_FPGA2-new_permision/NTU_FPGA2/Golden_TOP2.v Line: 254
    Warning (13040): bidirectional pin "FMCD_HA_TX_p[4]" has no driver File: C:/Users/N1259534/OneDrive - Nottingham Trent University/Desktop/Simulation_FPGA/NTU_FPGA2-new_permision/NTU_FPGA2/Golden_TOP2.v Line: 254
    Warning (13040): bidirectional pin "FMCD_HA_TX_p[5]" has no driver File: C:/Users/N1259534/OneDrive - Nottingham Trent University/Desktop/Simulation_FPGA/NTU_FPGA2-new_permision/NTU_FPGA2/Golden_TOP2.v Line: 254
    Warning (13040): bidirectional pin "FMCD_HA_TX_p[6]" has no driver File: C:/Users/N1259534/OneDrive - Nottingham Trent University/Desktop/Simulation_FPGA/NTU_FPGA2-new_permision/NTU_FPGA2/Golden_TOP2.v Line: 254
    Warning (13040): bidirectional pin "FMCD_HA_TX_p[7]" has no driver File: C:/Users/N1259534/OneDrive - Nottingham Trent University/Desktop/Simulation_FPGA/NTU_FPGA2-new_permision/NTU_FPGA2/Golden_TOP2.v Line: 254
    Warning (13040): bidirectional pin "FMCD_HA_TX_p[8]" has no driver File: C:/Users/N1259534/OneDrive - Nottingham Trent University/Desktop/Simulation_FPGA/NTU_FPGA2-new_permision/NTU_FPGA2/Golden_TOP2.v Line: 254
    Warning (13040): bidirectional pin "FMCD_HA_TX_p[9]" has no driver File: C:/Users/N1259534/OneDrive - Nottingham Trent University/Desktop/Simulation_FPGA/NTU_FPGA2-new_permision/NTU_FPGA2/Golden_TOP2.v Line: 254
    Warning (13040): bidirectional pin "FMCD_HA_TX_p[10]" has no driver File: C:/Users/N1259534/OneDrive - Nottingham Trent University/Desktop/Simulation_FPGA/NTU_FPGA2-new_permision/NTU_FPGA2/Golden_TOP2.v Line: 254
    Warning (13040): bidirectional pin "FMCD_HA_TX_n[0]" has no driver File: C:/Users/N1259534/OneDrive - Nottingham Trent University/Desktop/Simulation_FPGA/NTU_FPGA2-new_permision/NTU_FPGA2/Golden_TOP2.v Line: 255
    Warning (13040): bidirectional pin "FMCD_HA_TX_n[1]" has no driver File: C:/Users/N1259534/OneDrive - Nottingham Trent University/Desktop/Simulation_FPGA/NTU_FPGA2-new_permision/NTU_FPGA2/Golden_TOP2.v Line: 255
    Warning (13040): bidirectional pin "FMCD_HA_TX_n[2]" has no driver File: C:/Users/N1259534/OneDrive - Nottingham Trent University/Desktop/Simulation_FPGA/NTU_FPGA2-new_permision/NTU_FPGA2/Golden_TOP2.v Line: 255
    Warning (13040): bidirectional pin "FMCD_HA_TX_n[3]" has no driver File: C:/Users/N1259534/OneDrive - Nottingham Trent University/Desktop/Simulation_FPGA/NTU_FPGA2-new_permision/NTU_FPGA2/Golden_TOP2.v Line: 255
    Warning (13040): bidirectional pin "FMCD_HA_TX_n[4]" has no driver File: C:/Users/N1259534/OneDrive - Nottingham Trent University/Desktop/Simulation_FPGA/NTU_FPGA2-new_permision/NTU_FPGA2/Golden_TOP2.v Line: 255
    Warning (13040): bidirectional pin "FMCD_HA_TX_n[5]" has no driver File: C:/Users/N1259534/OneDrive - Nottingham Trent University/Desktop/Simulation_FPGA/NTU_FPGA2-new_permision/NTU_FPGA2/Golden_TOP2.v Line: 255
    Warning (13040): bidirectional pin "FMCD_HA_TX_n[6]" has no driver File: C:/Users/N1259534/OneDrive - Nottingham Trent University/Desktop/Simulation_FPGA/NTU_FPGA2-new_permision/NTU_FPGA2/Golden_TOP2.v Line: 255
    Warning (13040): bidirectional pin "FMCD_HA_TX_n[7]" has no driver File: C:/Users/N1259534/OneDrive - Nottingham Trent University/Desktop/Simulation_FPGA/NTU_FPGA2-new_permision/NTU_FPGA2/Golden_TOP2.v Line: 255
    Warning (13040): bidirectional pin "FMCD_HA_TX_n[8]" has no driver File: C:/Users/N1259534/OneDrive - Nottingham Trent University/Desktop/Simulation_FPGA/NTU_FPGA2-new_permision/NTU_FPGA2/Golden_TOP2.v Line: 255
    Warning (13040): bidirectional pin "FMCD_HA_TX_n[9]" has no driver File: C:/Users/N1259534/OneDrive - Nottingham Trent University/Desktop/Simulation_FPGA/NTU_FPGA2-new_permision/NTU_FPGA2/Golden_TOP2.v Line: 255
    Warning (13040): bidirectional pin "FMCD_HA_TX_n[10]" has no driver File: C:/Users/N1259534/OneDrive - Nottingham Trent University/Desktop/Simulation_FPGA/NTU_FPGA2-new_permision/NTU_FPGA2/Golden_TOP2.v Line: 255
    Warning (13040): bidirectional pin "FMCD_HA_RX_p[0]" has no driver File: C:/Users/N1259534/OneDrive - Nottingham Trent University/Desktop/Simulation_FPGA/NTU_FPGA2-new_permision/NTU_FPGA2/Golden_TOP2.v Line: 256
    Warning (13040): bidirectional pin "FMCD_HA_RX_p[1]" has no driver File: C:/Users/N1259534/OneDrive - Nottingham Trent University/Desktop/Simulation_FPGA/NTU_FPGA2-new_permision/NTU_FPGA2/Golden_TOP2.v Line: 256
    Warning (13040): bidirectional pin "FMCD_HA_RX_p[2]" has no driver File: C:/Users/N1259534/OneDrive - Nottingham Trent University/Desktop/Simulation_FPGA/NTU_FPGA2-new_permision/NTU_FPGA2/Golden_TOP2.v Line: 256
    Warning (13040): bidirectional pin "FMCD_HA_RX_p[3]" has no driver File: C:/Users/N1259534/OneDrive - Nottingham Trent University/Desktop/Simulation_FPGA/NTU_FPGA2-new_permision/NTU_FPGA2/Golden_TOP2.v Line: 256
    Warning (13040): bidirectional pin "FMCD_HA_RX_p[4]" has no driver File: C:/Users/N1259534/OneDrive - Nottingham Trent University/Desktop/Simulation_FPGA/NTU_FPGA2-new_permision/NTU_FPGA2/Golden_TOP2.v Line: 256
    Warning (13040): bidirectional pin "FMCD_HA_RX_p[5]" has no driver File: C:/Users/N1259534/OneDrive - Nottingham Trent University/Desktop/Simulation_FPGA/NTU_FPGA2-new_permision/NTU_FPGA2/Golden_TOP2.v Line: 256
    Warning (13040): bidirectional pin "FMCD_HA_RX_p[6]" has no driver File: C:/Users/N1259534/OneDrive - Nottingham Trent University/Desktop/Simulation_FPGA/NTU_FPGA2-new_permision/NTU_FPGA2/Golden_TOP2.v Line: 256
    Warning (13040): bidirectional pin "FMCD_HA_RX_p[7]" has no driver File: C:/Users/N1259534/OneDrive - Nottingham Trent University/Desktop/Simulation_FPGA/NTU_FPGA2-new_permision/NTU_FPGA2/Golden_TOP2.v Line: 256
    Warning (13040): bidirectional pin "FMCD_HA_RX_p[8]" has no driver File: C:/Users/N1259534/OneDrive - Nottingham Trent University/Desktop/Simulation_FPGA/NTU_FPGA2-new_permision/NTU_FPGA2/Golden_TOP2.v Line: 256
    Warning (13040): bidirectional pin "FMCD_HA_RX_p[9]" has no driver File: C:/Users/N1259534/OneDrive - Nottingham Trent University/Desktop/Simulation_FPGA/NTU_FPGA2-new_permision/NTU_FPGA2/Golden_TOP2.v Line: 256
    Warning (13040): bidirectional pin "FMCD_HA_RX_p[10]" has no driver File: C:/Users/N1259534/OneDrive - Nottingham Trent University/Desktop/Simulation_FPGA/NTU_FPGA2-new_permision/NTU_FPGA2/Golden_TOP2.v Line: 256
    Warning (13040): bidirectional pin "FMCD_HA_RX_n[0]" has no driver File: C:/Users/N1259534/OneDrive - Nottingham Trent University/Desktop/Simulation_FPGA/NTU_FPGA2-new_permision/NTU_FPGA2/Golden_TOP2.v Line: 257
    Warning (13040): bidirectional pin "FMCD_HA_RX_n[1]" has no driver File: C:/Users/N1259534/OneDrive - Nottingham Trent University/Desktop/Simulation_FPGA/NTU_FPGA2-new_permision/NTU_FPGA2/Golden_TOP2.v Line: 257
    Warning (13040): bidirectional pin "FMCD_HA_RX_n[2]" has no driver File: C:/Users/N1259534/OneDrive - Nottingham Trent University/Desktop/Simulation_FPGA/NTU_FPGA2-new_permision/NTU_FPGA2/Golden_TOP2.v Line: 257
    Warning (13040): bidirectional pin "FMCD_HA_RX_n[3]" has no driver File: C:/Users/N1259534/OneDrive - Nottingham Trent University/Desktop/Simulation_FPGA/NTU_FPGA2-new_permision/NTU_FPGA2/Golden_TOP2.v Line: 257
    Warning (13040): bidirectional pin "FMCD_HA_RX_n[4]" has no driver File: C:/Users/N1259534/OneDrive - Nottingham Trent University/Desktop/Simulation_FPGA/NTU_FPGA2-new_permision/NTU_FPGA2/Golden_TOP2.v Line: 257
    Warning (13040): bidirectional pin "FMCD_HA_RX_n[5]" has no driver File: C:/Users/N1259534/OneDrive - Nottingham Trent University/Desktop/Simulation_FPGA/NTU_FPGA2-new_permision/NTU_FPGA2/Golden_TOP2.v Line: 257
    Warning (13040): bidirectional pin "FMCD_HA_RX_n[6]" has no driver File: C:/Users/N1259534/OneDrive - Nottingham Trent University/Desktop/Simulation_FPGA/NTU_FPGA2-new_permision/NTU_FPGA2/Golden_TOP2.v Line: 257
    Warning (13040): bidirectional pin "FMCD_HA_RX_n[7]" has no driver File: C:/Users/N1259534/OneDrive - Nottingham Trent University/Desktop/Simulation_FPGA/NTU_FPGA2-new_permision/NTU_FPGA2/Golden_TOP2.v Line: 257
    Warning (13040): bidirectional pin "FMCD_HA_RX_n[8]" has no driver File: C:/Users/N1259534/OneDrive - Nottingham Trent University/Desktop/Simulation_FPGA/NTU_FPGA2-new_permision/NTU_FPGA2/Golden_TOP2.v Line: 257
    Warning (13040): bidirectional pin "FMCD_HA_RX_n[9]" has no driver File: C:/Users/N1259534/OneDrive - Nottingham Trent University/Desktop/Simulation_FPGA/NTU_FPGA2-new_permision/NTU_FPGA2/Golden_TOP2.v Line: 257
    Warning (13040): bidirectional pin "FMCD_HA_RX_n[10]" has no driver File: C:/Users/N1259534/OneDrive - Nottingham Trent University/Desktop/Simulation_FPGA/NTU_FPGA2-new_permision/NTU_FPGA2/Golden_TOP2.v Line: 257
    Warning (13040): bidirectional pin "FMCD_HB_TX_p[0]" has no driver File: C:/Users/N1259534/OneDrive - Nottingham Trent University/Desktop/Simulation_FPGA/NTU_FPGA2-new_permision/NTU_FPGA2/Golden_TOP2.v Line: 258
    Warning (13040): bidirectional pin "FMCD_HB_TX_p[1]" has no driver File: C:/Users/N1259534/OneDrive - Nottingham Trent University/Desktop/Simulation_FPGA/NTU_FPGA2-new_permision/NTU_FPGA2/Golden_TOP2.v Line: 258
    Warning (13040): bidirectional pin "FMCD_HB_TX_p[2]" has no driver File: C:/Users/N1259534/OneDrive - Nottingham Trent University/Desktop/Simulation_FPGA/NTU_FPGA2-new_permision/NTU_FPGA2/Golden_TOP2.v Line: 258
    Warning (13040): bidirectional pin "FMCD_HB_TX_p[3]" has no driver File: C:/Users/N1259534/OneDrive - Nottingham Trent University/Desktop/Simulation_FPGA/NTU_FPGA2-new_permision/NTU_FPGA2/Golden_TOP2.v Line: 258
    Warning (13040): bidirectional pin "FMCD_HB_TX_p[4]" has no driver File: C:/Users/N1259534/OneDrive - Nottingham Trent University/Desktop/Simulation_FPGA/NTU_FPGA2-new_permision/NTU_FPGA2/Golden_TOP2.v Line: 258
    Warning (13040): bidirectional pin "FMCD_HB_TX_p[5]" has no driver File: C:/Users/N1259534/OneDrive - Nottingham Trent University/Desktop/Simulation_FPGA/NTU_FPGA2-new_permision/NTU_FPGA2/Golden_TOP2.v Line: 258
    Warning (13040): bidirectional pin "FMCD_HB_TX_p[6]" has no driver File: C:/Users/N1259534/OneDrive - Nottingham Trent University/Desktop/Simulation_FPGA/NTU_FPGA2-new_permision/NTU_FPGA2/Golden_TOP2.v Line: 258
    Warning (13040): bidirectional pin "FMCD_HB_TX_p[7]" has no driver File: C:/Users/N1259534/OneDrive - Nottingham Trent University/Desktop/Simulation_FPGA/NTU_FPGA2-new_permision/NTU_FPGA2/Golden_TOP2.v Line: 258
    Warning (13040): bidirectional pin "FMCD_HB_TX_p[8]" has no driver File: C:/Users/N1259534/OneDrive - Nottingham Trent University/Desktop/Simulation_FPGA/NTU_FPGA2-new_permision/NTU_FPGA2/Golden_TOP2.v Line: 258
    Warning (13040): bidirectional pin "FMCD_HB_TX_p[9]" has no driver File: C:/Users/N1259534/OneDrive - Nottingham Trent University/Desktop/Simulation_FPGA/NTU_FPGA2-new_permision/NTU_FPGA2/Golden_TOP2.v Line: 258
    Warning (13040): bidirectional pin "FMCD_HB_TX_p[10]" has no driver File: C:/Users/N1259534/OneDrive - Nottingham Trent University/Desktop/Simulation_FPGA/NTU_FPGA2-new_permision/NTU_FPGA2/Golden_TOP2.v Line: 258
    Warning (13040): bidirectional pin "FMCD_HB_TX_n[0]" has no driver File: C:/Users/N1259534/OneDrive - Nottingham Trent University/Desktop/Simulation_FPGA/NTU_FPGA2-new_permision/NTU_FPGA2/Golden_TOP2.v Line: 259
    Warning (13040): bidirectional pin "FMCD_HB_TX_n[1]" has no driver File: C:/Users/N1259534/OneDrive - Nottingham Trent University/Desktop/Simulation_FPGA/NTU_FPGA2-new_permision/NTU_FPGA2/Golden_TOP2.v Line: 259
    Warning (13040): bidirectional pin "FMCD_HB_TX_n[2]" has no driver File: C:/Users/N1259534/OneDrive - Nottingham Trent University/Desktop/Simulation_FPGA/NTU_FPGA2-new_permision/NTU_FPGA2/Golden_TOP2.v Line: 259
    Warning (13040): bidirectional pin "FMCD_HB_TX_n[3]" has no driver File: C:/Users/N1259534/OneDrive - Nottingham Trent University/Desktop/Simulation_FPGA/NTU_FPGA2-new_permision/NTU_FPGA2/Golden_TOP2.v Line: 259
    Warning (13040): bidirectional pin "FMCD_HB_TX_n[4]" has no driver File: C:/Users/N1259534/OneDrive - Nottingham Trent University/Desktop/Simulation_FPGA/NTU_FPGA2-new_permision/NTU_FPGA2/Golden_TOP2.v Line: 259
    Warning (13040): bidirectional pin "FMCD_HB_TX_n[5]" has no driver File: C:/Users/N1259534/OneDrive - Nottingham Trent University/Desktop/Simulation_FPGA/NTU_FPGA2-new_permision/NTU_FPGA2/Golden_TOP2.v Line: 259
    Warning (13040): bidirectional pin "FMCD_HB_TX_n[6]" has no driver File: C:/Users/N1259534/OneDrive - Nottingham Trent University/Desktop/Simulation_FPGA/NTU_FPGA2-new_permision/NTU_FPGA2/Golden_TOP2.v Line: 259
    Warning (13040): bidirectional pin "FMCD_HB_TX_n[7]" has no driver File: C:/Users/N1259534/OneDrive - Nottingham Trent University/Desktop/Simulation_FPGA/NTU_FPGA2-new_permision/NTU_FPGA2/Golden_TOP2.v Line: 259
    Warning (13040): bidirectional pin "FMCD_HB_TX_n[8]" has no driver File: C:/Users/N1259534/OneDrive - Nottingham Trent University/Desktop/Simulation_FPGA/NTU_FPGA2-new_permision/NTU_FPGA2/Golden_TOP2.v Line: 259
    Warning (13040): bidirectional pin "FMCD_HB_TX_n[9]" has no driver File: C:/Users/N1259534/OneDrive - Nottingham Trent University/Desktop/Simulation_FPGA/NTU_FPGA2-new_permision/NTU_FPGA2/Golden_TOP2.v Line: 259
    Warning (13040): bidirectional pin "FMCD_HB_TX_n[10]" has no driver File: C:/Users/N1259534/OneDrive - Nottingham Trent University/Desktop/Simulation_FPGA/NTU_FPGA2-new_permision/NTU_FPGA2/Golden_TOP2.v Line: 259
    Warning (13040): bidirectional pin "FMCD_HB_RX_p[0]" has no driver File: C:/Users/N1259534/OneDrive - Nottingham Trent University/Desktop/Simulation_FPGA/NTU_FPGA2-new_permision/NTU_FPGA2/Golden_TOP2.v Line: 260
    Warning (13040): bidirectional pin "FMCD_HB_RX_p[1]" has no driver File: C:/Users/N1259534/OneDrive - Nottingham Trent University/Desktop/Simulation_FPGA/NTU_FPGA2-new_permision/NTU_FPGA2/Golden_TOP2.v Line: 260
    Warning (13040): bidirectional pin "FMCD_HB_RX_p[2]" has no driver File: C:/Users/N1259534/OneDrive - Nottingham Trent University/Desktop/Simulation_FPGA/NTU_FPGA2-new_permision/NTU_FPGA2/Golden_TOP2.v Line: 260
    Warning (13040): bidirectional pin "FMCD_HB_RX_p[3]" has no driver File: C:/Users/N1259534/OneDrive - Nottingham Trent University/Desktop/Simulation_FPGA/NTU_FPGA2-new_permision/NTU_FPGA2/Golden_TOP2.v Line: 260
    Warning (13040): bidirectional pin "FMCD_HB_RX_p[4]" has no driver File: C:/Users/N1259534/OneDrive - Nottingham Trent University/Desktop/Simulation_FPGA/NTU_FPGA2-new_permision/NTU_FPGA2/Golden_TOP2.v Line: 260
    Warning (13040): bidirectional pin "FMCD_HB_RX_p[5]" has no driver File: C:/Users/N1259534/OneDrive - Nottingham Trent University/Desktop/Simulation_FPGA/NTU_FPGA2-new_permision/NTU_FPGA2/Golden_TOP2.v Line: 260
    Warning (13040): bidirectional pin "FMCD_HB_RX_p[6]" has no driver File: C:/Users/N1259534/OneDrive - Nottingham Trent University/Desktop/Simulation_FPGA/NTU_FPGA2-new_permision/NTU_FPGA2/Golden_TOP2.v Line: 260
    Warning (13040): bidirectional pin "FMCD_HB_RX_p[7]" has no driver File: C:/Users/N1259534/OneDrive - Nottingham Trent University/Desktop/Simulation_FPGA/NTU_FPGA2-new_permision/NTU_FPGA2/Golden_TOP2.v Line: 260
    Warning (13040): bidirectional pin "FMCD_HB_RX_p[8]" has no driver File: C:/Users/N1259534/OneDrive - Nottingham Trent University/Desktop/Simulation_FPGA/NTU_FPGA2-new_permision/NTU_FPGA2/Golden_TOP2.v Line: 260
    Warning (13040): bidirectional pin "FMCD_HB_RX_p[9]" has no driver File: C:/Users/N1259534/OneDrive - Nottingham Trent University/Desktop/Simulation_FPGA/NTU_FPGA2-new_permision/NTU_FPGA2/Golden_TOP2.v Line: 260
    Warning (13040): bidirectional pin "FMCD_HB_RX_p[10]" has no driver File: C:/Users/N1259534/OneDrive - Nottingham Trent University/Desktop/Simulation_FPGA/NTU_FPGA2-new_permision/NTU_FPGA2/Golden_TOP2.v Line: 260
    Warning (13040): bidirectional pin "FMCD_HB_RX_n[0]" has no driver File: C:/Users/N1259534/OneDrive - Nottingham Trent University/Desktop/Simulation_FPGA/NTU_FPGA2-new_permision/NTU_FPGA2/Golden_TOP2.v Line: 261
    Warning (13040): bidirectional pin "FMCD_HB_RX_n[1]" has no driver File: C:/Users/N1259534/OneDrive - Nottingham Trent University/Desktop/Simulation_FPGA/NTU_FPGA2-new_permision/NTU_FPGA2/Golden_TOP2.v Line: 261
    Warning (13040): bidirectional pin "FMCD_HB_RX_n[2]" has no driver File: C:/Users/N1259534/OneDrive - Nottingham Trent University/Desktop/Simulation_FPGA/NTU_FPGA2-new_permision/NTU_FPGA2/Golden_TOP2.v Line: 261
    Warning (13040): bidirectional pin "FMCD_HB_RX_n[3]" has no driver File: C:/Users/N1259534/OneDrive - Nottingham Trent University/Desktop/Simulation_FPGA/NTU_FPGA2-new_permision/NTU_FPGA2/Golden_TOP2.v Line: 261
    Warning (13040): bidirectional pin "FMCD_HB_RX_n[4]" has no driver File: C:/Users/N1259534/OneDrive - Nottingham Trent University/Desktop/Simulation_FPGA/NTU_FPGA2-new_permision/NTU_FPGA2/Golden_TOP2.v Line: 261
    Warning (13040): bidirectional pin "FMCD_HB_RX_n[5]" has no driver File: C:/Users/N1259534/OneDrive - Nottingham Trent University/Desktop/Simulation_FPGA/NTU_FPGA2-new_permision/NTU_FPGA2/Golden_TOP2.v Line: 261
    Warning (13040): bidirectional pin "FMCD_HB_RX_n[6]" has no driver File: C:/Users/N1259534/OneDrive - Nottingham Trent University/Desktop/Simulation_FPGA/NTU_FPGA2-new_permision/NTU_FPGA2/Golden_TOP2.v Line: 261
    Warning (13040): bidirectional pin "FMCD_HB_RX_n[7]" has no driver File: C:/Users/N1259534/OneDrive - Nottingham Trent University/Desktop/Simulation_FPGA/NTU_FPGA2-new_permision/NTU_FPGA2/Golden_TOP2.v Line: 261
    Warning (13040): bidirectional pin "FMCD_HB_RX_n[8]" has no driver File: C:/Users/N1259534/OneDrive - Nottingham Trent University/Desktop/Simulation_FPGA/NTU_FPGA2-new_permision/NTU_FPGA2/Golden_TOP2.v Line: 261
    Warning (13040): bidirectional pin "FMCD_HB_RX_n[9]" has no driver File: C:/Users/N1259534/OneDrive - Nottingham Trent University/Desktop/Simulation_FPGA/NTU_FPGA2-new_permision/NTU_FPGA2/Golden_TOP2.v Line: 261
    Warning (13040): bidirectional pin "FMCD_HB_RX_n[10]" has no driver File: C:/Users/N1259534/OneDrive - Nottingham Trent University/Desktop/Simulation_FPGA/NTU_FPGA2-new_permision/NTU_FPGA2/Golden_TOP2.v Line: 261
    Warning (13040): bidirectional pin "FMCD_LA_TX_p[0]" has no driver File: C:/Users/N1259534/OneDrive - Nottingham Trent University/Desktop/Simulation_FPGA/NTU_FPGA2-new_permision/NTU_FPGA2/Golden_TOP2.v Line: 262
    Warning (13040): bidirectional pin "FMCD_LA_TX_p[1]" has no driver File: C:/Users/N1259534/OneDrive - Nottingham Trent University/Desktop/Simulation_FPGA/NTU_FPGA2-new_permision/NTU_FPGA2/Golden_TOP2.v Line: 262
    Warning (13040): bidirectional pin "FMCD_LA_TX_p[2]" has no driver File: C:/Users/N1259534/OneDrive - Nottingham Trent University/Desktop/Simulation_FPGA/NTU_FPGA2-new_permision/NTU_FPGA2/Golden_TOP2.v Line: 262
    Warning (13040): bidirectional pin "FMCD_LA_TX_p[3]" has no driver File: C:/Users/N1259534/OneDrive - Nottingham Trent University/Desktop/Simulation_FPGA/NTU_FPGA2-new_permision/NTU_FPGA2/Golden_TOP2.v Line: 262
    Warning (13040): bidirectional pin "FMCD_LA_TX_p[4]" has no driver File: C:/Users/N1259534/OneDrive - Nottingham Trent University/Desktop/Simulation_FPGA/NTU_FPGA2-new_permision/NTU_FPGA2/Golden_TOP2.v Line: 262
    Warning (13040): bidirectional pin "FMCD_LA_TX_p[5]" has no driver File: C:/Users/N1259534/OneDrive - Nottingham Trent University/Desktop/Simulation_FPGA/NTU_FPGA2-new_permision/NTU_FPGA2/Golden_TOP2.v Line: 262
    Warning (13040): bidirectional pin "FMCD_LA_TX_p[6]" has no driver File: C:/Users/N1259534/OneDrive - Nottingham Trent University/Desktop/Simulation_FPGA/NTU_FPGA2-new_permision/NTU_FPGA2/Golden_TOP2.v Line: 262
    Warning (13040): bidirectional pin "FMCD_LA_TX_p[7]" has no driver File: C:/Users/N1259534/OneDrive - Nottingham Trent University/Desktop/Simulation_FPGA/NTU_FPGA2-new_permision/NTU_FPGA2/Golden_TOP2.v Line: 262
    Warning (13040): bidirectional pin "FMCD_LA_TX_p[8]" has no driver File: C:/Users/N1259534/OneDrive - Nottingham Trent University/Desktop/Simulation_FPGA/NTU_FPGA2-new_permision/NTU_FPGA2/Golden_TOP2.v Line: 262
    Warning (13040): bidirectional pin "FMCD_LA_TX_p[9]" has no driver File: C:/Users/N1259534/OneDrive - Nottingham Trent University/Desktop/Simulation_FPGA/NTU_FPGA2-new_permision/NTU_FPGA2/Golden_TOP2.v Line: 262
    Warning (13040): bidirectional pin "FMCD_LA_TX_p[10]" has no driver File: C:/Users/N1259534/OneDrive - Nottingham Trent University/Desktop/Simulation_FPGA/NTU_FPGA2-new_permision/NTU_FPGA2/Golden_TOP2.v Line: 262
    Warning (13040): bidirectional pin "FMCD_LA_TX_p[11]" has no driver File: C:/Users/N1259534/OneDrive - Nottingham Trent University/Desktop/Simulation_FPGA/NTU_FPGA2-new_permision/NTU_FPGA2/Golden_TOP2.v Line: 262
    Warning (13040): bidirectional pin "FMCD_LA_TX_p[12]" has no driver File: C:/Users/N1259534/OneDrive - Nottingham Trent University/Desktop/Simulation_FPGA/NTU_FPGA2-new_permision/NTU_FPGA2/Golden_TOP2.v Line: 262
    Warning (13040): bidirectional pin "FMCD_LA_TX_p[13]" has no driver File: C:/Users/N1259534/OneDrive - Nottingham Trent University/Desktop/Simulation_FPGA/NTU_FPGA2-new_permision/NTU_FPGA2/Golden_TOP2.v Line: 262
    Warning (13040): bidirectional pin "FMCD_LA_TX_p[14]" has no driver File: C:/Users/N1259534/OneDrive - Nottingham Trent University/Desktop/Simulation_FPGA/NTU_FPGA2-new_permision/NTU_FPGA2/Golden_TOP2.v Line: 262
    Warning (13040): bidirectional pin "FMCD_LA_TX_p[15]" has no driver File: C:/Users/N1259534/OneDrive - Nottingham Trent University/Desktop/Simulation_FPGA/NTU_FPGA2-new_permision/NTU_FPGA2/Golden_TOP2.v Line: 262
    Warning (13040): bidirectional pin "FMCD_LA_TX_p[16]" has no driver File: C:/Users/N1259534/OneDrive - Nottingham Trent University/Desktop/Simulation_FPGA/NTU_FPGA2-new_permision/NTU_FPGA2/Golden_TOP2.v Line: 262
    Warning (13040): bidirectional pin "FMCD_LA_TX_n[0]" has no driver File: C:/Users/N1259534/OneDrive - Nottingham Trent University/Desktop/Simulation_FPGA/NTU_FPGA2-new_permision/NTU_FPGA2/Golden_TOP2.v Line: 263
    Warning (13040): bidirectional pin "FMCD_LA_TX_n[1]" has no driver File: C:/Users/N1259534/OneDrive - Nottingham Trent University/Desktop/Simulation_FPGA/NTU_FPGA2-new_permision/NTU_FPGA2/Golden_TOP2.v Line: 263
    Warning (13040): bidirectional pin "FMCD_LA_TX_n[2]" has no driver File: C:/Users/N1259534/OneDrive - Nottingham Trent University/Desktop/Simulation_FPGA/NTU_FPGA2-new_permision/NTU_FPGA2/Golden_TOP2.v Line: 263
    Warning (13040): bidirectional pin "FMCD_LA_TX_n[3]" has no driver File: C:/Users/N1259534/OneDrive - Nottingham Trent University/Desktop/Simulation_FPGA/NTU_FPGA2-new_permision/NTU_FPGA2/Golden_TOP2.v Line: 263
    Warning (13040): bidirectional pin "FMCD_LA_TX_n[4]" has no driver File: C:/Users/N1259534/OneDrive - Nottingham Trent University/Desktop/Simulation_FPGA/NTU_FPGA2-new_permision/NTU_FPGA2/Golden_TOP2.v Line: 263
    Warning (13040): bidirectional pin "FMCD_LA_TX_n[5]" has no driver File: C:/Users/N1259534/OneDrive - Nottingham Trent University/Desktop/Simulation_FPGA/NTU_FPGA2-new_permision/NTU_FPGA2/Golden_TOP2.v Line: 263
    Warning (13040): bidirectional pin "FMCD_LA_TX_n[6]" has no driver File: C:/Users/N1259534/OneDrive - Nottingham Trent University/Desktop/Simulation_FPGA/NTU_FPGA2-new_permision/NTU_FPGA2/Golden_TOP2.v Line: 263
    Warning (13040): bidirectional pin "FMCD_LA_TX_n[7]" has no driver File: C:/Users/N1259534/OneDrive - Nottingham Trent University/Desktop/Simulation_FPGA/NTU_FPGA2-new_permision/NTU_FPGA2/Golden_TOP2.v Line: 263
    Warning (13040): bidirectional pin "FMCD_LA_TX_n[8]" has no driver File: C:/Users/N1259534/OneDrive - Nottingham Trent University/Desktop/Simulation_FPGA/NTU_FPGA2-new_permision/NTU_FPGA2/Golden_TOP2.v Line: 263
    Warning (13040): bidirectional pin "FMCD_LA_TX_n[9]" has no driver File: C:/Users/N1259534/OneDrive - Nottingham Trent University/Desktop/Simulation_FPGA/NTU_FPGA2-new_permision/NTU_FPGA2/Golden_TOP2.v Line: 263
    Warning (13040): bidirectional pin "FMCD_LA_TX_n[10]" has no driver File: C:/Users/N1259534/OneDrive - Nottingham Trent University/Desktop/Simulation_FPGA/NTU_FPGA2-new_permision/NTU_FPGA2/Golden_TOP2.v Line: 263
    Warning (13040): bidirectional pin "FMCD_LA_TX_n[11]" has no driver File: C:/Users/N1259534/OneDrive - Nottingham Trent University/Desktop/Simulation_FPGA/NTU_FPGA2-new_permision/NTU_FPGA2/Golden_TOP2.v Line: 263
    Warning (13040): bidirectional pin "FMCD_LA_TX_n[12]" has no driver File: C:/Users/N1259534/OneDrive - Nottingham Trent University/Desktop/Simulation_FPGA/NTU_FPGA2-new_permision/NTU_FPGA2/Golden_TOP2.v Line: 263
    Warning (13040): bidirectional pin "FMCD_LA_TX_n[13]" has no driver File: C:/Users/N1259534/OneDrive - Nottingham Trent University/Desktop/Simulation_FPGA/NTU_FPGA2-new_permision/NTU_FPGA2/Golden_TOP2.v Line: 263
    Warning (13040): bidirectional pin "FMCD_LA_TX_n[14]" has no driver File: C:/Users/N1259534/OneDrive - Nottingham Trent University/Desktop/Simulation_FPGA/NTU_FPGA2-new_permision/NTU_FPGA2/Golden_TOP2.v Line: 263
    Warning (13040): bidirectional pin "FMCD_LA_TX_n[15]" has no driver File: C:/Users/N1259534/OneDrive - Nottingham Trent University/Desktop/Simulation_FPGA/NTU_FPGA2-new_permision/NTU_FPGA2/Golden_TOP2.v Line: 263
    Warning (13040): bidirectional pin "FMCD_LA_TX_n[16]" has no driver File: C:/Users/N1259534/OneDrive - Nottingham Trent University/Desktop/Simulation_FPGA/NTU_FPGA2-new_permision/NTU_FPGA2/Golden_TOP2.v Line: 263
    Warning (13040): bidirectional pin "FMCD_LA_RX_p[0]" has no driver File: C:/Users/N1259534/OneDrive - Nottingham Trent University/Desktop/Simulation_FPGA/NTU_FPGA2-new_permision/NTU_FPGA2/Golden_TOP2.v Line: 264
    Warning (13040): bidirectional pin "FMCD_LA_RX_p[1]" has no driver File: C:/Users/N1259534/OneDrive - Nottingham Trent University/Desktop/Simulation_FPGA/NTU_FPGA2-new_permision/NTU_FPGA2/Golden_TOP2.v Line: 264
    Warning (13040): bidirectional pin "FMCD_LA_RX_p[2]" has no driver File: C:/Users/N1259534/OneDrive - Nottingham Trent University/Desktop/Simulation_FPGA/NTU_FPGA2-new_permision/NTU_FPGA2/Golden_TOP2.v Line: 264
    Warning (13040): bidirectional pin "FMCD_LA_RX_p[3]" has no driver File: C:/Users/N1259534/OneDrive - Nottingham Trent University/Desktop/Simulation_FPGA/NTU_FPGA2-new_permision/NTU_FPGA2/Golden_TOP2.v Line: 264
    Warning (13040): bidirectional pin "FMCD_LA_RX_p[4]" has no driver File: C:/Users/N1259534/OneDrive - Nottingham Trent University/Desktop/Simulation_FPGA/NTU_FPGA2-new_permision/NTU_FPGA2/Golden_TOP2.v Line: 264
    Warning (13040): bidirectional pin "FMCD_LA_RX_p[5]" has no driver File: C:/Users/N1259534/OneDrive - Nottingham Trent University/Desktop/Simulation_FPGA/NTU_FPGA2-new_permision/NTU_FPGA2/Golden_TOP2.v Line: 264
    Warning (13040): bidirectional pin "FMCD_LA_RX_p[6]" has no driver File: C:/Users/N1259534/OneDrive - Nottingham Trent University/Desktop/Simulation_FPGA/NTU_FPGA2-new_permision/NTU_FPGA2/Golden_TOP2.v Line: 264
    Warning (13040): bidirectional pin "FMCD_LA_RX_p[7]" has no driver File: C:/Users/N1259534/OneDrive - Nottingham Trent University/Desktop/Simulation_FPGA/NTU_FPGA2-new_permision/NTU_FPGA2/Golden_TOP2.v Line: 264
    Warning (13040): bidirectional pin "FMCD_LA_RX_p[8]" has no driver File: C:/Users/N1259534/OneDrive - Nottingham Trent University/Desktop/Simulation_FPGA/NTU_FPGA2-new_permision/NTU_FPGA2/Golden_TOP2.v Line: 264
    Warning (13040): bidirectional pin "FMCD_LA_RX_p[9]" has no driver File: C:/Users/N1259534/OneDrive - Nottingham Trent University/Desktop/Simulation_FPGA/NTU_FPGA2-new_permision/NTU_FPGA2/Golden_TOP2.v Line: 264
    Warning (13040): bidirectional pin "FMCD_LA_RX_p[10]" has no driver File: C:/Users/N1259534/OneDrive - Nottingham Trent University/Desktop/Simulation_FPGA/NTU_FPGA2-new_permision/NTU_FPGA2/Golden_TOP2.v Line: 264
    Warning (13040): bidirectional pin "FMCD_LA_RX_p[11]" has no driver File: C:/Users/N1259534/OneDrive - Nottingham Trent University/Desktop/Simulation_FPGA/NTU_FPGA2-new_permision/NTU_FPGA2/Golden_TOP2.v Line: 264
    Warning (13040): bidirectional pin "FMCD_LA_RX_p[12]" has no driver File: C:/Users/N1259534/OneDrive - Nottingham Trent University/Desktop/Simulation_FPGA/NTU_FPGA2-new_permision/NTU_FPGA2/Golden_TOP2.v Line: 264
    Warning (13040): bidirectional pin "FMCD_LA_RX_p[13]" has no driver File: C:/Users/N1259534/OneDrive - Nottingham Trent University/Desktop/Simulation_FPGA/NTU_FPGA2-new_permision/NTU_FPGA2/Golden_TOP2.v Line: 264
    Warning (13040): bidirectional pin "FMCD_LA_RX_p[14]" has no driver File: C:/Users/N1259534/OneDrive - Nottingham Trent University/Desktop/Simulation_FPGA/NTU_FPGA2-new_permision/NTU_FPGA2/Golden_TOP2.v Line: 264
    Warning (13040): bidirectional pin "FMCD_LA_RX_n[0]" has no driver File: C:/Users/N1259534/OneDrive - Nottingham Trent University/Desktop/Simulation_FPGA/NTU_FPGA2-new_permision/NTU_FPGA2/Golden_TOP2.v Line: 265
    Warning (13040): bidirectional pin "FMCD_LA_RX_n[1]" has no driver File: C:/Users/N1259534/OneDrive - Nottingham Trent University/Desktop/Simulation_FPGA/NTU_FPGA2-new_permision/NTU_FPGA2/Golden_TOP2.v Line: 265
    Warning (13040): bidirectional pin "FMCD_LA_RX_n[2]" has no driver File: C:/Users/N1259534/OneDrive - Nottingham Trent University/Desktop/Simulation_FPGA/NTU_FPGA2-new_permision/NTU_FPGA2/Golden_TOP2.v Line: 265
    Warning (13040): bidirectional pin "FMCD_LA_RX_n[3]" has no driver File: C:/Users/N1259534/OneDrive - Nottingham Trent University/Desktop/Simulation_FPGA/NTU_FPGA2-new_permision/NTU_FPGA2/Golden_TOP2.v Line: 265
    Warning (13040): bidirectional pin "FMCD_LA_RX_n[4]" has no driver File: C:/Users/N1259534/OneDrive - Nottingham Trent University/Desktop/Simulation_FPGA/NTU_FPGA2-new_permision/NTU_FPGA2/Golden_TOP2.v Line: 265
    Warning (13040): bidirectional pin "FMCD_LA_RX_n[5]" has no driver File: C:/Users/N1259534/OneDrive - Nottingham Trent University/Desktop/Simulation_FPGA/NTU_FPGA2-new_permision/NTU_FPGA2/Golden_TOP2.v Line: 265
    Warning (13040): bidirectional pin "FMCD_LA_RX_n[6]" has no driver File: C:/Users/N1259534/OneDrive - Nottingham Trent University/Desktop/Simulation_FPGA/NTU_FPGA2-new_permision/NTU_FPGA2/Golden_TOP2.v Line: 265
    Warning (13040): bidirectional pin "FMCD_LA_RX_n[7]" has no driver File: C:/Users/N1259534/OneDrive - Nottingham Trent University/Desktop/Simulation_FPGA/NTU_FPGA2-new_permision/NTU_FPGA2/Golden_TOP2.v Line: 265
    Warning (13040): bidirectional pin "FMCD_LA_RX_n[8]" has no driver File: C:/Users/N1259534/OneDrive - Nottingham Trent University/Desktop/Simulation_FPGA/NTU_FPGA2-new_permision/NTU_FPGA2/Golden_TOP2.v Line: 265
    Warning (13040): bidirectional pin "FMCD_LA_RX_n[9]" has no driver File: C:/Users/N1259534/OneDrive - Nottingham Trent University/Desktop/Simulation_FPGA/NTU_FPGA2-new_permision/NTU_FPGA2/Golden_TOP2.v Line: 265
    Warning (13040): bidirectional pin "FMCD_LA_RX_n[10]" has no driver File: C:/Users/N1259534/OneDrive - Nottingham Trent University/Desktop/Simulation_FPGA/NTU_FPGA2-new_permision/NTU_FPGA2/Golden_TOP2.v Line: 265
    Warning (13040): bidirectional pin "FMCD_LA_RX_n[11]" has no driver File: C:/Users/N1259534/OneDrive - Nottingham Trent University/Desktop/Simulation_FPGA/NTU_FPGA2-new_permision/NTU_FPGA2/Golden_TOP2.v Line: 265
    Warning (13040): bidirectional pin "FMCD_LA_RX_n[12]" has no driver File: C:/Users/N1259534/OneDrive - Nottingham Trent University/Desktop/Simulation_FPGA/NTU_FPGA2-new_permision/NTU_FPGA2/Golden_TOP2.v Line: 265
    Warning (13040): bidirectional pin "FMCD_LA_RX_n[13]" has no driver File: C:/Users/N1259534/OneDrive - Nottingham Trent University/Desktop/Simulation_FPGA/NTU_FPGA2-new_permision/NTU_FPGA2/Golden_TOP2.v Line: 265
    Warning (13040): bidirectional pin "FMCD_LA_RX_n[14]" has no driver File: C:/Users/N1259534/OneDrive - Nottingham Trent University/Desktop/Simulation_FPGA/NTU_FPGA2-new_permision/NTU_FPGA2/Golden_TOP2.v Line: 265
    Warning (13040): bidirectional pin "FMCD_SCL" has no driver File: C:/Users/N1259534/OneDrive - Nottingham Trent University/Desktop/Simulation_FPGA/NTU_FPGA2-new_permision/NTU_FPGA2/Golden_TOP2.v Line: 275
    Warning (13040): bidirectional pin "FMCD_SDA" has no driver File: C:/Users/N1259534/OneDrive - Nottingham Trent University/Desktop/Simulation_FPGA/NTU_FPGA2-new_permision/NTU_FPGA2/Golden_TOP2.v Line: 276
Warning (13032): The following tri-state nodes are fed by constants
    Warning (13033): The pin "GPIO[0]" is fed by GND File: C:/Users/N1259534/OneDrive - Nottingham Trent University/Desktop/Simulation_FPGA/NTU_FPGA2-new_permision/NTU_FPGA2/Golden_TOP2.v Line: 152
    Warning (13033): The pin "GPIO[1]" is fed by GND File: C:/Users/N1259534/OneDrive - Nottingham Trent University/Desktop/Simulation_FPGA/NTU_FPGA2-new_permision/NTU_FPGA2/Golden_TOP2.v Line: 152
    Warning (13033): The pin "GPIO[2]" is fed by GND File: C:/Users/N1259534/OneDrive - Nottingham Trent University/Desktop/Simulation_FPGA/NTU_FPGA2-new_permision/NTU_FPGA2/Golden_TOP2.v Line: 152
    Warning (13033): The pin "GPIO[3]" is fed by GND File: C:/Users/N1259534/OneDrive - Nottingham Trent University/Desktop/Simulation_FPGA/NTU_FPGA2-new_permision/NTU_FPGA2/Golden_TOP2.v Line: 152
    Warning (13033): The pin "GPIO[4]" is fed by GND File: C:/Users/N1259534/OneDrive - Nottingham Trent University/Desktop/Simulation_FPGA/NTU_FPGA2-new_permision/NTU_FPGA2/Golden_TOP2.v Line: 152
    Warning (13033): The pin "GPIO[5]" is fed by GND File: C:/Users/N1259534/OneDrive - Nottingham Trent University/Desktop/Simulation_FPGA/NTU_FPGA2-new_permision/NTU_FPGA2/Golden_TOP2.v Line: 152
    Warning (13033): The pin "GPIO[6]" is fed by GND File: C:/Users/N1259534/OneDrive - Nottingham Trent University/Desktop/Simulation_FPGA/NTU_FPGA2-new_permision/NTU_FPGA2/Golden_TOP2.v Line: 152
    Warning (13033): The pin "GPIO[7]" is fed by GND File: C:/Users/N1259534/OneDrive - Nottingham Trent University/Desktop/Simulation_FPGA/NTU_FPGA2-new_permision/NTU_FPGA2/Golden_TOP2.v Line: 152
    Warning (13033): The pin "GPIO[9]" is fed by GND File: C:/Users/N1259534/OneDrive - Nottingham Trent University/Desktop/Simulation_FPGA/NTU_FPGA2-new_permision/NTU_FPGA2/Golden_TOP2.v Line: 152
    Warning (13033): The pin "GPIO[10]" is fed by GND File: C:/Users/N1259534/OneDrive - Nottingham Trent University/Desktop/Simulation_FPGA/NTU_FPGA2-new_permision/NTU_FPGA2/Golden_TOP2.v Line: 152
    Warning (13033): The pin "GPIO[11]" is fed by GND File: C:/Users/N1259534/OneDrive - Nottingham Trent University/Desktop/Simulation_FPGA/NTU_FPGA2-new_permision/NTU_FPGA2/Golden_TOP2.v Line: 152
    Warning (13033): The pin "GPIO[12]" is fed by GND File: C:/Users/N1259534/OneDrive - Nottingham Trent University/Desktop/Simulation_FPGA/NTU_FPGA2-new_permision/NTU_FPGA2/Golden_TOP2.v Line: 152
    Warning (13033): The pin "GPIO[13]" is fed by GND File: C:/Users/N1259534/OneDrive - Nottingham Trent University/Desktop/Simulation_FPGA/NTU_FPGA2-new_permision/NTU_FPGA2/Golden_TOP2.v Line: 152
    Warning (13033): The pin "GPIO[14]" is fed by GND File: C:/Users/N1259534/OneDrive - Nottingham Trent University/Desktop/Simulation_FPGA/NTU_FPGA2-new_permision/NTU_FPGA2/Golden_TOP2.v Line: 152
    Warning (13033): The pin "GPIO[15]" is fed by GND File: C:/Users/N1259534/OneDrive - Nottingham Trent University/Desktop/Simulation_FPGA/NTU_FPGA2-new_permision/NTU_FPGA2/Golden_TOP2.v Line: 152
Info (13025): Duplicate LATCH primitives merged into single LATCH primitive
    Info (13026): Duplicate LATCH primitive "Fan_Control:u0|I2C_Config:u0|FAN_REG_DATA[7]" merged with LATCH primitive "Fan_Control:u0|I2C_Config:u0|FAN_REG_DATA[4]" File: C:/Users/N1259534/OneDrive - Nottingham Trent University/Desktop/Simulation_FPGA/NTU_FPGA2-new_permision/NTU_FPGA2/Fan/I2C_Config.v Line: 130
Warning (13012): Latch Fan_Control:u0|I2C_Config:u0|FAN_REG_DATA[12] has unsafe behavior File: C:/Users/N1259534/OneDrive - Nottingham Trent University/Desktop/Simulation_FPGA/NTU_FPGA2-new_permision/NTU_FPGA2/Fan/I2C_Config.v Line: 130
    Warning (13013): Ports D and ENA on the latch are fed by the same signal Fan_Control:u0|I2C_Config:u0|FAN_INIT_INDEX[2] File: C:/Users/N1259534/OneDrive - Nottingham Trent University/Desktop/Simulation_FPGA/NTU_FPGA2-new_permision/NTU_FPGA2/Fan/I2C_Config.v Line: 124
Warning (13012): Latch Fan_Control:u0|I2C_Config:u0|FAN_REG_DATA[11] has unsafe behavior File: C:/Users/N1259534/OneDrive - Nottingham Trent University/Desktop/Simulation_FPGA/NTU_FPGA2-new_permision/NTU_FPGA2/Fan/I2C_Config.v Line: 130
    Warning (13013): Ports D and ENA on the latch are fed by the same signal Fan_Control:u0|I2C_Config:u0|FAN_INIT_INDEX[1] File: C:/Users/N1259534/OneDrive - Nottingham Trent University/Desktop/Simulation_FPGA/NTU_FPGA2-new_permision/NTU_FPGA2/Fan/I2C_Config.v Line: 124
Warning (13012): Latch Fan_Control:u0|I2C_Config:u0|FAN_REG_DATA[10] has unsafe behavior File: C:/Users/N1259534/OneDrive - Nottingham Trent University/Desktop/Simulation_FPGA/NTU_FPGA2-new_permision/NTU_FPGA2/Fan/I2C_Config.v Line: 130
    Warning (13013): Ports D and ENA on the latch are fed by the same signal Fan_Control:u0|I2C_Config:u0|FAN_INIT_INDEX[0] File: C:/Users/N1259534/OneDrive - Nottingham Trent University/Desktop/Simulation_FPGA/NTU_FPGA2-new_permision/NTU_FPGA2/Fan/I2C_Config.v Line: 124
Warning (13012): Latch Fan_Control:u0|I2C_Config:u0|FAN_REG_DATA[9] has unsafe behavior File: C:/Users/N1259534/OneDrive - Nottingham Trent University/Desktop/Simulation_FPGA/NTU_FPGA2-new_permision/NTU_FPGA2/Fan/I2C_Config.v Line: 130
    Warning (13013): Ports D and ENA on the latch are fed by the same signal Fan_Control:u0|I2C_Config:u0|FAN_INIT_INDEX[1] File: C:/Users/N1259534/OneDrive - Nottingham Trent University/Desktop/Simulation_FPGA/NTU_FPGA2-new_permision/NTU_FPGA2/Fan/I2C_Config.v Line: 124
Warning (13012): Latch Fan_Control:u0|I2C_Config:u0|FAN_REG_DATA[2] has unsafe behavior File: C:/Users/N1259534/OneDrive - Nottingham Trent University/Desktop/Simulation_FPGA/NTU_FPGA2-new_permision/NTU_FPGA2/Fan/I2C_Config.v Line: 130
    Warning (13013): Ports D and ENA on the latch are fed by the same signal Fan_Control:u0|I2C_Config:u0|FAN_INIT_INDEX[1] File: C:/Users/N1259534/OneDrive - Nottingham Trent University/Desktop/Simulation_FPGA/NTU_FPGA2-new_permision/NTU_FPGA2/Fan/I2C_Config.v Line: 124
Warning (13012): Latch Fan_Control:u0|I2C_Config:u0|FAN_REG_DATA[0] has unsafe behavior File: C:/Users/N1259534/OneDrive - Nottingham Trent University/Desktop/Simulation_FPGA/NTU_FPGA2-new_permision/NTU_FPGA2/Fan/I2C_Config.v Line: 130
    Warning (13013): Ports D and ENA on the latch are fed by the same signal Fan_Control:u0|I2C_Config:u0|FAN_INIT_INDEX[1] File: C:/Users/N1259534/OneDrive - Nottingham Trent University/Desktop/Simulation_FPGA/NTU_FPGA2-new_permision/NTU_FPGA2/Fan/I2C_Config.v Line: 124
Warning (13012): Latch Fan_Control:u0|I2C_Config:u0|FAN_REG_DATA[3] has unsafe behavior File: C:/Users/N1259534/OneDrive - Nottingham Trent University/Desktop/Simulation_FPGA/NTU_FPGA2-new_permision/NTU_FPGA2/Fan/I2C_Config.v Line: 130
    Warning (13013): Ports D and ENA on the latch are fed by the same signal Fan_Control:u0|I2C_Config:u0|FAN_INIT_INDEX[2] File: C:/Users/N1259534/OneDrive - Nottingham Trent University/Desktop/Simulation_FPGA/NTU_FPGA2-new_permision/NTU_FPGA2/Fan/I2C_Config.v Line: 124
Warning (13012): Latch Fan_Control:u0|I2C_Config:u0|FAN_REG_DATA[1] has unsafe behavior File: C:/Users/N1259534/OneDrive - Nottingham Trent University/Desktop/Simulation_FPGA/NTU_FPGA2-new_permision/NTU_FPGA2/Fan/I2C_Config.v Line: 130
    Warning (13013): Ports D and ENA on the latch are fed by the same signal Fan_Control:u0|I2C_Config:u0|FAN_INIT_INDEX[1] File: C:/Users/N1259534/OneDrive - Nottingham Trent University/Desktop/Simulation_FPGA/NTU_FPGA2-new_permision/NTU_FPGA2/Fan/I2C_Config.v Line: 124
Warning (13012): Latch Fan_Control:u0|I2C_Config:u0|FAN_REG_DATA[6] has unsafe behavior File: C:/Users/N1259534/OneDrive - Nottingham Trent University/Desktop/Simulation_FPGA/NTU_FPGA2-new_permision/NTU_FPGA2/Fan/I2C_Config.v Line: 130
    Warning (13013): Ports D and ENA on the latch are fed by the same signal Fan_Control:u0|I2C_Config:u0|FAN_INIT_INDEX[2] File: C:/Users/N1259534/OneDrive - Nottingham Trent University/Desktop/Simulation_FPGA/NTU_FPGA2-new_permision/NTU_FPGA2/Fan/I2C_Config.v Line: 124
Warning (13012): Latch Fan_Control:u0|I2C_Config:u0|FAN_REG_DATA[4] has unsafe behavior File: C:/Users/N1259534/OneDrive - Nottingham Trent University/Desktop/Simulation_FPGA/NTU_FPGA2-new_permision/NTU_FPGA2/Fan/I2C_Config.v Line: 130
    Warning (13013): Ports D and ENA on the latch are fed by the same signal Fan_Control:u0|I2C_Config:u0|FAN_INIT_INDEX[1] File: C:/Users/N1259534/OneDrive - Nottingham Trent University/Desktop/Simulation_FPGA/NTU_FPGA2-new_permision/NTU_FPGA2/Fan/I2C_Config.v Line: 124
Warning (13012): Latch Fan_Control:u0|I2C_Config:u0|FAN_REG_DATA[5] has unsafe behavior File: C:/Users/N1259534/OneDrive - Nottingham Trent University/Desktop/Simulation_FPGA/NTU_FPGA2-new_permision/NTU_FPGA2/Fan/I2C_Config.v Line: 130
    Warning (13013): Ports D and ENA on the latch are fed by the same signal Fan_Control:u0|I2C_Config:u0|FAN_INIT_INDEX[1] File: C:/Users/N1259534/OneDrive - Nottingham Trent University/Desktop/Simulation_FPGA/NTU_FPGA2-new_permision/NTU_FPGA2/Fan/I2C_Config.v Line: 124
Warning (13009): TRI or OPNDRN buffers permanently enabled
    Warning (13010): Node "FPGA_I2C_SCL~synth" File: C:/Users/N1259534/OneDrive - Nottingham Trent University/Desktop/Simulation_FPGA/NTU_FPGA2-new_permision/NTU_FPGA2/Golden_TOP2.v Line: 141
    Warning (13010): Node "GPIO[8]~synth" File: C:/Users/N1259534/OneDrive - Nottingham Trent University/Desktop/Simulation_FPGA/NTU_FPGA2-new_permision/NTU_FPGA2/Golden_TOP2.v Line: 152
Warning (13024): Output pins are stuck at VCC or GND
    Warning (13410): Pin "SSRAM_CLK" is stuck at GND File: C:/Users/N1259534/OneDrive - Nottingham Trent University/Desktop/Simulation_FPGA/NTU_FPGA2-new_permision/NTU_FPGA2/Golden_TOP2.v Line: 67
    Warning (13410): Pin "SSRAM_CKE_n" is stuck at GND File: C:/Users/N1259534/OneDrive - Nottingham Trent University/Desktop/Simulation_FPGA/NTU_FPGA2-new_permision/NTU_FPGA2/Golden_TOP2.v Line: 68
    Warning (13410): Pin "SSRAM_CE_n" is stuck at GND File: C:/Users/N1259534/OneDrive - Nottingham Trent University/Desktop/Simulation_FPGA/NTU_FPGA2-new_permision/NTU_FPGA2/Golden_TOP2.v Line: 69
    Warning (13410): Pin "SSRAM_WE_n" is stuck at GND File: C:/Users/N1259534/OneDrive - Nottingham Trent University/Desktop/Simulation_FPGA/NTU_FPGA2-new_permision/NTU_FPGA2/Golden_TOP2.v Line: 70
    Warning (13410): Pin "SSRAM_OE_n" is stuck at GND File: C:/Users/N1259534/OneDrive - Nottingham Trent University/Desktop/Simulation_FPGA/NTU_FPGA2-new_permision/NTU_FPGA2/Golden_TOP2.v Line: 71
    Warning (13410): Pin "SSRAM_ADV" is stuck at GND File: C:/Users/N1259534/OneDrive - Nottingham Trent University/Desktop/Simulation_FPGA/NTU_FPGA2-new_permision/NTU_FPGA2/Golden_TOP2.v Line: 72
    Warning (13410): Pin "SSRAM_BWA_n" is stuck at GND File: C:/Users/N1259534/OneDrive - Nottingham Trent University/Desktop/Simulation_FPGA/NTU_FPGA2-new_permision/NTU_FPGA2/Golden_TOP2.v Line: 73
    Warning (13410): Pin "SSRAM_BWB_n" is stuck at GND File: C:/Users/N1259534/OneDrive - Nottingham Trent University/Desktop/Simulation_FPGA/NTU_FPGA2-new_permision/NTU_FPGA2/Golden_TOP2.v Line: 74
    Warning (13410): Pin "FLASH_CLK" is stuck at GND File: C:/Users/N1259534/OneDrive - Nottingham Trent University/Desktop/Simulation_FPGA/NTU_FPGA2-new_permision/NTU_FPGA2/Golden_TOP2.v Line: 77
    Warning (13410): Pin "FLASH_CE_n" is stuck at GND File: C:/Users/N1259534/OneDrive - Nottingham Trent University/Desktop/Simulation_FPGA/NTU_FPGA2-new_permision/NTU_FPGA2/Golden_TOP2.v Line: 78
    Warning (13410): Pin "FLASH_WE_n" is stuck at GND File: C:/Users/N1259534/OneDrive - Nottingham Trent University/Desktop/Simulation_FPGA/NTU_FPGA2-new_permision/NTU_FPGA2/Golden_TOP2.v Line: 79
    Warning (13410): Pin "FLASH_OE_n" is stuck at GND File: C:/Users/N1259534/OneDrive - Nottingham Trent University/Desktop/Simulation_FPGA/NTU_FPGA2-new_permision/NTU_FPGA2/Golden_TOP2.v Line: 80
    Warning (13410): Pin "FLASH_ADV_n" is stuck at GND File: C:/Users/N1259534/OneDrive - Nottingham Trent University/Desktop/Simulation_FPGA/NTU_FPGA2-new_permision/NTU_FPGA2/Golden_TOP2.v Line: 81
    Warning (13410): Pin "FLASH_RESET_n" is stuck at GND File: C:/Users/N1259534/OneDrive - Nottingham Trent University/Desktop/Simulation_FPGA/NTU_FPGA2-new_permision/NTU_FPGA2/Golden_TOP2.v Line: 82
    Warning (13410): Pin "FSM_A[1]" is stuck at GND File: C:/Users/N1259534/OneDrive - Nottingham Trent University/Desktop/Simulation_FPGA/NTU_FPGA2-new_permision/NTU_FPGA2/Golden_TOP2.v Line: 86
    Warning (13410): Pin "FSM_A[2]" is stuck at GND File: C:/Users/N1259534/OneDrive - Nottingham Trent University/Desktop/Simulation_FPGA/NTU_FPGA2-new_permision/NTU_FPGA2/Golden_TOP2.v Line: 86
    Warning (13410): Pin "FSM_A[3]" is stuck at GND File: C:/Users/N1259534/OneDrive - Nottingham Trent University/Desktop/Simulation_FPGA/NTU_FPGA2-new_permision/NTU_FPGA2/Golden_TOP2.v Line: 86
    Warning (13410): Pin "FSM_A[4]" is stuck at GND File: C:/Users/N1259534/OneDrive - Nottingham Trent University/Desktop/Simulation_FPGA/NTU_FPGA2-new_permision/NTU_FPGA2/Golden_TOP2.v Line: 86
    Warning (13410): Pin "FSM_A[5]" is stuck at GND File: C:/Users/N1259534/OneDrive - Nottingham Trent University/Desktop/Simulation_FPGA/NTU_FPGA2-new_permision/NTU_FPGA2/Golden_TOP2.v Line: 86
    Warning (13410): Pin "FSM_A[6]" is stuck at GND File: C:/Users/N1259534/OneDrive - Nottingham Trent University/Desktop/Simulation_FPGA/NTU_FPGA2-new_permision/NTU_FPGA2/Golden_TOP2.v Line: 86
    Warning (13410): Pin "FSM_A[7]" is stuck at GND File: C:/Users/N1259534/OneDrive - Nottingham Trent University/Desktop/Simulation_FPGA/NTU_FPGA2-new_permision/NTU_FPGA2/Golden_TOP2.v Line: 86
    Warning (13410): Pin "FSM_A[8]" is stuck at GND File: C:/Users/N1259534/OneDrive - Nottingham Trent University/Desktop/Simulation_FPGA/NTU_FPGA2-new_permision/NTU_FPGA2/Golden_TOP2.v Line: 86
    Warning (13410): Pin "FSM_A[9]" is stuck at GND File: C:/Users/N1259534/OneDrive - Nottingham Trent University/Desktop/Simulation_FPGA/NTU_FPGA2-new_permision/NTU_FPGA2/Golden_TOP2.v Line: 86
    Warning (13410): Pin "FSM_A[10]" is stuck at GND File: C:/Users/N1259534/OneDrive - Nottingham Trent University/Desktop/Simulation_FPGA/NTU_FPGA2-new_permision/NTU_FPGA2/Golden_TOP2.v Line: 86
    Warning (13410): Pin "FSM_A[11]" is stuck at GND File: C:/Users/N1259534/OneDrive - Nottingham Trent University/Desktop/Simulation_FPGA/NTU_FPGA2-new_permision/NTU_FPGA2/Golden_TOP2.v Line: 86
    Warning (13410): Pin "FSM_A[12]" is stuck at GND File: C:/Users/N1259534/OneDrive - Nottingham Trent University/Desktop/Simulation_FPGA/NTU_FPGA2-new_permision/NTU_FPGA2/Golden_TOP2.v Line: 86
    Warning (13410): Pin "FSM_A[13]" is stuck at GND File: C:/Users/N1259534/OneDrive - Nottingham Trent University/Desktop/Simulation_FPGA/NTU_FPGA2-new_permision/NTU_FPGA2/Golden_TOP2.v Line: 86
    Warning (13410): Pin "FSM_A[14]" is stuck at GND File: C:/Users/N1259534/OneDrive - Nottingham Trent University/Desktop/Simulation_FPGA/NTU_FPGA2-new_permision/NTU_FPGA2/Golden_TOP2.v Line: 86
    Warning (13410): Pin "FSM_A[15]" is stuck at GND File: C:/Users/N1259534/OneDrive - Nottingham Trent University/Desktop/Simulation_FPGA/NTU_FPGA2-new_permision/NTU_FPGA2/Golden_TOP2.v Line: 86
    Warning (13410): Pin "FSM_A[16]" is stuck at GND File: C:/Users/N1259534/OneDrive - Nottingham Trent University/Desktop/Simulation_FPGA/NTU_FPGA2-new_permision/NTU_FPGA2/Golden_TOP2.v Line: 86
    Warning (13410): Pin "FSM_A[17]" is stuck at GND File: C:/Users/N1259534/OneDrive - Nottingham Trent University/Desktop/Simulation_FPGA/NTU_FPGA2-new_permision/NTU_FPGA2/Golden_TOP2.v Line: 86
    Warning (13410): Pin "FSM_A[18]" is stuck at GND File: C:/Users/N1259534/OneDrive - Nottingham Trent University/Desktop/Simulation_FPGA/NTU_FPGA2-new_permision/NTU_FPGA2/Golden_TOP2.v Line: 86
    Warning (13410): Pin "FSM_A[19]" is stuck at GND File: C:/Users/N1259534/OneDrive - Nottingham Trent University/Desktop/Simulation_FPGA/NTU_FPGA2-new_permision/NTU_FPGA2/Golden_TOP2.v Line: 86
    Warning (13410): Pin "FSM_A[20]" is stuck at GND File: C:/Users/N1259534/OneDrive - Nottingham Trent University/Desktop/Simulation_FPGA/NTU_FPGA2-new_permision/NTU_FPGA2/Golden_TOP2.v Line: 86
    Warning (13410): Pin "FSM_A[21]" is stuck at GND File: C:/Users/N1259534/OneDrive - Nottingham Trent University/Desktop/Simulation_FPGA/NTU_FPGA2-new_permision/NTU_FPGA2/Golden_TOP2.v Line: 86
    Warning (13410): Pin "FSM_A[22]" is stuck at GND File: C:/Users/N1259534/OneDrive - Nottingham Trent University/Desktop/Simulation_FPGA/NTU_FPGA2-new_permision/NTU_FPGA2/Golden_TOP2.v Line: 86
    Warning (13410): Pin "FSM_A[23]" is stuck at GND File: C:/Users/N1259534/OneDrive - Nottingham Trent University/Desktop/Simulation_FPGA/NTU_FPGA2-new_permision/NTU_FPGA2/Golden_TOP2.v Line: 86
    Warning (13410): Pin "FSM_A[24]" is stuck at GND File: C:/Users/N1259534/OneDrive - Nottingham Trent University/Desktop/Simulation_FPGA/NTU_FPGA2-new_permision/NTU_FPGA2/Golden_TOP2.v Line: 86
    Warning (13410): Pin "FSM_A[25]" is stuck at GND File: C:/Users/N1259534/OneDrive - Nottingham Trent University/Desktop/Simulation_FPGA/NTU_FPGA2-new_permision/NTU_FPGA2/Golden_TOP2.v Line: 86
    Warning (13410): Pin "FSM_A[26]" is stuck at GND File: C:/Users/N1259534/OneDrive - Nottingham Trent University/Desktop/Simulation_FPGA/NTU_FPGA2-new_permision/NTU_FPGA2/Golden_TOP2.v Line: 86
    Warning (13410): Pin "SD_CLK" is stuck at GND File: C:/Users/N1259534/OneDrive - Nottingham Trent University/Desktop/Simulation_FPGA/NTU_FPGA2-new_permision/NTU_FPGA2/Golden_TOP2.v Line: 90
    Warning (13410): Pin "TPS40422_CLK" is stuck at GND File: C:/Users/N1259534/OneDrive - Nottingham Trent University/Desktop/Simulation_FPGA/NTU_FPGA2-new_permision/NTU_FPGA2/Golden_TOP2.v Line: 126
    Warning (13410): Pin "LMK04906_CLK" is stuck at GND File: C:/Users/N1259534/OneDrive - Nottingham Trent University/Desktop/Simulation_FPGA/NTU_FPGA2-new_permision/NTU_FPGA2/Golden_TOP2.v Line: 131
    Warning (13410): Pin "LMK04906_DATAIN" is stuck at GND File: C:/Users/N1259534/OneDrive - Nottingham Trent University/Desktop/Simulation_FPGA/NTU_FPGA2-new_permision/NTU_FPGA2/Golden_TOP2.v Line: 132
    Warning (13410): Pin "LMK04906_LE" is stuck at GND File: C:/Users/N1259534/OneDrive - Nottingham Trent University/Desktop/Simulation_FPGA/NTU_FPGA2-new_permision/NTU_FPGA2/Golden_TOP2.v Line: 134
    Warning (13410): Pin "CLOCK_SCL" is stuck at GND File: C:/Users/N1259534/OneDrive - Nottingham Trent University/Desktop/Simulation_FPGA/NTU_FPGA2-new_permision/NTU_FPGA2/Golden_TOP2.v Line: 137
    Warning (13410): Pin "FMCA_HA_TX_CLK_p" is stuck at GND File: C:/Users/N1259534/OneDrive - Nottingham Trent University/Desktop/Simulation_FPGA/NTU_FPGA2-new_permision/NTU_FPGA2/Golden_TOP2.v Line: 159
    Warning (13410): Pin "FMCA_HA_TX_CLK_n" is stuck at GND File: C:/Users/N1259534/OneDrive - Nottingham Trent University/Desktop/Simulation_FPGA/NTU_FPGA2-new_permision/NTU_FPGA2/Golden_TOP2.v Line: 160
    Warning (13410): Pin "FMCA_HB_TX_CLK_p" is stuck at GND File: C:/Users/N1259534/OneDrive - Nottingham Trent University/Desktop/Simulation_FPGA/NTU_FPGA2-new_permision/NTU_FPGA2/Golden_TOP2.v Line: 163
    Warning (13410): Pin "FMCA_HB_TX_CLK_n" is stuck at GND File: C:/Users/N1259534/OneDrive - Nottingham Trent University/Desktop/Simulation_FPGA/NTU_FPGA2-new_permision/NTU_FPGA2/Golden_TOP2.v Line: 164
    Warning (13410): Pin "FMCA_LA_TX_CLK_p" is stuck at GND File: C:/Users/N1259534/OneDrive - Nottingham Trent University/Desktop/Simulation_FPGA/NTU_FPGA2-new_permision/NTU_FPGA2/Golden_TOP2.v Line: 167
    Warning (13410): Pin "FMCA_LA_TX_CLK_n" is stuck at GND File: C:/Users/N1259534/OneDrive - Nottingham Trent University/Desktop/Simulation_FPGA/NTU_FPGA2-new_permision/NTU_FPGA2/Golden_TOP2.v Line: 168
    Warning (13410): Pin "FMCA_GA[0]" is stuck at GND File: C:/Users/N1259534/OneDrive - Nottingham Trent University/Desktop/Simulation_FPGA/NTU_FPGA2-new_permision/NTU_FPGA2/Golden_TOP2.v Line: 189
    Warning (13410): Pin "FMCA_GA[1]" is stuck at GND File: C:/Users/N1259534/OneDrive - Nottingham Trent University/Desktop/Simulation_FPGA/NTU_FPGA2-new_permision/NTU_FPGA2/Golden_TOP2.v Line: 189
    Warning (13410): Pin "FMCB_LA_TX_CLK_p" is stuck at GND File: C:/Users/N1259534/OneDrive - Nottingham Trent University/Desktop/Simulation_FPGA/NTU_FPGA2-new_permision/NTU_FPGA2/Golden_TOP2.v Line: 198
    Warning (13410): Pin "FMCB_LA_TX_CLK_n" is stuck at GND File: C:/Users/N1259534/OneDrive - Nottingham Trent University/Desktop/Simulation_FPGA/NTU_FPGA2-new_permision/NTU_FPGA2/Golden_TOP2.v Line: 199
    Warning (13410): Pin "FMCB_GA[0]" is stuck at GND File: C:/Users/N1259534/OneDrive - Nottingham Trent University/Desktop/Simulation_FPGA/NTU_FPGA2-new_permision/NTU_FPGA2/Golden_TOP2.v Line: 212
    Warning (13410): Pin "FMCB_GA[1]" is stuck at GND File: C:/Users/N1259534/OneDrive - Nottingham Trent University/Desktop/Simulation_FPGA/NTU_FPGA2-new_permision/NTU_FPGA2/Golden_TOP2.v Line: 212
    Warning (13410): Pin "FMCC_LA_TX_CLK_p" is stuck at GND File: C:/Users/N1259534/OneDrive - Nottingham Trent University/Desktop/Simulation_FPGA/NTU_FPGA2-new_permision/NTU_FPGA2/Golden_TOP2.v Line: 221
    Warning (13410): Pin "FMCC_LA_TX_CLK_n" is stuck at GND File: C:/Users/N1259534/OneDrive - Nottingham Trent University/Desktop/Simulation_FPGA/NTU_FPGA2-new_permision/NTU_FPGA2/Golden_TOP2.v Line: 222
    Warning (13410): Pin "FMCC_GA[0]" is stuck at GND File: C:/Users/N1259534/OneDrive - Nottingham Trent University/Desktop/Simulation_FPGA/NTU_FPGA2-new_permision/NTU_FPGA2/Golden_TOP2.v Line: 235
    Warning (13410): Pin "FMCC_GA[1]" is stuck at GND File: C:/Users/N1259534/OneDrive - Nottingham Trent University/Desktop/Simulation_FPGA/NTU_FPGA2-new_permision/NTU_FPGA2/Golden_TOP2.v Line: 235
    Warning (13410): Pin "FMCD_HA_TX_CLK_p" is stuck at GND File: C:/Users/N1259534/OneDrive - Nottingham Trent University/Desktop/Simulation_FPGA/NTU_FPGA2-new_permision/NTU_FPGA2/Golden_TOP2.v Line: 244
    Warning (13410): Pin "FMCD_HA_TX_CLK_n" is stuck at GND File: C:/Users/N1259534/OneDrive - Nottingham Trent University/Desktop/Simulation_FPGA/NTU_FPGA2-new_permision/NTU_FPGA2/Golden_TOP2.v Line: 245
    Warning (13410): Pin "FMCD_HB_TX_CLK_p" is stuck at GND File: C:/Users/N1259534/OneDrive - Nottingham Trent University/Desktop/Simulation_FPGA/NTU_FPGA2-new_permision/NTU_FPGA2/Golden_TOP2.v Line: 248
    Warning (13410): Pin "FMCD_HB_TX_CLK_n" is stuck at GND File: C:/Users/N1259534/OneDrive - Nottingham Trent University/Desktop/Simulation_FPGA/NTU_FPGA2-new_permision/NTU_FPGA2/Golden_TOP2.v Line: 249
    Warning (13410): Pin "FMCD_LA_TX_CLK_p" is stuck at GND File: C:/Users/N1259534/OneDrive - Nottingham Trent University/Desktop/Simulation_FPGA/NTU_FPGA2-new_permision/NTU_FPGA2/Golden_TOP2.v Line: 252
    Warning (13410): Pin "FMCD_LA_TX_CLK_n" is stuck at GND File: C:/Users/N1259534/OneDrive - Nottingham Trent University/Desktop/Simulation_FPGA/NTU_FPGA2-new_permision/NTU_FPGA2/Golden_TOP2.v Line: 253
    Warning (13410): Pin "FMCD_GA[0]" is stuck at GND File: C:/Users/N1259534/OneDrive - Nottingham Trent University/Desktop/Simulation_FPGA/NTU_FPGA2-new_permision/NTU_FPGA2/Golden_TOP2.v Line: 274
    Warning (13410): Pin "FMCD_GA[1]" is stuck at GND File: C:/Users/N1259534/OneDrive - Nottingham Trent University/Desktop/Simulation_FPGA/NTU_FPGA2-new_permision/NTU_FPGA2/Golden_TOP2.v Line: 274
    Warning (13410): Pin "SMA_CLKOUT_p" is stuck at GND File: C:/Users/N1259534/OneDrive - Nottingham Trent University/Desktop/Simulation_FPGA/NTU_FPGA2-new_permision/NTU_FPGA2/Golden_TOP2.v Line: 304
Info (17049): 38 registers lost all their fanouts during netlist optimizations.
Warning (20013): Ignored 16 assignments for entity "addFPF64" -- entity does not exist in design
    Warning (20014): Assignment for entity set_global_assignment -name IP_TOOL_NAME altera_fp_functions -entity addFPF64 -sip addFPF64.sip -library lib_addFPF64 was ignored
    Warning (20014): Assignment for entity set_global_assignment -name IP_TOOL_VERSION 17.1 -entity addFPF64 -sip addFPF64.sip -library lib_addFPF64 was ignored
    Warning (20014): Assignment for entity set_global_assignment -name IP_TOOL_ENV mwpim -entity addFPF64 -sip addFPF64.sip -library lib_addFPF64 was ignored
Warning (20013): Ignored 65 assignments for entity "addFPF64_0002" -- entity does not exist in design
Warning (20013): Ignored 16 assignments for entity "mulFPF64" -- entity does not exist in design
    Warning (20014): Assignment for entity set_global_assignment -name IP_TOOL_NAME altera_fp_functions -entity mulFPF64 -sip mulFPF64.sip -library lib_mulFPF64 was ignored
    Warning (20014): Assignment for entity set_global_assignment -name IP_TOOL_VERSION 17.1 -entity mulFPF64 -sip mulFPF64.sip -library lib_mulFPF64 was ignored
    Warning (20014): Assignment for entity set_global_assignment -name IP_TOOL_ENV mwpim -entity mulFPF64 -sip mulFPF64.sip -library lib_mulFPF64 was ignored
Warning (20013): Ignored 65 assignments for entity "mulFPF64_0002" -- entity does not exist in design
Critical Warning (35025): Partially connected in-system debug instance "auto_signaltap_0" to 60 of its 61 required data inputs, trigger inputs, acquisition clocks, and dynamic pins.  There were 0 illegal, 0 inaccessible, and 1 missing sources or connections.
Info (16010): Generating hard_block partition "hard_block:auto_generated_inst"
    Info (16011): Adding 16 node(s), including 0 DDIO, 1 PLL, 0 transceiver and 0 LCELL
Warning (21074): Design contains 52 input pin(s) that do not drive logic
    Warning (15610): No output dependent on input pin "OSC_50_B4A" File: C:/Users/N1259534/OneDrive - Nottingham Trent University/Desktop/Simulation_FPGA/NTU_FPGA2-new_permision/NTU_FPGA2/Golden_TOP2.v Line: 46
    Warning (15610): No output dependent on input pin "OSC_50_B7A" File: C:/Users/N1259534/OneDrive - Nottingham Trent University/Desktop/Simulation_FPGA/NTU_FPGA2-new_permision/NTU_FPGA2/Golden_TOP2.v Line: 48
    Warning (15610): No output dependent on input pin "OSC_50_B7D" File: C:/Users/N1259534/OneDrive - Nottingham Trent University/Desktop/Simulation_FPGA/NTU_FPGA2-new_permision/NTU_FPGA2/Golden_TOP2.v Line: 49
    Warning (15610): No output dependent on input pin "OSC_50_B8A" File: C:/Users/N1259534/OneDrive - Nottingham Trent University/Desktop/Simulation_FPGA/NTU_FPGA2-new_permision/NTU_FPGA2/Golden_TOP2.v Line: 50
    Warning (15610): No output dependent on input pin "OSC_50_B8D" File: C:/Users/N1259534/OneDrive - Nottingham Trent University/Desktop/Simulation_FPGA/NTU_FPGA2-new_permision/NTU_FPGA2/Golden_TOP2.v Line: 51
    Warning (15610): No output dependent on input pin "BUTTON[1]" File: C:/Users/N1259534/OneDrive - Nottingham Trent University/Desktop/Simulation_FPGA/NTU_FPGA2-new_permision/NTU_FPGA2/Golden_TOP2.v Line: 55
    Warning (15610): No output dependent on input pin "BUTTON[2]" File: C:/Users/N1259534/OneDrive - Nottingham Trent University/Desktop/Simulation_FPGA/NTU_FPGA2-new_permision/NTU_FPGA2/Golden_TOP2.v Line: 55
    Warning (15610): No output dependent on input pin "BUTTON[3]" File: C:/Users/N1259534/OneDrive - Nottingham Trent University/Desktop/Simulation_FPGA/NTU_FPGA2-new_permision/NTU_FPGA2/Golden_TOP2.v Line: 55
    Warning (15610): No output dependent on input pin "SW[1]" File: C:/Users/N1259534/OneDrive - Nottingham Trent University/Desktop/Simulation_FPGA/NTU_FPGA2-new_permision/NTU_FPGA2/Golden_TOP2.v Line: 58
    Warning (15610): No output dependent on input pin "SW[2]" File: C:/Users/N1259534/OneDrive - Nottingham Trent University/Desktop/Simulation_FPGA/NTU_FPGA2-new_permision/NTU_FPGA2/Golden_TOP2.v Line: 58
    Warning (15610): No output dependent on input pin "SW[3]" File: C:/Users/N1259534/OneDrive - Nottingham Trent University/Desktop/Simulation_FPGA/NTU_FPGA2-new_permision/NTU_FPGA2/Golden_TOP2.v Line: 58
    Warning (15610): No output dependent on input pin "FLASH_RDY_BSY_n" File: C:/Users/N1259534/OneDrive - Nottingham Trent University/Desktop/Simulation_FPGA/NTU_FPGA2-new_permision/NTU_FPGA2/Golden_TOP2.v Line: 83
    Warning (15610): No output dependent on input pin "RZQ_DDR3" File: C:/Users/N1259534/OneDrive - Nottingham Trent University/Desktop/Simulation_FPGA/NTU_FPGA2-new_permision/NTU_FPGA2/Golden_TOP2.v Line: 118
    Warning (15610): No output dependent on input pin "RZQ_FMC" File: C:/Users/N1259534/OneDrive - Nottingham Trent University/Desktop/Simulation_FPGA/NTU_FPGA2-new_permision/NTU_FPGA2/Golden_TOP2.v Line: 119
    Warning (15610): No output dependent on input pin "TPS40422_ALERT" File: C:/Users/N1259534/OneDrive - Nottingham Trent University/Desktop/Simulation_FPGA/NTU_FPGA2-new_permision/NTU_FPGA2/Golden_TOP2.v Line: 128
    Warning (15610): No output dependent on input pin "LMK04906_DATAOUT" File: C:/Users/N1259534/OneDrive - Nottingham Trent University/Desktop/Simulation_FPGA/NTU_FPGA2-new_permision/NTU_FPGA2/Golden_TOP2.v Line: 133
    Warning (15610): No output dependent on input pin "TEMP_INT_n" File: C:/Users/N1259534/OneDrive - Nottingham Trent University/Desktop/Simulation_FPGA/NTU_FPGA2-new_permision/NTU_FPGA2/Golden_TOP2.v Line: 145
    Warning (15610): No output dependent on input pin "TEMP_OVERT_n" File: C:/Users/N1259534/OneDrive - Nottingham Trent University/Desktop/Simulation_FPGA/NTU_FPGA2-new_permision/NTU_FPGA2/Golden_TOP2.v Line: 146
    Warning (15610): No output dependent on input pin "POWER_MONITOR_ALERT" File: C:/Users/N1259534/OneDrive - Nottingham Trent University/Desktop/Simulation_FPGA/NTU_FPGA2-new_permision/NTU_FPGA2/Golden_TOP2.v Line: 149
    Warning (15610): No output dependent on input pin "FMCA_CLK_M2C_p[0]" File: C:/Users/N1259534/OneDrive - Nottingham Trent University/Desktop/Simulation_FPGA/NTU_FPGA2-new_permision/NTU_FPGA2/Golden_TOP2.v Line: 155
    Warning (15610): No output dependent on input pin "FMCA_CLK_M2C_p[1]" File: C:/Users/N1259534/OneDrive - Nottingham Trent University/Desktop/Simulation_FPGA/NTU_FPGA2-new_permision/NTU_FPGA2/Golden_TOP2.v Line: 155
    Warning (15610): No output dependent on input pin "FMCA_CLK_M2C_n[0]" File: C:/Users/N1259534/OneDrive - Nottingham Trent University/Desktop/Simulation_FPGA/NTU_FPGA2-new_permision/NTU_FPGA2/Golden_TOP2.v Line: 156
    Warning (15610): No output dependent on input pin "FMCA_CLK_M2C_n[1]" File: C:/Users/N1259534/OneDrive - Nottingham Trent University/Desktop/Simulation_FPGA/NTU_FPGA2-new_permision/NTU_FPGA2/Golden_TOP2.v Line: 156
    Warning (15610): No output dependent on input pin "FMCA_HA_RX_CLK_p" File: C:/Users/N1259534/OneDrive - Nottingham Trent University/Desktop/Simulation_FPGA/NTU_FPGA2-new_permision/NTU_FPGA2/Golden_TOP2.v Line: 157
    Warning (15610): No output dependent on input pin "FMCA_HA_RX_CLK_n" File: C:/Users/N1259534/OneDrive - Nottingham Trent University/Desktop/Simulation_FPGA/NTU_FPGA2-new_permision/NTU_FPGA2/Golden_TOP2.v Line: 158
    Warning (15610): No output dependent on input pin "FMCA_HB_RX_CLK_p" File: C:/Users/N1259534/OneDrive - Nottingham Trent University/Desktop/Simulation_FPGA/NTU_FPGA2-new_permision/NTU_FPGA2/Golden_TOP2.v Line: 161
    Warning (15610): No output dependent on input pin "FMCA_HB_RX_CLK_n" File: C:/Users/N1259534/OneDrive - Nottingham Trent University/Desktop/Simulation_FPGA/NTU_FPGA2-new_permision/NTU_FPGA2/Golden_TOP2.v Line: 162
    Warning (15610): No output dependent on input pin "FMCA_LA_RX_CLK_p" File: C:/Users/N1259534/OneDrive - Nottingham Trent University/Desktop/Simulation_FPGA/NTU_FPGA2-new_permision/NTU_FPGA2/Golden_TOP2.v Line: 165
    Warning (15610): No output dependent on input pin "FMCA_LA_RX_CLK_n" File: C:/Users/N1259534/OneDrive - Nottingham Trent University/Desktop/Simulation_FPGA/NTU_FPGA2-new_permision/NTU_FPGA2/Golden_TOP2.v Line: 166
    Warning (15610): No output dependent on input pin "FMCB_CLK_M2C_p[0]" File: C:/Users/N1259534/OneDrive - Nottingham Trent University/Desktop/Simulation_FPGA/NTU_FPGA2-new_permision/NTU_FPGA2/Golden_TOP2.v Line: 194
    Warning (15610): No output dependent on input pin "FMCB_CLK_M2C_p[1]" File: C:/Users/N1259534/OneDrive - Nottingham Trent University/Desktop/Simulation_FPGA/NTU_FPGA2-new_permision/NTU_FPGA2/Golden_TOP2.v Line: 194
    Warning (15610): No output dependent on input pin "FMCB_CLK_M2C_n[0]" File: C:/Users/N1259534/OneDrive - Nottingham Trent University/Desktop/Simulation_FPGA/NTU_FPGA2-new_permision/NTU_FPGA2/Golden_TOP2.v Line: 195
    Warning (15610): No output dependent on input pin "FMCB_CLK_M2C_n[1]" File: C:/Users/N1259534/OneDrive - Nottingham Trent University/Desktop/Simulation_FPGA/NTU_FPGA2-new_permision/NTU_FPGA2/Golden_TOP2.v Line: 195
    Warning (15610): No output dependent on input pin "FMCB_LA_RX_CLK_p" File: C:/Users/N1259534/OneDrive - Nottingham Trent University/Desktop/Simulation_FPGA/NTU_FPGA2-new_permision/NTU_FPGA2/Golden_TOP2.v Line: 196
    Warning (15610): No output dependent on input pin "FMCB_LA_RX_CLK_n" File: C:/Users/N1259534/OneDrive - Nottingham Trent University/Desktop/Simulation_FPGA/NTU_FPGA2-new_permision/NTU_FPGA2/Golden_TOP2.v Line: 197
    Warning (15610): No output dependent on input pin "FMCC_CLK_M2C_p[0]" File: C:/Users/N1259534/OneDrive - Nottingham Trent University/Desktop/Simulation_FPGA/NTU_FPGA2-new_permision/NTU_FPGA2/Golden_TOP2.v Line: 217
    Warning (15610): No output dependent on input pin "FMCC_CLK_M2C_p[1]" File: C:/Users/N1259534/OneDrive - Nottingham Trent University/Desktop/Simulation_FPGA/NTU_FPGA2-new_permision/NTU_FPGA2/Golden_TOP2.v Line: 217
    Warning (15610): No output dependent on input pin "FMCC_CLK_M2C_n[0]" File: C:/Users/N1259534/OneDrive - Nottingham Trent University/Desktop/Simulation_FPGA/NTU_FPGA2-new_permision/NTU_FPGA2/Golden_TOP2.v Line: 218
    Warning (15610): No output dependent on input pin "FMCC_CLK_M2C_n[1]" File: C:/Users/N1259534/OneDrive - Nottingham Trent University/Desktop/Simulation_FPGA/NTU_FPGA2-new_permision/NTU_FPGA2/Golden_TOP2.v Line: 218
    Warning (15610): No output dependent on input pin "FMCC_LA_RX_CLK_p" File: C:/Users/N1259534/OneDrive - Nottingham Trent University/Desktop/Simulation_FPGA/NTU_FPGA2-new_permision/NTU_FPGA2/Golden_TOP2.v Line: 219
    Warning (15610): No output dependent on input pin "FMCC_LA_RX_CLK_n" File: C:/Users/N1259534/OneDrive - Nottingham Trent University/Desktop/Simulation_FPGA/NTU_FPGA2-new_permision/NTU_FPGA2/Golden_TOP2.v Line: 220
    Warning (15610): No output dependent on input pin "FMCD_CLK_M2C_p[0]" File: C:/Users/N1259534/OneDrive - Nottingham Trent University/Desktop/Simulation_FPGA/NTU_FPGA2-new_permision/NTU_FPGA2/Golden_TOP2.v Line: 240
    Warning (15610): No output dependent on input pin "FMCD_CLK_M2C_p[1]" File: C:/Users/N1259534/OneDrive - Nottingham Trent University/Desktop/Simulation_FPGA/NTU_FPGA2-new_permision/NTU_FPGA2/Golden_TOP2.v Line: 240
    Warning (15610): No output dependent on input pin "FMCD_CLK_M2C_n[0]" File: C:/Users/N1259534/OneDrive - Nottingham Trent University/Desktop/Simulation_FPGA/NTU_FPGA2-new_permision/NTU_FPGA2/Golden_TOP2.v Line: 241
    Warning (15610): No output dependent on input pin "FMCD_CLK_M2C_n[1]" File: C:/Users/N1259534/OneDrive - Nottingham Trent University/Desktop/Simulation_FPGA/NTU_FPGA2-new_permision/NTU_FPGA2/Golden_TOP2.v Line: 241
    Warning (15610): No output dependent on input pin "FMCD_HA_RX_CLK_p" File: C:/Users/N1259534/OneDrive - Nottingham Trent University/Desktop/Simulation_FPGA/NTU_FPGA2-new_permision/NTU_FPGA2/Golden_TOP2.v Line: 242
    Warning (15610): No output dependent on input pin "FMCD_HA_RX_CLK_n" File: C:/Users/N1259534/OneDrive - Nottingham Trent University/Desktop/Simulation_FPGA/NTU_FPGA2-new_permision/NTU_FPGA2/Golden_TOP2.v Line: 243
    Warning (15610): No output dependent on input pin "FMCD_HB_RX_CLK_p" File: C:/Users/N1259534/OneDrive - Nottingham Trent University/Desktop/Simulation_FPGA/NTU_FPGA2-new_permision/NTU_FPGA2/Golden_TOP2.v Line: 246
    Warning (15610): No output dependent on input pin "FMCD_HB_RX_CLK_n" File: C:/Users/N1259534/OneDrive - Nottingham Trent University/Desktop/Simulation_FPGA/NTU_FPGA2-new_permision/NTU_FPGA2/Golden_TOP2.v Line: 247
    Warning (15610): No output dependent on input pin "FMCD_LA_RX_CLK_p" File: C:/Users/N1259534/OneDrive - Nottingham Trent University/Desktop/Simulation_FPGA/NTU_FPGA2-new_permision/NTU_FPGA2/Golden_TOP2.v Line: 250
    Warning (15610): No output dependent on input pin "FMCD_LA_RX_CLK_n" File: C:/Users/N1259534/OneDrive - Nottingham Trent University/Desktop/Simulation_FPGA/NTU_FPGA2-new_permision/NTU_FPGA2/Golden_TOP2.v Line: 251
    Warning (15610): No output dependent on input pin "SMA_CLKIN_p" File: C:/Users/N1259534/OneDrive - Nottingham Trent University/Desktop/Simulation_FPGA/NTU_FPGA2-new_permision/NTU_FPGA2/Golden_TOP2.v Line: 301
Info (21057): Implemented 4053 device resources after synthesis - the final resource count might be different
    Info (21058): Implemented 63 input pins
    Info (21059): Implemented 77 output pins
    Info (21060): Implemented 501 bidirectional pins
    Info (21061): Implemented 3267 logic cells
    Info (21064): Implemented 142 RAM segments
    Info (21065): Implemented 1 PLLs
    Info (21062): Implemented 1 DSP elements
Info: Quartus Prime Analysis & Synthesis was successful. 0 errors, 832 warnings
    Info: Peak virtual memory: 5054 megabytes
    Info: Processing ended: Fri Oct 03 16:04:51 2025
    Info: Elapsed time: 00:00:57
    Info: Total CPU time (on all processors): 00:01:08


