Timing Analyzer report for Golden_TOP
Wed May  6 10:32:28 2026
Quartus Prime Version 25.1std.0 Build 1129 10/21/2025 SC Standard Edition


---------------------
; Table of Contents ;
---------------------
  1. Legal Notice
  2. Timing Analyzer Summary
  3. Parallel Compilation
  4. SDC File List
  5. Clocks
  6. Slow 900mV 100C Model Fmax Summary
  7. Timing Closure Recommendations
  8. Slow 900mV 100C Model Setup Summary
  9. Slow 900mV 100C Model Hold Summary
 10. Slow 900mV 100C Model Recovery Summary
 11. Slow 900mV 100C Model Removal Summary
 12. Slow 900mV 100C Model Minimum Pulse Width Summary
 13. Slow 900mV 100C Model Metastability Summary
 14. Slow 900mV -40C Model Fmax Summary
 15. Slow 900mV -40C Model Setup Summary
 16. Slow 900mV -40C Model Hold Summary
 17. Slow 900mV -40C Model Recovery Summary
 18. Slow 900mV -40C Model Removal Summary
 19. Slow 900mV -40C Model Minimum Pulse Width Summary
 20. Slow 900mV -40C Model Metastability Summary
 21. Fast 900mV 100C Model Setup Summary
 22. Fast 900mV 100C Model Hold Summary
 23. Fast 900mV 100C Model Recovery Summary
 24. Fast 900mV 100C Model Removal Summary
 25. Fast 900mV 100C Model Minimum Pulse Width Summary
 26. Fast 900mV 100C Model Metastability Summary
 27. Fast 900mV -40C Model Setup Summary
 28. Fast 900mV -40C Model Hold Summary
 29. Fast 900mV -40C Model Recovery Summary
 30. Fast 900mV -40C Model Removal Summary
 31. Fast 900mV -40C Model Minimum Pulse Width Summary
 32. Fast 900mV -40C Model Metastability Summary
 33. Multicorner Timing Analysis Summary
 34. Board Trace Model Assignments
 35. Input Transition Times
 36. Signal Integrity Metrics (Slow 900mv n40c Model)
 37. Signal Integrity Metrics (Slow 900mv 100c Model)
 38. Signal Integrity Metrics (Fast 900mv n40c Model)
 39. Signal Integrity Metrics (Fast 900mv 100c Model)
 40. Setup Transfers
 41. Hold Transfers
 42. Report TCCS
 43. Report RSKM
 44. Unconstrained Paths Summary
 45. Clock Status Summary
 46. Unconstrained Input Ports
 47. Unconstrained Output Ports
 48. Unconstrained Input Ports
 49. Unconstrained Output Ports
 50. Timing Analyzer Messages



----------------
; Legal Notice ;
----------------
Copyright (C) 2025  Altera Corporation. All rights reserved.
Your use of Altera Corporation's design tools, logic functions 
and other software and tools, and any partner logic 
functions, and any output files from any of the foregoing 
(including device programming or simulation files), and any 
associated documentation or information are expressly subject 
to the terms and conditions of the Altera Program License 
Subscription Agreement, the Altera Quartus Prime License Agreement,
the Altera IP License Agreement, or other applicable license
agreement, including, without limitation, that your use is for
the sole purpose of programming logic devices manufactured by
Altera and sold by Altera or its authorized distributors.  Please
refer to the Altera Software License Subscription Agreements 
on the Quartus Prime software download page.



+-------------------------------------------------------------------------------------+
; Timing Analyzer Summary                                                             ;
+-----------------------+-------------------------------------------------------------+
; Quartus Prime Version ; Version 25.1std.0 Build 1129 10/21/2025 SC Standard Edition ;
; Timing Analyzer       ; Legacy Timing Analyzer                                      ;
; Revision Name         ; Golden_TOP                                                  ;
; Device Family         ; Stratix V                                                   ;
; Device Name           ; 5SGXEABN3F45I3YY                                            ;
; Timing Models         ; Final                                                       ;
; Delay Model           ; Combined                                                    ;
; Rise/Fall Delays      ; Enabled                                                     ;
+-----------------------+-------------------------------------------------------------+


+------------------------------------------+
; Parallel Compilation                     ;
+----------------------------+-------------+
; Processors                 ; Number      ;
+----------------------------+-------------+
; Number detected on machine ; 8           ;
; Maximum allowed            ; 4           ;
;                            ;             ;
; Average used               ; 1.02        ;
; Maximum used               ; 4           ;
;                            ;             ;
; Usage by Processor         ; % Time Used ;
;     Processor 1            ; 100.0%      ;
;     Processor 2            ;   0.8%      ;
;     Processor 3            ;   0.8%      ;
;     Processor 4            ;   0.7%      ;
+----------------------------+-------------+


+----------------------------------------------------+
; SDC File List                                      ;
+----------------+--------+--------------------------+
; SDC File Path  ; Status ; Read at                  ;
+----------------+--------+--------------------------+
; Golden_TOP.sdc ; OK     ; Wed May  6 10:32:24 2026 ;
+----------------+--------+--------------------------+


+---------------------------------------------------------------------------------------------------------------------------------------------------------------------------------+
; Clocks                                                                                                                                                                          ;
+------------+------+--------+------------+-------+-------+------------+-----------+-------------+-------+--------+-----------+------------+----------+--------+--------+---------+
; Clock Name ; Type ; Period ; Frequency  ; Rise  ; Fall  ; Duty Cycle ; Divide by ; Multiply by ; Phase ; Offset ; Edge List ; Edge Shift ; Inverted ; Master ; Source ; Targets ;
+------------+------+--------+------------+-------+-------+------------+-----------+-------------+-------+--------+-----------+------------+----------+--------+--------+---------+
; CLK        ; Base ; 1.000  ; 1000.0 MHz ; 0.000 ; 0.500 ;            ;           ;             ;       ;        ;           ;            ;          ;        ;        ; { CLK } ;
+------------+------+--------+------------+-------+-------+------------+-----------+-------------+-------+--------+-----------+------------+----------+--------+--------+---------+


+----------------------------------------------------------------------------------------------+
; Slow 900mV 100C Model Fmax Summary                                                           ;
+--------------+-----------------+------------+------------------------------------------------+
; Fmax         ; Restricted Fmax ; Clock Name ; Note                                           ;
+--------------+-----------------+------------+------------------------------------------------+
; 14285.71 MHz ; 650.2 MHz       ; CLK        ; limit due to minimum period restriction (tmin) ;
+--------------+-----------------+------------+------------------------------------------------+
This panel reports FMAX for every clock in the design, regardless of the user-specified clock periods.  FMAX is only computed for paths where the source and destination registers or ports are driven by the same clock.  Paths of different clocks, including generated clocks, are ignored.  For paths between a clock and its inversion, FMAX is computed as if the rising and falling edges are scaled along with FMAX, such that the duty cycle (in terms of a percentage) is maintained. Altera recommends that you always use clock constraints and other slack reports for sign-off analysis.


----------------------------------
; Timing Closure Recommendations ;
----------------------------------
HTML report is unavailable in plain text report export.


+-------------------------------------+
; Slow 900mV 100C Model Setup Summary ;
+-------+-------+---------------------+
; Clock ; Slack ; End Point TNS       ;
+-------+-------+---------------------+
; CLK   ; 0.930 ; 0.000               ;
+-------+-------+---------------------+


+------------------------------------+
; Slow 900mV 100C Model Hold Summary ;
+-------+-------+--------------------+
; Clock ; Slack ; End Point TNS      ;
+-------+-------+--------------------+
; CLK   ; 1.538 ; 0.000              ;
+-------+-------+--------------------+


------------------------------------------
; Slow 900mV 100C Model Recovery Summary ;
------------------------------------------
No paths to report.


-----------------------------------------
; Slow 900mV 100C Model Removal Summary ;
-----------------------------------------
No paths to report.


+---------------------------------------------------+
; Slow 900mV 100C Model Minimum Pulse Width Summary ;
+-------+--------+----------------------------------+
; Clock ; Slack  ; End Point TNS                    ;
+-------+--------+----------------------------------+
; CLK   ; -0.538 ; -37.627                          ;
+-------+--------+----------------------------------+


-----------------------------------------------
; Slow 900mV 100C Model Metastability Summary ;
-----------------------------------------------
No synchronizer chains to report.


+----------------------------------------------------------------------------------------------+
; Slow 900mV -40C Model Fmax Summary                                                           ;
+--------------+-----------------+------------+------------------------------------------------+
; Fmax         ; Restricted Fmax ; Clock Name ; Note                                           ;
+--------------+-----------------+------------+------------------------------------------------+
; 14285.71 MHz ; 650.2 MHz       ; CLK        ; limit due to minimum period restriction (tmin) ;
+--------------+-----------------+------------+------------------------------------------------+
This panel reports FMAX for every clock in the design, regardless of the user-specified clock periods.  FMAX is only computed for paths where the source and destination registers or ports are driven by the same clock.  Paths of different clocks, including generated clocks, are ignored.  For paths between a clock and its inversion, FMAX is computed as if the rising and falling edges are scaled along with FMAX, such that the duty cycle (in terms of a percentage) is maintained. Altera recommends that you always use clock constraints and other slack reports for sign-off analysis.


+-------------------------------------+
; Slow 900mV -40C Model Setup Summary ;
+-------+-------+---------------------+
; Clock ; Slack ; End Point TNS       ;
+-------+-------+---------------------+
; CLK   ; 0.930 ; 0.000               ;
+-------+-------+---------------------+


+------------------------------------+
; Slow 900mV -40C Model Hold Summary ;
+-------+-------+--------------------+
; Clock ; Slack ; End Point TNS      ;
+-------+-------+--------------------+
; CLK   ; 1.538 ; 0.000              ;
+-------+-------+--------------------+


------------------------------------------
; Slow 900mV -40C Model Recovery Summary ;
------------------------------------------
No paths to report.


-----------------------------------------
; Slow 900mV -40C Model Removal Summary ;
-----------------------------------------
No paths to report.


+---------------------------------------------------+
; Slow 900mV -40C Model Minimum Pulse Width Summary ;
+-------+--------+----------------------------------+
; Clock ; Slack  ; End Point TNS                    ;
+-------+--------+----------------------------------+
; CLK   ; -0.538 ; -45.179                          ;
+-------+--------+----------------------------------+


-----------------------------------------------
; Slow 900mV -40C Model Metastability Summary ;
-----------------------------------------------
No synchronizer chains to report.


+-------------------------------------+
; Fast 900mV 100C Model Setup Summary ;
+-------+-------+---------------------+
; Clock ; Slack ; End Point TNS       ;
+-------+-------+---------------------+
; CLK   ; 0.930 ; 0.000               ;
+-------+-------+---------------------+


+------------------------------------+
; Fast 900mV 100C Model Hold Summary ;
+-------+-------+--------------------+
; Clock ; Slack ; End Point TNS      ;
+-------+-------+--------------------+
; CLK   ; 0.833 ; 0.000              ;
+-------+-------+--------------------+


------------------------------------------
; Fast 900mV 100C Model Recovery Summary ;
------------------------------------------
No paths to report.


-----------------------------------------
; Fast 900mV 100C Model Removal Summary ;
-----------------------------------------
No paths to report.


+---------------------------------------------------+
; Fast 900mV 100C Model Minimum Pulse Width Summary ;
+-------+--------+----------------------------------+
; Clock ; Slack  ; End Point TNS                    ;
+-------+--------+----------------------------------+
; CLK   ; -0.241 ; -15.166                          ;
+-------+--------+----------------------------------+


-----------------------------------------------
; Fast 900mV 100C Model Metastability Summary ;
-----------------------------------------------
No synchronizer chains to report.


+-------------------------------------+
; Fast 900mV -40C Model Setup Summary ;
+-------+-------+---------------------+
; Clock ; Slack ; End Point TNS       ;
+-------+-------+---------------------+
; CLK   ; 0.930 ; 0.000               ;
+-------+-------+---------------------+


+------------------------------------+
; Fast 900mV -40C Model Hold Summary ;
+-------+-------+--------------------+
; Clock ; Slack ; End Point TNS      ;
+-------+-------+--------------------+
; CLK   ; 0.833 ; 0.000              ;
+-------+-------+--------------------+


------------------------------------------
; Fast 900mV -40C Model Recovery Summary ;
------------------------------------------
No paths to report.


-----------------------------------------
; Fast 900mV -40C Model Removal Summary ;
-----------------------------------------
No paths to report.


+---------------------------------------------------+
; Fast 900mV -40C Model Minimum Pulse Width Summary ;
+-------+--------+----------------------------------+
; Clock ; Slack  ; End Point TNS                    ;
+-------+--------+----------------------------------+
; CLK   ; -0.189 ; -11.856                          ;
+-------+--------+----------------------------------+


-----------------------------------------------
; Fast 900mV -40C Model Metastability Summary ;
-----------------------------------------------
No synchronizer chains to report.


+-----------------------------------------------------------------------------+
; Multicorner Timing Analysis Summary                                         ;
+------------------+-------+-------+----------+---------+---------------------+
; Clock            ; Setup ; Hold  ; Recovery ; Removal ; Minimum Pulse Width ;
+------------------+-------+-------+----------+---------+---------------------+
; Worst-case Slack ; 0.930 ; 0.833 ; N/A      ; N/A     ; -0.538              ;
;  CLK             ; 0.930 ; 0.833 ; N/A      ; N/A     ; -0.538              ;
; Design-wide TNS  ; 0.0   ; 0.0   ; 0.0      ; 0.0     ; -45.179             ;
;  CLK             ; 0.000 ; 0.000 ; N/A      ; N/A     ; -45.179             ;
+------------------+-------+-------+----------+---------+---------------------+


+----------------------------------------------------------------------------------------------------------------------------------------------------------------------------------------------------------------------------------------------------------------------------------------------------------------------------------------------------------------------------------------------------------+
; Board Trace Model Assignments                                                                                                                                                                                                                                                                                                                                                                            ;
+-------+--------------+-------------------+-------------------------+-------------------------+---------------+---------------------+----------------+------------------+--------+------------------+------------------------+------------------------+--------------+---------------+-----------------+-------+---------------------+--------------------+---------------+-----------------+-------------+
; Pin   ; I/O Standard ; Near Tline Length ; Near Tline L per Length ; Near Tline C per Length ; Near Series R ; Near Differential R ; Near Pull-up R ; Near Pull-down R ; Near C ; Far Tline Length ; Far Tline L per Length ; Far Tline C per Length ; Far Series R ; Far Pull-up R ; Far Pull-down R ; Far C ; Termination Voltage ; Far Differential R ; EBD File Name ; EBD Signal Name ; EBD Far-end ;
+-------+--------------+-------------------+-------------------------+-------------------------+---------------+---------------------+----------------+------------------+--------+------------------+------------------------+------------------------+--------------+---------------+-----------------+-------+---------------------+--------------------+---------------+-----------------+-------------+
; q[0]  ; 2.5 V        ; 0 in              ; 0 H/in                  ; 0 F/in                  ; short         ; -                   ; open           ; open             ; open   ; 0 in             ; 0 H/in                 ; 0 F/in                 ; short        ; open          ; open            ; open  ; 0 V                 ; -                  ; n/a           ; n/a             ; n/a         ;
; q[1]  ; 2.5 V        ; 0 in              ; 0 H/in                  ; 0 F/in                  ; short         ; -                   ; open           ; open             ; open   ; 0 in             ; 0 H/in                 ; 0 F/in                 ; short        ; open          ; open            ; open  ; 0 V                 ; -                  ; n/a           ; n/a             ; n/a         ;
; q[2]  ; 2.5 V        ; 0 in              ; 0 H/in                  ; 0 F/in                  ; short         ; -                   ; open           ; open             ; open   ; 0 in             ; 0 H/in                 ; 0 F/in                 ; short        ; open          ; open            ; open  ; 0 V                 ; -                  ; n/a           ; n/a             ; n/a         ;
; q[3]  ; 2.5 V        ; 0 in              ; 0 H/in                  ; 0 F/in                  ; short         ; -                   ; open           ; open             ; open   ; 0 in             ; 0 H/in                 ; 0 F/in                 ; short        ; open          ; open            ; open  ; 0 V                 ; -                  ; n/a           ; n/a             ; n/a         ;
; q[4]  ; 2.5 V        ; 0 in              ; 0 H/in                  ; 0 F/in                  ; short         ; -                   ; open           ; open             ; open   ; 0 in             ; 0 H/in                 ; 0 F/in                 ; short        ; open          ; open            ; open  ; 0 V                 ; -                  ; n/a           ; n/a             ; n/a         ;
; q[5]  ; 2.5 V        ; 0 in              ; 0 H/in                  ; 0 F/in                  ; short         ; -                   ; open           ; open             ; open   ; 0 in             ; 0 H/in                 ; 0 F/in                 ; short        ; open          ; open            ; open  ; 0 V                 ; -                  ; n/a           ; n/a             ; n/a         ;
; q[6]  ; 2.5 V        ; 0 in              ; 0 H/in                  ; 0 F/in                  ; short         ; -                   ; open           ; open             ; open   ; 0 in             ; 0 H/in                 ; 0 F/in                 ; short        ; open          ; open            ; open  ; 0 V                 ; -                  ; n/a           ; n/a             ; n/a         ;
; q[7]  ; 2.5 V        ; 0 in              ; 0 H/in                  ; 0 F/in                  ; short         ; -                   ; open           ; open             ; open   ; 0 in             ; 0 H/in                 ; 0 F/in                 ; short        ; open          ; open            ; open  ; 0 V                 ; -                  ; n/a           ; n/a             ; n/a         ;
; q[8]  ; 2.5 V        ; 0 in              ; 0 H/in                  ; 0 F/in                  ; short         ; -                   ; open           ; open             ; open   ; 0 in             ; 0 H/in                 ; 0 F/in                 ; short        ; open          ; open            ; open  ; 0 V                 ; -                  ; n/a           ; n/a             ; n/a         ;
; q[9]  ; 2.5 V        ; 0 in              ; 0 H/in                  ; 0 F/in                  ; short         ; -                   ; open           ; open             ; open   ; 0 in             ; 0 H/in                 ; 0 F/in                 ; short        ; open          ; open            ; open  ; 0 V                 ; -                  ; n/a           ; n/a             ; n/a         ;
; q[10] ; 2.5 V        ; 0 in              ; 0 H/in                  ; 0 F/in                  ; short         ; -                   ; open           ; open             ; open   ; 0 in             ; 0 H/in                 ; 0 F/in                 ; short        ; open          ; open            ; open  ; 0 V                 ; -                  ; n/a           ; n/a             ; n/a         ;
; q[11] ; 2.5 V        ; 0 in              ; 0 H/in                  ; 0 F/in                  ; short         ; -                   ; open           ; open             ; open   ; 0 in             ; 0 H/in                 ; 0 F/in                 ; short        ; open          ; open            ; open  ; 0 V                 ; -                  ; n/a           ; n/a             ; n/a         ;
; q[12] ; 2.5 V        ; 0 in              ; 0 H/in                  ; 0 F/in                  ; short         ; -                   ; open           ; open             ; open   ; 0 in             ; 0 H/in                 ; 0 F/in                 ; short        ; open          ; open            ; open  ; 0 V                 ; -                  ; n/a           ; n/a             ; n/a         ;
; q[13] ; 2.5 V        ; 0 in              ; 0 H/in                  ; 0 F/in                  ; short         ; -                   ; open           ; open             ; open   ; 0 in             ; 0 H/in                 ; 0 F/in                 ; short        ; open          ; open            ; open  ; 0 V                 ; -                  ; n/a           ; n/a             ; n/a         ;
; q[14] ; 2.5 V        ; 0 in              ; 0 H/in                  ; 0 F/in                  ; short         ; -                   ; open           ; open             ; open   ; 0 in             ; 0 H/in                 ; 0 F/in                 ; short        ; open          ; open            ; open  ; 0 V                 ; -                  ; n/a           ; n/a             ; n/a         ;
; q[15] ; 2.5 V        ; 0 in              ; 0 H/in                  ; 0 F/in                  ; short         ; -                   ; open           ; open             ; open   ; 0 in             ; 0 H/in                 ; 0 F/in                 ; short        ; open          ; open            ; open  ; 0 V                 ; -                  ; n/a           ; n/a             ; n/a         ;
; q[16] ; 2.5 V        ; 0 in              ; 0 H/in                  ; 0 F/in                  ; short         ; -                   ; open           ; open             ; open   ; 0 in             ; 0 H/in                 ; 0 F/in                 ; short        ; open          ; open            ; open  ; 0 V                 ; -                  ; n/a           ; n/a             ; n/a         ;
; q[17] ; 2.5 V        ; 0 in              ; 0 H/in                  ; 0 F/in                  ; short         ; -                   ; open           ; open             ; open   ; 0 in             ; 0 H/in                 ; 0 F/in                 ; short        ; open          ; open            ; open  ; 0 V                 ; -                  ; n/a           ; n/a             ; n/a         ;
; q[18] ; 2.5 V        ; 0 in              ; 0 H/in                  ; 0 F/in                  ; short         ; -                   ; open           ; open             ; open   ; 0 in             ; 0 H/in                 ; 0 F/in                 ; short        ; open          ; open            ; open  ; 0 V                 ; -                  ; n/a           ; n/a             ; n/a         ;
; q[19] ; 2.5 V        ; 0 in              ; 0 H/in                  ; 0 F/in                  ; short         ; -                   ; open           ; open             ; open   ; 0 in             ; 0 H/in                 ; 0 F/in                 ; short        ; open          ; open            ; open  ; 0 V                 ; -                  ; n/a           ; n/a             ; n/a         ;
; q[20] ; 2.5 V        ; 0 in              ; 0 H/in                  ; 0 F/in                  ; short         ; -                   ; open           ; open             ; open   ; 0 in             ; 0 H/in                 ; 0 F/in                 ; short        ; open          ; open            ; open  ; 0 V                 ; -                  ; n/a           ; n/a             ; n/a         ;
; q[21] ; 2.5 V        ; 0 in              ; 0 H/in                  ; 0 F/in                  ; short         ; -                   ; open           ; open             ; open   ; 0 in             ; 0 H/in                 ; 0 F/in                 ; short        ; open          ; open            ; open  ; 0 V                 ; -                  ; n/a           ; n/a             ; n/a         ;
; q[22] ; 2.5 V        ; 0 in              ; 0 H/in                  ; 0 F/in                  ; short         ; -                   ; open           ; open             ; open   ; 0 in             ; 0 H/in                 ; 0 F/in                 ; short        ; open          ; open            ; open  ; 0 V                 ; -                  ; n/a           ; n/a             ; n/a         ;
; q[23] ; 2.5 V        ; 0 in              ; 0 H/in                  ; 0 F/in                  ; short         ; -                   ; open           ; open             ; open   ; 0 in             ; 0 H/in                 ; 0 F/in                 ; short        ; open          ; open            ; open  ; 0 V                 ; -                  ; n/a           ; n/a             ; n/a         ;
; q[24] ; 2.5 V        ; 0 in              ; 0 H/in                  ; 0 F/in                  ; short         ; -                   ; open           ; open             ; open   ; 0 in             ; 0 H/in                 ; 0 F/in                 ; short        ; open          ; open            ; open  ; 0 V                 ; -                  ; n/a           ; n/a             ; n/a         ;
; q[25] ; 2.5 V        ; 0 in              ; 0 H/in                  ; 0 F/in                  ; short         ; -                   ; open           ; open             ; open   ; 0 in             ; 0 H/in                 ; 0 F/in                 ; short        ; open          ; open            ; open  ; 0 V                 ; -                  ; n/a           ; n/a             ; n/a         ;
; q[26] ; 2.5 V        ; 0 in              ; 0 H/in                  ; 0 F/in                  ; short         ; -                   ; open           ; open             ; open   ; 0 in             ; 0 H/in                 ; 0 F/in                 ; short        ; open          ; open            ; open  ; 0 V                 ; -                  ; n/a           ; n/a             ; n/a         ;
; q[27] ; 2.5 V        ; 0 in              ; 0 H/in                  ; 0 F/in                  ; short         ; -                   ; open           ; open             ; open   ; 0 in             ; 0 H/in                 ; 0 F/in                 ; short        ; open          ; open            ; open  ; 0 V                 ; -                  ; n/a           ; n/a             ; n/a         ;
; q[28] ; 2.5 V        ; 0 in              ; 0 H/in                  ; 0 F/in                  ; short         ; -                   ; open           ; open             ; open   ; 0 in             ; 0 H/in                 ; 0 F/in                 ; short        ; open          ; open            ; open  ; 0 V                 ; -                  ; n/a           ; n/a             ; n/a         ;
; q[29] ; 2.5 V        ; 0 in              ; 0 H/in                  ; 0 F/in                  ; short         ; -                   ; open           ; open             ; open   ; 0 in             ; 0 H/in                 ; 0 F/in                 ; short        ; open          ; open            ; open  ; 0 V                 ; -                  ; n/a           ; n/a             ; n/a         ;
; q[30] ; 2.5 V        ; 0 in              ; 0 H/in                  ; 0 F/in                  ; short         ; -                   ; open           ; open             ; open   ; 0 in             ; 0 H/in                 ; 0 F/in                 ; short        ; open          ; open            ; open  ; 0 V                 ; -                  ; n/a           ; n/a             ; n/a         ;
; q[31] ; 2.5 V        ; 0 in              ; 0 H/in                  ; 0 F/in                  ; short         ; -                   ; open           ; open             ; open   ; 0 in             ; 0 H/in                 ; 0 F/in                 ; short        ; open          ; open            ; open  ; 0 V                 ; -                  ; n/a           ; n/a             ; n/a         ;
; q[32] ; 2.5 V        ; 0 in              ; 0 H/in                  ; 0 F/in                  ; short         ; -                   ; open           ; open             ; open   ; 0 in             ; 0 H/in                 ; 0 F/in                 ; short        ; open          ; open            ; open  ; 0 V                 ; -                  ; n/a           ; n/a             ; n/a         ;
; q[33] ; 2.5 V        ; 0 in              ; 0 H/in                  ; 0 F/in                  ; short         ; -                   ; open           ; open             ; open   ; 0 in             ; 0 H/in                 ; 0 F/in                 ; short        ; open          ; open            ; open  ; 0 V                 ; -                  ; n/a           ; n/a             ; n/a         ;
; q[34] ; 2.5 V        ; 0 in              ; 0 H/in                  ; 0 F/in                  ; short         ; -                   ; open           ; open             ; open   ; 0 in             ; 0 H/in                 ; 0 F/in                 ; short        ; open          ; open            ; open  ; 0 V                 ; -                  ; n/a           ; n/a             ; n/a         ;
; q[35] ; 2.5 V        ; 0 in              ; 0 H/in                  ; 0 F/in                  ; short         ; -                   ; open           ; open             ; open   ; 0 in             ; 0 H/in                 ; 0 F/in                 ; short        ; open          ; open            ; open  ; 0 V                 ; -                  ; n/a           ; n/a             ; n/a         ;
; q[36] ; 2.5 V        ; 0 in              ; 0 H/in                  ; 0 F/in                  ; short         ; -                   ; open           ; open             ; open   ; 0 in             ; 0 H/in                 ; 0 F/in                 ; short        ; open          ; open            ; open  ; 0 V                 ; -                  ; n/a           ; n/a             ; n/a         ;
; q[37] ; 2.5 V        ; 0 in              ; 0 H/in                  ; 0 F/in                  ; short         ; -                   ; open           ; open             ; open   ; 0 in             ; 0 H/in                 ; 0 F/in                 ; short        ; open          ; open            ; open  ; 0 V                 ; -                  ; n/a           ; n/a             ; n/a         ;
; q[38] ; 2.5 V        ; 0 in              ; 0 H/in                  ; 0 F/in                  ; short         ; -                   ; open           ; open             ; open   ; 0 in             ; 0 H/in                 ; 0 F/in                 ; short        ; open          ; open            ; open  ; 0 V                 ; -                  ; n/a           ; n/a             ; n/a         ;
; q[39] ; 2.5 V        ; 0 in              ; 0 H/in                  ; 0 F/in                  ; short         ; -                   ; open           ; open             ; open   ; 0 in             ; 0 H/in                 ; 0 F/in                 ; short        ; open          ; open            ; open  ; 0 V                 ; -                  ; n/a           ; n/a             ; n/a         ;
; q[40] ; 2.5 V        ; 0 in              ; 0 H/in                  ; 0 F/in                  ; short         ; -                   ; open           ; open             ; open   ; 0 in             ; 0 H/in                 ; 0 F/in                 ; short        ; open          ; open            ; open  ; 0 V                 ; -                  ; n/a           ; n/a             ; n/a         ;
; q[41] ; 2.5 V        ; 0 in              ; 0 H/in                  ; 0 F/in                  ; short         ; -                   ; open           ; open             ; open   ; 0 in             ; 0 H/in                 ; 0 F/in                 ; short        ; open          ; open            ; open  ; 0 V                 ; -                  ; n/a           ; n/a             ; n/a         ;
; q[42] ; 2.5 V        ; 0 in              ; 0 H/in                  ; 0 F/in                  ; short         ; -                   ; open           ; open             ; open   ; 0 in             ; 0 H/in                 ; 0 F/in                 ; short        ; open          ; open            ; open  ; 0 V                 ; -                  ; n/a           ; n/a             ; n/a         ;
; q[43] ; 2.5 V        ; 0 in              ; 0 H/in                  ; 0 F/in                  ; short         ; -                   ; open           ; open             ; open   ; 0 in             ; 0 H/in                 ; 0 F/in                 ; short        ; open          ; open            ; open  ; 0 V                 ; -                  ; n/a           ; n/a             ; n/a         ;
; q[44] ; 2.5 V        ; 0 in              ; 0 H/in                  ; 0 F/in                  ; short         ; -                   ; open           ; open             ; open   ; 0 in             ; 0 H/in                 ; 0 F/in                 ; short        ; open          ; open            ; open  ; 0 V                 ; -                  ; n/a           ; n/a             ; n/a         ;
; q[45] ; 2.5 V        ; 0 in              ; 0 H/in                  ; 0 F/in                  ; short         ; -                   ; open           ; open             ; open   ; 0 in             ; 0 H/in                 ; 0 F/in                 ; short        ; open          ; open            ; open  ; 0 V                 ; -                  ; n/a           ; n/a             ; n/a         ;
; q[46] ; 2.5 V        ; 0 in              ; 0 H/in                  ; 0 F/in                  ; short         ; -                   ; open           ; open             ; open   ; 0 in             ; 0 H/in                 ; 0 F/in                 ; short        ; open          ; open            ; open  ; 0 V                 ; -                  ; n/a           ; n/a             ; n/a         ;
; q[47] ; 2.5 V        ; 0 in              ; 0 H/in                  ; 0 F/in                  ; short         ; -                   ; open           ; open             ; open   ; 0 in             ; 0 H/in                 ; 0 F/in                 ; short        ; open          ; open            ; open  ; 0 V                 ; -                  ; n/a           ; n/a             ; n/a         ;
; q[48] ; 2.5 V        ; 0 in              ; 0 H/in                  ; 0 F/in                  ; short         ; -                   ; open           ; open             ; open   ; 0 in             ; 0 H/in                 ; 0 F/in                 ; short        ; open          ; open            ; open  ; 0 V                 ; -                  ; n/a           ; n/a             ; n/a         ;
; q[49] ; 2.5 V        ; 0 in              ; 0 H/in                  ; 0 F/in                  ; short         ; -                   ; open           ; open             ; open   ; 0 in             ; 0 H/in                 ; 0 F/in                 ; short        ; open          ; open            ; open  ; 0 V                 ; -                  ; n/a           ; n/a             ; n/a         ;
; q[50] ; 2.5 V        ; 0 in              ; 0 H/in                  ; 0 F/in                  ; short         ; -                   ; open           ; open             ; open   ; 0 in             ; 0 H/in                 ; 0 F/in                 ; short        ; open          ; open            ; open  ; 0 V                 ; -                  ; n/a           ; n/a             ; n/a         ;
; q[51] ; 2.5 V        ; 0 in              ; 0 H/in                  ; 0 F/in                  ; short         ; -                   ; open           ; open             ; open   ; 0 in             ; 0 H/in                 ; 0 F/in                 ; short        ; open          ; open            ; open  ; 0 V                 ; -                  ; n/a           ; n/a             ; n/a         ;
; q[52] ; 2.5 V        ; 0 in              ; 0 H/in                  ; 0 F/in                  ; short         ; -                   ; open           ; open             ; open   ; 0 in             ; 0 H/in                 ; 0 F/in                 ; short        ; open          ; open            ; open  ; 0 V                 ; -                  ; n/a           ; n/a             ; n/a         ;
; q[53] ; 2.5 V        ; 0 in              ; 0 H/in                  ; 0 F/in                  ; short         ; -                   ; open           ; open             ; open   ; 0 in             ; 0 H/in                 ; 0 F/in                 ; short        ; open          ; open            ; open  ; 0 V                 ; -                  ; n/a           ; n/a             ; n/a         ;
; q[54] ; 2.5 V        ; 0 in              ; 0 H/in                  ; 0 F/in                  ; short         ; -                   ; open           ; open             ; open   ; 0 in             ; 0 H/in                 ; 0 F/in                 ; short        ; open          ; open            ; open  ; 0 V                 ; -                  ; n/a           ; n/a             ; n/a         ;
; q[55] ; 2.5 V        ; 0 in              ; 0 H/in                  ; 0 F/in                  ; short         ; -                   ; open           ; open             ; open   ; 0 in             ; 0 H/in                 ; 0 F/in                 ; short        ; open          ; open            ; open  ; 0 V                 ; -                  ; n/a           ; n/a             ; n/a         ;
; q[56] ; 2.5 V        ; 0 in              ; 0 H/in                  ; 0 F/in                  ; short         ; -                   ; open           ; open             ; open   ; 0 in             ; 0 H/in                 ; 0 F/in                 ; short        ; open          ; open            ; open  ; 0 V                 ; -                  ; n/a           ; n/a             ; n/a         ;
; q[57] ; 2.5 V        ; 0 in              ; 0 H/in                  ; 0 F/in                  ; short         ; -                   ; open           ; open             ; open   ; 0 in             ; 0 H/in                 ; 0 F/in                 ; short        ; open          ; open            ; open  ; 0 V                 ; -                  ; n/a           ; n/a             ; n/a         ;
; q[58] ; 2.5 V        ; 0 in              ; 0 H/in                  ; 0 F/in                  ; short         ; -                   ; open           ; open             ; open   ; 0 in             ; 0 H/in                 ; 0 F/in                 ; short        ; open          ; open            ; open  ; 0 V                 ; -                  ; n/a           ; n/a             ; n/a         ;
; q[59] ; 2.5 V        ; 0 in              ; 0 H/in                  ; 0 F/in                  ; short         ; -                   ; open           ; open             ; open   ; 0 in             ; 0 H/in                 ; 0 F/in                 ; short        ; open          ; open            ; open  ; 0 V                 ; -                  ; n/a           ; n/a             ; n/a         ;
; q[60] ; 2.5 V        ; 0 in              ; 0 H/in                  ; 0 F/in                  ; short         ; -                   ; open           ; open             ; open   ; 0 in             ; 0 H/in                 ; 0 F/in                 ; short        ; open          ; open            ; open  ; 0 V                 ; -                  ; n/a           ; n/a             ; n/a         ;
; q[61] ; 2.5 V        ; 0 in              ; 0 H/in                  ; 0 F/in                  ; short         ; -                   ; open           ; open             ; open   ; 0 in             ; 0 H/in                 ; 0 F/in                 ; short        ; open          ; open            ; open  ; 0 V                 ; -                  ; n/a           ; n/a             ; n/a         ;
; q[62] ; 2.5 V        ; 0 in              ; 0 H/in                  ; 0 F/in                  ; short         ; -                   ; open           ; open             ; open   ; 0 in             ; 0 H/in                 ; 0 F/in                 ; short        ; open          ; open            ; open  ; 0 V                 ; -                  ; n/a           ; n/a             ; n/a         ;
; q[63] ; 2.5 V        ; 0 in              ; 0 H/in                  ; 0 F/in                  ; short         ; -                   ; open           ; open             ; open   ; 0 in             ; 0 H/in                 ; 0 F/in                 ; short        ; open          ; open            ; open  ; 0 V                 ; -                  ; n/a           ; n/a             ; n/a         ;
+-------+--------------+-------------------+-------------------------+-------------------------+---------------+---------------------+----------------+------------------+--------+------------------+------------------------+------------------------+--------------+---------------+-----------------+-------+---------------------+--------------------+---------------+-----------------+-------------+


+-------------------------------------------------------------------+
; Input Transition Times                                            ;
+----------------+--------------+-----------------+-----------------+
; Pin            ; I/O Standard ; 10-90 Rise Time ; 90-10 Fall Time ;
+----------------+--------------+-----------------+-----------------+
; a[0]           ; 2.5 V        ; 2000 ps         ; 2000 ps         ;
; a[1]           ; 2.5 V        ; 2000 ps         ; 2000 ps         ;
; a[2]           ; 2.5 V        ; 2000 ps         ; 2000 ps         ;
; a[3]           ; 2.5 V        ; 2000 ps         ; 2000 ps         ;
; a[4]           ; 2.5 V        ; 2000 ps         ; 2000 ps         ;
; a[5]           ; 2.5 V        ; 2000 ps         ; 2000 ps         ;
; a[6]           ; 2.5 V        ; 2000 ps         ; 2000 ps         ;
; a[7]           ; 2.5 V        ; 2000 ps         ; 2000 ps         ;
; a[8]           ; 2.5 V        ; 2000 ps         ; 2000 ps         ;
; a[9]           ; 2.5 V        ; 2000 ps         ; 2000 ps         ;
; a[10]          ; 2.5 V        ; 2000 ps         ; 2000 ps         ;
; a[11]          ; 2.5 V        ; 2000 ps         ; 2000 ps         ;
; a[12]          ; 2.5 V        ; 2000 ps         ; 2000 ps         ;
; a[13]          ; 2.5 V        ; 2000 ps         ; 2000 ps         ;
; a[14]          ; 2.5 V        ; 2000 ps         ; 2000 ps         ;
; a[15]          ; 2.5 V        ; 2000 ps         ; 2000 ps         ;
; a[16]          ; 2.5 V        ; 2000 ps         ; 2000 ps         ;
; a[17]          ; 2.5 V        ; 2000 ps         ; 2000 ps         ;
; a[18]          ; 2.5 V        ; 2000 ps         ; 2000 ps         ;
; a[19]          ; 2.5 V        ; 2000 ps         ; 2000 ps         ;
; a[20]          ; 2.5 V        ; 2000 ps         ; 2000 ps         ;
; a[21]          ; 2.5 V        ; 2000 ps         ; 2000 ps         ;
; a[22]          ; 2.5 V        ; 2000 ps         ; 2000 ps         ;
; a[23]          ; 2.5 V        ; 2000 ps         ; 2000 ps         ;
; a[24]          ; 2.5 V        ; 2000 ps         ; 2000 ps         ;
; a[25]          ; 2.5 V        ; 2000 ps         ; 2000 ps         ;
; a[26]          ; 2.5 V        ; 2000 ps         ; 2000 ps         ;
; a[27]          ; 2.5 V        ; 2000 ps         ; 2000 ps         ;
; a[28]          ; 2.5 V        ; 2000 ps         ; 2000 ps         ;
; a[29]          ; 2.5 V        ; 2000 ps         ; 2000 ps         ;
; a[30]          ; 2.5 V        ; 2000 ps         ; 2000 ps         ;
; a[31]          ; 2.5 V        ; 2000 ps         ; 2000 ps         ;
; a[32]          ; 2.5 V        ; 2000 ps         ; 2000 ps         ;
; a[33]          ; 2.5 V        ; 2000 ps         ; 2000 ps         ;
; a[34]          ; 2.5 V        ; 2000 ps         ; 2000 ps         ;
; a[35]          ; 2.5 V        ; 2000 ps         ; 2000 ps         ;
; a[36]          ; 2.5 V        ; 2000 ps         ; 2000 ps         ;
; a[37]          ; 2.5 V        ; 2000 ps         ; 2000 ps         ;
; a[38]          ; 2.5 V        ; 2000 ps         ; 2000 ps         ;
; a[39]          ; 2.5 V        ; 2000 ps         ; 2000 ps         ;
; a[40]          ; 2.5 V        ; 2000 ps         ; 2000 ps         ;
; a[41]          ; 2.5 V        ; 2000 ps         ; 2000 ps         ;
; a[42]          ; 2.5 V        ; 2000 ps         ; 2000 ps         ;
; a[43]          ; 2.5 V        ; 2000 ps         ; 2000 ps         ;
; a[44]          ; 2.5 V        ; 2000 ps         ; 2000 ps         ;
; a[45]          ; 2.5 V        ; 2000 ps         ; 2000 ps         ;
; a[46]          ; 2.5 V        ; 2000 ps         ; 2000 ps         ;
; a[47]          ; 2.5 V        ; 2000 ps         ; 2000 ps         ;
; a[48]          ; 2.5 V        ; 2000 ps         ; 2000 ps         ;
; a[49]          ; 2.5 V        ; 2000 ps         ; 2000 ps         ;
; a[50]          ; 2.5 V        ; 2000 ps         ; 2000 ps         ;
; a[51]          ; 2.5 V        ; 2000 ps         ; 2000 ps         ;
; a[52]          ; 2.5 V        ; 2000 ps         ; 2000 ps         ;
; a[53]          ; 2.5 V        ; 2000 ps         ; 2000 ps         ;
; a[54]          ; 2.5 V        ; 2000 ps         ; 2000 ps         ;
; a[55]          ; 2.5 V        ; 2000 ps         ; 2000 ps         ;
; a[56]          ; 2.5 V        ; 2000 ps         ; 2000 ps         ;
; a[57]          ; 2.5 V        ; 2000 ps         ; 2000 ps         ;
; a[58]          ; 2.5 V        ; 2000 ps         ; 2000 ps         ;
; a[59]          ; 2.5 V        ; 2000 ps         ; 2000 ps         ;
; a[124]         ; 2.5 V        ; 2000 ps         ; 2000 ps         ;
; a[125]         ; 2.5 V        ; 2000 ps         ; 2000 ps         ;
; a[126]         ; 2.5 V        ; 2000 ps         ; 2000 ps         ;
; a[127]         ; 2.5 V        ; 2000 ps         ; 2000 ps         ;
; CLK            ; 2.5 V        ; 2000 ps         ; 2000 ps         ;
; a[60]          ; 2.5 V        ; 2000 ps         ; 2000 ps         ;
; RST            ; 2.5 V        ; 2000 ps         ; 2000 ps         ;
; a[61]          ; 2.5 V        ; 2000 ps         ; 2000 ps         ;
; a[62]          ; 2.5 V        ; 2000 ps         ; 2000 ps         ;
; a[63]          ; 2.5 V        ; 2000 ps         ; 2000 ps         ;
; a[64]          ; 2.5 V        ; 2000 ps         ; 2000 ps         ;
; a[65]          ; 2.5 V        ; 2000 ps         ; 2000 ps         ;
; a[66]          ; 2.5 V        ; 2000 ps         ; 2000 ps         ;
; a[67]          ; 2.5 V        ; 2000 ps         ; 2000 ps         ;
; a[68]          ; 2.5 V        ; 2000 ps         ; 2000 ps         ;
; a[69]          ; 2.5 V        ; 2000 ps         ; 2000 ps         ;
; a[70]          ; 2.5 V        ; 2000 ps         ; 2000 ps         ;
; a[71]          ; 2.5 V        ; 2000 ps         ; 2000 ps         ;
; a[72]          ; 2.5 V        ; 2000 ps         ; 2000 ps         ;
; a[73]          ; 2.5 V        ; 2000 ps         ; 2000 ps         ;
; a[74]          ; 2.5 V        ; 2000 ps         ; 2000 ps         ;
; a[75]          ; 2.5 V        ; 2000 ps         ; 2000 ps         ;
; a[76]          ; 2.5 V        ; 2000 ps         ; 2000 ps         ;
; a[77]          ; 2.5 V        ; 2000 ps         ; 2000 ps         ;
; a[78]          ; 2.5 V        ; 2000 ps         ; 2000 ps         ;
; a[79]          ; 2.5 V        ; 2000 ps         ; 2000 ps         ;
; a[80]          ; 2.5 V        ; 2000 ps         ; 2000 ps         ;
; a[81]          ; 2.5 V        ; 2000 ps         ; 2000 ps         ;
; a[82]          ; 2.5 V        ; 2000 ps         ; 2000 ps         ;
; a[83]          ; 2.5 V        ; 2000 ps         ; 2000 ps         ;
; a[84]          ; 2.5 V        ; 2000 ps         ; 2000 ps         ;
; a[85]          ; 2.5 V        ; 2000 ps         ; 2000 ps         ;
; a[86]          ; 2.5 V        ; 2000 ps         ; 2000 ps         ;
; a[87]          ; 2.5 V        ; 2000 ps         ; 2000 ps         ;
; a[88]          ; 2.5 V        ; 2000 ps         ; 2000 ps         ;
; a[89]          ; 2.5 V        ; 2000 ps         ; 2000 ps         ;
; a[90]          ; 2.5 V        ; 2000 ps         ; 2000 ps         ;
; a[91]          ; 2.5 V        ; 2000 ps         ; 2000 ps         ;
; a[92]          ; 2.5 V        ; 2000 ps         ; 2000 ps         ;
; a[93]          ; 2.5 V        ; 2000 ps         ; 2000 ps         ;
; a[94]          ; 2.5 V        ; 2000 ps         ; 2000 ps         ;
; a[95]          ; 2.5 V        ; 2000 ps         ; 2000 ps         ;
; a[96]          ; 2.5 V        ; 2000 ps         ; 2000 ps         ;
; a[97]          ; 2.5 V        ; 2000 ps         ; 2000 ps         ;
; a[98]          ; 2.5 V        ; 2000 ps         ; 2000 ps         ;
; a[99]          ; 2.5 V        ; 2000 ps         ; 2000 ps         ;
; a[100]         ; 2.5 V        ; 2000 ps         ; 2000 ps         ;
; a[101]         ; 2.5 V        ; 2000 ps         ; 2000 ps         ;
; a[102]         ; 2.5 V        ; 2000 ps         ; 2000 ps         ;
; a[103]         ; 2.5 V        ; 2000 ps         ; 2000 ps         ;
; a[104]         ; 2.5 V        ; 2000 ps         ; 2000 ps         ;
; a[105]         ; 2.5 V        ; 2000 ps         ; 2000 ps         ;
; a[106]         ; 2.5 V        ; 2000 ps         ; 2000 ps         ;
; a[107]         ; 2.5 V        ; 2000 ps         ; 2000 ps         ;
; a[108]         ; 2.5 V        ; 2000 ps         ; 2000 ps         ;
; a[109]         ; 2.5 V        ; 2000 ps         ; 2000 ps         ;
; a[110]         ; 2.5 V        ; 2000 ps         ; 2000 ps         ;
; a[111]         ; 2.5 V        ; 2000 ps         ; 2000 ps         ;
; a[112]         ; 2.5 V        ; 2000 ps         ; 2000 ps         ;
; a[113]         ; 2.5 V        ; 2000 ps         ; 2000 ps         ;
; a[114]         ; 2.5 V        ; 2000 ps         ; 2000 ps         ;
; a[115]         ; 2.5 V        ; 2000 ps         ; 2000 ps         ;
; a[116]         ; 2.5 V        ; 2000 ps         ; 2000 ps         ;
; a[117]         ; 2.5 V        ; 2000 ps         ; 2000 ps         ;
; a[118]         ; 2.5 V        ; 2000 ps         ; 2000 ps         ;
; a[119]         ; 2.5 V        ; 2000 ps         ; 2000 ps         ;
; a[120]         ; 2.5 V        ; 2000 ps         ; 2000 ps         ;
; a[121]         ; 2.5 V        ; 2000 ps         ; 2000 ps         ;
; a[122]         ; 2.5 V        ; 2000 ps         ; 2000 ps         ;
; a[123]         ; 2.5 V        ; 2000 ps         ; 2000 ps         ;
; ~ALTERA_DATA0~ ; 1.8 V        ; 1440 ps         ; 1440 ps         ;
+----------------+--------------+-----------------+-----------------+


+------------------------------------------------------------------------------------------------------------------------------------------------------------------------------------------------------------------------------------------------------------------------------------------------------------------------------------------------------------------------------------------------------------------------------------------------------------------------------------------------------------------------------------------------------------------------------------------------------------------------------------------------------------------------------------+
; Signal Integrity Metrics (Slow 900mv n40c Model)                                                                                                                                                                                                                                                                                                                                                                                                                                                                                                                                                                                                                                   ;
+-------+--------------+---------------------+---------------------+------------------------------+------------------------------+---------------------+---------------------+--------------------------------------+--------------------------------------+-----------------------------+-----------------------------+----------------------------+----------------------------+-----------------------------+-----------------------------+--------------------+--------------------+-------------------------------------+-------------------------------------+----------------------------+----------------------------+---------------------------+---------------------------+
; Pin   ; I/O Standard ; Board Delay on Rise ; Board Delay on Fall ; Steady State Voh at FPGA Pin ; Steady State Vol at FPGA Pin ; Voh Max at FPGA Pin ; Vol Min at FPGA Pin ; Ringback Voltage on Rise at FPGA Pin ; Ringback Voltage on Fall at FPGA Pin ; 10-90 Rise Time at FPGA Pin ; 90-10 Fall Time at FPGA Pin ; Monotonic Rise at FPGA Pin ; Monotonic Fall at FPGA Pin ; Steady State Voh at Far-end ; Steady State Vol at Far-end ; Voh Max at Far-end ; Vol Min at Far-end ; Ringback Voltage on Rise at Far-end ; Ringback Voltage on Fall at Far-end ; 10-90 Rise Time at Far-end ; 90-10 Fall Time at Far-end ; Monotonic Rise at Far-end ; Monotonic Fall at Far-end ;
+-------+--------------+---------------------+---------------------+------------------------------+------------------------------+---------------------+---------------------+--------------------------------------+--------------------------------------+-----------------------------+-----------------------------+----------------------------+----------------------------+-----------------------------+-----------------------------+--------------------+--------------------+-------------------------------------+-------------------------------------+----------------------------+----------------------------+---------------------------+---------------------------+
; q[0]  ; 2.5 V        ; 0 s                 ; 0 s                 ; 2.32 V                       ; 1.39e-08 V                   ; 2.36 V              ; -0.0181 V           ; 0.206 V                              ; 0.05 V                               ; 3.9e-10 s                   ; 3.8e-10 s                   ; No                         ; Yes                        ; 2.32 V                      ; 1.39e-08 V                  ; 2.36 V             ; -0.0181 V          ; 0.206 V                             ; 0.05 V                              ; 3.9e-10 s                  ; 3.8e-10 s                  ; No                        ; Yes                       ;
; q[1]  ; 2.5 V        ; 0 s                 ; 0 s                 ; 2.32 V                       ; 1.39e-08 V                   ; 2.36 V              ; -0.0181 V           ; 0.206 V                              ; 0.05 V                               ; 3.9e-10 s                   ; 3.8e-10 s                   ; No                         ; Yes                        ; 2.32 V                      ; 1.39e-08 V                  ; 2.36 V             ; -0.0181 V          ; 0.206 V                             ; 0.05 V                              ; 3.9e-10 s                  ; 3.8e-10 s                  ; No                        ; Yes                       ;
; q[2]  ; 2.5 V        ; 0 s                 ; 0 s                 ; 2.32 V                       ; 1.4e-08 V                    ; 2.37 V              ; -0.0244 V           ; 0.179 V                              ; 0.102 V                              ; 3.79e-10 s                  ; 3.59e-10 s                  ; No                         ; Yes                        ; 2.32 V                      ; 1.4e-08 V                   ; 2.37 V             ; -0.0244 V          ; 0.179 V                             ; 0.102 V                             ; 3.79e-10 s                 ; 3.59e-10 s                 ; No                        ; Yes                       ;
; q[3]  ; 2.5 V        ; 0 s                 ; 0 s                 ; 2.32 V                       ; 1.4e-08 V                    ; 2.37 V              ; -0.024 V            ; 0.18 V                               ; 0.103 V                              ; 3.79e-10 s                  ; 3.6e-10 s                   ; No                         ; Yes                        ; 2.32 V                      ; 1.4e-08 V                   ; 2.37 V             ; -0.024 V           ; 0.18 V                              ; 0.103 V                             ; 3.79e-10 s                 ; 3.6e-10 s                  ; No                        ; Yes                       ;
; q[4]  ; 2.5 V        ; 0 s                 ; 0 s                 ; 2.32 V                       ; 1.41e-08 V                   ; 2.34 V              ; -0.0111 V           ; 0.205 V                              ; 0.049 V                              ; 3.93e-10 s                  ; 3.83e-10 s                  ; No                         ; Yes                        ; 2.32 V                      ; 1.41e-08 V                  ; 2.34 V             ; -0.0111 V          ; 0.205 V                             ; 0.049 V                             ; 3.93e-10 s                 ; 3.83e-10 s                 ; No                        ; Yes                       ;
; q[5]  ; 2.5 V        ; 0 s                 ; 0 s                 ; 2.32 V                       ; 1.39e-08 V                   ; 2.36 V              ; -0.0181 V           ; 0.206 V                              ; 0.05 V                               ; 3.9e-10 s                   ; 3.8e-10 s                   ; No                         ; Yes                        ; 2.32 V                      ; 1.39e-08 V                  ; 2.36 V             ; -0.0181 V          ; 0.206 V                             ; 0.05 V                              ; 3.9e-10 s                  ; 3.8e-10 s                  ; No                        ; Yes                       ;
; q[6]  ; 2.5 V        ; 0 s                 ; 0 s                 ; 2.32 V                       ; 1.4e-08 V                    ; 2.37 V              ; -0.0244 V           ; 0.179 V                              ; 0.102 V                              ; 3.79e-10 s                  ; 3.59e-10 s                  ; No                         ; Yes                        ; 2.32 V                      ; 1.4e-08 V                   ; 2.37 V             ; -0.0244 V          ; 0.179 V                             ; 0.102 V                             ; 3.79e-10 s                 ; 3.59e-10 s                 ; No                        ; Yes                       ;
; q[7]  ; 2.5 V        ; 0 s                 ; 0 s                 ; 2.32 V                       ; 1.39e-08 V                   ; 2.36 V              ; -0.0181 V           ; 0.206 V                              ; 0.05 V                               ; 3.9e-10 s                   ; 3.8e-10 s                   ; No                         ; Yes                        ; 2.32 V                      ; 1.39e-08 V                  ; 2.36 V             ; -0.0181 V          ; 0.206 V                             ; 0.05 V                              ; 3.9e-10 s                  ; 3.8e-10 s                  ; No                        ; Yes                       ;
; q[8]  ; 2.5 V        ; 0 s                 ; 0 s                 ; 2.32 V                       ; 1.4e-08 V                    ; 2.37 V              ; -0.0244 V           ; 0.179 V                              ; 0.102 V                              ; 3.79e-10 s                  ; 3.59e-10 s                  ; No                         ; Yes                        ; 2.32 V                      ; 1.4e-08 V                   ; 2.37 V             ; -0.0244 V          ; 0.179 V                             ; 0.102 V                             ; 3.79e-10 s                 ; 3.59e-10 s                 ; No                        ; Yes                       ;
; q[9]  ; 2.5 V        ; 0 s                 ; 0 s                 ; 2.32 V                       ; 1.41e-08 V                   ; 2.34 V              ; -0.0111 V           ; 0.205 V                              ; 0.049 V                              ; 3.93e-10 s                  ; 3.83e-10 s                  ; No                         ; Yes                        ; 2.32 V                      ; 1.41e-08 V                  ; 2.34 V             ; -0.0111 V          ; 0.205 V                             ; 0.049 V                             ; 3.93e-10 s                 ; 3.83e-10 s                 ; No                        ; Yes                       ;
; q[10] ; 2.5 V        ; 0 s                 ; 0 s                 ; 2.32 V                       ; 1.41e-08 V                   ; 2.34 V              ; -0.0111 V           ; 0.205 V                              ; 0.049 V                              ; 3.93e-10 s                  ; 3.83e-10 s                  ; No                         ; Yes                        ; 2.32 V                      ; 1.41e-08 V                  ; 2.34 V             ; -0.0111 V          ; 0.205 V                             ; 0.049 V                             ; 3.93e-10 s                 ; 3.83e-10 s                 ; No                        ; Yes                       ;
; q[11] ; 2.5 V        ; 0 s                 ; 0 s                 ; 2.32 V                       ; 1.4e-08 V                    ; 2.37 V              ; -0.0244 V           ; 0.179 V                              ; 0.102 V                              ; 3.79e-10 s                  ; 3.59e-10 s                  ; No                         ; Yes                        ; 2.32 V                      ; 1.4e-08 V                   ; 2.37 V             ; -0.0244 V          ; 0.179 V                             ; 0.102 V                             ; 3.79e-10 s                 ; 3.59e-10 s                 ; No                        ; Yes                       ;
; q[12] ; 2.5 V        ; 0 s                 ; 0 s                 ; 2.32 V                       ; 1.4e-08 V                    ; 2.37 V              ; -0.0244 V           ; 0.179 V                              ; 0.102 V                              ; 3.79e-10 s                  ; 3.59e-10 s                  ; No                         ; Yes                        ; 2.32 V                      ; 1.4e-08 V                   ; 2.37 V             ; -0.0244 V          ; 0.179 V                             ; 0.102 V                             ; 3.79e-10 s                 ; 3.59e-10 s                 ; No                        ; Yes                       ;
; q[13] ; 2.5 V        ; 0 s                 ; 0 s                 ; 2.32 V                       ; 1.39e-08 V                   ; 2.36 V              ; -0.0181 V           ; 0.206 V                              ; 0.05 V                               ; 3.9e-10 s                   ; 3.8e-10 s                   ; No                         ; Yes                        ; 2.32 V                      ; 1.39e-08 V                  ; 2.36 V             ; -0.0181 V          ; 0.206 V                             ; 0.05 V                              ; 3.9e-10 s                  ; 3.8e-10 s                  ; No                        ; Yes                       ;
; q[14] ; 2.5 V        ; 0 s                 ; 0 s                 ; 2.32 V                       ; 1.4e-08 V                    ; 2.37 V              ; -0.0244 V           ; 0.179 V                              ; 0.102 V                              ; 3.79e-10 s                  ; 3.59e-10 s                  ; No                         ; Yes                        ; 2.32 V                      ; 1.4e-08 V                   ; 2.37 V             ; -0.0244 V          ; 0.179 V                             ; 0.102 V                             ; 3.79e-10 s                 ; 3.59e-10 s                 ; No                        ; Yes                       ;
; q[15] ; 2.5 V        ; 0 s                 ; 0 s                 ; 2.32 V                       ; 1.4e-08 V                    ; 2.37 V              ; -0.024 V            ; 0.18 V                               ; 0.103 V                              ; 3.79e-10 s                  ; 3.6e-10 s                   ; No                         ; Yes                        ; 2.32 V                      ; 1.4e-08 V                   ; 2.37 V             ; -0.024 V           ; 0.18 V                              ; 0.103 V                             ; 3.79e-10 s                 ; 3.6e-10 s                  ; No                        ; Yes                       ;
; q[16] ; 2.5 V        ; 0 s                 ; 0 s                 ; 2.32 V                       ; 1.41e-08 V                   ; 2.34 V              ; -0.0111 V           ; 0.205 V                              ; 0.049 V                              ; 3.93e-10 s                  ; 3.83e-10 s                  ; No                         ; Yes                        ; 2.32 V                      ; 1.41e-08 V                  ; 2.34 V             ; -0.0111 V          ; 0.205 V                             ; 0.049 V                             ; 3.93e-10 s                 ; 3.83e-10 s                 ; No                        ; Yes                       ;
; q[17] ; 2.5 V        ; 0 s                 ; 0 s                 ; 2.32 V                       ; 1.4e-08 V                    ; 2.37 V              ; -0.024 V            ; 0.18 V                               ; 0.103 V                              ; 3.79e-10 s                  ; 3.6e-10 s                   ; No                         ; Yes                        ; 2.32 V                      ; 1.4e-08 V                   ; 2.37 V             ; -0.024 V           ; 0.18 V                              ; 0.103 V                             ; 3.79e-10 s                 ; 3.6e-10 s                  ; No                        ; Yes                       ;
; q[18] ; 2.5 V        ; 0 s                 ; 0 s                 ; 2.32 V                       ; 1.4e-08 V                    ; 2.37 V              ; -0.024 V            ; 0.18 V                               ; 0.103 V                              ; 3.79e-10 s                  ; 3.6e-10 s                   ; No                         ; Yes                        ; 2.32 V                      ; 1.4e-08 V                   ; 2.37 V             ; -0.024 V           ; 0.18 V                              ; 0.103 V                             ; 3.79e-10 s                 ; 3.6e-10 s                  ; No                        ; Yes                       ;
; q[19] ; 2.5 V        ; 0 s                 ; 0 s                 ; 2.32 V                       ; 1.4e-08 V                    ; 2.37 V              ; -0.0244 V           ; 0.179 V                              ; 0.102 V                              ; 3.79e-10 s                  ; 3.59e-10 s                  ; No                         ; Yes                        ; 2.32 V                      ; 1.4e-08 V                   ; 2.37 V             ; -0.0244 V          ; 0.179 V                             ; 0.102 V                             ; 3.79e-10 s                 ; 3.59e-10 s                 ; No                        ; Yes                       ;
; q[20] ; 2.5 V        ; 0 s                 ; 0 s                 ; 2.32 V                       ; 1.4e-08 V                    ; 2.37 V              ; -0.0244 V           ; 0.179 V                              ; 0.102 V                              ; 3.79e-10 s                  ; 3.59e-10 s                  ; No                         ; Yes                        ; 2.32 V                      ; 1.4e-08 V                   ; 2.37 V             ; -0.0244 V          ; 0.179 V                             ; 0.102 V                             ; 3.79e-10 s                 ; 3.59e-10 s                 ; No                        ; Yes                       ;
; q[21] ; 2.5 V        ; 0 s                 ; 0 s                 ; 2.32 V                       ; 1.39e-08 V                   ; 2.36 V              ; -0.0181 V           ; 0.206 V                              ; 0.05 V                               ; 3.9e-10 s                   ; 3.8e-10 s                   ; No                         ; Yes                        ; 2.32 V                      ; 1.39e-08 V                  ; 2.36 V             ; -0.0181 V          ; 0.206 V                             ; 0.05 V                              ; 3.9e-10 s                  ; 3.8e-10 s                  ; No                        ; Yes                       ;
; q[22] ; 2.5 V        ; 0 s                 ; 0 s                 ; 2.32 V                       ; 1.4e-08 V                    ; 2.37 V              ; -0.024 V            ; 0.18 V                               ; 0.103 V                              ; 3.79e-10 s                  ; 3.6e-10 s                   ; No                         ; Yes                        ; 2.32 V                      ; 1.4e-08 V                   ; 2.37 V             ; -0.024 V           ; 0.18 V                              ; 0.103 V                             ; 3.79e-10 s                 ; 3.6e-10 s                  ; No                        ; Yes                       ;
; q[23] ; 2.5 V        ; 0 s                 ; 0 s                 ; 2.32 V                       ; 1.41e-08 V                   ; 2.34 V              ; -0.0111 V           ; 0.205 V                              ; 0.049 V                              ; 3.93e-10 s                  ; 3.83e-10 s                  ; No                         ; Yes                        ; 2.32 V                      ; 1.41e-08 V                  ; 2.34 V             ; -0.0111 V          ; 0.205 V                             ; 0.049 V                             ; 3.93e-10 s                 ; 3.83e-10 s                 ; No                        ; Yes                       ;
; q[24] ; 2.5 V        ; 0 s                 ; 0 s                 ; 2.32 V                       ; 1.4e-08 V                    ; 2.37 V              ; -0.024 V            ; 0.18 V                               ; 0.103 V                              ; 3.79e-10 s                  ; 3.6e-10 s                   ; No                         ; Yes                        ; 2.32 V                      ; 1.4e-08 V                   ; 2.37 V             ; -0.024 V           ; 0.18 V                              ; 0.103 V                             ; 3.79e-10 s                 ; 3.6e-10 s                  ; No                        ; Yes                       ;
; q[25] ; 2.5 V        ; 0 s                 ; 0 s                 ; 2.32 V                       ; 1.41e-08 V                   ; 2.34 V              ; -0.0111 V           ; 0.205 V                              ; 0.049 V                              ; 3.93e-10 s                  ; 3.83e-10 s                  ; No                         ; Yes                        ; 2.32 V                      ; 1.41e-08 V                  ; 2.34 V             ; -0.0111 V          ; 0.205 V                             ; 0.049 V                             ; 3.93e-10 s                 ; 3.83e-10 s                 ; No                        ; Yes                       ;
; q[26] ; 2.5 V        ; 0 s                 ; 0 s                 ; 2.32 V                       ; 1.39e-08 V                   ; 2.36 V              ; -0.0181 V           ; 0.206 V                              ; 0.05 V                               ; 3.9e-10 s                   ; 3.8e-10 s                   ; No                         ; Yes                        ; 2.32 V                      ; 1.39e-08 V                  ; 2.36 V             ; -0.0181 V          ; 0.206 V                             ; 0.05 V                              ; 3.9e-10 s                  ; 3.8e-10 s                  ; No                        ; Yes                       ;
; q[27] ; 2.5 V        ; 0 s                 ; 0 s                 ; 2.32 V                       ; 1.4e-08 V                    ; 2.37 V              ; -0.024 V            ; 0.18 V                               ; 0.103 V                              ; 3.79e-10 s                  ; 3.6e-10 s                   ; No                         ; Yes                        ; 2.32 V                      ; 1.4e-08 V                   ; 2.37 V             ; -0.024 V           ; 0.18 V                              ; 0.103 V                             ; 3.79e-10 s                 ; 3.6e-10 s                  ; No                        ; Yes                       ;
; q[28] ; 2.5 V        ; 0 s                 ; 0 s                 ; 2.32 V                       ; 1.4e-08 V                    ; 2.37 V              ; -0.024 V            ; 0.18 V                               ; 0.103 V                              ; 3.79e-10 s                  ; 3.6e-10 s                   ; No                         ; Yes                        ; 2.32 V                      ; 1.4e-08 V                   ; 2.37 V             ; -0.024 V           ; 0.18 V                              ; 0.103 V                             ; 3.79e-10 s                 ; 3.6e-10 s                  ; No                        ; Yes                       ;
; q[29] ; 2.5 V        ; 0 s                 ; 0 s                 ; 2.32 V                       ; 1.41e-08 V                   ; 2.34 V              ; -0.0111 V           ; 0.205 V                              ; 0.049 V                              ; 3.93e-10 s                  ; 3.83e-10 s                  ; No                         ; Yes                        ; 2.32 V                      ; 1.41e-08 V                  ; 2.34 V             ; -0.0111 V          ; 0.205 V                             ; 0.049 V                             ; 3.93e-10 s                 ; 3.83e-10 s                 ; No                        ; Yes                       ;
; q[30] ; 2.5 V        ; 0 s                 ; 0 s                 ; 2.32 V                       ; 1.41e-08 V                   ; 2.34 V              ; -0.0111 V           ; 0.205 V                              ; 0.049 V                              ; 3.93e-10 s                  ; 3.83e-10 s                  ; No                         ; Yes                        ; 2.32 V                      ; 1.41e-08 V                  ; 2.34 V             ; -0.0111 V          ; 0.205 V                             ; 0.049 V                             ; 3.93e-10 s                 ; 3.83e-10 s                 ; No                        ; Yes                       ;
; q[31] ; 2.5 V        ; 0 s                 ; 0 s                 ; 2.32 V                       ; 1.4e-08 V                    ; 2.37 V              ; -0.0244 V           ; 0.179 V                              ; 0.102 V                              ; 3.79e-10 s                  ; 3.59e-10 s                  ; No                         ; Yes                        ; 2.32 V                      ; 1.4e-08 V                   ; 2.37 V             ; -0.0244 V          ; 0.179 V                             ; 0.102 V                             ; 3.79e-10 s                 ; 3.59e-10 s                 ; No                        ; Yes                       ;
; q[32] ; 2.5 V        ; 0 s                 ; 0 s                 ; 2.32 V                       ; 1.41e-08 V                   ; 2.34 V              ; -0.0111 V           ; 0.205 V                              ; 0.049 V                              ; 3.93e-10 s                  ; 3.83e-10 s                  ; No                         ; Yes                        ; 2.32 V                      ; 1.41e-08 V                  ; 2.34 V             ; -0.0111 V          ; 0.205 V                             ; 0.049 V                             ; 3.93e-10 s                 ; 3.83e-10 s                 ; No                        ; Yes                       ;
; q[33] ; 2.5 V        ; 0 s                 ; 0 s                 ; 2.32 V                       ; 1.41e-08 V                   ; 2.34 V              ; -0.0111 V           ; 0.205 V                              ; 0.049 V                              ; 3.93e-10 s                  ; 3.83e-10 s                  ; No                         ; Yes                        ; 2.32 V                      ; 1.41e-08 V                  ; 2.34 V             ; -0.0111 V          ; 0.205 V                             ; 0.049 V                             ; 3.93e-10 s                 ; 3.83e-10 s                 ; No                        ; Yes                       ;
; q[34] ; 2.5 V        ; 0 s                 ; 0 s                 ; 2.32 V                       ; 1.4e-08 V                    ; 2.37 V              ; -0.024 V            ; 0.18 V                               ; 0.103 V                              ; 3.79e-10 s                  ; 3.6e-10 s                   ; No                         ; Yes                        ; 2.32 V                      ; 1.4e-08 V                   ; 2.37 V             ; -0.024 V           ; 0.18 V                              ; 0.103 V                             ; 3.79e-10 s                 ; 3.6e-10 s                  ; No                        ; Yes                       ;
; q[35] ; 2.5 V        ; 0 s                 ; 0 s                 ; 2.32 V                       ; 1.39e-08 V                   ; 2.36 V              ; -0.0181 V           ; 0.206 V                              ; 0.05 V                               ; 3.9e-10 s                   ; 3.8e-10 s                   ; No                         ; Yes                        ; 2.32 V                      ; 1.39e-08 V                  ; 2.36 V             ; -0.0181 V          ; 0.206 V                             ; 0.05 V                              ; 3.9e-10 s                  ; 3.8e-10 s                  ; No                        ; Yes                       ;
; q[36] ; 2.5 V        ; 0 s                 ; 0 s                 ; 2.32 V                       ; 1.39e-08 V                   ; 2.36 V              ; -0.0181 V           ; 0.206 V                              ; 0.05 V                               ; 3.9e-10 s                   ; 3.8e-10 s                   ; No                         ; Yes                        ; 2.32 V                      ; 1.39e-08 V                  ; 2.36 V             ; -0.0181 V          ; 0.206 V                             ; 0.05 V                              ; 3.9e-10 s                  ; 3.8e-10 s                  ; No                        ; Yes                       ;
; q[37] ; 2.5 V        ; 0 s                 ; 0 s                 ; 2.32 V                       ; 1.4e-08 V                    ; 2.37 V              ; -0.0244 V           ; 0.179 V                              ; 0.102 V                              ; 3.79e-10 s                  ; 3.59e-10 s                  ; No                         ; Yes                        ; 2.32 V                      ; 1.4e-08 V                   ; 2.37 V             ; -0.0244 V          ; 0.179 V                             ; 0.102 V                             ; 3.79e-10 s                 ; 3.59e-10 s                 ; No                        ; Yes                       ;
; q[38] ; 2.5 V        ; 0 s                 ; 0 s                 ; 2.32 V                       ; 1.41e-08 V                   ; 2.34 V              ; -0.0111 V           ; 0.205 V                              ; 0.049 V                              ; 3.93e-10 s                  ; 3.83e-10 s                  ; No                         ; Yes                        ; 2.32 V                      ; 1.41e-08 V                  ; 2.34 V             ; -0.0111 V          ; 0.205 V                             ; 0.049 V                             ; 3.93e-10 s                 ; 3.83e-10 s                 ; No                        ; Yes                       ;
; q[39] ; 2.5 V        ; 0 s                 ; 0 s                 ; 2.32 V                       ; 1.4e-08 V                    ; 2.37 V              ; -0.0244 V           ; 0.179 V                              ; 0.102 V                              ; 3.79e-10 s                  ; 3.59e-10 s                  ; No                         ; Yes                        ; 2.32 V                      ; 1.4e-08 V                   ; 2.37 V             ; -0.0244 V          ; 0.179 V                             ; 0.102 V                             ; 3.79e-10 s                 ; 3.59e-10 s                 ; No                        ; Yes                       ;
; q[40] ; 2.5 V        ; 0 s                 ; 0 s                 ; 2.32 V                       ; 1.41e-08 V                   ; 2.34 V              ; -0.0111 V           ; 0.205 V                              ; 0.049 V                              ; 3.93e-10 s                  ; 3.83e-10 s                  ; No                         ; Yes                        ; 2.32 V                      ; 1.41e-08 V                  ; 2.34 V             ; -0.0111 V          ; 0.205 V                             ; 0.049 V                             ; 3.93e-10 s                 ; 3.83e-10 s                 ; No                        ; Yes                       ;
; q[41] ; 2.5 V        ; 0 s                 ; 0 s                 ; 2.32 V                       ; 1.4e-08 V                    ; 2.37 V              ; -0.0244 V           ; 0.179 V                              ; 0.102 V                              ; 3.79e-10 s                  ; 3.59e-10 s                  ; No                         ; Yes                        ; 2.32 V                      ; 1.4e-08 V                   ; 2.37 V             ; -0.0244 V          ; 0.179 V                             ; 0.102 V                             ; 3.79e-10 s                 ; 3.59e-10 s                 ; No                        ; Yes                       ;
; q[42] ; 2.5 V        ; 0 s                 ; 0 s                 ; 2.32 V                       ; 1.4e-08 V                    ; 2.37 V              ; -0.0244 V           ; 0.179 V                              ; 0.102 V                              ; 3.79e-10 s                  ; 3.59e-10 s                  ; No                         ; Yes                        ; 2.32 V                      ; 1.4e-08 V                   ; 2.37 V             ; -0.0244 V          ; 0.179 V                             ; 0.102 V                             ; 3.79e-10 s                 ; 3.59e-10 s                 ; No                        ; Yes                       ;
; q[43] ; 2.5 V        ; 0 s                 ; 0 s                 ; 2.32 V                       ; 1.41e-08 V                   ; 2.34 V              ; -0.0111 V           ; 0.205 V                              ; 0.049 V                              ; 3.93e-10 s                  ; 3.83e-10 s                  ; No                         ; Yes                        ; 2.32 V                      ; 1.41e-08 V                  ; 2.34 V             ; -0.0111 V          ; 0.205 V                             ; 0.049 V                             ; 3.93e-10 s                 ; 3.83e-10 s                 ; No                        ; Yes                       ;
; q[44] ; 2.5 V        ; 0 s                 ; 0 s                 ; 2.32 V                       ; 1.41e-08 V                   ; 2.34 V              ; -0.0111 V           ; 0.205 V                              ; 0.049 V                              ; 3.93e-10 s                  ; 3.83e-10 s                  ; No                         ; Yes                        ; 2.32 V                      ; 1.41e-08 V                  ; 2.34 V             ; -0.0111 V          ; 0.205 V                             ; 0.049 V                             ; 3.93e-10 s                 ; 3.83e-10 s                 ; No                        ; Yes                       ;
; q[45] ; 2.5 V        ; 0 s                 ; 0 s                 ; 2.32 V                       ; 1.41e-08 V                   ; 2.34 V              ; -0.0111 V           ; 0.205 V                              ; 0.049 V                              ; 3.93e-10 s                  ; 3.83e-10 s                  ; No                         ; Yes                        ; 2.32 V                      ; 1.41e-08 V                  ; 2.34 V             ; -0.0111 V          ; 0.205 V                             ; 0.049 V                             ; 3.93e-10 s                 ; 3.83e-10 s                 ; No                        ; Yes                       ;
; q[46] ; 2.5 V        ; 0 s                 ; 0 s                 ; 2.32 V                       ; 1.39e-08 V                   ; 2.36 V              ; -0.0181 V           ; 0.206 V                              ; 0.05 V                               ; 3.9e-10 s                   ; 3.8e-10 s                   ; No                         ; Yes                        ; 2.32 V                      ; 1.39e-08 V                  ; 2.36 V             ; -0.0181 V          ; 0.206 V                             ; 0.05 V                              ; 3.9e-10 s                  ; 3.8e-10 s                  ; No                        ; Yes                       ;
; q[47] ; 2.5 V        ; 0 s                 ; 0 s                 ; 2.32 V                       ; 1.4e-08 V                    ; 2.37 V              ; -0.0244 V           ; 0.179 V                              ; 0.102 V                              ; 3.79e-10 s                  ; 3.59e-10 s                  ; No                         ; Yes                        ; 2.32 V                      ; 1.4e-08 V                   ; 2.37 V             ; -0.0244 V          ; 0.179 V                             ; 0.102 V                             ; 3.79e-10 s                 ; 3.59e-10 s                 ; No                        ; Yes                       ;
; q[48] ; 2.5 V        ; 0 s                 ; 0 s                 ; 2.32 V                       ; 1.39e-08 V                   ; 2.36 V              ; -0.0181 V           ; 0.206 V                              ; 0.05 V                               ; 3.9e-10 s                   ; 3.8e-10 s                   ; No                         ; Yes                        ; 2.32 V                      ; 1.39e-08 V                  ; 2.36 V             ; -0.0181 V          ; 0.206 V                             ; 0.05 V                              ; 3.9e-10 s                  ; 3.8e-10 s                  ; No                        ; Yes                       ;
; q[49] ; 2.5 V        ; 0 s                 ; 0 s                 ; 2.32 V                       ; 1.39e-08 V                   ; 2.36 V              ; -0.0181 V           ; 0.206 V                              ; 0.05 V                               ; 3.9e-10 s                   ; 3.8e-10 s                   ; No                         ; Yes                        ; 2.32 V                      ; 1.39e-08 V                  ; 2.36 V             ; -0.0181 V          ; 0.206 V                             ; 0.05 V                              ; 3.9e-10 s                  ; 3.8e-10 s                  ; No                        ; Yes                       ;
; q[50] ; 2.5 V        ; 0 s                 ; 0 s                 ; 2.32 V                       ; 1.41e-08 V                   ; 2.34 V              ; -0.0111 V           ; 0.205 V                              ; 0.049 V                              ; 3.93e-10 s                  ; 3.83e-10 s                  ; No                         ; Yes                        ; 2.32 V                      ; 1.41e-08 V                  ; 2.34 V             ; -0.0111 V          ; 0.205 V                             ; 0.049 V                             ; 3.93e-10 s                 ; 3.83e-10 s                 ; No                        ; Yes                       ;
; q[51] ; 2.5 V        ; 0 s                 ; 0 s                 ; 2.32 V                       ; 1.4e-08 V                    ; 2.37 V              ; -0.024 V            ; 0.18 V                               ; 0.103 V                              ; 3.79e-10 s                  ; 3.6e-10 s                   ; No                         ; Yes                        ; 2.32 V                      ; 1.4e-08 V                   ; 2.37 V             ; -0.024 V           ; 0.18 V                              ; 0.103 V                             ; 3.79e-10 s                 ; 3.6e-10 s                  ; No                        ; Yes                       ;
; q[52] ; 2.5 V        ; 0 s                 ; 0 s                 ; 2.32 V                       ; 1.4e-08 V                    ; 2.37 V              ; -0.0244 V           ; 0.179 V                              ; 0.102 V                              ; 3.79e-10 s                  ; 3.59e-10 s                  ; No                         ; Yes                        ; 2.32 V                      ; 1.4e-08 V                   ; 2.37 V             ; -0.0244 V          ; 0.179 V                             ; 0.102 V                             ; 3.79e-10 s                 ; 3.59e-10 s                 ; No                        ; Yes                       ;
; q[53] ; 2.5 V        ; 0 s                 ; 0 s                 ; 2.32 V                       ; 1.4e-08 V                    ; 2.37 V              ; -0.0244 V           ; 0.179 V                              ; 0.102 V                              ; 3.79e-10 s                  ; 3.59e-10 s                  ; No                         ; Yes                        ; 2.32 V                      ; 1.4e-08 V                   ; 2.37 V             ; -0.0244 V          ; 0.179 V                             ; 0.102 V                             ; 3.79e-10 s                 ; 3.59e-10 s                 ; No                        ; Yes                       ;
; q[54] ; 2.5 V        ; 0 s                 ; 0 s                 ; 2.32 V                       ; 1.41e-08 V                   ; 2.34 V              ; -0.0111 V           ; 0.205 V                              ; 0.049 V                              ; 3.93e-10 s                  ; 3.83e-10 s                  ; No                         ; Yes                        ; 2.32 V                      ; 1.41e-08 V                  ; 2.34 V             ; -0.0111 V          ; 0.205 V                             ; 0.049 V                             ; 3.93e-10 s                 ; 3.83e-10 s                 ; No                        ; Yes                       ;
; q[55] ; 2.5 V        ; 0 s                 ; 0 s                 ; 2.32 V                       ; 1.4e-08 V                    ; 2.37 V              ; -0.024 V            ; 0.18 V                               ; 0.103 V                              ; 3.79e-10 s                  ; 3.6e-10 s                   ; No                         ; Yes                        ; 2.32 V                      ; 1.4e-08 V                   ; 2.37 V             ; -0.024 V           ; 0.18 V                              ; 0.103 V                             ; 3.79e-10 s                 ; 3.6e-10 s                  ; No                        ; Yes                       ;
; q[56] ; 2.5 V        ; 0 s                 ; 0 s                 ; 2.32 V                       ; 1.39e-08 V                   ; 2.36 V              ; -0.0181 V           ; 0.206 V                              ; 0.05 V                               ; 3.9e-10 s                   ; 3.8e-10 s                   ; No                         ; Yes                        ; 2.32 V                      ; 1.39e-08 V                  ; 2.36 V             ; -0.0181 V          ; 0.206 V                             ; 0.05 V                              ; 3.9e-10 s                  ; 3.8e-10 s                  ; No                        ; Yes                       ;
; q[57] ; 2.5 V        ; 0 s                 ; 0 s                 ; 2.32 V                       ; 1.39e-08 V                   ; 2.36 V              ; -0.0181 V           ; 0.206 V                              ; 0.05 V                               ; 3.9e-10 s                   ; 3.8e-10 s                   ; No                         ; Yes                        ; 2.32 V                      ; 1.39e-08 V                  ; 2.36 V             ; -0.0181 V          ; 0.206 V                             ; 0.05 V                              ; 3.9e-10 s                  ; 3.8e-10 s                  ; No                        ; Yes                       ;
; q[58] ; 2.5 V        ; 0 s                 ; 0 s                 ; 2.32 V                       ; 1.39e-08 V                   ; 2.36 V              ; -0.0181 V           ; 0.206 V                              ; 0.05 V                               ; 3.9e-10 s                   ; 3.8e-10 s                   ; No                         ; Yes                        ; 2.32 V                      ; 1.39e-08 V                  ; 2.36 V             ; -0.0181 V          ; 0.206 V                             ; 0.05 V                              ; 3.9e-10 s                  ; 3.8e-10 s                  ; No                        ; Yes                       ;
; q[59] ; 2.5 V        ; 0 s                 ; 0 s                 ; 2.32 V                       ; 1.4e-08 V                    ; 2.37 V              ; -0.024 V            ; 0.18 V                               ; 0.103 V                              ; 3.79e-10 s                  ; 3.6e-10 s                   ; No                         ; Yes                        ; 2.32 V                      ; 1.4e-08 V                   ; 2.37 V             ; -0.024 V           ; 0.18 V                              ; 0.103 V                             ; 3.79e-10 s                 ; 3.6e-10 s                  ; No                        ; Yes                       ;
; q[60] ; 2.5 V        ; 0 s                 ; 0 s                 ; 2.32 V                       ; 1.4e-08 V                    ; 2.37 V              ; -0.024 V            ; 0.18 V                               ; 0.103 V                              ; 3.79e-10 s                  ; 3.6e-10 s                   ; No                         ; Yes                        ; 2.32 V                      ; 1.4e-08 V                   ; 2.37 V             ; -0.024 V           ; 0.18 V                              ; 0.103 V                             ; 3.79e-10 s                 ; 3.6e-10 s                  ; No                        ; Yes                       ;
; q[61] ; 2.5 V        ; 0 s                 ; 0 s                 ; 2.32 V                       ; 1.4e-08 V                    ; 2.37 V              ; -0.0244 V           ; 0.179 V                              ; 0.102 V                              ; 3.79e-10 s                  ; 3.59e-10 s                  ; No                         ; Yes                        ; 2.32 V                      ; 1.4e-08 V                   ; 2.37 V             ; -0.0244 V          ; 0.179 V                             ; 0.102 V                             ; 3.79e-10 s                 ; 3.59e-10 s                 ; No                        ; Yes                       ;
; q[62] ; 2.5 V        ; 0 s                 ; 0 s                 ; 2.32 V                       ; 1.4e-08 V                    ; 2.37 V              ; -0.024 V            ; 0.18 V                               ; 0.103 V                              ; 3.79e-10 s                  ; 3.6e-10 s                   ; No                         ; Yes                        ; 2.32 V                      ; 1.4e-08 V                   ; 2.37 V             ; -0.024 V           ; 0.18 V                              ; 0.103 V                             ; 3.79e-10 s                 ; 3.6e-10 s                  ; No                        ; Yes                       ;
; q[63] ; 2.5 V        ; 0 s                 ; 0 s                 ; 2.32 V                       ; 1.39e-08 V                   ; 2.36 V              ; -0.0181 V           ; 0.206 V                              ; 0.05 V                               ; 3.9e-10 s                   ; 3.8e-10 s                   ; No                         ; Yes                        ; 2.32 V                      ; 1.39e-08 V                  ; 2.36 V             ; -0.0181 V          ; 0.206 V                             ; 0.05 V                              ; 3.9e-10 s                  ; 3.8e-10 s                  ; No                        ; Yes                       ;
+-------+--------------+---------------------+---------------------+------------------------------+------------------------------+---------------------+---------------------+--------------------------------------+--------------------------------------+-----------------------------+-----------------------------+----------------------------+----------------------------+-----------------------------+-----------------------------+--------------------+--------------------+-------------------------------------+-------------------------------------+----------------------------+----------------------------+---------------------------+---------------------------+


+------------------------------------------------------------------------------------------------------------------------------------------------------------------------------------------------------------------------------------------------------------------------------------------------------------------------------------------------------------------------------------------------------------------------------------------------------------------------------------------------------------------------------------------------------------------------------------------------------------------------------------------------------------------------------------+
; Signal Integrity Metrics (Slow 900mv 100c Model)                                                                                                                                                                                                                                                                                                                                                                                                                                                                                                                                                                                                                                   ;
+-------+--------------+---------------------+---------------------+------------------------------+------------------------------+---------------------+---------------------+--------------------------------------+--------------------------------------+-----------------------------+-----------------------------+----------------------------+----------------------------+-----------------------------+-----------------------------+--------------------+--------------------+-------------------------------------+-------------------------------------+----------------------------+----------------------------+---------------------------+---------------------------+
; Pin   ; I/O Standard ; Board Delay on Rise ; Board Delay on Fall ; Steady State Voh at FPGA Pin ; Steady State Vol at FPGA Pin ; Voh Max at FPGA Pin ; Vol Min at FPGA Pin ; Ringback Voltage on Rise at FPGA Pin ; Ringback Voltage on Fall at FPGA Pin ; 10-90 Rise Time at FPGA Pin ; 90-10 Fall Time at FPGA Pin ; Monotonic Rise at FPGA Pin ; Monotonic Fall at FPGA Pin ; Steady State Voh at Far-end ; Steady State Vol at Far-end ; Voh Max at Far-end ; Vol Min at Far-end ; Ringback Voltage on Rise at Far-end ; Ringback Voltage on Fall at Far-end ; 10-90 Rise Time at Far-end ; 90-10 Fall Time at Far-end ; Monotonic Rise at Far-end ; Monotonic Fall at Far-end ;
+-------+--------------+---------------------+---------------------+------------------------------+------------------------------+---------------------+---------------------+--------------------------------------+--------------------------------------+-----------------------------+-----------------------------+----------------------------+----------------------------+-----------------------------+-----------------------------+--------------------+--------------------+-------------------------------------+-------------------------------------+----------------------------+----------------------------+---------------------------+---------------------------+
; q[0]  ; 2.5 V        ; 0 s                 ; 0 s                 ; 2.32 V                       ; 3.6e-05 V                    ; 2.34 V              ; -0.012 V            ; 0.2 V                                ; 0.096 V                              ; 5.13e-10 s                  ; 5.2e-10 s                   ; No                         ; Yes                        ; 2.32 V                      ; 3.6e-05 V                   ; 2.34 V             ; -0.012 V           ; 0.2 V                               ; 0.096 V                             ; 5.13e-10 s                 ; 5.2e-10 s                  ; No                        ; Yes                       ;
; q[1]  ; 2.5 V        ; 0 s                 ; 0 s                 ; 2.32 V                       ; 3.6e-05 V                    ; 2.34 V              ; -0.012 V            ; 0.2 V                                ; 0.096 V                              ; 5.13e-10 s                  ; 5.2e-10 s                   ; No                         ; Yes                        ; 2.32 V                      ; 3.6e-05 V                   ; 2.34 V             ; -0.012 V           ; 0.2 V                               ; 0.096 V                             ; 5.13e-10 s                 ; 5.2e-10 s                  ; No                        ; Yes                       ;
; q[2]  ; 2.5 V        ; 0 s                 ; 0 s                 ; 2.32 V                       ; 3.61e-05 V                   ; 2.35 V              ; -0.0169 V           ; 0.169 V                              ; 0.158 V                              ; 4.96e-10 s                  ; 4.83e-10 s                  ; No                         ; Yes                        ; 2.32 V                      ; 3.61e-05 V                  ; 2.35 V             ; -0.0169 V          ; 0.169 V                             ; 0.158 V                             ; 4.96e-10 s                 ; 4.83e-10 s                 ; No                        ; Yes                       ;
; q[3]  ; 2.5 V        ; 0 s                 ; 0 s                 ; 2.32 V                       ; 3.61e-05 V                   ; 2.35 V              ; -0.0166 V           ; 0.169 V                              ; 0.159 V                              ; 4.96e-10 s                  ; 4.83e-10 s                  ; No                         ; Yes                        ; 2.32 V                      ; 3.61e-05 V                  ; 2.35 V             ; -0.0166 V          ; 0.169 V                             ; 0.159 V                             ; 4.96e-10 s                 ; 4.83e-10 s                 ; No                        ; Yes                       ;
; q[4]  ; 2.5 V        ; 0 s                 ; 0 s                 ; 2.32 V                       ; 3.63e-05 V                   ; 2.33 V              ; -0.00587 V          ; 0.2 V                                ; 0.044 V                              ; 5.18e-10 s                  ; 5.28e-10 s                  ; Yes                        ; Yes                        ; 2.32 V                      ; 3.63e-05 V                  ; 2.33 V             ; -0.00587 V         ; 0.2 V                               ; 0.044 V                             ; 5.18e-10 s                 ; 5.28e-10 s                 ; Yes                       ; Yes                       ;
; q[5]  ; 2.5 V        ; 0 s                 ; 0 s                 ; 2.32 V                       ; 3.6e-05 V                    ; 2.34 V              ; -0.012 V            ; 0.2 V                                ; 0.096 V                              ; 5.13e-10 s                  ; 5.2e-10 s                   ; No                         ; Yes                        ; 2.32 V                      ; 3.6e-05 V                   ; 2.34 V             ; -0.012 V           ; 0.2 V                               ; 0.096 V                             ; 5.13e-10 s                 ; 5.2e-10 s                  ; No                        ; Yes                       ;
; q[6]  ; 2.5 V        ; 0 s                 ; 0 s                 ; 2.32 V                       ; 3.61e-05 V                   ; 2.35 V              ; -0.0169 V           ; 0.169 V                              ; 0.158 V                              ; 4.96e-10 s                  ; 4.83e-10 s                  ; No                         ; Yes                        ; 2.32 V                      ; 3.61e-05 V                  ; 2.35 V             ; -0.0169 V          ; 0.169 V                             ; 0.158 V                             ; 4.96e-10 s                 ; 4.83e-10 s                 ; No                        ; Yes                       ;
; q[7]  ; 2.5 V        ; 0 s                 ; 0 s                 ; 2.32 V                       ; 3.6e-05 V                    ; 2.34 V              ; -0.012 V            ; 0.2 V                                ; 0.096 V                              ; 5.13e-10 s                  ; 5.2e-10 s                   ; No                         ; Yes                        ; 2.32 V                      ; 3.6e-05 V                   ; 2.34 V             ; -0.012 V           ; 0.2 V                               ; 0.096 V                             ; 5.13e-10 s                 ; 5.2e-10 s                  ; No                        ; Yes                       ;
; q[8]  ; 2.5 V        ; 0 s                 ; 0 s                 ; 2.32 V                       ; 3.61e-05 V                   ; 2.35 V              ; -0.0169 V           ; 0.169 V                              ; 0.158 V                              ; 4.96e-10 s                  ; 4.83e-10 s                  ; No                         ; Yes                        ; 2.32 V                      ; 3.61e-05 V                  ; 2.35 V             ; -0.0169 V          ; 0.169 V                             ; 0.158 V                             ; 4.96e-10 s                 ; 4.83e-10 s                 ; No                        ; Yes                       ;
; q[9]  ; 2.5 V        ; 0 s                 ; 0 s                 ; 2.32 V                       ; 3.63e-05 V                   ; 2.33 V              ; -0.00587 V          ; 0.2 V                                ; 0.044 V                              ; 5.18e-10 s                  ; 5.28e-10 s                  ; Yes                        ; Yes                        ; 2.32 V                      ; 3.63e-05 V                  ; 2.33 V             ; -0.00587 V         ; 0.2 V                               ; 0.044 V                             ; 5.18e-10 s                 ; 5.28e-10 s                 ; Yes                       ; Yes                       ;
; q[10] ; 2.5 V        ; 0 s                 ; 0 s                 ; 2.32 V                       ; 3.63e-05 V                   ; 2.33 V              ; -0.00587 V          ; 0.2 V                                ; 0.044 V                              ; 5.18e-10 s                  ; 5.28e-10 s                  ; Yes                        ; Yes                        ; 2.32 V                      ; 3.63e-05 V                  ; 2.33 V             ; -0.00587 V         ; 0.2 V                               ; 0.044 V                             ; 5.18e-10 s                 ; 5.28e-10 s                 ; Yes                       ; Yes                       ;
; q[11] ; 2.5 V        ; 0 s                 ; 0 s                 ; 2.32 V                       ; 3.61e-05 V                   ; 2.35 V              ; -0.0169 V           ; 0.169 V                              ; 0.158 V                              ; 4.96e-10 s                  ; 4.83e-10 s                  ; No                         ; Yes                        ; 2.32 V                      ; 3.61e-05 V                  ; 2.35 V             ; -0.0169 V          ; 0.169 V                             ; 0.158 V                             ; 4.96e-10 s                 ; 4.83e-10 s                 ; No                        ; Yes                       ;
; q[12] ; 2.5 V        ; 0 s                 ; 0 s                 ; 2.32 V                       ; 3.61e-05 V                   ; 2.35 V              ; -0.0169 V           ; 0.169 V                              ; 0.158 V                              ; 4.96e-10 s                  ; 4.83e-10 s                  ; No                         ; Yes                        ; 2.32 V                      ; 3.61e-05 V                  ; 2.35 V             ; -0.0169 V          ; 0.169 V                             ; 0.158 V                             ; 4.96e-10 s                 ; 4.83e-10 s                 ; No                        ; Yes                       ;
; q[13] ; 2.5 V        ; 0 s                 ; 0 s                 ; 2.32 V                       ; 3.6e-05 V                    ; 2.34 V              ; -0.012 V            ; 0.2 V                                ; 0.096 V                              ; 5.13e-10 s                  ; 5.2e-10 s                   ; No                         ; Yes                        ; 2.32 V                      ; 3.6e-05 V                   ; 2.34 V             ; -0.012 V           ; 0.2 V                               ; 0.096 V                             ; 5.13e-10 s                 ; 5.2e-10 s                  ; No                        ; Yes                       ;
; q[14] ; 2.5 V        ; 0 s                 ; 0 s                 ; 2.32 V                       ; 3.61e-05 V                   ; 2.35 V              ; -0.0169 V           ; 0.169 V                              ; 0.158 V                              ; 4.96e-10 s                  ; 4.83e-10 s                  ; No                         ; Yes                        ; 2.32 V                      ; 3.61e-05 V                  ; 2.35 V             ; -0.0169 V          ; 0.169 V                             ; 0.158 V                             ; 4.96e-10 s                 ; 4.83e-10 s                 ; No                        ; Yes                       ;
; q[15] ; 2.5 V        ; 0 s                 ; 0 s                 ; 2.32 V                       ; 3.61e-05 V                   ; 2.35 V              ; -0.0166 V           ; 0.169 V                              ; 0.159 V                              ; 4.96e-10 s                  ; 4.83e-10 s                  ; No                         ; Yes                        ; 2.32 V                      ; 3.61e-05 V                  ; 2.35 V             ; -0.0166 V          ; 0.169 V                             ; 0.159 V                             ; 4.96e-10 s                 ; 4.83e-10 s                 ; No                        ; Yes                       ;
; q[16] ; 2.5 V        ; 0 s                 ; 0 s                 ; 2.32 V                       ; 3.63e-05 V                   ; 2.33 V              ; -0.00587 V          ; 0.2 V                                ; 0.044 V                              ; 5.18e-10 s                  ; 5.28e-10 s                  ; Yes                        ; Yes                        ; 2.32 V                      ; 3.63e-05 V                  ; 2.33 V             ; -0.00587 V         ; 0.2 V                               ; 0.044 V                             ; 5.18e-10 s                 ; 5.28e-10 s                 ; Yes                       ; Yes                       ;
; q[17] ; 2.5 V        ; 0 s                 ; 0 s                 ; 2.32 V                       ; 3.61e-05 V                   ; 2.35 V              ; -0.0166 V           ; 0.169 V                              ; 0.159 V                              ; 4.96e-10 s                  ; 4.83e-10 s                  ; No                         ; Yes                        ; 2.32 V                      ; 3.61e-05 V                  ; 2.35 V             ; -0.0166 V          ; 0.169 V                             ; 0.159 V                             ; 4.96e-10 s                 ; 4.83e-10 s                 ; No                        ; Yes                       ;
; q[18] ; 2.5 V        ; 0 s                 ; 0 s                 ; 2.32 V                       ; 3.61e-05 V                   ; 2.35 V              ; -0.0166 V           ; 0.169 V                              ; 0.159 V                              ; 4.96e-10 s                  ; 4.83e-10 s                  ; No                         ; Yes                        ; 2.32 V                      ; 3.61e-05 V                  ; 2.35 V             ; -0.0166 V          ; 0.169 V                             ; 0.159 V                             ; 4.96e-10 s                 ; 4.83e-10 s                 ; No                        ; Yes                       ;
; q[19] ; 2.5 V        ; 0 s                 ; 0 s                 ; 2.32 V                       ; 3.61e-05 V                   ; 2.35 V              ; -0.0169 V           ; 0.169 V                              ; 0.158 V                              ; 4.96e-10 s                  ; 4.83e-10 s                  ; No                         ; Yes                        ; 2.32 V                      ; 3.61e-05 V                  ; 2.35 V             ; -0.0169 V          ; 0.169 V                             ; 0.158 V                             ; 4.96e-10 s                 ; 4.83e-10 s                 ; No                        ; Yes                       ;
; q[20] ; 2.5 V        ; 0 s                 ; 0 s                 ; 2.32 V                       ; 3.61e-05 V                   ; 2.35 V              ; -0.0169 V           ; 0.169 V                              ; 0.158 V                              ; 4.96e-10 s                  ; 4.83e-10 s                  ; No                         ; Yes                        ; 2.32 V                      ; 3.61e-05 V                  ; 2.35 V             ; -0.0169 V          ; 0.169 V                             ; 0.158 V                             ; 4.96e-10 s                 ; 4.83e-10 s                 ; No                        ; Yes                       ;
; q[21] ; 2.5 V        ; 0 s                 ; 0 s                 ; 2.32 V                       ; 3.6e-05 V                    ; 2.34 V              ; -0.012 V            ; 0.2 V                                ; 0.096 V                              ; 5.13e-10 s                  ; 5.2e-10 s                   ; No                         ; Yes                        ; 2.32 V                      ; 3.6e-05 V                   ; 2.34 V             ; -0.012 V           ; 0.2 V                               ; 0.096 V                             ; 5.13e-10 s                 ; 5.2e-10 s                  ; No                        ; Yes                       ;
; q[22] ; 2.5 V        ; 0 s                 ; 0 s                 ; 2.32 V                       ; 3.61e-05 V                   ; 2.35 V              ; -0.0166 V           ; 0.169 V                              ; 0.159 V                              ; 4.96e-10 s                  ; 4.83e-10 s                  ; No                         ; Yes                        ; 2.32 V                      ; 3.61e-05 V                  ; 2.35 V             ; -0.0166 V          ; 0.169 V                             ; 0.159 V                             ; 4.96e-10 s                 ; 4.83e-10 s                 ; No                        ; Yes                       ;
; q[23] ; 2.5 V        ; 0 s                 ; 0 s                 ; 2.32 V                       ; 3.63e-05 V                   ; 2.33 V              ; -0.00587 V          ; 0.2 V                                ; 0.044 V                              ; 5.18e-10 s                  ; 5.28e-10 s                  ; Yes                        ; Yes                        ; 2.32 V                      ; 3.63e-05 V                  ; 2.33 V             ; -0.00587 V         ; 0.2 V                               ; 0.044 V                             ; 5.18e-10 s                 ; 5.28e-10 s                 ; Yes                       ; Yes                       ;
; q[24] ; 2.5 V        ; 0 s                 ; 0 s                 ; 2.32 V                       ; 3.61e-05 V                   ; 2.35 V              ; -0.0166 V           ; 0.169 V                              ; 0.159 V                              ; 4.96e-10 s                  ; 4.83e-10 s                  ; No                         ; Yes                        ; 2.32 V                      ; 3.61e-05 V                  ; 2.35 V             ; -0.0166 V          ; 0.169 V                             ; 0.159 V                             ; 4.96e-10 s                 ; 4.83e-10 s                 ; No                        ; Yes                       ;
; q[25] ; 2.5 V        ; 0 s                 ; 0 s                 ; 2.32 V                       ; 3.63e-05 V                   ; 2.33 V              ; -0.00587 V          ; 0.2 V                                ; 0.044 V                              ; 5.18e-10 s                  ; 5.28e-10 s                  ; Yes                        ; Yes                        ; 2.32 V                      ; 3.63e-05 V                  ; 2.33 V             ; -0.00587 V         ; 0.2 V                               ; 0.044 V                             ; 5.18e-10 s                 ; 5.28e-10 s                 ; Yes                       ; Yes                       ;
; q[26] ; 2.5 V        ; 0 s                 ; 0 s                 ; 2.32 V                       ; 3.6e-05 V                    ; 2.34 V              ; -0.012 V            ; 0.2 V                                ; 0.096 V                              ; 5.13e-10 s                  ; 5.2e-10 s                   ; No                         ; Yes                        ; 2.32 V                      ; 3.6e-05 V                   ; 2.34 V             ; -0.012 V           ; 0.2 V                               ; 0.096 V                             ; 5.13e-10 s                 ; 5.2e-10 s                  ; No                        ; Yes                       ;
; q[27] ; 2.5 V        ; 0 s                 ; 0 s                 ; 2.32 V                       ; 3.61e-05 V                   ; 2.35 V              ; -0.0166 V           ; 0.169 V                              ; 0.159 V                              ; 4.96e-10 s                  ; 4.83e-10 s                  ; No                         ; Yes                        ; 2.32 V                      ; 3.61e-05 V                  ; 2.35 V             ; -0.0166 V          ; 0.169 V                             ; 0.159 V                             ; 4.96e-10 s                 ; 4.83e-10 s                 ; No                        ; Yes                       ;
; q[28] ; 2.5 V        ; 0 s                 ; 0 s                 ; 2.32 V                       ; 3.61e-05 V                   ; 2.35 V              ; -0.0166 V           ; 0.169 V                              ; 0.159 V                              ; 4.96e-10 s                  ; 4.83e-10 s                  ; No                         ; Yes                        ; 2.32 V                      ; 3.61e-05 V                  ; 2.35 V             ; -0.0166 V          ; 0.169 V                             ; 0.159 V                             ; 4.96e-10 s                 ; 4.83e-10 s                 ; No                        ; Yes                       ;
; q[29] ; 2.5 V        ; 0 s                 ; 0 s                 ; 2.32 V                       ; 3.63e-05 V                   ; 2.33 V              ; -0.00587 V          ; 0.2 V                                ; 0.044 V                              ; 5.18e-10 s                  ; 5.28e-10 s                  ; Yes                        ; Yes                        ; 2.32 V                      ; 3.63e-05 V                  ; 2.33 V             ; -0.00587 V         ; 0.2 V                               ; 0.044 V                             ; 5.18e-10 s                 ; 5.28e-10 s                 ; Yes                       ; Yes                       ;
; q[30] ; 2.5 V        ; 0 s                 ; 0 s                 ; 2.32 V                       ; 3.63e-05 V                   ; 2.33 V              ; -0.00587 V          ; 0.2 V                                ; 0.044 V                              ; 5.18e-10 s                  ; 5.28e-10 s                  ; Yes                        ; Yes                        ; 2.32 V                      ; 3.63e-05 V                  ; 2.33 V             ; -0.00587 V         ; 0.2 V                               ; 0.044 V                             ; 5.18e-10 s                 ; 5.28e-10 s                 ; Yes                       ; Yes                       ;
; q[31] ; 2.5 V        ; 0 s                 ; 0 s                 ; 2.32 V                       ; 3.61e-05 V                   ; 2.35 V              ; -0.0169 V           ; 0.169 V                              ; 0.158 V                              ; 4.96e-10 s                  ; 4.83e-10 s                  ; No                         ; Yes                        ; 2.32 V                      ; 3.61e-05 V                  ; 2.35 V             ; -0.0169 V          ; 0.169 V                             ; 0.158 V                             ; 4.96e-10 s                 ; 4.83e-10 s                 ; No                        ; Yes                       ;
; q[32] ; 2.5 V        ; 0 s                 ; 0 s                 ; 2.32 V                       ; 3.63e-05 V                   ; 2.33 V              ; -0.00587 V          ; 0.2 V                                ; 0.044 V                              ; 5.18e-10 s                  ; 5.28e-10 s                  ; Yes                        ; Yes                        ; 2.32 V                      ; 3.63e-05 V                  ; 2.33 V             ; -0.00587 V         ; 0.2 V                               ; 0.044 V                             ; 5.18e-10 s                 ; 5.28e-10 s                 ; Yes                       ; Yes                       ;
; q[33] ; 2.5 V        ; 0 s                 ; 0 s                 ; 2.32 V                       ; 3.63e-05 V                   ; 2.33 V              ; -0.00587 V          ; 0.2 V                                ; 0.044 V                              ; 5.18e-10 s                  ; 5.28e-10 s                  ; Yes                        ; Yes                        ; 2.32 V                      ; 3.63e-05 V                  ; 2.33 V             ; -0.00587 V         ; 0.2 V                               ; 0.044 V                             ; 5.18e-10 s                 ; 5.28e-10 s                 ; Yes                       ; Yes                       ;
; q[34] ; 2.5 V        ; 0 s                 ; 0 s                 ; 2.32 V                       ; 3.61e-05 V                   ; 2.35 V              ; -0.0166 V           ; 0.169 V                              ; 0.159 V                              ; 4.96e-10 s                  ; 4.83e-10 s                  ; No                         ; Yes                        ; 2.32 V                      ; 3.61e-05 V                  ; 2.35 V             ; -0.0166 V          ; 0.169 V                             ; 0.159 V                             ; 4.96e-10 s                 ; 4.83e-10 s                 ; No                        ; Yes                       ;
; q[35] ; 2.5 V        ; 0 s                 ; 0 s                 ; 2.32 V                       ; 3.6e-05 V                    ; 2.34 V              ; -0.012 V            ; 0.2 V                                ; 0.096 V                              ; 5.13e-10 s                  ; 5.2e-10 s                   ; No                         ; Yes                        ; 2.32 V                      ; 3.6e-05 V                   ; 2.34 V             ; -0.012 V           ; 0.2 V                               ; 0.096 V                             ; 5.13e-10 s                 ; 5.2e-10 s                  ; No                        ; Yes                       ;
; q[36] ; 2.5 V        ; 0 s                 ; 0 s                 ; 2.32 V                       ; 3.6e-05 V                    ; 2.34 V              ; -0.012 V            ; 0.2 V                                ; 0.096 V                              ; 5.13e-10 s                  ; 5.2e-10 s                   ; No                         ; Yes                        ; 2.32 V                      ; 3.6e-05 V                   ; 2.34 V             ; -0.012 V           ; 0.2 V                               ; 0.096 V                             ; 5.13e-10 s                 ; 5.2e-10 s                  ; No                        ; Yes                       ;
; q[37] ; 2.5 V        ; 0 s                 ; 0 s                 ; 2.32 V                       ; 3.61e-05 V                   ; 2.35 V              ; -0.0169 V           ; 0.169 V                              ; 0.158 V                              ; 4.96e-10 s                  ; 4.83e-10 s                  ; No                         ; Yes                        ; 2.32 V                      ; 3.61e-05 V                  ; 2.35 V             ; -0.0169 V          ; 0.169 V                             ; 0.158 V                             ; 4.96e-10 s                 ; 4.83e-10 s                 ; No                        ; Yes                       ;
; q[38] ; 2.5 V        ; 0 s                 ; 0 s                 ; 2.32 V                       ; 3.63e-05 V                   ; 2.33 V              ; -0.00587 V          ; 0.2 V                                ; 0.044 V                              ; 5.18e-10 s                  ; 5.28e-10 s                  ; Yes                        ; Yes                        ; 2.32 V                      ; 3.63e-05 V                  ; 2.33 V             ; -0.00587 V         ; 0.2 V                               ; 0.044 V                             ; 5.18e-10 s                 ; 5.28e-10 s                 ; Yes                       ; Yes                       ;
; q[39] ; 2.5 V        ; 0 s                 ; 0 s                 ; 2.32 V                       ; 3.61e-05 V                   ; 2.35 V              ; -0.0169 V           ; 0.169 V                              ; 0.158 V                              ; 4.96e-10 s                  ; 4.83e-10 s                  ; No                         ; Yes                        ; 2.32 V                      ; 3.61e-05 V                  ; 2.35 V             ; -0.0169 V          ; 0.169 V                             ; 0.158 V                             ; 4.96e-10 s                 ; 4.83e-10 s                 ; No                        ; Yes                       ;
; q[40] ; 2.5 V        ; 0 s                 ; 0 s                 ; 2.32 V                       ; 3.63e-05 V                   ; 2.33 V              ; -0.00587 V          ; 0.2 V                                ; 0.044 V                              ; 5.18e-10 s                  ; 5.28e-10 s                  ; Yes                        ; Yes                        ; 2.32 V                      ; 3.63e-05 V                  ; 2.33 V             ; -0.00587 V         ; 0.2 V                               ; 0.044 V                             ; 5.18e-10 s                 ; 5.28e-10 s                 ; Yes                       ; Yes                       ;
; q[41] ; 2.5 V        ; 0 s                 ; 0 s                 ; 2.32 V                       ; 3.61e-05 V                   ; 2.35 V              ; -0.0169 V           ; 0.169 V                              ; 0.158 V                              ; 4.96e-10 s                  ; 4.83e-10 s                  ; No                         ; Yes                        ; 2.32 V                      ; 3.61e-05 V                  ; 2.35 V             ; -0.0169 V          ; 0.169 V                             ; 0.158 V                             ; 4.96e-10 s                 ; 4.83e-10 s                 ; No                        ; Yes                       ;
; q[42] ; 2.5 V        ; 0 s                 ; 0 s                 ; 2.32 V                       ; 3.61e-05 V                   ; 2.35 V              ; -0.0169 V           ; 0.169 V                              ; 0.158 V                              ; 4.96e-10 s                  ; 4.83e-10 s                  ; No                         ; Yes                        ; 2.32 V                      ; 3.61e-05 V                  ; 2.35 V             ; -0.0169 V          ; 0.169 V                             ; 0.158 V                             ; 4.96e-10 s                 ; 4.83e-10 s                 ; No                        ; Yes                       ;
; q[43] ; 2.5 V        ; 0 s                 ; 0 s                 ; 2.32 V                       ; 3.63e-05 V                   ; 2.33 V              ; -0.00587 V          ; 0.2 V                                ; 0.044 V                              ; 5.18e-10 s                  ; 5.28e-10 s                  ; Yes                        ; Yes                        ; 2.32 V                      ; 3.63e-05 V                  ; 2.33 V             ; -0.00587 V         ; 0.2 V                               ; 0.044 V                             ; 5.18e-10 s                 ; 5.28e-10 s                 ; Yes                       ; Yes                       ;
; q[44] ; 2.5 V        ; 0 s                 ; 0 s                 ; 2.32 V                       ; 3.63e-05 V                   ; 2.33 V              ; -0.00587 V          ; 0.2 V                                ; 0.044 V                              ; 5.18e-10 s                  ; 5.28e-10 s                  ; Yes                        ; Yes                        ; 2.32 V                      ; 3.63e-05 V                  ; 2.33 V             ; -0.00587 V         ; 0.2 V                               ; 0.044 V                             ; 5.18e-10 s                 ; 5.28e-10 s                 ; Yes                       ; Yes                       ;
; q[45] ; 2.5 V        ; 0 s                 ; 0 s                 ; 2.32 V                       ; 3.63e-05 V                   ; 2.33 V              ; -0.00587 V          ; 0.2 V                                ; 0.044 V                              ; 5.18e-10 s                  ; 5.28e-10 s                  ; Yes                        ; Yes                        ; 2.32 V                      ; 3.63e-05 V                  ; 2.33 V             ; -0.00587 V         ; 0.2 V                               ; 0.044 V                             ; 5.18e-10 s                 ; 5.28e-10 s                 ; Yes                       ; Yes                       ;
; q[46] ; 2.5 V        ; 0 s                 ; 0 s                 ; 2.32 V                       ; 3.6e-05 V                    ; 2.34 V              ; -0.012 V            ; 0.2 V                                ; 0.096 V                              ; 5.13e-10 s                  ; 5.2e-10 s                   ; No                         ; Yes                        ; 2.32 V                      ; 3.6e-05 V                   ; 2.34 V             ; -0.012 V           ; 0.2 V                               ; 0.096 V                             ; 5.13e-10 s                 ; 5.2e-10 s                  ; No                        ; Yes                       ;
; q[47] ; 2.5 V        ; 0 s                 ; 0 s                 ; 2.32 V                       ; 3.61e-05 V                   ; 2.35 V              ; -0.0169 V           ; 0.169 V                              ; 0.158 V                              ; 4.96e-10 s                  ; 4.83e-10 s                  ; No                         ; Yes                        ; 2.32 V                      ; 3.61e-05 V                  ; 2.35 V             ; -0.0169 V          ; 0.169 V                             ; 0.158 V                             ; 4.96e-10 s                 ; 4.83e-10 s                 ; No                        ; Yes                       ;
; q[48] ; 2.5 V        ; 0 s                 ; 0 s                 ; 2.32 V                       ; 3.6e-05 V                    ; 2.34 V              ; -0.012 V            ; 0.2 V                                ; 0.096 V                              ; 5.13e-10 s                  ; 5.2e-10 s                   ; No                         ; Yes                        ; 2.32 V                      ; 3.6e-05 V                   ; 2.34 V             ; -0.012 V           ; 0.2 V                               ; 0.096 V                             ; 5.13e-10 s                 ; 5.2e-10 s                  ; No                        ; Yes                       ;
; q[49] ; 2.5 V        ; 0 s                 ; 0 s                 ; 2.32 V                       ; 3.6e-05 V                    ; 2.34 V              ; -0.012 V            ; 0.2 V                                ; 0.096 V                              ; 5.13e-10 s                  ; 5.2e-10 s                   ; No                         ; Yes                        ; 2.32 V                      ; 3.6e-05 V                   ; 2.34 V             ; -0.012 V           ; 0.2 V                               ; 0.096 V                             ; 5.13e-10 s                 ; 5.2e-10 s                  ; No                        ; Yes                       ;
; q[50] ; 2.5 V        ; 0 s                 ; 0 s                 ; 2.32 V                       ; 3.63e-05 V                   ; 2.33 V              ; -0.00587 V          ; 0.2 V                                ; 0.044 V                              ; 5.18e-10 s                  ; 5.28e-10 s                  ; Yes                        ; Yes                        ; 2.32 V                      ; 3.63e-05 V                  ; 2.33 V             ; -0.00587 V         ; 0.2 V                               ; 0.044 V                             ; 5.18e-10 s                 ; 5.28e-10 s                 ; Yes                       ; Yes                       ;
; q[51] ; 2.5 V        ; 0 s                 ; 0 s                 ; 2.32 V                       ; 3.61e-05 V                   ; 2.35 V              ; -0.0166 V           ; 0.169 V                              ; 0.159 V                              ; 4.96e-10 s                  ; 4.83e-10 s                  ; No                         ; Yes                        ; 2.32 V                      ; 3.61e-05 V                  ; 2.35 V             ; -0.0166 V          ; 0.169 V                             ; 0.159 V                             ; 4.96e-10 s                 ; 4.83e-10 s                 ; No                        ; Yes                       ;
; q[52] ; 2.5 V        ; 0 s                 ; 0 s                 ; 2.32 V                       ; 3.61e-05 V                   ; 2.35 V              ; -0.0169 V           ; 0.169 V                              ; 0.158 V                              ; 4.96e-10 s                  ; 4.83e-10 s                  ; No                         ; Yes                        ; 2.32 V                      ; 3.61e-05 V                  ; 2.35 V             ; -0.0169 V          ; 0.169 V                             ; 0.158 V                             ; 4.96e-10 s                 ; 4.83e-10 s                 ; No                        ; Yes                       ;
; q[53] ; 2.5 V        ; 0 s                 ; 0 s                 ; 2.32 V                       ; 3.61e-05 V                   ; 2.35 V              ; -0.0169 V           ; 0.169 V                              ; 0.158 V                              ; 4.96e-10 s                  ; 4.83e-10 s                  ; No                         ; Yes                        ; 2.32 V                      ; 3.61e-05 V                  ; 2.35 V             ; -0.0169 V          ; 0.169 V                             ; 0.158 V                             ; 4.96e-10 s                 ; 4.83e-10 s                 ; No                        ; Yes                       ;
; q[54] ; 2.5 V        ; 0 s                 ; 0 s                 ; 2.32 V                       ; 3.63e-05 V                   ; 2.33 V              ; -0.00587 V          ; 0.2 V                                ; 0.044 V                              ; 5.18e-10 s                  ; 5.28e-10 s                  ; Yes                        ; Yes                        ; 2.32 V                      ; 3.63e-05 V                  ; 2.33 V             ; -0.00587 V         ; 0.2 V                               ; 0.044 V                             ; 5.18e-10 s                 ; 5.28e-10 s                 ; Yes                       ; Yes                       ;
; q[55] ; 2.5 V        ; 0 s                 ; 0 s                 ; 2.32 V                       ; 3.61e-05 V                   ; 2.35 V              ; -0.0166 V           ; 0.169 V                              ; 0.159 V                              ; 4.96e-10 s                  ; 4.83e-10 s                  ; No                         ; Yes                        ; 2.32 V                      ; 3.61e-05 V                  ; 2.35 V             ; -0.0166 V          ; 0.169 V                             ; 0.159 V                             ; 4.96e-10 s                 ; 4.83e-10 s                 ; No                        ; Yes                       ;
; q[56] ; 2.5 V        ; 0 s                 ; 0 s                 ; 2.32 V                       ; 3.6e-05 V                    ; 2.34 V              ; -0.012 V            ; 0.2 V                                ; 0.096 V                              ; 5.13e-10 s                  ; 5.2e-10 s                   ; No                         ; Yes                        ; 2.32 V                      ; 3.6e-05 V                   ; 2.34 V             ; -0.012 V           ; 0.2 V                               ; 0.096 V                             ; 5.13e-10 s                 ; 5.2e-10 s                  ; No                        ; Yes                       ;
; q[57] ; 2.5 V        ; 0 s                 ; 0 s                 ; 2.32 V                       ; 3.6e-05 V                    ; 2.34 V              ; -0.012 V            ; 0.2 V                                ; 0.096 V                              ; 5.13e-10 s                  ; 5.2e-10 s                   ; No                         ; Yes                        ; 2.32 V                      ; 3.6e-05 V                   ; 2.34 V             ; -0.012 V           ; 0.2 V                               ; 0.096 V                             ; 5.13e-10 s                 ; 5.2e-10 s                  ; No                        ; Yes                       ;
; q[58] ; 2.5 V        ; 0 s                 ; 0 s                 ; 2.32 V                       ; 3.6e-05 V                    ; 2.34 V              ; -0.012 V            ; 0.2 V                                ; 0.096 V                              ; 5.13e-10 s                  ; 5.2e-10 s                   ; No                         ; Yes                        ; 2.32 V                      ; 3.6e-05 V                   ; 2.34 V             ; -0.012 V           ; 0.2 V                               ; 0.096 V                             ; 5.13e-10 s                 ; 5.2e-10 s                  ; No                        ; Yes                       ;
; q[59] ; 2.5 V        ; 0 s                 ; 0 s                 ; 2.32 V                       ; 3.61e-05 V                   ; 2.35 V              ; -0.0166 V           ; 0.169 V                              ; 0.159 V                              ; 4.96e-10 s                  ; 4.83e-10 s                  ; No                         ; Yes                        ; 2.32 V                      ; 3.61e-05 V                  ; 2.35 V             ; -0.0166 V          ; 0.169 V                             ; 0.159 V                             ; 4.96e-10 s                 ; 4.83e-10 s                 ; No                        ; Yes                       ;
; q[60] ; 2.5 V        ; 0 s                 ; 0 s                 ; 2.32 V                       ; 3.61e-05 V                   ; 2.35 V              ; -0.0166 V           ; 0.169 V                              ; 0.159 V                              ; 4.96e-10 s                  ; 4.83e-10 s                  ; No                         ; Yes                        ; 2.32 V                      ; 3.61e-05 V                  ; 2.35 V             ; -0.0166 V          ; 0.169 V                             ; 0.159 V                             ; 4.96e-10 s                 ; 4.83e-10 s                 ; No                        ; Yes                       ;
; q[61] ; 2.5 V        ; 0 s                 ; 0 s                 ; 2.32 V                       ; 3.61e-05 V                   ; 2.35 V              ; -0.0169 V           ; 0.169 V                              ; 0.158 V                              ; 4.96e-10 s                  ; 4.83e-10 s                  ; No                         ; Yes                        ; 2.32 V                      ; 3.61e-05 V                  ; 2.35 V             ; -0.0169 V          ; 0.169 V                             ; 0.158 V                             ; 4.96e-10 s                 ; 4.83e-10 s                 ; No                        ; Yes                       ;
; q[62] ; 2.5 V        ; 0 s                 ; 0 s                 ; 2.32 V                       ; 3.61e-05 V                   ; 2.35 V              ; -0.0166 V           ; 0.169 V                              ; 0.159 V                              ; 4.96e-10 s                  ; 4.83e-10 s                  ; No                         ; Yes                        ; 2.32 V                      ; 3.61e-05 V                  ; 2.35 V             ; -0.0166 V          ; 0.169 V                             ; 0.159 V                             ; 4.96e-10 s                 ; 4.83e-10 s                 ; No                        ; Yes                       ;
; q[63] ; 2.5 V        ; 0 s                 ; 0 s                 ; 2.32 V                       ; 3.6e-05 V                    ; 2.34 V              ; -0.012 V            ; 0.2 V                                ; 0.096 V                              ; 5.13e-10 s                  ; 5.2e-10 s                   ; No                         ; Yes                        ; 2.32 V                      ; 3.6e-05 V                   ; 2.34 V             ; -0.012 V           ; 0.2 V                               ; 0.096 V                             ; 5.13e-10 s                 ; 5.2e-10 s                  ; No                        ; Yes                       ;
+-------+--------------+---------------------+---------------------+------------------------------+------------------------------+---------------------+---------------------+--------------------------------------+--------------------------------------+-----------------------------+-----------------------------+----------------------------+----------------------------+-----------------------------+-----------------------------+--------------------+--------------------+-------------------------------------+-------------------------------------+----------------------------+----------------------------+---------------------------+---------------------------+


+------------------------------------------------------------------------------------------------------------------------------------------------------------------------------------------------------------------------------------------------------------------------------------------------------------------------------------------------------------------------------------------------------------------------------------------------------------------------------------------------------------------------------------------------------------------------------------------------------------------------------------------------------------------------------------+
; Signal Integrity Metrics (Fast 900mv n40c Model)                                                                                                                                                                                                                                                                                                                                                                                                                                                                                                                                                                                                                                   ;
+-------+--------------+---------------------+---------------------+------------------------------+------------------------------+---------------------+---------------------+--------------------------------------+--------------------------------------+-----------------------------+-----------------------------+----------------------------+----------------------------+-----------------------------+-----------------------------+--------------------+--------------------+-------------------------------------+-------------------------------------+----------------------------+----------------------------+---------------------------+---------------------------+
; Pin   ; I/O Standard ; Board Delay on Rise ; Board Delay on Fall ; Steady State Voh at FPGA Pin ; Steady State Vol at FPGA Pin ; Voh Max at FPGA Pin ; Vol Min at FPGA Pin ; Ringback Voltage on Rise at FPGA Pin ; Ringback Voltage on Fall at FPGA Pin ; 10-90 Rise Time at FPGA Pin ; 90-10 Fall Time at FPGA Pin ; Monotonic Rise at FPGA Pin ; Monotonic Fall at FPGA Pin ; Steady State Voh at Far-end ; Steady State Vol at Far-end ; Voh Max at Far-end ; Vol Min at Far-end ; Ringback Voltage on Rise at Far-end ; Ringback Voltage on Fall at Far-end ; 10-90 Rise Time at Far-end ; 90-10 Fall Time at Far-end ; Monotonic Rise at Far-end ; Monotonic Fall at Far-end ;
+-------+--------------+---------------------+---------------------+------------------------------+------------------------------+---------------------+---------------------+--------------------------------------+--------------------------------------+-----------------------------+-----------------------------+----------------------------+----------------------------+-----------------------------+-----------------------------+--------------------+--------------------+-------------------------------------+-------------------------------------+----------------------------+----------------------------+---------------------------+---------------------------+
; q[0]  ; 2.5 V        ; 0 s                 ; 0 s                 ; 2.75 V                       ; 7.28e-08 V                   ; 2.83 V              ; -0.033 V            ; 0.255 V                              ; 0.077 V                              ; 2.73e-10 s                  ; 2.95e-10 s                  ; No                         ; Yes                        ; 2.75 V                      ; 7.28e-08 V                  ; 2.83 V             ; -0.033 V           ; 0.255 V                             ; 0.077 V                             ; 2.73e-10 s                 ; 2.95e-10 s                 ; No                        ; Yes                       ;
; q[1]  ; 2.5 V        ; 0 s                 ; 0 s                 ; 2.75 V                       ; 7.28e-08 V                   ; 2.83 V              ; -0.033 V            ; 0.255 V                              ; 0.077 V                              ; 2.73e-10 s                  ; 2.95e-10 s                  ; No                         ; Yes                        ; 2.75 V                      ; 7.28e-08 V                  ; 2.83 V             ; -0.033 V           ; 0.255 V                             ; 0.077 V                             ; 2.73e-10 s                 ; 2.95e-10 s                 ; No                        ; Yes                       ;
; q[2]  ; 2.5 V        ; 0 s                 ; 0 s                 ; 2.75 V                       ; 7.31e-08 V                   ; 2.85 V              ; -0.0433 V           ; 0.236 V                              ; 0.173 V                              ; 2.66e-10 s                  ; 2.67e-10 s                  ; No                         ; Yes                        ; 2.75 V                      ; 7.31e-08 V                  ; 2.85 V             ; -0.0433 V          ; 0.236 V                             ; 0.173 V                             ; 2.66e-10 s                 ; 2.67e-10 s                 ; No                        ; Yes                       ;
; q[3]  ; 2.5 V        ; 0 s                 ; 0 s                 ; 2.75 V                       ; 7.31e-08 V                   ; 2.85 V              ; -0.0428 V           ; 0.235 V                              ; 0.173 V                              ; 2.66e-10 s                  ; 2.67e-10 s                  ; No                         ; Yes                        ; 2.75 V                      ; 7.31e-08 V                  ; 2.85 V             ; -0.0428 V          ; 0.235 V                             ; 0.173 V                             ; 2.66e-10 s                 ; 2.67e-10 s                 ; No                        ; Yes                       ;
; q[4]  ; 2.5 V        ; 0 s                 ; 0 s                 ; 2.75 V                       ; 7.39e-08 V                   ; 2.8 V               ; -0.0215 V           ; 0.254 V                              ; 0.074 V                              ; 2.75e-10 s                  ; 3.08e-10 s                  ; No                         ; Yes                        ; 2.75 V                      ; 7.39e-08 V                  ; 2.8 V              ; -0.0215 V          ; 0.254 V                             ; 0.074 V                             ; 2.75e-10 s                 ; 3.08e-10 s                 ; No                        ; Yes                       ;
; q[5]  ; 2.5 V        ; 0 s                 ; 0 s                 ; 2.75 V                       ; 7.28e-08 V                   ; 2.83 V              ; -0.033 V            ; 0.255 V                              ; 0.077 V                              ; 2.73e-10 s                  ; 2.95e-10 s                  ; No                         ; Yes                        ; 2.75 V                      ; 7.28e-08 V                  ; 2.83 V             ; -0.033 V           ; 0.255 V                             ; 0.077 V                             ; 2.73e-10 s                 ; 2.95e-10 s                 ; No                        ; Yes                       ;
; q[6]  ; 2.5 V        ; 0 s                 ; 0 s                 ; 2.75 V                       ; 7.31e-08 V                   ; 2.85 V              ; -0.0433 V           ; 0.236 V                              ; 0.173 V                              ; 2.66e-10 s                  ; 2.67e-10 s                  ; No                         ; Yes                        ; 2.75 V                      ; 7.31e-08 V                  ; 2.85 V             ; -0.0433 V          ; 0.236 V                             ; 0.173 V                             ; 2.66e-10 s                 ; 2.67e-10 s                 ; No                        ; Yes                       ;
; q[7]  ; 2.5 V        ; 0 s                 ; 0 s                 ; 2.75 V                       ; 7.28e-08 V                   ; 2.83 V              ; -0.033 V            ; 0.255 V                              ; 0.077 V                              ; 2.73e-10 s                  ; 2.95e-10 s                  ; No                         ; Yes                        ; 2.75 V                      ; 7.28e-08 V                  ; 2.83 V             ; -0.033 V           ; 0.255 V                             ; 0.077 V                             ; 2.73e-10 s                 ; 2.95e-10 s                 ; No                        ; Yes                       ;
; q[8]  ; 2.5 V        ; 0 s                 ; 0 s                 ; 2.75 V                       ; 7.31e-08 V                   ; 2.85 V              ; -0.0433 V           ; 0.236 V                              ; 0.173 V                              ; 2.66e-10 s                  ; 2.67e-10 s                  ; No                         ; Yes                        ; 2.75 V                      ; 7.31e-08 V                  ; 2.85 V             ; -0.0433 V          ; 0.236 V                             ; 0.173 V                             ; 2.66e-10 s                 ; 2.67e-10 s                 ; No                        ; Yes                       ;
; q[9]  ; 2.5 V        ; 0 s                 ; 0 s                 ; 2.75 V                       ; 7.39e-08 V                   ; 2.8 V               ; -0.0215 V           ; 0.254 V                              ; 0.074 V                              ; 2.75e-10 s                  ; 3.08e-10 s                  ; No                         ; Yes                        ; 2.75 V                      ; 7.39e-08 V                  ; 2.8 V              ; -0.0215 V          ; 0.254 V                             ; 0.074 V                             ; 2.75e-10 s                 ; 3.08e-10 s                 ; No                        ; Yes                       ;
; q[10] ; 2.5 V        ; 0 s                 ; 0 s                 ; 2.75 V                       ; 7.39e-08 V                   ; 2.8 V               ; -0.0215 V           ; 0.254 V                              ; 0.074 V                              ; 2.75e-10 s                  ; 3.08e-10 s                  ; No                         ; Yes                        ; 2.75 V                      ; 7.39e-08 V                  ; 2.8 V              ; -0.0215 V          ; 0.254 V                             ; 0.074 V                             ; 2.75e-10 s                 ; 3.08e-10 s                 ; No                        ; Yes                       ;
; q[11] ; 2.5 V        ; 0 s                 ; 0 s                 ; 2.75 V                       ; 7.31e-08 V                   ; 2.85 V              ; -0.0433 V           ; 0.236 V                              ; 0.173 V                              ; 2.66e-10 s                  ; 2.67e-10 s                  ; No                         ; Yes                        ; 2.75 V                      ; 7.31e-08 V                  ; 2.85 V             ; -0.0433 V          ; 0.236 V                             ; 0.173 V                             ; 2.66e-10 s                 ; 2.67e-10 s                 ; No                        ; Yes                       ;
; q[12] ; 2.5 V        ; 0 s                 ; 0 s                 ; 2.75 V                       ; 7.31e-08 V                   ; 2.85 V              ; -0.0433 V           ; 0.236 V                              ; 0.173 V                              ; 2.66e-10 s                  ; 2.67e-10 s                  ; No                         ; Yes                        ; 2.75 V                      ; 7.31e-08 V                  ; 2.85 V             ; -0.0433 V          ; 0.236 V                             ; 0.173 V                             ; 2.66e-10 s                 ; 2.67e-10 s                 ; No                        ; Yes                       ;
; q[13] ; 2.5 V        ; 0 s                 ; 0 s                 ; 2.75 V                       ; 7.28e-08 V                   ; 2.83 V              ; -0.033 V            ; 0.255 V                              ; 0.077 V                              ; 2.73e-10 s                  ; 2.95e-10 s                  ; No                         ; Yes                        ; 2.75 V                      ; 7.28e-08 V                  ; 2.83 V             ; -0.033 V           ; 0.255 V                             ; 0.077 V                             ; 2.73e-10 s                 ; 2.95e-10 s                 ; No                        ; Yes                       ;
; q[14] ; 2.5 V        ; 0 s                 ; 0 s                 ; 2.75 V                       ; 7.31e-08 V                   ; 2.85 V              ; -0.0433 V           ; 0.236 V                              ; 0.173 V                              ; 2.66e-10 s                  ; 2.67e-10 s                  ; No                         ; Yes                        ; 2.75 V                      ; 7.31e-08 V                  ; 2.85 V             ; -0.0433 V          ; 0.236 V                             ; 0.173 V                             ; 2.66e-10 s                 ; 2.67e-10 s                 ; No                        ; Yes                       ;
; q[15] ; 2.5 V        ; 0 s                 ; 0 s                 ; 2.75 V                       ; 7.31e-08 V                   ; 2.85 V              ; -0.0428 V           ; 0.235 V                              ; 0.173 V                              ; 2.66e-10 s                  ; 2.67e-10 s                  ; No                         ; Yes                        ; 2.75 V                      ; 7.31e-08 V                  ; 2.85 V             ; -0.0428 V          ; 0.235 V                             ; 0.173 V                             ; 2.66e-10 s                 ; 2.67e-10 s                 ; No                        ; Yes                       ;
; q[16] ; 2.5 V        ; 0 s                 ; 0 s                 ; 2.75 V                       ; 7.39e-08 V                   ; 2.8 V               ; -0.0215 V           ; 0.254 V                              ; 0.074 V                              ; 2.75e-10 s                  ; 3.08e-10 s                  ; No                         ; Yes                        ; 2.75 V                      ; 7.39e-08 V                  ; 2.8 V              ; -0.0215 V          ; 0.254 V                             ; 0.074 V                             ; 2.75e-10 s                 ; 3.08e-10 s                 ; No                        ; Yes                       ;
; q[17] ; 2.5 V        ; 0 s                 ; 0 s                 ; 2.75 V                       ; 7.31e-08 V                   ; 2.85 V              ; -0.0428 V           ; 0.235 V                              ; 0.173 V                              ; 2.66e-10 s                  ; 2.67e-10 s                  ; No                         ; Yes                        ; 2.75 V                      ; 7.31e-08 V                  ; 2.85 V             ; -0.0428 V          ; 0.235 V                             ; 0.173 V                             ; 2.66e-10 s                 ; 2.67e-10 s                 ; No                        ; Yes                       ;
; q[18] ; 2.5 V        ; 0 s                 ; 0 s                 ; 2.75 V                       ; 7.31e-08 V                   ; 2.85 V              ; -0.0428 V           ; 0.235 V                              ; 0.173 V                              ; 2.66e-10 s                  ; 2.67e-10 s                  ; No                         ; Yes                        ; 2.75 V                      ; 7.31e-08 V                  ; 2.85 V             ; -0.0428 V          ; 0.235 V                             ; 0.173 V                             ; 2.66e-10 s                 ; 2.67e-10 s                 ; No                        ; Yes                       ;
; q[19] ; 2.5 V        ; 0 s                 ; 0 s                 ; 2.75 V                       ; 7.31e-08 V                   ; 2.85 V              ; -0.0433 V           ; 0.236 V                              ; 0.173 V                              ; 2.66e-10 s                  ; 2.67e-10 s                  ; No                         ; Yes                        ; 2.75 V                      ; 7.31e-08 V                  ; 2.85 V             ; -0.0433 V          ; 0.236 V                             ; 0.173 V                             ; 2.66e-10 s                 ; 2.67e-10 s                 ; No                        ; Yes                       ;
; q[20] ; 2.5 V        ; 0 s                 ; 0 s                 ; 2.75 V                       ; 7.31e-08 V                   ; 2.85 V              ; -0.0433 V           ; 0.236 V                              ; 0.173 V                              ; 2.66e-10 s                  ; 2.67e-10 s                  ; No                         ; Yes                        ; 2.75 V                      ; 7.31e-08 V                  ; 2.85 V             ; -0.0433 V          ; 0.236 V                             ; 0.173 V                             ; 2.66e-10 s                 ; 2.67e-10 s                 ; No                        ; Yes                       ;
; q[21] ; 2.5 V        ; 0 s                 ; 0 s                 ; 2.75 V                       ; 7.28e-08 V                   ; 2.83 V              ; -0.033 V            ; 0.255 V                              ; 0.077 V                              ; 2.73e-10 s                  ; 2.95e-10 s                  ; No                         ; Yes                        ; 2.75 V                      ; 7.28e-08 V                  ; 2.83 V             ; -0.033 V           ; 0.255 V                             ; 0.077 V                             ; 2.73e-10 s                 ; 2.95e-10 s                 ; No                        ; Yes                       ;
; q[22] ; 2.5 V        ; 0 s                 ; 0 s                 ; 2.75 V                       ; 7.31e-08 V                   ; 2.85 V              ; -0.0428 V           ; 0.235 V                              ; 0.173 V                              ; 2.66e-10 s                  ; 2.67e-10 s                  ; No                         ; Yes                        ; 2.75 V                      ; 7.31e-08 V                  ; 2.85 V             ; -0.0428 V          ; 0.235 V                             ; 0.173 V                             ; 2.66e-10 s                 ; 2.67e-10 s                 ; No                        ; Yes                       ;
; q[23] ; 2.5 V        ; 0 s                 ; 0 s                 ; 2.75 V                       ; 7.39e-08 V                   ; 2.8 V               ; -0.0215 V           ; 0.254 V                              ; 0.074 V                              ; 2.75e-10 s                  ; 3.08e-10 s                  ; No                         ; Yes                        ; 2.75 V                      ; 7.39e-08 V                  ; 2.8 V              ; -0.0215 V          ; 0.254 V                             ; 0.074 V                             ; 2.75e-10 s                 ; 3.08e-10 s                 ; No                        ; Yes                       ;
; q[24] ; 2.5 V        ; 0 s                 ; 0 s                 ; 2.75 V                       ; 7.31e-08 V                   ; 2.85 V              ; -0.0428 V           ; 0.235 V                              ; 0.173 V                              ; 2.66e-10 s                  ; 2.67e-10 s                  ; No                         ; Yes                        ; 2.75 V                      ; 7.31e-08 V                  ; 2.85 V             ; -0.0428 V          ; 0.235 V                             ; 0.173 V                             ; 2.66e-10 s                 ; 2.67e-10 s                 ; No                        ; Yes                       ;
; q[25] ; 2.5 V        ; 0 s                 ; 0 s                 ; 2.75 V                       ; 7.39e-08 V                   ; 2.8 V               ; -0.0215 V           ; 0.254 V                              ; 0.074 V                              ; 2.75e-10 s                  ; 3.08e-10 s                  ; No                         ; Yes                        ; 2.75 V                      ; 7.39e-08 V                  ; 2.8 V              ; -0.0215 V          ; 0.254 V                             ; 0.074 V                             ; 2.75e-10 s                 ; 3.08e-10 s                 ; No                        ; Yes                       ;
; q[26] ; 2.5 V        ; 0 s                 ; 0 s                 ; 2.75 V                       ; 7.28e-08 V                   ; 2.83 V              ; -0.033 V            ; 0.255 V                              ; 0.077 V                              ; 2.73e-10 s                  ; 2.95e-10 s                  ; No                         ; Yes                        ; 2.75 V                      ; 7.28e-08 V                  ; 2.83 V             ; -0.033 V           ; 0.255 V                             ; 0.077 V                             ; 2.73e-10 s                 ; 2.95e-10 s                 ; No                        ; Yes                       ;
; q[27] ; 2.5 V        ; 0 s                 ; 0 s                 ; 2.75 V                       ; 7.31e-08 V                   ; 2.85 V              ; -0.0428 V           ; 0.235 V                              ; 0.173 V                              ; 2.66e-10 s                  ; 2.67e-10 s                  ; No                         ; Yes                        ; 2.75 V                      ; 7.31e-08 V                  ; 2.85 V             ; -0.0428 V          ; 0.235 V                             ; 0.173 V                             ; 2.66e-10 s                 ; 2.67e-10 s                 ; No                        ; Yes                       ;
; q[28] ; 2.5 V        ; 0 s                 ; 0 s                 ; 2.75 V                       ; 7.31e-08 V                   ; 2.85 V              ; -0.0428 V           ; 0.235 V                              ; 0.173 V                              ; 2.66e-10 s                  ; 2.67e-10 s                  ; No                         ; Yes                        ; 2.75 V                      ; 7.31e-08 V                  ; 2.85 V             ; -0.0428 V          ; 0.235 V                             ; 0.173 V                             ; 2.66e-10 s                 ; 2.67e-10 s                 ; No                        ; Yes                       ;
; q[29] ; 2.5 V        ; 0 s                 ; 0 s                 ; 2.75 V                       ; 7.39e-08 V                   ; 2.8 V               ; -0.0215 V           ; 0.254 V                              ; 0.074 V                              ; 2.75e-10 s                  ; 3.08e-10 s                  ; No                         ; Yes                        ; 2.75 V                      ; 7.39e-08 V                  ; 2.8 V              ; -0.0215 V          ; 0.254 V                             ; 0.074 V                             ; 2.75e-10 s                 ; 3.08e-10 s                 ; No                        ; Yes                       ;
; q[30] ; 2.5 V        ; 0 s                 ; 0 s                 ; 2.75 V                       ; 7.39e-08 V                   ; 2.8 V               ; -0.0215 V           ; 0.254 V                              ; 0.074 V                              ; 2.75e-10 s                  ; 3.08e-10 s                  ; No                         ; Yes                        ; 2.75 V                      ; 7.39e-08 V                  ; 2.8 V              ; -0.0215 V          ; 0.254 V                             ; 0.074 V                             ; 2.75e-10 s                 ; 3.08e-10 s                 ; No                        ; Yes                       ;
; q[31] ; 2.5 V        ; 0 s                 ; 0 s                 ; 2.75 V                       ; 7.31e-08 V                   ; 2.85 V              ; -0.0433 V           ; 0.236 V                              ; 0.173 V                              ; 2.66e-10 s                  ; 2.67e-10 s                  ; No                         ; Yes                        ; 2.75 V                      ; 7.31e-08 V                  ; 2.85 V             ; -0.0433 V          ; 0.236 V                             ; 0.173 V                             ; 2.66e-10 s                 ; 2.67e-10 s                 ; No                        ; Yes                       ;
; q[32] ; 2.5 V        ; 0 s                 ; 0 s                 ; 2.75 V                       ; 7.39e-08 V                   ; 2.8 V               ; -0.0215 V           ; 0.254 V                              ; 0.074 V                              ; 2.75e-10 s                  ; 3.08e-10 s                  ; No                         ; Yes                        ; 2.75 V                      ; 7.39e-08 V                  ; 2.8 V              ; -0.0215 V          ; 0.254 V                             ; 0.074 V                             ; 2.75e-10 s                 ; 3.08e-10 s                 ; No                        ; Yes                       ;
; q[33] ; 2.5 V        ; 0 s                 ; 0 s                 ; 2.75 V                       ; 7.39e-08 V                   ; 2.8 V               ; -0.0215 V           ; 0.254 V                              ; 0.074 V                              ; 2.75e-10 s                  ; 3.08e-10 s                  ; No                         ; Yes                        ; 2.75 V                      ; 7.39e-08 V                  ; 2.8 V              ; -0.0215 V          ; 0.254 V                             ; 0.074 V                             ; 2.75e-10 s                 ; 3.08e-10 s                 ; No                        ; Yes                       ;
; q[34] ; 2.5 V        ; 0 s                 ; 0 s                 ; 2.75 V                       ; 7.31e-08 V                   ; 2.85 V              ; -0.0428 V           ; 0.235 V                              ; 0.173 V                              ; 2.66e-10 s                  ; 2.67e-10 s                  ; No                         ; Yes                        ; 2.75 V                      ; 7.31e-08 V                  ; 2.85 V             ; -0.0428 V          ; 0.235 V                             ; 0.173 V                             ; 2.66e-10 s                 ; 2.67e-10 s                 ; No                        ; Yes                       ;
; q[35] ; 2.5 V        ; 0 s                 ; 0 s                 ; 2.75 V                       ; 7.28e-08 V                   ; 2.83 V              ; -0.033 V            ; 0.255 V                              ; 0.077 V                              ; 2.73e-10 s                  ; 2.95e-10 s                  ; No                         ; Yes                        ; 2.75 V                      ; 7.28e-08 V                  ; 2.83 V             ; -0.033 V           ; 0.255 V                             ; 0.077 V                             ; 2.73e-10 s                 ; 2.95e-10 s                 ; No                        ; Yes                       ;
; q[36] ; 2.5 V        ; 0 s                 ; 0 s                 ; 2.75 V                       ; 7.28e-08 V                   ; 2.83 V              ; -0.033 V            ; 0.255 V                              ; 0.077 V                              ; 2.73e-10 s                  ; 2.95e-10 s                  ; No                         ; Yes                        ; 2.75 V                      ; 7.28e-08 V                  ; 2.83 V             ; -0.033 V           ; 0.255 V                             ; 0.077 V                             ; 2.73e-10 s                 ; 2.95e-10 s                 ; No                        ; Yes                       ;
; q[37] ; 2.5 V        ; 0 s                 ; 0 s                 ; 2.75 V                       ; 7.31e-08 V                   ; 2.85 V              ; -0.0433 V           ; 0.236 V                              ; 0.173 V                              ; 2.66e-10 s                  ; 2.67e-10 s                  ; No                         ; Yes                        ; 2.75 V                      ; 7.31e-08 V                  ; 2.85 V             ; -0.0433 V          ; 0.236 V                             ; 0.173 V                             ; 2.66e-10 s                 ; 2.67e-10 s                 ; No                        ; Yes                       ;
; q[38] ; 2.5 V        ; 0 s                 ; 0 s                 ; 2.75 V                       ; 7.39e-08 V                   ; 2.8 V               ; -0.0215 V           ; 0.254 V                              ; 0.074 V                              ; 2.75e-10 s                  ; 3.08e-10 s                  ; No                         ; Yes                        ; 2.75 V                      ; 7.39e-08 V                  ; 2.8 V              ; -0.0215 V          ; 0.254 V                             ; 0.074 V                             ; 2.75e-10 s                 ; 3.08e-10 s                 ; No                        ; Yes                       ;
; q[39] ; 2.5 V        ; 0 s                 ; 0 s                 ; 2.75 V                       ; 7.31e-08 V                   ; 2.85 V              ; -0.0433 V           ; 0.236 V                              ; 0.173 V                              ; 2.66e-10 s                  ; 2.67e-10 s                  ; No                         ; Yes                        ; 2.75 V                      ; 7.31e-08 V                  ; 2.85 V             ; -0.0433 V          ; 0.236 V                             ; 0.173 V                             ; 2.66e-10 s                 ; 2.67e-10 s                 ; No                        ; Yes                       ;
; q[40] ; 2.5 V        ; 0 s                 ; 0 s                 ; 2.75 V                       ; 7.39e-08 V                   ; 2.8 V               ; -0.0215 V           ; 0.254 V                              ; 0.074 V                              ; 2.75e-10 s                  ; 3.08e-10 s                  ; No                         ; Yes                        ; 2.75 V                      ; 7.39e-08 V                  ; 2.8 V              ; -0.0215 V          ; 0.254 V                             ; 0.074 V                             ; 2.75e-10 s                 ; 3.08e-10 s                 ; No                        ; Yes                       ;
; q[41] ; 2.5 V        ; 0 s                 ; 0 s                 ; 2.75 V                       ; 7.31e-08 V                   ; 2.85 V              ; -0.0433 V           ; 0.236 V                              ; 0.173 V                              ; 2.66e-10 s                  ; 2.67e-10 s                  ; No                         ; Yes                        ; 2.75 V                      ; 7.31e-08 V                  ; 2.85 V             ; -0.0433 V          ; 0.236 V                             ; 0.173 V                             ; 2.66e-10 s                 ; 2.67e-10 s                 ; No                        ; Yes                       ;
; q[42] ; 2.5 V        ; 0 s                 ; 0 s                 ; 2.75 V                       ; 7.31e-08 V                   ; 2.85 V              ; -0.0433 V           ; 0.236 V                              ; 0.173 V                              ; 2.66e-10 s                  ; 2.67e-10 s                  ; No                         ; Yes                        ; 2.75 V                      ; 7.31e-08 V                  ; 2.85 V             ; -0.0433 V          ; 0.236 V                             ; 0.173 V                             ; 2.66e-10 s                 ; 2.67e-10 s                 ; No                        ; Yes                       ;
; q[43] ; 2.5 V        ; 0 s                 ; 0 s                 ; 2.75 V                       ; 7.39e-08 V                   ; 2.8 V               ; -0.0215 V           ; 0.254 V                              ; 0.074 V                              ; 2.75e-10 s                  ; 3.08e-10 s                  ; No                         ; Yes                        ; 2.75 V                      ; 7.39e-08 V                  ; 2.8 V              ; -0.0215 V          ; 0.254 V                             ; 0.074 V                             ; 2.75e-10 s                 ; 3.08e-10 s                 ; No                        ; Yes                       ;
; q[44] ; 2.5 V        ; 0 s                 ; 0 s                 ; 2.75 V                       ; 7.39e-08 V                   ; 2.8 V               ; -0.0215 V           ; 0.254 V                              ; 0.074 V                              ; 2.75e-10 s                  ; 3.08e-10 s                  ; No                         ; Yes                        ; 2.75 V                      ; 7.39e-08 V                  ; 2.8 V              ; -0.0215 V          ; 0.254 V                             ; 0.074 V                             ; 2.75e-10 s                 ; 3.08e-10 s                 ; No                        ; Yes                       ;
; q[45] ; 2.5 V        ; 0 s                 ; 0 s                 ; 2.75 V                       ; 7.39e-08 V                   ; 2.8 V               ; -0.0215 V           ; 0.254 V                              ; 0.074 V                              ; 2.75e-10 s                  ; 3.08e-10 s                  ; No                         ; Yes                        ; 2.75 V                      ; 7.39e-08 V                  ; 2.8 V              ; -0.0215 V          ; 0.254 V                             ; 0.074 V                             ; 2.75e-10 s                 ; 3.08e-10 s                 ; No                        ; Yes                       ;
; q[46] ; 2.5 V        ; 0 s                 ; 0 s                 ; 2.75 V                       ; 7.28e-08 V                   ; 2.83 V              ; -0.033 V            ; 0.255 V                              ; 0.077 V                              ; 2.73e-10 s                  ; 2.95e-10 s                  ; No                         ; Yes                        ; 2.75 V                      ; 7.28e-08 V                  ; 2.83 V             ; -0.033 V           ; 0.255 V                             ; 0.077 V                             ; 2.73e-10 s                 ; 2.95e-10 s                 ; No                        ; Yes                       ;
; q[47] ; 2.5 V        ; 0 s                 ; 0 s                 ; 2.75 V                       ; 7.31e-08 V                   ; 2.85 V              ; -0.0433 V           ; 0.236 V                              ; 0.173 V                              ; 2.66e-10 s                  ; 2.67e-10 s                  ; No                         ; Yes                        ; 2.75 V                      ; 7.31e-08 V                  ; 2.85 V             ; -0.0433 V          ; 0.236 V                             ; 0.173 V                             ; 2.66e-10 s                 ; 2.67e-10 s                 ; No                        ; Yes                       ;
; q[48] ; 2.5 V        ; 0 s                 ; 0 s                 ; 2.75 V                       ; 7.28e-08 V                   ; 2.83 V              ; -0.033 V            ; 0.255 V                              ; 0.077 V                              ; 2.73e-10 s                  ; 2.95e-10 s                  ; No                         ; Yes                        ; 2.75 V                      ; 7.28e-08 V                  ; 2.83 V             ; -0.033 V           ; 0.255 V                             ; 0.077 V                             ; 2.73e-10 s                 ; 2.95e-10 s                 ; No                        ; Yes                       ;
; q[49] ; 2.5 V        ; 0 s                 ; 0 s                 ; 2.75 V                       ; 7.28e-08 V                   ; 2.83 V              ; -0.033 V            ; 0.255 V                              ; 0.077 V                              ; 2.73e-10 s                  ; 2.95e-10 s                  ; No                         ; Yes                        ; 2.75 V                      ; 7.28e-08 V                  ; 2.83 V             ; -0.033 V           ; 0.255 V                             ; 0.077 V                             ; 2.73e-10 s                 ; 2.95e-10 s                 ; No                        ; Yes                       ;
; q[50] ; 2.5 V        ; 0 s                 ; 0 s                 ; 2.75 V                       ; 7.39e-08 V                   ; 2.8 V               ; -0.0215 V           ; 0.254 V                              ; 0.074 V                              ; 2.75e-10 s                  ; 3.08e-10 s                  ; No                         ; Yes                        ; 2.75 V                      ; 7.39e-08 V                  ; 2.8 V              ; -0.0215 V          ; 0.254 V                             ; 0.074 V                             ; 2.75e-10 s                 ; 3.08e-10 s                 ; No                        ; Yes                       ;
; q[51] ; 2.5 V        ; 0 s                 ; 0 s                 ; 2.75 V                       ; 7.31e-08 V                   ; 2.85 V              ; -0.0428 V           ; 0.235 V                              ; 0.173 V                              ; 2.66e-10 s                  ; 2.67e-10 s                  ; No                         ; Yes                        ; 2.75 V                      ; 7.31e-08 V                  ; 2.85 V             ; -0.0428 V          ; 0.235 V                             ; 0.173 V                             ; 2.66e-10 s                 ; 2.67e-10 s                 ; No                        ; Yes                       ;
; q[52] ; 2.5 V        ; 0 s                 ; 0 s                 ; 2.75 V                       ; 7.31e-08 V                   ; 2.85 V              ; -0.0433 V           ; 0.236 V                              ; 0.173 V                              ; 2.66e-10 s                  ; 2.67e-10 s                  ; No                         ; Yes                        ; 2.75 V                      ; 7.31e-08 V                  ; 2.85 V             ; -0.0433 V          ; 0.236 V                             ; 0.173 V                             ; 2.66e-10 s                 ; 2.67e-10 s                 ; No                        ; Yes                       ;
; q[53] ; 2.5 V        ; 0 s                 ; 0 s                 ; 2.75 V                       ; 7.31e-08 V                   ; 2.85 V              ; -0.0433 V           ; 0.236 V                              ; 0.173 V                              ; 2.66e-10 s                  ; 2.67e-10 s                  ; No                         ; Yes                        ; 2.75 V                      ; 7.31e-08 V                  ; 2.85 V             ; -0.0433 V          ; 0.236 V                             ; 0.173 V                             ; 2.66e-10 s                 ; 2.67e-10 s                 ; No                        ; Yes                       ;
; q[54] ; 2.5 V        ; 0 s                 ; 0 s                 ; 2.75 V                       ; 7.39e-08 V                   ; 2.8 V               ; -0.0215 V           ; 0.254 V                              ; 0.074 V                              ; 2.75e-10 s                  ; 3.08e-10 s                  ; No                         ; Yes                        ; 2.75 V                      ; 7.39e-08 V                  ; 2.8 V              ; -0.0215 V          ; 0.254 V                             ; 0.074 V                             ; 2.75e-10 s                 ; 3.08e-10 s                 ; No                        ; Yes                       ;
; q[55] ; 2.5 V        ; 0 s                 ; 0 s                 ; 2.75 V                       ; 7.31e-08 V                   ; 2.85 V              ; -0.0428 V           ; 0.235 V                              ; 0.173 V                              ; 2.66e-10 s                  ; 2.67e-10 s                  ; No                         ; Yes                        ; 2.75 V                      ; 7.31e-08 V                  ; 2.85 V             ; -0.0428 V          ; 0.235 V                             ; 0.173 V                             ; 2.66e-10 s                 ; 2.67e-10 s                 ; No                        ; Yes                       ;
; q[56] ; 2.5 V        ; 0 s                 ; 0 s                 ; 2.75 V                       ; 7.28e-08 V                   ; 2.83 V              ; -0.033 V            ; 0.255 V                              ; 0.077 V                              ; 2.73e-10 s                  ; 2.95e-10 s                  ; No                         ; Yes                        ; 2.75 V                      ; 7.28e-08 V                  ; 2.83 V             ; -0.033 V           ; 0.255 V                             ; 0.077 V                             ; 2.73e-10 s                 ; 2.95e-10 s                 ; No                        ; Yes                       ;
; q[57] ; 2.5 V        ; 0 s                 ; 0 s                 ; 2.75 V                       ; 7.28e-08 V                   ; 2.83 V              ; -0.033 V            ; 0.255 V                              ; 0.077 V                              ; 2.73e-10 s                  ; 2.95e-10 s                  ; No                         ; Yes                        ; 2.75 V                      ; 7.28e-08 V                  ; 2.83 V             ; -0.033 V           ; 0.255 V                             ; 0.077 V                             ; 2.73e-10 s                 ; 2.95e-10 s                 ; No                        ; Yes                       ;
; q[58] ; 2.5 V        ; 0 s                 ; 0 s                 ; 2.75 V                       ; 7.28e-08 V                   ; 2.83 V              ; -0.033 V            ; 0.255 V                              ; 0.077 V                              ; 2.73e-10 s                  ; 2.95e-10 s                  ; No                         ; Yes                        ; 2.75 V                      ; 7.28e-08 V                  ; 2.83 V             ; -0.033 V           ; 0.255 V                             ; 0.077 V                             ; 2.73e-10 s                 ; 2.95e-10 s                 ; No                        ; Yes                       ;
; q[59] ; 2.5 V        ; 0 s                 ; 0 s                 ; 2.75 V                       ; 7.31e-08 V                   ; 2.85 V              ; -0.0428 V           ; 0.235 V                              ; 0.173 V                              ; 2.66e-10 s                  ; 2.67e-10 s                  ; No                         ; Yes                        ; 2.75 V                      ; 7.31e-08 V                  ; 2.85 V             ; -0.0428 V          ; 0.235 V                             ; 0.173 V                             ; 2.66e-10 s                 ; 2.67e-10 s                 ; No                        ; Yes                       ;
; q[60] ; 2.5 V        ; 0 s                 ; 0 s                 ; 2.75 V                       ; 7.31e-08 V                   ; 2.85 V              ; -0.0428 V           ; 0.235 V                              ; 0.173 V                              ; 2.66e-10 s                  ; 2.67e-10 s                  ; No                         ; Yes                        ; 2.75 V                      ; 7.31e-08 V                  ; 2.85 V             ; -0.0428 V          ; 0.235 V                             ; 0.173 V                             ; 2.66e-10 s                 ; 2.67e-10 s                 ; No                        ; Yes                       ;
; q[61] ; 2.5 V        ; 0 s                 ; 0 s                 ; 2.75 V                       ; 7.31e-08 V                   ; 2.85 V              ; -0.0433 V           ; 0.236 V                              ; 0.173 V                              ; 2.66e-10 s                  ; 2.67e-10 s                  ; No                         ; Yes                        ; 2.75 V                      ; 7.31e-08 V                  ; 2.85 V             ; -0.0433 V          ; 0.236 V                             ; 0.173 V                             ; 2.66e-10 s                 ; 2.67e-10 s                 ; No                        ; Yes                       ;
; q[62] ; 2.5 V        ; 0 s                 ; 0 s                 ; 2.75 V                       ; 7.31e-08 V                   ; 2.85 V              ; -0.0428 V           ; 0.235 V                              ; 0.173 V                              ; 2.66e-10 s                  ; 2.67e-10 s                  ; No                         ; Yes                        ; 2.75 V                      ; 7.31e-08 V                  ; 2.85 V             ; -0.0428 V          ; 0.235 V                             ; 0.173 V                             ; 2.66e-10 s                 ; 2.67e-10 s                 ; No                        ; Yes                       ;
; q[63] ; 2.5 V        ; 0 s                 ; 0 s                 ; 2.75 V                       ; 7.28e-08 V                   ; 2.83 V              ; -0.033 V            ; 0.255 V                              ; 0.077 V                              ; 2.73e-10 s                  ; 2.95e-10 s                  ; No                         ; Yes                        ; 2.75 V                      ; 7.28e-08 V                  ; 2.83 V             ; -0.033 V           ; 0.255 V                             ; 0.077 V                             ; 2.73e-10 s                 ; 2.95e-10 s                 ; No                        ; Yes                       ;
+-------+--------------+---------------------+---------------------+------------------------------+------------------------------+---------------------+---------------------+--------------------------------------+--------------------------------------+-----------------------------+-----------------------------+----------------------------+----------------------------+-----------------------------+-----------------------------+--------------------+--------------------+-------------------------------------+-------------------------------------+----------------------------+----------------------------+---------------------------+---------------------------+


+------------------------------------------------------------------------------------------------------------------------------------------------------------------------------------------------------------------------------------------------------------------------------------------------------------------------------------------------------------------------------------------------------------------------------------------------------------------------------------------------------------------------------------------------------------------------------------------------------------------------------------------------------------------------------------+
; Signal Integrity Metrics (Fast 900mv 100c Model)                                                                                                                                                                                                                                                                                                                                                                                                                                                                                                                                                                                                                                   ;
+-------+--------------+---------------------+---------------------+------------------------------+------------------------------+---------------------+---------------------+--------------------------------------+--------------------------------------+-----------------------------+-----------------------------+----------------------------+----------------------------+-----------------------------+-----------------------------+--------------------+--------------------+-------------------------------------+-------------------------------------+----------------------------+----------------------------+---------------------------+---------------------------+
; Pin   ; I/O Standard ; Board Delay on Rise ; Board Delay on Fall ; Steady State Voh at FPGA Pin ; Steady State Vol at FPGA Pin ; Voh Max at FPGA Pin ; Vol Min at FPGA Pin ; Ringback Voltage on Rise at FPGA Pin ; Ringback Voltage on Fall at FPGA Pin ; 10-90 Rise Time at FPGA Pin ; 90-10 Fall Time at FPGA Pin ; Monotonic Rise at FPGA Pin ; Monotonic Fall at FPGA Pin ; Steady State Voh at Far-end ; Steady State Vol at Far-end ; Voh Max at Far-end ; Vol Min at Far-end ; Ringback Voltage on Rise at Far-end ; Ringback Voltage on Fall at Far-end ; 10-90 Rise Time at Far-end ; 90-10 Fall Time at Far-end ; Monotonic Rise at Far-end ; Monotonic Fall at Far-end ;
+-------+--------------+---------------------+---------------------+------------------------------+------------------------------+---------------------+---------------------+--------------------------------------+--------------------------------------+-----------------------------+-----------------------------+----------------------------+----------------------------+-----------------------------+-----------------------------+--------------------+--------------------+-------------------------------------+-------------------------------------+----------------------------+----------------------------+---------------------------+---------------------------+
; q[0]  ; 2.5 V        ; 0 s                 ; 0 s                 ; 2.75 V                       ; 0.000276 V                   ; 2.78 V              ; -0.0223 V           ; 0.196 V                              ; 0.099 V                              ; 3.84e-10 s                  ; 4.03e-10 s                  ; No                         ; Yes                        ; 2.75 V                      ; 0.000276 V                  ; 2.78 V             ; -0.0223 V          ; 0.196 V                             ; 0.099 V                             ; 3.84e-10 s                 ; 4.03e-10 s                 ; No                        ; Yes                       ;
; q[1]  ; 2.5 V        ; 0 s                 ; 0 s                 ; 2.75 V                       ; 0.000276 V                   ; 2.78 V              ; -0.0223 V           ; 0.196 V                              ; 0.099 V                              ; 3.84e-10 s                  ; 4.03e-10 s                  ; No                         ; Yes                        ; 2.75 V                      ; 0.000276 V                  ; 2.78 V             ; -0.0223 V          ; 0.196 V                             ; 0.099 V                             ; 3.84e-10 s                 ; 4.03e-10 s                 ; No                        ; Yes                       ;
; q[2]  ; 2.5 V        ; 0 s                 ; 0 s                 ; 2.75 V                       ; 0.000276 V                   ; 2.79 V              ; -0.0289 V           ; 0.314 V                              ; 0.188 V                              ; 2.99e-10 s                  ; 3.75e-10 s                  ; No                         ; Yes                        ; 2.75 V                      ; 0.000276 V                  ; 2.79 V             ; -0.0289 V          ; 0.314 V                             ; 0.188 V                             ; 2.99e-10 s                 ; 3.75e-10 s                 ; No                        ; Yes                       ;
; q[3]  ; 2.5 V        ; 0 s                 ; 0 s                 ; 2.75 V                       ; 0.000276 V                   ; 2.8 V               ; -0.0286 V           ; 0.315 V                              ; 0.189 V                              ; 2.98e-10 s                  ; 3.75e-10 s                  ; No                         ; Yes                        ; 2.75 V                      ; 0.000276 V                  ; 2.8 V              ; -0.0286 V          ; 0.315 V                             ; 0.189 V                             ; 2.98e-10 s                 ; 3.75e-10 s                 ; No                        ; Yes                       ;
; q[4]  ; 2.5 V        ; 0 s                 ; 0 s                 ; 2.75 V                       ; 0.000279 V                   ; 2.77 V              ; -0.0122 V           ; 0.195 V                              ; 0.099 V                              ; 3.85e-10 s                  ; 4.15e-10 s                  ; No                         ; Yes                        ; 2.75 V                      ; 0.000279 V                  ; 2.77 V             ; -0.0122 V          ; 0.195 V                             ; 0.099 V                             ; 3.85e-10 s                 ; 4.15e-10 s                 ; No                        ; Yes                       ;
; q[5]  ; 2.5 V        ; 0 s                 ; 0 s                 ; 2.75 V                       ; 0.000276 V                   ; 2.78 V              ; -0.0223 V           ; 0.196 V                              ; 0.099 V                              ; 3.84e-10 s                  ; 4.03e-10 s                  ; No                         ; Yes                        ; 2.75 V                      ; 0.000276 V                  ; 2.78 V             ; -0.0223 V          ; 0.196 V                             ; 0.099 V                             ; 3.84e-10 s                 ; 4.03e-10 s                 ; No                        ; Yes                       ;
; q[6]  ; 2.5 V        ; 0 s                 ; 0 s                 ; 2.75 V                       ; 0.000276 V                   ; 2.79 V              ; -0.0289 V           ; 0.314 V                              ; 0.188 V                              ; 2.99e-10 s                  ; 3.75e-10 s                  ; No                         ; Yes                        ; 2.75 V                      ; 0.000276 V                  ; 2.79 V             ; -0.0289 V          ; 0.314 V                             ; 0.188 V                             ; 2.99e-10 s                 ; 3.75e-10 s                 ; No                        ; Yes                       ;
; q[7]  ; 2.5 V        ; 0 s                 ; 0 s                 ; 2.75 V                       ; 0.000276 V                   ; 2.78 V              ; -0.0223 V           ; 0.196 V                              ; 0.099 V                              ; 3.84e-10 s                  ; 4.03e-10 s                  ; No                         ; Yes                        ; 2.75 V                      ; 0.000276 V                  ; 2.78 V             ; -0.0223 V          ; 0.196 V                             ; 0.099 V                             ; 3.84e-10 s                 ; 4.03e-10 s                 ; No                        ; Yes                       ;
; q[8]  ; 2.5 V        ; 0 s                 ; 0 s                 ; 2.75 V                       ; 0.000276 V                   ; 2.79 V              ; -0.0289 V           ; 0.314 V                              ; 0.188 V                              ; 2.99e-10 s                  ; 3.75e-10 s                  ; No                         ; Yes                        ; 2.75 V                      ; 0.000276 V                  ; 2.79 V             ; -0.0289 V          ; 0.314 V                             ; 0.188 V                             ; 2.99e-10 s                 ; 3.75e-10 s                 ; No                        ; Yes                       ;
; q[9]  ; 2.5 V        ; 0 s                 ; 0 s                 ; 2.75 V                       ; 0.000279 V                   ; 2.77 V              ; -0.0122 V           ; 0.195 V                              ; 0.099 V                              ; 3.85e-10 s                  ; 4.15e-10 s                  ; No                         ; Yes                        ; 2.75 V                      ; 0.000279 V                  ; 2.77 V             ; -0.0122 V          ; 0.195 V                             ; 0.099 V                             ; 3.85e-10 s                 ; 4.15e-10 s                 ; No                        ; Yes                       ;
; q[10] ; 2.5 V        ; 0 s                 ; 0 s                 ; 2.75 V                       ; 0.000279 V                   ; 2.77 V              ; -0.0122 V           ; 0.195 V                              ; 0.099 V                              ; 3.85e-10 s                  ; 4.15e-10 s                  ; No                         ; Yes                        ; 2.75 V                      ; 0.000279 V                  ; 2.77 V             ; -0.0122 V          ; 0.195 V                             ; 0.099 V                             ; 3.85e-10 s                 ; 4.15e-10 s                 ; No                        ; Yes                       ;
; q[11] ; 2.5 V        ; 0 s                 ; 0 s                 ; 2.75 V                       ; 0.000276 V                   ; 2.79 V              ; -0.0289 V           ; 0.314 V                              ; 0.188 V                              ; 2.99e-10 s                  ; 3.75e-10 s                  ; No                         ; Yes                        ; 2.75 V                      ; 0.000276 V                  ; 2.79 V             ; -0.0289 V          ; 0.314 V                             ; 0.188 V                             ; 2.99e-10 s                 ; 3.75e-10 s                 ; No                        ; Yes                       ;
; q[12] ; 2.5 V        ; 0 s                 ; 0 s                 ; 2.75 V                       ; 0.000276 V                   ; 2.79 V              ; -0.0289 V           ; 0.314 V                              ; 0.188 V                              ; 2.99e-10 s                  ; 3.75e-10 s                  ; No                         ; Yes                        ; 2.75 V                      ; 0.000276 V                  ; 2.79 V             ; -0.0289 V          ; 0.314 V                             ; 0.188 V                             ; 2.99e-10 s                 ; 3.75e-10 s                 ; No                        ; Yes                       ;
; q[13] ; 2.5 V        ; 0 s                 ; 0 s                 ; 2.75 V                       ; 0.000276 V                   ; 2.78 V              ; -0.0223 V           ; 0.196 V                              ; 0.099 V                              ; 3.84e-10 s                  ; 4.03e-10 s                  ; No                         ; Yes                        ; 2.75 V                      ; 0.000276 V                  ; 2.78 V             ; -0.0223 V          ; 0.196 V                             ; 0.099 V                             ; 3.84e-10 s                 ; 4.03e-10 s                 ; No                        ; Yes                       ;
; q[14] ; 2.5 V        ; 0 s                 ; 0 s                 ; 2.75 V                       ; 0.000276 V                   ; 2.79 V              ; -0.0289 V           ; 0.314 V                              ; 0.188 V                              ; 2.99e-10 s                  ; 3.75e-10 s                  ; No                         ; Yes                        ; 2.75 V                      ; 0.000276 V                  ; 2.79 V             ; -0.0289 V          ; 0.314 V                             ; 0.188 V                             ; 2.99e-10 s                 ; 3.75e-10 s                 ; No                        ; Yes                       ;
; q[15] ; 2.5 V        ; 0 s                 ; 0 s                 ; 2.75 V                       ; 0.000276 V                   ; 2.8 V               ; -0.0286 V           ; 0.315 V                              ; 0.189 V                              ; 2.98e-10 s                  ; 3.75e-10 s                  ; No                         ; Yes                        ; 2.75 V                      ; 0.000276 V                  ; 2.8 V              ; -0.0286 V          ; 0.315 V                             ; 0.189 V                             ; 2.98e-10 s                 ; 3.75e-10 s                 ; No                        ; Yes                       ;
; q[16] ; 2.5 V        ; 0 s                 ; 0 s                 ; 2.75 V                       ; 0.000279 V                   ; 2.77 V              ; -0.0122 V           ; 0.195 V                              ; 0.099 V                              ; 3.85e-10 s                  ; 4.15e-10 s                  ; No                         ; Yes                        ; 2.75 V                      ; 0.000279 V                  ; 2.77 V             ; -0.0122 V          ; 0.195 V                             ; 0.099 V                             ; 3.85e-10 s                 ; 4.15e-10 s                 ; No                        ; Yes                       ;
; q[17] ; 2.5 V        ; 0 s                 ; 0 s                 ; 2.75 V                       ; 0.000276 V                   ; 2.8 V               ; -0.0286 V           ; 0.315 V                              ; 0.189 V                              ; 2.98e-10 s                  ; 3.75e-10 s                  ; No                         ; Yes                        ; 2.75 V                      ; 0.000276 V                  ; 2.8 V              ; -0.0286 V          ; 0.315 V                             ; 0.189 V                             ; 2.98e-10 s                 ; 3.75e-10 s                 ; No                        ; Yes                       ;
; q[18] ; 2.5 V        ; 0 s                 ; 0 s                 ; 2.75 V                       ; 0.000276 V                   ; 2.8 V               ; -0.0286 V           ; 0.315 V                              ; 0.189 V                              ; 2.98e-10 s                  ; 3.75e-10 s                  ; No                         ; Yes                        ; 2.75 V                      ; 0.000276 V                  ; 2.8 V              ; -0.0286 V          ; 0.315 V                             ; 0.189 V                             ; 2.98e-10 s                 ; 3.75e-10 s                 ; No                        ; Yes                       ;
; q[19] ; 2.5 V        ; 0 s                 ; 0 s                 ; 2.75 V                       ; 0.000276 V                   ; 2.79 V              ; -0.0289 V           ; 0.314 V                              ; 0.188 V                              ; 2.99e-10 s                  ; 3.75e-10 s                  ; No                         ; Yes                        ; 2.75 V                      ; 0.000276 V                  ; 2.79 V             ; -0.0289 V          ; 0.314 V                             ; 0.188 V                             ; 2.99e-10 s                 ; 3.75e-10 s                 ; No                        ; Yes                       ;
; q[20] ; 2.5 V        ; 0 s                 ; 0 s                 ; 2.75 V                       ; 0.000276 V                   ; 2.79 V              ; -0.0289 V           ; 0.314 V                              ; 0.188 V                              ; 2.99e-10 s                  ; 3.75e-10 s                  ; No                         ; Yes                        ; 2.75 V                      ; 0.000276 V                  ; 2.79 V             ; -0.0289 V          ; 0.314 V                             ; 0.188 V                             ; 2.99e-10 s                 ; 3.75e-10 s                 ; No                        ; Yes                       ;
; q[21] ; 2.5 V        ; 0 s                 ; 0 s                 ; 2.75 V                       ; 0.000276 V                   ; 2.78 V              ; -0.0223 V           ; 0.196 V                              ; 0.099 V                              ; 3.84e-10 s                  ; 4.03e-10 s                  ; No                         ; Yes                        ; 2.75 V                      ; 0.000276 V                  ; 2.78 V             ; -0.0223 V          ; 0.196 V                             ; 0.099 V                             ; 3.84e-10 s                 ; 4.03e-10 s                 ; No                        ; Yes                       ;
; q[22] ; 2.5 V        ; 0 s                 ; 0 s                 ; 2.75 V                       ; 0.000276 V                   ; 2.8 V               ; -0.0286 V           ; 0.315 V                              ; 0.189 V                              ; 2.98e-10 s                  ; 3.75e-10 s                  ; No                         ; Yes                        ; 2.75 V                      ; 0.000276 V                  ; 2.8 V              ; -0.0286 V          ; 0.315 V                             ; 0.189 V                             ; 2.98e-10 s                 ; 3.75e-10 s                 ; No                        ; Yes                       ;
; q[23] ; 2.5 V        ; 0 s                 ; 0 s                 ; 2.75 V                       ; 0.000279 V                   ; 2.77 V              ; -0.0122 V           ; 0.195 V                              ; 0.099 V                              ; 3.85e-10 s                  ; 4.15e-10 s                  ; No                         ; Yes                        ; 2.75 V                      ; 0.000279 V                  ; 2.77 V             ; -0.0122 V          ; 0.195 V                             ; 0.099 V                             ; 3.85e-10 s                 ; 4.15e-10 s                 ; No                        ; Yes                       ;
; q[24] ; 2.5 V        ; 0 s                 ; 0 s                 ; 2.75 V                       ; 0.000276 V                   ; 2.8 V               ; -0.0286 V           ; 0.315 V                              ; 0.189 V                              ; 2.98e-10 s                  ; 3.75e-10 s                  ; No                         ; Yes                        ; 2.75 V                      ; 0.000276 V                  ; 2.8 V              ; -0.0286 V          ; 0.315 V                             ; 0.189 V                             ; 2.98e-10 s                 ; 3.75e-10 s                 ; No                        ; Yes                       ;
; q[25] ; 2.5 V        ; 0 s                 ; 0 s                 ; 2.75 V                       ; 0.000279 V                   ; 2.77 V              ; -0.0122 V           ; 0.195 V                              ; 0.099 V                              ; 3.85e-10 s                  ; 4.15e-10 s                  ; No                         ; Yes                        ; 2.75 V                      ; 0.000279 V                  ; 2.77 V             ; -0.0122 V          ; 0.195 V                             ; 0.099 V                             ; 3.85e-10 s                 ; 4.15e-10 s                 ; No                        ; Yes                       ;
; q[26] ; 2.5 V        ; 0 s                 ; 0 s                 ; 2.75 V                       ; 0.000276 V                   ; 2.78 V              ; -0.0223 V           ; 0.196 V                              ; 0.099 V                              ; 3.84e-10 s                  ; 4.03e-10 s                  ; No                         ; Yes                        ; 2.75 V                      ; 0.000276 V                  ; 2.78 V             ; -0.0223 V          ; 0.196 V                             ; 0.099 V                             ; 3.84e-10 s                 ; 4.03e-10 s                 ; No                        ; Yes                       ;
; q[27] ; 2.5 V        ; 0 s                 ; 0 s                 ; 2.75 V                       ; 0.000276 V                   ; 2.8 V               ; -0.0286 V           ; 0.315 V                              ; 0.189 V                              ; 2.98e-10 s                  ; 3.75e-10 s                  ; No                         ; Yes                        ; 2.75 V                      ; 0.000276 V                  ; 2.8 V              ; -0.0286 V          ; 0.315 V                             ; 0.189 V                             ; 2.98e-10 s                 ; 3.75e-10 s                 ; No                        ; Yes                       ;
; q[28] ; 2.5 V        ; 0 s                 ; 0 s                 ; 2.75 V                       ; 0.000276 V                   ; 2.8 V               ; -0.0286 V           ; 0.315 V                              ; 0.189 V                              ; 2.98e-10 s                  ; 3.75e-10 s                  ; No                         ; Yes                        ; 2.75 V                      ; 0.000276 V                  ; 2.8 V              ; -0.0286 V          ; 0.315 V                             ; 0.189 V                             ; 2.98e-10 s                 ; 3.75e-10 s                 ; No                        ; Yes                       ;
; q[29] ; 2.5 V        ; 0 s                 ; 0 s                 ; 2.75 V                       ; 0.000279 V                   ; 2.77 V              ; -0.0122 V           ; 0.195 V                              ; 0.099 V                              ; 3.85e-10 s                  ; 4.15e-10 s                  ; No                         ; Yes                        ; 2.75 V                      ; 0.000279 V                  ; 2.77 V             ; -0.0122 V          ; 0.195 V                             ; 0.099 V                             ; 3.85e-10 s                 ; 4.15e-10 s                 ; No                        ; Yes                       ;
; q[30] ; 2.5 V        ; 0 s                 ; 0 s                 ; 2.75 V                       ; 0.000279 V                   ; 2.77 V              ; -0.0122 V           ; 0.195 V                              ; 0.099 V                              ; 3.85e-10 s                  ; 4.15e-10 s                  ; No                         ; Yes                        ; 2.75 V                      ; 0.000279 V                  ; 2.77 V             ; -0.0122 V          ; 0.195 V                             ; 0.099 V                             ; 3.85e-10 s                 ; 4.15e-10 s                 ; No                        ; Yes                       ;
; q[31] ; 2.5 V        ; 0 s                 ; 0 s                 ; 2.75 V                       ; 0.000276 V                   ; 2.79 V              ; -0.0289 V           ; 0.314 V                              ; 0.188 V                              ; 2.99e-10 s                  ; 3.75e-10 s                  ; No                         ; Yes                        ; 2.75 V                      ; 0.000276 V                  ; 2.79 V             ; -0.0289 V          ; 0.314 V                             ; 0.188 V                             ; 2.99e-10 s                 ; 3.75e-10 s                 ; No                        ; Yes                       ;
; q[32] ; 2.5 V        ; 0 s                 ; 0 s                 ; 2.75 V                       ; 0.000279 V                   ; 2.77 V              ; -0.0122 V           ; 0.195 V                              ; 0.099 V                              ; 3.85e-10 s                  ; 4.15e-10 s                  ; No                         ; Yes                        ; 2.75 V                      ; 0.000279 V                  ; 2.77 V             ; -0.0122 V          ; 0.195 V                             ; 0.099 V                             ; 3.85e-10 s                 ; 4.15e-10 s                 ; No                        ; Yes                       ;
; q[33] ; 2.5 V        ; 0 s                 ; 0 s                 ; 2.75 V                       ; 0.000279 V                   ; 2.77 V              ; -0.0122 V           ; 0.195 V                              ; 0.099 V                              ; 3.85e-10 s                  ; 4.15e-10 s                  ; No                         ; Yes                        ; 2.75 V                      ; 0.000279 V                  ; 2.77 V             ; -0.0122 V          ; 0.195 V                             ; 0.099 V                             ; 3.85e-10 s                 ; 4.15e-10 s                 ; No                        ; Yes                       ;
; q[34] ; 2.5 V        ; 0 s                 ; 0 s                 ; 2.75 V                       ; 0.000276 V                   ; 2.8 V               ; -0.0286 V           ; 0.315 V                              ; 0.189 V                              ; 2.98e-10 s                  ; 3.75e-10 s                  ; No                         ; Yes                        ; 2.75 V                      ; 0.000276 V                  ; 2.8 V              ; -0.0286 V          ; 0.315 V                             ; 0.189 V                             ; 2.98e-10 s                 ; 3.75e-10 s                 ; No                        ; Yes                       ;
; q[35] ; 2.5 V        ; 0 s                 ; 0 s                 ; 2.75 V                       ; 0.000276 V                   ; 2.78 V              ; -0.0223 V           ; 0.196 V                              ; 0.099 V                              ; 3.84e-10 s                  ; 4.03e-10 s                  ; No                         ; Yes                        ; 2.75 V                      ; 0.000276 V                  ; 2.78 V             ; -0.0223 V          ; 0.196 V                             ; 0.099 V                             ; 3.84e-10 s                 ; 4.03e-10 s                 ; No                        ; Yes                       ;
; q[36] ; 2.5 V        ; 0 s                 ; 0 s                 ; 2.75 V                       ; 0.000276 V                   ; 2.78 V              ; -0.0223 V           ; 0.196 V                              ; 0.099 V                              ; 3.84e-10 s                  ; 4.03e-10 s                  ; No                         ; Yes                        ; 2.75 V                      ; 0.000276 V                  ; 2.78 V             ; -0.0223 V          ; 0.196 V                             ; 0.099 V                             ; 3.84e-10 s                 ; 4.03e-10 s                 ; No                        ; Yes                       ;
; q[37] ; 2.5 V        ; 0 s                 ; 0 s                 ; 2.75 V                       ; 0.000276 V                   ; 2.79 V              ; -0.0289 V           ; 0.314 V                              ; 0.188 V                              ; 2.99e-10 s                  ; 3.75e-10 s                  ; No                         ; Yes                        ; 2.75 V                      ; 0.000276 V                  ; 2.79 V             ; -0.0289 V          ; 0.314 V                             ; 0.188 V                             ; 2.99e-10 s                 ; 3.75e-10 s                 ; No                        ; Yes                       ;
; q[38] ; 2.5 V        ; 0 s                 ; 0 s                 ; 2.75 V                       ; 0.000279 V                   ; 2.77 V              ; -0.0122 V           ; 0.195 V                              ; 0.099 V                              ; 3.85e-10 s                  ; 4.15e-10 s                  ; No                         ; Yes                        ; 2.75 V                      ; 0.000279 V                  ; 2.77 V             ; -0.0122 V          ; 0.195 V                             ; 0.099 V                             ; 3.85e-10 s                 ; 4.15e-10 s                 ; No                        ; Yes                       ;
; q[39] ; 2.5 V        ; 0 s                 ; 0 s                 ; 2.75 V                       ; 0.000276 V                   ; 2.79 V              ; -0.0289 V           ; 0.314 V                              ; 0.188 V                              ; 2.99e-10 s                  ; 3.75e-10 s                  ; No                         ; Yes                        ; 2.75 V                      ; 0.000276 V                  ; 2.79 V             ; -0.0289 V          ; 0.314 V                             ; 0.188 V                             ; 2.99e-10 s                 ; 3.75e-10 s                 ; No                        ; Yes                       ;
; q[40] ; 2.5 V        ; 0 s                 ; 0 s                 ; 2.75 V                       ; 0.000279 V                   ; 2.77 V              ; -0.0122 V           ; 0.195 V                              ; 0.099 V                              ; 3.85e-10 s                  ; 4.15e-10 s                  ; No                         ; Yes                        ; 2.75 V                      ; 0.000279 V                  ; 2.77 V             ; -0.0122 V          ; 0.195 V                             ; 0.099 V                             ; 3.85e-10 s                 ; 4.15e-10 s                 ; No                        ; Yes                       ;
; q[41] ; 2.5 V        ; 0 s                 ; 0 s                 ; 2.75 V                       ; 0.000276 V                   ; 2.79 V              ; -0.0289 V           ; 0.314 V                              ; 0.188 V                              ; 2.99e-10 s                  ; 3.75e-10 s                  ; No                         ; Yes                        ; 2.75 V                      ; 0.000276 V                  ; 2.79 V             ; -0.0289 V          ; 0.314 V                             ; 0.188 V                             ; 2.99e-10 s                 ; 3.75e-10 s                 ; No                        ; Yes                       ;
; q[42] ; 2.5 V        ; 0 s                 ; 0 s                 ; 2.75 V                       ; 0.000276 V                   ; 2.79 V              ; -0.0289 V           ; 0.314 V                              ; 0.188 V                              ; 2.99e-10 s                  ; 3.75e-10 s                  ; No                         ; Yes                        ; 2.75 V                      ; 0.000276 V                  ; 2.79 V             ; -0.0289 V          ; 0.314 V                             ; 0.188 V                             ; 2.99e-10 s                 ; 3.75e-10 s                 ; No                        ; Yes                       ;
; q[43] ; 2.5 V        ; 0 s                 ; 0 s                 ; 2.75 V                       ; 0.000279 V                   ; 2.77 V              ; -0.0122 V           ; 0.195 V                              ; 0.099 V                              ; 3.85e-10 s                  ; 4.15e-10 s                  ; No                         ; Yes                        ; 2.75 V                      ; 0.000279 V                  ; 2.77 V             ; -0.0122 V          ; 0.195 V                             ; 0.099 V                             ; 3.85e-10 s                 ; 4.15e-10 s                 ; No                        ; Yes                       ;
; q[44] ; 2.5 V        ; 0 s                 ; 0 s                 ; 2.75 V                       ; 0.000279 V                   ; 2.77 V              ; -0.0122 V           ; 0.195 V                              ; 0.099 V                              ; 3.85e-10 s                  ; 4.15e-10 s                  ; No                         ; Yes                        ; 2.75 V                      ; 0.000279 V                  ; 2.77 V             ; -0.0122 V          ; 0.195 V                             ; 0.099 V                             ; 3.85e-10 s                 ; 4.15e-10 s                 ; No                        ; Yes                       ;
; q[45] ; 2.5 V        ; 0 s                 ; 0 s                 ; 2.75 V                       ; 0.000279 V                   ; 2.77 V              ; -0.0122 V           ; 0.195 V                              ; 0.099 V                              ; 3.85e-10 s                  ; 4.15e-10 s                  ; No                         ; Yes                        ; 2.75 V                      ; 0.000279 V                  ; 2.77 V             ; -0.0122 V          ; 0.195 V                             ; 0.099 V                             ; 3.85e-10 s                 ; 4.15e-10 s                 ; No                        ; Yes                       ;
; q[46] ; 2.5 V        ; 0 s                 ; 0 s                 ; 2.75 V                       ; 0.000276 V                   ; 2.78 V              ; -0.0223 V           ; 0.196 V                              ; 0.099 V                              ; 3.84e-10 s                  ; 4.03e-10 s                  ; No                         ; Yes                        ; 2.75 V                      ; 0.000276 V                  ; 2.78 V             ; -0.0223 V          ; 0.196 V                             ; 0.099 V                             ; 3.84e-10 s                 ; 4.03e-10 s                 ; No                        ; Yes                       ;
; q[47] ; 2.5 V        ; 0 s                 ; 0 s                 ; 2.75 V                       ; 0.000276 V                   ; 2.79 V              ; -0.0289 V           ; 0.314 V                              ; 0.188 V                              ; 2.99e-10 s                  ; 3.75e-10 s                  ; No                         ; Yes                        ; 2.75 V                      ; 0.000276 V                  ; 2.79 V             ; -0.0289 V          ; 0.314 V                             ; 0.188 V                             ; 2.99e-10 s                 ; 3.75e-10 s                 ; No                        ; Yes                       ;
; q[48] ; 2.5 V        ; 0 s                 ; 0 s                 ; 2.75 V                       ; 0.000276 V                   ; 2.78 V              ; -0.0223 V           ; 0.196 V                              ; 0.099 V                              ; 3.84e-10 s                  ; 4.03e-10 s                  ; No                         ; Yes                        ; 2.75 V                      ; 0.000276 V                  ; 2.78 V             ; -0.0223 V          ; 0.196 V                             ; 0.099 V                             ; 3.84e-10 s                 ; 4.03e-10 s                 ; No                        ; Yes                       ;
; q[49] ; 2.5 V        ; 0 s                 ; 0 s                 ; 2.75 V                       ; 0.000276 V                   ; 2.78 V              ; -0.0223 V           ; 0.196 V                              ; 0.099 V                              ; 3.84e-10 s                  ; 4.03e-10 s                  ; No                         ; Yes                        ; 2.75 V                      ; 0.000276 V                  ; 2.78 V             ; -0.0223 V          ; 0.196 V                             ; 0.099 V                             ; 3.84e-10 s                 ; 4.03e-10 s                 ; No                        ; Yes                       ;
; q[50] ; 2.5 V        ; 0 s                 ; 0 s                 ; 2.75 V                       ; 0.000279 V                   ; 2.77 V              ; -0.0122 V           ; 0.195 V                              ; 0.099 V                              ; 3.85e-10 s                  ; 4.15e-10 s                  ; No                         ; Yes                        ; 2.75 V                      ; 0.000279 V                  ; 2.77 V             ; -0.0122 V          ; 0.195 V                             ; 0.099 V                             ; 3.85e-10 s                 ; 4.15e-10 s                 ; No                        ; Yes                       ;
; q[51] ; 2.5 V        ; 0 s                 ; 0 s                 ; 2.75 V                       ; 0.000276 V                   ; 2.8 V               ; -0.0286 V           ; 0.315 V                              ; 0.189 V                              ; 2.98e-10 s                  ; 3.75e-10 s                  ; No                         ; Yes                        ; 2.75 V                      ; 0.000276 V                  ; 2.8 V              ; -0.0286 V          ; 0.315 V                             ; 0.189 V                             ; 2.98e-10 s                 ; 3.75e-10 s                 ; No                        ; Yes                       ;
; q[52] ; 2.5 V        ; 0 s                 ; 0 s                 ; 2.75 V                       ; 0.000276 V                   ; 2.79 V              ; -0.0289 V           ; 0.314 V                              ; 0.188 V                              ; 2.99e-10 s                  ; 3.75e-10 s                  ; No                         ; Yes                        ; 2.75 V                      ; 0.000276 V                  ; 2.79 V             ; -0.0289 V          ; 0.314 V                             ; 0.188 V                             ; 2.99e-10 s                 ; 3.75e-10 s                 ; No                        ; Yes                       ;
; q[53] ; 2.5 V        ; 0 s                 ; 0 s                 ; 2.75 V                       ; 0.000276 V                   ; 2.79 V              ; -0.0289 V           ; 0.314 V                              ; 0.188 V                              ; 2.99e-10 s                  ; 3.75e-10 s                  ; No                         ; Yes                        ; 2.75 V                      ; 0.000276 V                  ; 2.79 V             ; -0.0289 V          ; 0.314 V                             ; 0.188 V                             ; 2.99e-10 s                 ; 3.75e-10 s                 ; No                        ; Yes                       ;
; q[54] ; 2.5 V        ; 0 s                 ; 0 s                 ; 2.75 V                       ; 0.000279 V                   ; 2.77 V              ; -0.0122 V           ; 0.195 V                              ; 0.099 V                              ; 3.85e-10 s                  ; 4.15e-10 s                  ; No                         ; Yes                        ; 2.75 V                      ; 0.000279 V                  ; 2.77 V             ; -0.0122 V          ; 0.195 V                             ; 0.099 V                             ; 3.85e-10 s                 ; 4.15e-10 s                 ; No                        ; Yes                       ;
; q[55] ; 2.5 V        ; 0 s                 ; 0 s                 ; 2.75 V                       ; 0.000276 V                   ; 2.8 V               ; -0.0286 V           ; 0.315 V                              ; 0.189 V                              ; 2.98e-10 s                  ; 3.75e-10 s                  ; No                         ; Yes                        ; 2.75 V                      ; 0.000276 V                  ; 2.8 V              ; -0.0286 V          ; 0.315 V                             ; 0.189 V                             ; 2.98e-10 s                 ; 3.75e-10 s                 ; No                        ; Yes                       ;
; q[56] ; 2.5 V        ; 0 s                 ; 0 s                 ; 2.75 V                       ; 0.000276 V                   ; 2.78 V              ; -0.0223 V           ; 0.196 V                              ; 0.099 V                              ; 3.84e-10 s                  ; 4.03e-10 s                  ; No                         ; Yes                        ; 2.75 V                      ; 0.000276 V                  ; 2.78 V             ; -0.0223 V          ; 0.196 V                             ; 0.099 V                             ; 3.84e-10 s                 ; 4.03e-10 s                 ; No                        ; Yes                       ;
; q[57] ; 2.5 V        ; 0 s                 ; 0 s                 ; 2.75 V                       ; 0.000276 V                   ; 2.78 V              ; -0.0223 V           ; 0.196 V                              ; 0.099 V                              ; 3.84e-10 s                  ; 4.03e-10 s                  ; No                         ; Yes                        ; 2.75 V                      ; 0.000276 V                  ; 2.78 V             ; -0.0223 V          ; 0.196 V                             ; 0.099 V                             ; 3.84e-10 s                 ; 4.03e-10 s                 ; No                        ; Yes                       ;
; q[58] ; 2.5 V        ; 0 s                 ; 0 s                 ; 2.75 V                       ; 0.000276 V                   ; 2.78 V              ; -0.0223 V           ; 0.196 V                              ; 0.099 V                              ; 3.84e-10 s                  ; 4.03e-10 s                  ; No                         ; Yes                        ; 2.75 V                      ; 0.000276 V                  ; 2.78 V             ; -0.0223 V          ; 0.196 V                             ; 0.099 V                             ; 3.84e-10 s                 ; 4.03e-10 s                 ; No                        ; Yes                       ;
; q[59] ; 2.5 V        ; 0 s                 ; 0 s                 ; 2.75 V                       ; 0.000276 V                   ; 2.8 V               ; -0.0286 V           ; 0.315 V                              ; 0.189 V                              ; 2.98e-10 s                  ; 3.75e-10 s                  ; No                         ; Yes                        ; 2.75 V                      ; 0.000276 V                  ; 2.8 V              ; -0.0286 V          ; 0.315 V                             ; 0.189 V                             ; 2.98e-10 s                 ; 3.75e-10 s                 ; No                        ; Yes                       ;
; q[60] ; 2.5 V        ; 0 s                 ; 0 s                 ; 2.75 V                       ; 0.000276 V                   ; 2.8 V               ; -0.0286 V           ; 0.315 V                              ; 0.189 V                              ; 2.98e-10 s                  ; 3.75e-10 s                  ; No                         ; Yes                        ; 2.75 V                      ; 0.000276 V                  ; 2.8 V              ; -0.0286 V          ; 0.315 V                             ; 0.189 V                             ; 2.98e-10 s                 ; 3.75e-10 s                 ; No                        ; Yes                       ;
; q[61] ; 2.5 V        ; 0 s                 ; 0 s                 ; 2.75 V                       ; 0.000276 V                   ; 2.79 V              ; -0.0289 V           ; 0.314 V                              ; 0.188 V                              ; 2.99e-10 s                  ; 3.75e-10 s                  ; No                         ; Yes                        ; 2.75 V                      ; 0.000276 V                  ; 2.79 V             ; -0.0289 V          ; 0.314 V                             ; 0.188 V                             ; 2.99e-10 s                 ; 3.75e-10 s                 ; No                        ; Yes                       ;
; q[62] ; 2.5 V        ; 0 s                 ; 0 s                 ; 2.75 V                       ; 0.000276 V                   ; 2.8 V               ; -0.0286 V           ; 0.315 V                              ; 0.189 V                              ; 2.98e-10 s                  ; 3.75e-10 s                  ; No                         ; Yes                        ; 2.75 V                      ; 0.000276 V                  ; 2.8 V              ; -0.0286 V          ; 0.315 V                             ; 0.189 V                             ; 2.98e-10 s                 ; 3.75e-10 s                 ; No                        ; Yes                       ;
; q[63] ; 2.5 V        ; 0 s                 ; 0 s                 ; 2.75 V                       ; 0.000276 V                   ; 2.78 V              ; -0.0223 V           ; 0.196 V                              ; 0.099 V                              ; 3.84e-10 s                  ; 4.03e-10 s                  ; No                         ; Yes                        ; 2.75 V                      ; 0.000276 V                  ; 2.78 V             ; -0.0223 V          ; 0.196 V                             ; 0.099 V                             ; 3.84e-10 s                 ; 4.03e-10 s                 ; No                        ; Yes                       ;
+-------+--------------+---------------------+---------------------+------------------------------+------------------------------+---------------------+---------------------+--------------------------------------+--------------------------------------+-----------------------------+-----------------------------+----------------------------+----------------------------+-----------------------------+-----------------------------+--------------------+--------------------+-------------------------------------+-------------------------------------+----------------------------+----------------------------+---------------------------+---------------------------+


+-------------------------------------------------------------------+
; Setup Transfers                                                   ;
+------------+----------+----------+----------+----------+----------+
; From Clock ; To Clock ; RR Paths ; FR Paths ; RF Paths ; FF Paths ;
+------------+----------+----------+----------+----------+----------+
; CLK        ; CLK      ; 1        ; 0        ; 0        ; 0        ;
+------------+----------+----------+----------+----------+----------+
Entries labeled "false path" only account for clock-to-clock false paths and not path-based false paths. As a result, actual path counts may be lower than reported.


+-------------------------------------------------------------------+
; Hold Transfers                                                    ;
+------------+----------+----------+----------+----------+----------+
; From Clock ; To Clock ; RR Paths ; FR Paths ; RF Paths ; FF Paths ;
+------------+----------+----------+----------+----------+----------+
; CLK        ; CLK      ; 1        ; 0        ; 0        ; 0        ;
+------------+----------+----------+----------+----------+----------+
Entries labeled "false path" only account for clock-to-clock false paths and not path-based false paths. As a result, actual path counts may be lower than reported.


---------------
; Report TCCS ;
---------------
No dedicated SERDES Transmitter circuitry present in device or used in design


---------------
; Report RSKM ;
---------------
No non-DPA dedicated SERDES Receiver circuitry present in device or used in design


+------------------------------------------------+
; Unconstrained Paths Summary                    ;
+---------------------------------+-------+------+
; Property                        ; Setup ; Hold ;
+---------------------------------+-------+------+
; Illegal Clocks                  ; 0     ; 0    ;
; Unconstrained Clocks            ; 0     ; 0    ;
; Unconstrained Input Ports       ; 65    ; 65   ;
; Unconstrained Input Port Paths  ; 128   ; 128  ;
; Unconstrained Output Ports      ; 64    ; 64   ;
; Unconstrained Output Port Paths ; 64    ; 64   ;
+---------------------------------+-------+------+


+-------------------------------------+
; Clock Status Summary                ;
+--------+-------+------+-------------+
; Target ; Clock ; Type ; Status      ;
+--------+-------+------+-------------+
; CLK    ; CLK   ; Base ; Constrained ;
+--------+-------+------+-------------+


+---------------------------------------------------------------------------------------------------+
; Unconstrained Input Ports                                                                         ;
+------------+--------------------------------------------------------------------------------------+
; Input Port ; Comment                                                                              ;
+------------+--------------------------------------------------------------------------------------+
; RST        ; No input delay, min/max delays, false-path exceptions, or max skew assignments found ;
; a[60]      ; No input delay, min/max delays, false-path exceptions, or max skew assignments found ;
; a[61]      ; No input delay, min/max delays, false-path exceptions, or max skew assignments found ;
; a[62]      ; No input delay, min/max delays, false-path exceptions, or max skew assignments found ;
; a[63]      ; No input delay, min/max delays, false-path exceptions, or max skew assignments found ;
; a[64]      ; No input delay, min/max delays, false-path exceptions, or max skew assignments found ;
; a[65]      ; No input delay, min/max delays, false-path exceptions, or max skew assignments found ;
; a[66]      ; No input delay, min/max delays, false-path exceptions, or max skew assignments found ;
; a[67]      ; No input delay, min/max delays, false-path exceptions, or max skew assignments found ;
; a[68]      ; No input delay, min/max delays, false-path exceptions, or max skew assignments found ;
; a[69]      ; No input delay, min/max delays, false-path exceptions, or max skew assignments found ;
; a[70]      ; No input delay, min/max delays, false-path exceptions, or max skew assignments found ;
; a[71]      ; No input delay, min/max delays, false-path exceptions, or max skew assignments found ;
; a[72]      ; No input delay, min/max delays, false-path exceptions, or max skew assignments found ;
; a[73]      ; No input delay, min/max delays, false-path exceptions, or max skew assignments found ;
; a[74]      ; No input delay, min/max delays, false-path exceptions, or max skew assignments found ;
; a[75]      ; No input delay, min/max delays, false-path exceptions, or max skew assignments found ;
; a[76]      ; No input delay, min/max delays, false-path exceptions, or max skew assignments found ;
; a[77]      ; No input delay, min/max delays, false-path exceptions, or max skew assignments found ;
; a[78]      ; No input delay, min/max delays, false-path exceptions, or max skew assignments found ;
; a[79]      ; No input delay, min/max delays, false-path exceptions, or max skew assignments found ;
; a[80]      ; No input delay, min/max delays, false-path exceptions, or max skew assignments found ;
; a[81]      ; No input delay, min/max delays, false-path exceptions, or max skew assignments found ;
; a[82]      ; No input delay, min/max delays, false-path exceptions, or max skew assignments found ;
; a[83]      ; No input delay, min/max delays, false-path exceptions, or max skew assignments found ;
; a[84]      ; No input delay, min/max delays, false-path exceptions, or max skew assignments found ;
; a[85]      ; No input delay, min/max delays, false-path exceptions, or max skew assignments found ;
; a[86]      ; No input delay, min/max delays, false-path exceptions, or max skew assignments found ;
; a[87]      ; No input delay, min/max delays, false-path exceptions, or max skew assignments found ;
; a[88]      ; No input delay, min/max delays, false-path exceptions, or max skew assignments found ;
; a[89]      ; No input delay, min/max delays, false-path exceptions, or max skew assignments found ;
; a[90]      ; No input delay, min/max delays, false-path exceptions, or max skew assignments found ;
; a[91]      ; No input delay, min/max delays, false-path exceptions, or max skew assignments found ;
; a[92]      ; No input delay, min/max delays, false-path exceptions, or max skew assignments found ;
; a[93]      ; No input delay, min/max delays, false-path exceptions, or max skew assignments found ;
; a[94]      ; No input delay, min/max delays, false-path exceptions, or max skew assignments found ;
; a[95]      ; No input delay, min/max delays, false-path exceptions, or max skew assignments found ;
; a[96]      ; No input delay, min/max delays, false-path exceptions, or max skew assignments found ;
; a[97]      ; No input delay, min/max delays, false-path exceptions, or max skew assignments found ;
; a[98]      ; No input delay, min/max delays, false-path exceptions, or max skew assignments found ;
; a[99]      ; No input delay, min/max delays, false-path exceptions, or max skew assignments found ;
; a[100]     ; No input delay, min/max delays, false-path exceptions, or max skew assignments found ;
; a[101]     ; No input delay, min/max delays, false-path exceptions, or max skew assignments found ;
; a[102]     ; No input delay, min/max delays, false-path exceptions, or max skew assignments found ;
; a[103]     ; No input delay, min/max delays, false-path exceptions, or max skew assignments found ;
; a[104]     ; No input delay, min/max delays, false-path exceptions, or max skew assignments found ;
; a[105]     ; No input delay, min/max delays, false-path exceptions, or max skew assignments found ;
; a[106]     ; No input delay, min/max delays, false-path exceptions, or max skew assignments found ;
; a[107]     ; No input delay, min/max delays, false-path exceptions, or max skew assignments found ;
; a[108]     ; No input delay, min/max delays, false-path exceptions, or max skew assignments found ;
; a[109]     ; No input delay, min/max delays, false-path exceptions, or max skew assignments found ;
; a[110]     ; No input delay, min/max delays, false-path exceptions, or max skew assignments found ;
; a[111]     ; No input delay, min/max delays, false-path exceptions, or max skew assignments found ;
; a[112]     ; No input delay, min/max delays, false-path exceptions, or max skew assignments found ;
; a[113]     ; No input delay, min/max delays, false-path exceptions, or max skew assignments found ;
; a[114]     ; No input delay, min/max delays, false-path exceptions, or max skew assignments found ;
; a[115]     ; No input delay, min/max delays, false-path exceptions, or max skew assignments found ;
; a[116]     ; No input delay, min/max delays, false-path exceptions, or max skew assignments found ;
; a[117]     ; No input delay, min/max delays, false-path exceptions, or max skew assignments found ;
; a[118]     ; No input delay, min/max delays, false-path exceptions, or max skew assignments found ;
; a[119]     ; No input delay, min/max delays, false-path exceptions, or max skew assignments found ;
; a[120]     ; No input delay, min/max delays, false-path exceptions, or max skew assignments found ;
; a[121]     ; No input delay, min/max delays, false-path exceptions, or max skew assignments found ;
; a[122]     ; No input delay, min/max delays, false-path exceptions, or max skew assignments found ;
; a[123]     ; No input delay, min/max delays, false-path exceptions, or max skew assignments found ;
+------------+--------------------------------------------------------------------------------------+


+-----------------------------------------------------------------------------------------------------+
; Unconstrained Output Ports                                                                          ;
+-------------+---------------------------------------------------------------------------------------+
; Output Port ; Comment                                                                               ;
+-------------+---------------------------------------------------------------------------------------+
; q[0]        ; No output delay, min/max delays, false-path exceptions, or max skew assignments found ;
; q[1]        ; No output delay, min/max delays, false-path exceptions, or max skew assignments found ;
; q[2]        ; No output delay, min/max delays, false-path exceptions, or max skew assignments found ;
; q[3]        ; No output delay, min/max delays, false-path exceptions, or max skew assignments found ;
; q[4]        ; No output delay, min/max delays, false-path exceptions, or max skew assignments found ;
; q[5]        ; No output delay, min/max delays, false-path exceptions, or max skew assignments found ;
; q[6]        ; No output delay, min/max delays, false-path exceptions, or max skew assignments found ;
; q[7]        ; No output delay, min/max delays, false-path exceptions, or max skew assignments found ;
; q[8]        ; No output delay, min/max delays, false-path exceptions, or max skew assignments found ;
; q[9]        ; No output delay, min/max delays, false-path exceptions, or max skew assignments found ;
; q[10]       ; No output delay, min/max delays, false-path exceptions, or max skew assignments found ;
; q[11]       ; No output delay, min/max delays, false-path exceptions, or max skew assignments found ;
; q[12]       ; No output delay, min/max delays, false-path exceptions, or max skew assignments found ;
; q[13]       ; No output delay, min/max delays, false-path exceptions, or max skew assignments found ;
; q[14]       ; No output delay, min/max delays, false-path exceptions, or max skew assignments found ;
; q[15]       ; No output delay, min/max delays, false-path exceptions, or max skew assignments found ;
; q[16]       ; No output delay, min/max delays, false-path exceptions, or max skew assignments found ;
; q[17]       ; No output delay, min/max delays, false-path exceptions, or max skew assignments found ;
; q[18]       ; No output delay, min/max delays, false-path exceptions, or max skew assignments found ;
; q[19]       ; No output delay, min/max delays, false-path exceptions, or max skew assignments found ;
; q[20]       ; No output delay, min/max delays, false-path exceptions, or max skew assignments found ;
; q[21]       ; No output delay, min/max delays, false-path exceptions, or max skew assignments found ;
; q[22]       ; No output delay, min/max delays, false-path exceptions, or max skew assignments found ;
; q[23]       ; No output delay, min/max delays, false-path exceptions, or max skew assignments found ;
; q[24]       ; No output delay, min/max delays, false-path exceptions, or max skew assignments found ;
; q[25]       ; No output delay, min/max delays, false-path exceptions, or max skew assignments found ;
; q[26]       ; No output delay, min/max delays, false-path exceptions, or max skew assignments found ;
; q[27]       ; No output delay, min/max delays, false-path exceptions, or max skew assignments found ;
; q[28]       ; No output delay, min/max delays, false-path exceptions, or max skew assignments found ;
; q[29]       ; No output delay, min/max delays, false-path exceptions, or max skew assignments found ;
; q[30]       ; No output delay, min/max delays, false-path exceptions, or max skew assignments found ;
; q[31]       ; No output delay, min/max delays, false-path exceptions, or max skew assignments found ;
; q[32]       ; No output delay, min/max delays, false-path exceptions, or max skew assignments found ;
; q[33]       ; No output delay, min/max delays, false-path exceptions, or max skew assignments found ;
; q[34]       ; No output delay, min/max delays, false-path exceptions, or max skew assignments found ;
; q[35]       ; No output delay, min/max delays, false-path exceptions, or max skew assignments found ;
; q[36]       ; No output delay, min/max delays, false-path exceptions, or max skew assignments found ;
; q[37]       ; No output delay, min/max delays, false-path exceptions, or max skew assignments found ;
; q[38]       ; No output delay, min/max delays, false-path exceptions, or max skew assignments found ;
; q[39]       ; No output delay, min/max delays, false-path exceptions, or max skew assignments found ;
; q[40]       ; No output delay, min/max delays, false-path exceptions, or max skew assignments found ;
; q[41]       ; No output delay, min/max delays, false-path exceptions, or max skew assignments found ;
; q[42]       ; No output delay, min/max delays, false-path exceptions, or max skew assignments found ;
; q[43]       ; No output delay, min/max delays, false-path exceptions, or max skew assignments found ;
; q[44]       ; No output delay, min/max delays, false-path exceptions, or max skew assignments found ;
; q[45]       ; No output delay, min/max delays, false-path exceptions, or max skew assignments found ;
; q[46]       ; No output delay, min/max delays, false-path exceptions, or max skew assignments found ;
; q[47]       ; No output delay, min/max delays, false-path exceptions, or max skew assignments found ;
; q[48]       ; No output delay, min/max delays, false-path exceptions, or max skew assignments found ;
; q[49]       ; No output delay, min/max delays, false-path exceptions, or max skew assignments found ;
; q[50]       ; No output delay, min/max delays, false-path exceptions, or max skew assignments found ;
; q[51]       ; No output delay, min/max delays, false-path exceptions, or max skew assignments found ;
; q[52]       ; No output delay, min/max delays, false-path exceptions, or max skew assignments found ;
; q[53]       ; No output delay, min/max delays, false-path exceptions, or max skew assignments found ;
; q[54]       ; No output delay, min/max delays, false-path exceptions, or max skew assignments found ;
; q[55]       ; No output delay, min/max delays, false-path exceptions, or max skew assignments found ;
; q[56]       ; No output delay, min/max delays, false-path exceptions, or max skew assignments found ;
; q[57]       ; No output delay, min/max delays, false-path exceptions, or max skew assignments found ;
; q[58]       ; No output delay, min/max delays, false-path exceptions, or max skew assignments found ;
; q[59]       ; No output delay, min/max delays, false-path exceptions, or max skew assignments found ;
; q[60]       ; No output delay, min/max delays, false-path exceptions, or max skew assignments found ;
; q[61]       ; No output delay, min/max delays, false-path exceptions, or max skew assignments found ;
; q[62]       ; No output delay, min/max delays, false-path exceptions, or max skew assignments found ;
; q[63]       ; No output delay, min/max delays, false-path exceptions, or max skew assignments found ;
+-------------+---------------------------------------------------------------------------------------+


+---------------------------------------------------------------------------------------------------+
; Unconstrained Input Ports                                                                         ;
+------------+--------------------------------------------------------------------------------------+
; Input Port ; Comment                                                                              ;
+------------+--------------------------------------------------------------------------------------+
; RST        ; No input delay, min/max delays, false-path exceptions, or max skew assignments found ;
; a[60]      ; No input delay, min/max delays, false-path exceptions, or max skew assignments found ;
; a[61]      ; No input delay, min/max delays, false-path exceptions, or max skew assignments found ;
; a[62]      ; No input delay, min/max delays, false-path exceptions, or max skew assignments found ;
; a[63]      ; No input delay, min/max delays, false-path exceptions, or max skew assignments found ;
; a[64]      ; No input delay, min/max delays, false-path exceptions, or max skew assignments found ;
; a[65]      ; No input delay, min/max delays, false-path exceptions, or max skew assignments found ;
; a[66]      ; No input delay, min/max delays, false-path exceptions, or max skew assignments found ;
; a[67]      ; No input delay, min/max delays, false-path exceptions, or max skew assignments found ;
; a[68]      ; No input delay, min/max delays, false-path exceptions, or max skew assignments found ;
; a[69]      ; No input delay, min/max delays, false-path exceptions, or max skew assignments found ;
; a[70]      ; No input delay, min/max delays, false-path exceptions, or max skew assignments found ;
; a[71]      ; No input delay, min/max delays, false-path exceptions, or max skew assignments found ;
; a[72]      ; No input delay, min/max delays, false-path exceptions, or max skew assignments found ;
; a[73]      ; No input delay, min/max delays, false-path exceptions, or max skew assignments found ;
; a[74]      ; No input delay, min/max delays, false-path exceptions, or max skew assignments found ;
; a[75]      ; No input delay, min/max delays, false-path exceptions, or max skew assignments found ;
; a[76]      ; No input delay, min/max delays, false-path exceptions, or max skew assignments found ;
; a[77]      ; No input delay, min/max delays, false-path exceptions, or max skew assignments found ;
; a[78]      ; No input delay, min/max delays, false-path exceptions, or max skew assignments found ;
; a[79]      ; No input delay, min/max delays, false-path exceptions, or max skew assignments found ;
; a[80]      ; No input delay, min/max delays, false-path exceptions, or max skew assignments found ;
; a[81]      ; No input delay, min/max delays, false-path exceptions, or max skew assignments found ;
; a[82]      ; No input delay, min/max delays, false-path exceptions, or max skew assignments found ;
; a[83]      ; No input delay, min/max delays, false-path exceptions, or max skew assignments found ;
; a[84]      ; No input delay, min/max delays, false-path exceptions, or max skew assignments found ;
; a[85]      ; No input delay, min/max delays, false-path exceptions, or max skew assignments found ;
; a[86]      ; No input delay, min/max delays, false-path exceptions, or max skew assignments found ;
; a[87]      ; No input delay, min/max delays, false-path exceptions, or max skew assignments found ;
; a[88]      ; No input delay, min/max delays, false-path exceptions, or max skew assignments found ;
; a[89]      ; No input delay, min/max delays, false-path exceptions, or max skew assignments found ;
; a[90]      ; No input delay, min/max delays, false-path exceptions, or max skew assignments found ;
; a[91]      ; No input delay, min/max delays, false-path exceptions, or max skew assignments found ;
; a[92]      ; No input delay, min/max delays, false-path exceptions, or max skew assignments found ;
; a[93]      ; No input delay, min/max delays, false-path exceptions, or max skew assignments found ;
; a[94]      ; No input delay, min/max delays, false-path exceptions, or max skew assignments found ;
; a[95]      ; No input delay, min/max delays, false-path exceptions, or max skew assignments found ;
; a[96]      ; No input delay, min/max delays, false-path exceptions, or max skew assignments found ;
; a[97]      ; No input delay, min/max delays, false-path exceptions, or max skew assignments found ;
; a[98]      ; No input delay, min/max delays, false-path exceptions, or max skew assignments found ;
; a[99]      ; No input delay, min/max delays, false-path exceptions, or max skew assignments found ;
; a[100]     ; No input delay, min/max delays, false-path exceptions, or max skew assignments found ;
; a[101]     ; No input delay, min/max delays, false-path exceptions, or max skew assignments found ;
; a[102]     ; No input delay, min/max delays, false-path exceptions, or max skew assignments found ;
; a[103]     ; No input delay, min/max delays, false-path exceptions, or max skew assignments found ;
; a[104]     ; No input delay, min/max delays, false-path exceptions, or max skew assignments found ;
; a[105]     ; No input delay, min/max delays, false-path exceptions, or max skew assignments found ;
; a[106]     ; No input delay, min/max delays, false-path exceptions, or max skew assignments found ;
; a[107]     ; No input delay, min/max delays, false-path exceptions, or max skew assignments found ;
; a[108]     ; No input delay, min/max delays, false-path exceptions, or max skew assignments found ;
; a[109]     ; No input delay, min/max delays, false-path exceptions, or max skew assignments found ;
; a[110]     ; No input delay, min/max delays, false-path exceptions, or max skew assignments found ;
; a[111]     ; No input delay, min/max delays, false-path exceptions, or max skew assignments found ;
; a[112]     ; No input delay, min/max delays, false-path exceptions, or max skew assignments found ;
; a[113]     ; No input delay, min/max delays, false-path exceptions, or max skew assignments found ;
; a[114]     ; No input delay, min/max delays, false-path exceptions, or max skew assignments found ;
; a[115]     ; No input delay, min/max delays, false-path exceptions, or max skew assignments found ;
; a[116]     ; No input delay, min/max delays, false-path exceptions, or max skew assignments found ;
; a[117]     ; No input delay, min/max delays, false-path exceptions, or max skew assignments found ;
; a[118]     ; No input delay, min/max delays, false-path exceptions, or max skew assignments found ;
; a[119]     ; No input delay, min/max delays, false-path exceptions, or max skew assignments found ;
; a[120]     ; No input delay, min/max delays, false-path exceptions, or max skew assignments found ;
; a[121]     ; No input delay, min/max delays, false-path exceptions, or max skew assignments found ;
; a[122]     ; No input delay, min/max delays, false-path exceptions, or max skew assignments found ;
; a[123]     ; No input delay, min/max delays, false-path exceptions, or max skew assignments found ;
+------------+--------------------------------------------------------------------------------------+


+-----------------------------------------------------------------------------------------------------+
; Unconstrained Output Ports                                                                          ;
+-------------+---------------------------------------------------------------------------------------+
; Output Port ; Comment                                                                               ;
+-------------+---------------------------------------------------------------------------------------+
; q[0]        ; No output delay, min/max delays, false-path exceptions, or max skew assignments found ;
; q[1]        ; No output delay, min/max delays, false-path exceptions, or max skew assignments found ;
; q[2]        ; No output delay, min/max delays, false-path exceptions, or max skew assignments found ;
; q[3]        ; No output delay, min/max delays, false-path exceptions, or max skew assignments found ;
; q[4]        ; No output delay, min/max delays, false-path exceptions, or max skew assignments found ;
; q[5]        ; No output delay, min/max delays, false-path exceptions, or max skew assignments found ;
; q[6]        ; No output delay, min/max delays, false-path exceptions, or max skew assignments found ;
; q[7]        ; No output delay, min/max delays, false-path exceptions, or max skew assignments found ;
; q[8]        ; No output delay, min/max delays, false-path exceptions, or max skew assignments found ;
; q[9]        ; No output delay, min/max delays, false-path exceptions, or max skew assignments found ;
; q[10]       ; No output delay, min/max delays, false-path exceptions, or max skew assignments found ;
; q[11]       ; No output delay, min/max delays, false-path exceptions, or max skew assignments found ;
; q[12]       ; No output delay, min/max delays, false-path exceptions, or max skew assignments found ;
; q[13]       ; No output delay, min/max delays, false-path exceptions, or max skew assignments found ;
; q[14]       ; No output delay, min/max delays, false-path exceptions, or max skew assignments found ;
; q[15]       ; No output delay, min/max delays, false-path exceptions, or max skew assignments found ;
; q[16]       ; No output delay, min/max delays, false-path exceptions, or max skew assignments found ;
; q[17]       ; No output delay, min/max delays, false-path exceptions, or max skew assignments found ;
; q[18]       ; No output delay, min/max delays, false-path exceptions, or max skew assignments found ;
; q[19]       ; No output delay, min/max delays, false-path exceptions, or max skew assignments found ;
; q[20]       ; No output delay, min/max delays, false-path exceptions, or max skew assignments found ;
; q[21]       ; No output delay, min/max delays, false-path exceptions, or max skew assignments found ;
; q[22]       ; No output delay, min/max delays, false-path exceptions, or max skew assignments found ;
; q[23]       ; No output delay, min/max delays, false-path exceptions, or max skew assignments found ;
; q[24]       ; No output delay, min/max delays, false-path exceptions, or max skew assignments found ;
; q[25]       ; No output delay, min/max delays, false-path exceptions, or max skew assignments found ;
; q[26]       ; No output delay, min/max delays, false-path exceptions, or max skew assignments found ;
; q[27]       ; No output delay, min/max delays, false-path exceptions, or max skew assignments found ;
; q[28]       ; No output delay, min/max delays, false-path exceptions, or max skew assignments found ;
; q[29]       ; No output delay, min/max delays, false-path exceptions, or max skew assignments found ;
; q[30]       ; No output delay, min/max delays, false-path exceptions, or max skew assignments found ;
; q[31]       ; No output delay, min/max delays, false-path exceptions, or max skew assignments found ;
; q[32]       ; No output delay, min/max delays, false-path exceptions, or max skew assignments found ;
; q[33]       ; No output delay, min/max delays, false-path exceptions, or max skew assignments found ;
; q[34]       ; No output delay, min/max delays, false-path exceptions, or max skew assignments found ;
; q[35]       ; No output delay, min/max delays, false-path exceptions, or max skew assignments found ;
; q[36]       ; No output delay, min/max delays, false-path exceptions, or max skew assignments found ;
; q[37]       ; No output delay, min/max delays, false-path exceptions, or max skew assignments found ;
; q[38]       ; No output delay, min/max delays, false-path exceptions, or max skew assignments found ;
; q[39]       ; No output delay, min/max delays, false-path exceptions, or max skew assignments found ;
; q[40]       ; No output delay, min/max delays, false-path exceptions, or max skew assignments found ;
; q[41]       ; No output delay, min/max delays, false-path exceptions, or max skew assignments found ;
; q[42]       ; No output delay, min/max delays, false-path exceptions, or max skew assignments found ;
; q[43]       ; No output delay, min/max delays, false-path exceptions, or max skew assignments found ;
; q[44]       ; No output delay, min/max delays, false-path exceptions, or max skew assignments found ;
; q[45]       ; No output delay, min/max delays, false-path exceptions, or max skew assignments found ;
; q[46]       ; No output delay, min/max delays, false-path exceptions, or max skew assignments found ;
; q[47]       ; No output delay, min/max delays, false-path exceptions, or max skew assignments found ;
; q[48]       ; No output delay, min/max delays, false-path exceptions, or max skew assignments found ;
; q[49]       ; No output delay, min/max delays, false-path exceptions, or max skew assignments found ;
; q[50]       ; No output delay, min/max delays, false-path exceptions, or max skew assignments found ;
; q[51]       ; No output delay, min/max delays, false-path exceptions, or max skew assignments found ;
; q[52]       ; No output delay, min/max delays, false-path exceptions, or max skew assignments found ;
; q[53]       ; No output delay, min/max delays, false-path exceptions, or max skew assignments found ;
; q[54]       ; No output delay, min/max delays, false-path exceptions, or max skew assignments found ;
; q[55]       ; No output delay, min/max delays, false-path exceptions, or max skew assignments found ;
; q[56]       ; No output delay, min/max delays, false-path exceptions, or max skew assignments found ;
; q[57]       ; No output delay, min/max delays, false-path exceptions, or max skew assignments found ;
; q[58]       ; No output delay, min/max delays, false-path exceptions, or max skew assignments found ;
; q[59]       ; No output delay, min/max delays, false-path exceptions, or max skew assignments found ;
; q[60]       ; No output delay, min/max delays, false-path exceptions, or max skew assignments found ;
; q[61]       ; No output delay, min/max delays, false-path exceptions, or max skew assignments found ;
; q[62]       ; No output delay, min/max delays, false-path exceptions, or max skew assignments found ;
; q[63]       ; No output delay, min/max delays, false-path exceptions, or max skew assignments found ;
+-------------+---------------------------------------------------------------------------------------+


+--------------------------+
; Timing Analyzer Messages ;
+--------------------------+
Info: *******************************************************************
Info: Running Quartus Prime Timing Analyzer
    Info: Version 25.1std.0 Build 1129 10/21/2025 SC Standard Edition
    Info: Processing started: Wed May  6 10:32:21 2026
Info: Command: quartus_sta Golden_TOP -c Golden_TOP
Info: qsta_default_script.tcl version: #1
Warning (20013): Ignored 16 assignments for entity "FP2Fix53" -- entity does not exist in design
    Warning (20014): Assignment for entity set_global_assignment -name IP_TOOL_NAME altera_fp_functions -entity FP2Fix53 -sip FP2Fix53.sip -library lib_FP2Fix53 was ignored
    Warning (20014): Assignment for entity set_global_assignment -name IP_TOOL_VERSION 25.1 -entity FP2Fix53 -sip FP2Fix53.sip -library lib_FP2Fix53 was ignored
    Warning (20014): Assignment for entity set_global_assignment -name IP_TOOL_ENV mwpim -entity FP2Fix53 -sip FP2Fix53.sip -library lib_FP2Fix53 was ignored
Warning (20013): Ignored 65 assignments for entity "FP2Fix53_0002" -- entity does not exist in design
Warning (20013): Ignored 16 assignments for entity "Fix53toFP64" -- entity does not exist in design
    Warning (20014): Assignment for entity set_global_assignment -name IP_TOOL_NAME altera_fp_functions -entity Fix53toFP64 -sip Fix53toFP64.sip -library lib_Fix53toFP64 was ignored
    Warning (20014): Assignment for entity set_global_assignment -name IP_TOOL_VERSION 25.1 -entity Fix53toFP64 -sip Fix53toFP64.sip -library lib_Fix53toFP64 was ignored
    Warning (20014): Assignment for entity set_global_assignment -name IP_TOOL_ENV mwpim -entity Fix53toFP64 -sip Fix53toFP64.sip -library lib_Fix53toFP64 was ignored
Warning (20013): Ignored 65 assignments for entity "Fix53toFP64_0002" -- entity does not exist in design
Warning (20013): Ignored 16 assignments for entity "addFPF64" -- entity does not exist in design
    Warning (20014): Assignment for entity set_global_assignment -name IP_TOOL_NAME altera_fp_functions -entity addFPF64 -sip addFPF64.sip -library lib_addFPF64 was ignored
    Warning (20014): Assignment for entity set_global_assignment -name IP_TOOL_VERSION 25.1 -entity addFPF64 -sip addFPF64.sip -library lib_addFPF64 was ignored
    Warning (20014): Assignment for entity set_global_assignment -name IP_TOOL_ENV mwpim -entity addFPF64 -sip addFPF64.sip -library lib_addFPF64 was ignored
Warning (20013): Ignored 65 assignments for entity "addFPF64_0002" -- entity does not exist in design
Warning (20013): Ignored 22 assignments for entity "cordicR" -- entity does not exist in design
    Warning (20014): Assignment for entity set_global_assignment -name IP_TOOL_NAME Qsys -entity cordicR -sip cordicR/simulation/cordicR.sip -library lib_cordicR was ignored
    Warning (20014): Assignment for entity set_global_assignment -name IP_TOOL_VERSION 25.1 -entity cordicR -sip cordicR/simulation/cordicR.sip -library lib_cordicR was ignored
    Warning (20014): Assignment for entity set_global_assignment -name IP_TOOL_ENV Qsys -entity cordicR -sip cordicR/simulation/cordicR.sip -library lib_cordicR was ignored
Warning (20013): Ignored 38 assignments for entity "cordicR_CORDIC_0" -- entity does not exist in design
Warning (20013): Ignored 16 assignments for entity "mulFPF64" -- entity does not exist in design
    Warning (20014): Assignment for entity set_global_assignment -name IP_TOOL_NAME altera_fp_functions -entity mulFPF64 -sip mulFPF64.sip -library lib_mulFPF64 was ignored
    Warning (20014): Assignment for entity set_global_assignment -name IP_TOOL_VERSION 25.1 -entity mulFPF64 -sip mulFPF64.sip -library lib_mulFPF64 was ignored
    Warning (20014): Assignment for entity set_global_assignment -name IP_TOOL_ENV mwpim -entity mulFPF64 -sip mulFPF64.sip -library lib_mulFPF64 was ignored
Warning (20013): Ignored 65 assignments for entity "mulFPF64_0002" -- entity does not exist in design
Warning (20013): Ignored 16 assignments for entity "pll2" -- entity does not exist in design
    Warning (20014): Assignment for entity set_global_assignment -name IP_TOOL_NAME altera_pll -entity pll2 -sip pll2.sip -library lib_pll2 was ignored
    Warning (20014): Assignment for entity set_global_assignment -name IP_TOOL_VERSION 25.1 -entity pll2 -sip pll2.sip -library lib_pll2 was ignored
    Warning (20014): Assignment for entity set_global_assignment -name IP_TOOL_ENV mwpim -entity pll2 -sip pll2.sip -library lib_pll2 was ignored
Warning (20013): Ignored 318 assignments for entity "pll2_0002" -- entity does not exist in design
Info (20030): Parallel compilation is enabled and will use 4 of the 4 processors detected
Info (21077): Low junction temperature is -40 degrees C
Info (21077): High junction temperature is 100 degrees C
Info (332104): Reading SDC File: 'Golden_TOP.sdc'
Warning (332174): Ignored filter at Golden_TOP.sdc(10): OSC_MAIN could not be matched with a port File: C:/new_fpga/QAOAHP/main/Base/Simulators/FPGA/NTU_FPGA2/Golden_TOP.sdc Line: 10
Warning (332049): Ignored create_clock at Golden_TOP.sdc(10): Argument <targets> is an empty collection File: C:/new_fpga/QAOAHP/main/Base/Simulators/FPGA/NTU_FPGA2/Golden_TOP.sdc Line: 10
    Info (332050): create_clock -period 20.000ns  [get_ports OSC_MAIN] File: C:/new_fpga/QAOAHP/main/Base/Simulators/FPGA/NTU_FPGA2/Golden_TOP.sdc Line: 10
Warning (332174): Ignored filter at Golden_TOP.sdc(11): OSC_50_B4A could not be matched with a port File: C:/new_fpga/QAOAHP/main/Base/Simulators/FPGA/NTU_FPGA2/Golden_TOP.sdc Line: 11
Warning (332049): Ignored create_clock at Golden_TOP.sdc(11): Argument <targets> is an empty collection File: C:/new_fpga/QAOAHP/main/Base/Simulators/FPGA/NTU_FPGA2/Golden_TOP.sdc Line: 11
    Info (332050): create_clock -period 20.000ns [get_ports OSC_50_B4A] File: C:/new_fpga/QAOAHP/main/Base/Simulators/FPGA/NTU_FPGA2/Golden_TOP.sdc Line: 11
Warning (332174): Ignored filter at Golden_TOP.sdc(12): OSC_50_B4D could not be matched with a port File: C:/new_fpga/QAOAHP/main/Base/Simulators/FPGA/NTU_FPGA2/Golden_TOP.sdc Line: 12
Warning (332049): Ignored create_clock at Golden_TOP.sdc(12): Argument <targets> is an empty collection File: C:/new_fpga/QAOAHP/main/Base/Simulators/FPGA/NTU_FPGA2/Golden_TOP.sdc Line: 12
    Info (332050): create_clock -period 20.000ns [get_ports OSC_50_B4D] File: C:/new_fpga/QAOAHP/main/Base/Simulators/FPGA/NTU_FPGA2/Golden_TOP.sdc Line: 12
Warning (332174): Ignored filter at Golden_TOP.sdc(13): OSC_50_B7A could not be matched with a port File: C:/new_fpga/QAOAHP/main/Base/Simulators/FPGA/NTU_FPGA2/Golden_TOP.sdc Line: 13
Warning (332049): Ignored create_clock at Golden_TOP.sdc(13): Argument <targets> is an empty collection File: C:/new_fpga/QAOAHP/main/Base/Simulators/FPGA/NTU_FPGA2/Golden_TOP.sdc Line: 13
    Info (332050): create_clock -period 20.000ns [get_ports OSC_50_B7A] File: C:/new_fpga/QAOAHP/main/Base/Simulators/FPGA/NTU_FPGA2/Golden_TOP.sdc Line: 13
Warning (332174): Ignored filter at Golden_TOP.sdc(14): OSC_50_B7D could not be matched with a port File: C:/new_fpga/QAOAHP/main/Base/Simulators/FPGA/NTU_FPGA2/Golden_TOP.sdc Line: 14
Warning (332049): Ignored create_clock at Golden_TOP.sdc(14): Argument <targets> is an empty collection File: C:/new_fpga/QAOAHP/main/Base/Simulators/FPGA/NTU_FPGA2/Golden_TOP.sdc Line: 14
    Info (332050): create_clock -period 20.000ns [get_ports OSC_50_B7D] File: C:/new_fpga/QAOAHP/main/Base/Simulators/FPGA/NTU_FPGA2/Golden_TOP.sdc Line: 14
Warning (332174): Ignored filter at Golden_TOP.sdc(15): OSC_50_B8A could not be matched with a port File: C:/new_fpga/QAOAHP/main/Base/Simulators/FPGA/NTU_FPGA2/Golden_TOP.sdc Line: 15
Warning (332049): Ignored create_clock at Golden_TOP.sdc(15): Argument <targets> is an empty collection File: C:/new_fpga/QAOAHP/main/Base/Simulators/FPGA/NTU_FPGA2/Golden_TOP.sdc Line: 15
    Info (332050): create_clock -period 20.000ns [get_ports OSC_50_B8A] File: C:/new_fpga/QAOAHP/main/Base/Simulators/FPGA/NTU_FPGA2/Golden_TOP.sdc Line: 15
Warning (332174): Ignored filter at Golden_TOP.sdc(16): OSC_50_B8D could not be matched with a port File: C:/new_fpga/QAOAHP/main/Base/Simulators/FPGA/NTU_FPGA2/Golden_TOP.sdc Line: 16
Warning (332049): Ignored create_clock at Golden_TOP.sdc(16): Argument <targets> is an empty collection File: C:/new_fpga/QAOAHP/main/Base/Simulators/FPGA/NTU_FPGA2/Golden_TOP.sdc Line: 16
    Info (332050): create_clock -period 20.000ns [get_ports OSC_50_B8D] File: C:/new_fpga/QAOAHP/main/Base/Simulators/FPGA/NTU_FPGA2/Golden_TOP.sdc Line: 16
Info (332151): Clock uncertainty is not calculated until you update the timing netlist.
Info (332142): No user constrained base clocks found in the design. Calling "derive_clocks -period 1.0"
Info (332105): Deriving Clocks
    Info (332105): create_clock -period 1.000 -name CLK CLK
Info (332123): Deriving Clock Uncertainty. Please refer to report_sdc in the Timing Analyzer to see clock uncertainties.
Info: Found TIMING_ANALYZER_REPORT_SCRIPT_INCLUDE_DEFAULT_ANALYSIS = ON
Info: Analyzing Slow 900mV 100C Model
Info (332146): Worst-case setup slack is 0.930
    Info (332119):     Slack       End Point TNS Clock 
    Info (332119): ========= =================== =====================
    Info (332119):     0.930               0.000 CLK 
Info (332146): Worst-case hold slack is 1.538
    Info (332119):     Slack       End Point TNS Clock 
    Info (332119): ========= =================== =====================
    Info (332119):     1.538               0.000 CLK 
Info (332140): No Recovery paths to report
Info (332140): No Removal paths to report
Critical Warning (332148): Timing requirements not met
    Info (11105): For recommendations on closing timing, run Report Timing Closure Recommendations in the Timing Analyzer.
Info (332146): Worst-case minimum pulse width slack is -0.538
    Info (332119):     Slack       End Point TNS Clock 
    Info (332119): ========= =================== =====================
    Info (332119):    -0.538             -37.627 CLK 
Info: Analyzing Slow 900mV -40C Model
Info (334003): Started post-fitting delay annotation
Info (334004): Delay annotation completed successfully
Info (332123): Deriving Clock Uncertainty. Please refer to report_sdc in the Timing Analyzer to see clock uncertainties.
Info (332146): Worst-case setup slack is 0.930
    Info (332119):     Slack       End Point TNS Clock 
    Info (332119): ========= =================== =====================
    Info (332119):     0.930               0.000 CLK 
Info (332146): Worst-case hold slack is 1.538
    Info (332119):     Slack       End Point TNS Clock 
    Info (332119): ========= =================== =====================
    Info (332119):     1.538               0.000 CLK 
Info (332140): No Recovery paths to report
Info (332140): No Removal paths to report
Critical Warning (332148): Timing requirements not met
    Info (11105): For recommendations on closing timing, run Report Timing Closure Recommendations in the Timing Analyzer.
Info (332146): Worst-case minimum pulse width slack is -0.538
    Info (332119):     Slack       End Point TNS Clock 
    Info (332119): ========= =================== =====================
    Info (332119):    -0.538             -45.179 CLK 
Info: Analyzing Fast 900mV 100C Model
Info (334003): Started post-fitting delay annotation
Info (334004): Delay annotation completed successfully
Info (332123): Deriving Clock Uncertainty. Please refer to report_sdc in the Timing Analyzer to see clock uncertainties.
Info (332146): Worst-case setup slack is 0.930
    Info (332119):     Slack       End Point TNS Clock 
    Info (332119): ========= =================== =====================
    Info (332119):     0.930               0.000 CLK 
Info (332146): Worst-case hold slack is 0.833
    Info (332119):     Slack       End Point TNS Clock 
    Info (332119): ========= =================== =====================
    Info (332119):     0.833               0.000 CLK 
Info (332140): No Recovery paths to report
Info (332140): No Removal paths to report
Critical Warning (332148): Timing requirements not met
    Info (11105): For recommendations on closing timing, run Report Timing Closure Recommendations in the Timing Analyzer.
Info (332146): Worst-case minimum pulse width slack is -0.241
    Info (332119):     Slack       End Point TNS Clock 
    Info (332119): ========= =================== =====================
    Info (332119):    -0.241             -15.166 CLK 
Info: Analyzing Fast 900mV -40C Model
Info (332123): Deriving Clock Uncertainty. Please refer to report_sdc in the Timing Analyzer to see clock uncertainties.
Info (332146): Worst-case setup slack is 0.930
    Info (332119):     Slack       End Point TNS Clock 
    Info (332119): ========= =================== =====================
    Info (332119):     0.930               0.000 CLK 
Info (332146): Worst-case hold slack is 0.833
    Info (332119):     Slack       End Point TNS Clock 
    Info (332119): ========= =================== =====================
    Info (332119):     0.833               0.000 CLK 
Info (332140): No Recovery paths to report
Info (332140): No Removal paths to report
Critical Warning (332148): Timing requirements not met
    Info (11105): For recommendations on closing timing, run Report Timing Closure Recommendations in the Timing Analyzer.
Info (332146): Worst-case minimum pulse width slack is -0.189
    Info (332119):     Slack       End Point TNS Clock 
    Info (332119): ========= =================== =====================
    Info (332119):    -0.189             -11.856 CLK 
Info (332102): Design is not fully constrained for setup requirements
Info (332102): Design is not fully constrained for hold requirements
Info: Quartus Prime Timing Analyzer was successful. 0 errors, 48 warnings
    Info: Peak virtual memory: 5852 megabytes
    Info: Processing ended: Wed May  6 10:32:28 2026
    Info: Elapsed time: 00:00:07
    Info: Total CPU time (on all processors): 00:00:06


