Fitter report for Golden_TOP
Wed May  6 10:31:39 2026
Quartus Prime Version 25.1std.0 Build 1129 10/21/2025 SC Standard Edition


---------------------
; Table of Contents ;
---------------------
  1. Legal Notice
  2. Fitter Summary
  3. Fitter Settings
  4. Parallel Compilation
  5. Fitter Netlist Optimizations
  6. Ignored Assignments
  7. Incremental Compilation Preservation Summary
  8. Incremental Compilation Partition Settings
  9. Incremental Compilation Placement Preservation
 10. Pin-Out File
 11. Fitter Resource Usage Summary
 12. Fitter Partition Statistics
 13. Input Pins
 14. Output Pins
 15. I/O Bank Usage
 16. All Package Pins
 17. I/O Assignment Warnings
 18. Fitter Resource Utilization by Entity
 19. Delay Chain Summary
 20. Pad To Core Delay Chain Fanout
 21. Control Signals
 22. Global & Other Fast Signals
 23. Routing Usage Summary
 24. Fitter HSLP Summary
 25. I/O Rules Summary
 26. I/O Rules Details
 27. I/O Rules Matrix
 28. Fitter Device Options
 29. Operating Settings and Conditions
 30. Fitter Messages
 31. Fitter Suppressed Messages



----------------
; Legal Notice ;
----------------
Copyright (C) 2025  Altera Corporation. All rights reserved.
Your use of Altera Corporation's design tools, logic functions 
and other software and tools, and any partner logic 
functions, and any output files from any of the foregoing 
(including device programming or simulation files), and any 
associated documentation or information are expressly subject 
to the terms and conditions of the Altera Program License 
Subscription Agreement, the Altera Quartus Prime License Agreement,
the Altera IP License Agreement, or other applicable license
agreement, including, without limitation, that your use is for
the sole purpose of programming logic devices manufactured by
Altera and sold by Altera or its authorized distributors.  Please
refer to the Altera Software License Subscription Agreements 
on the Quartus Prime software download page.



+---------------------------------------------------------------------------------------+
; Fitter Summary                                                                        ;
+---------------------------------+-----------------------------------------------------+
; Fitter Status                   ; Successful - Wed May  6 10:31:39 2026               ;
; Quartus Prime Version           ; 25.1std.0 Build 1129 10/21/2025 SC Standard Edition ;
; Revision Name                   ; Golden_TOP                                          ;
; Top-level Entity Name           ; mul_slice                                           ;
; Family                          ; Stratix V                                           ;
; Device                          ; 5SGXEABN3F45I3YY                                    ;
; Timing Models                   ; Final                                               ;
; Logic utilization (in ALMs)     ; 17 / 359,200 ( < 1 % )                              ;
; Total registers                 ; 64                                                  ;
; Total pins                      ; 194 / 1,064 ( 18 % )                                ;
; Total virtual pins              ; 0                                                   ;
; Total block memory bits         ; 0 / 54,067,200 ( 0 % )                              ;
; Total RAM Blocks                ; 0 / 2,640 ( 0 % )                                   ;
; Total DSP Blocks                ; 0 / 352 ( 0 % )                                     ;
; Total HSSI STD RX PCSs          ; 0 / 48 ( 0 % )                                      ;
; Total HSSI 10G RX PCSs          ; 0 / 48 ( 0 % )                                      ;
; Total HSSI GEN3 RX PCSs         ; 0 / 48 ( 0 % )                                      ;
; Total HSSI PMA RX Deserializers ; 0 / 48 ( 0 % )                                      ;
; Total HSSI STD TX PCSs          ; 0 / 48 ( 0 % )                                      ;
; Total HSSI 10G TX PCSs          ; 0 / 48 ( 0 % )                                      ;
; Total HSSI GEN3 TX PCSs         ; 0 / 48 ( 0 % )                                      ;
; Total HSSI PMA TX Serializers   ; 0 / 48 ( 0 % )                                      ;
; Total HSSI PIPE GEN1_2s         ; 0 / 48 ( 0 % )                                      ;
; Total HSSI GEN3s                ; 0 / 48 ( 0 % )                                      ;
; Total PLLs                      ; 0 / 98 ( 0 % )                                      ;
; Total DLLs                      ; 0 / 4 ( 0 % )                                       ;
+---------------------------------+-----------------------------------------------------+


+----------------------------------------------------------------------------------------------------------------------------------------------------------------------+
; Fitter Settings                                                                                                                                                      ;
+--------------------------------------------------------------------+---------------------------------------------------------+---------------------------------------+
; Option                                                             ; Setting                                                 ; Default Value                         ;
+--------------------------------------------------------------------+---------------------------------------------------------+---------------------------------------+
; Device                                                             ; 5SGXEABN3F45I3YY                                        ;                                       ;
; Maximum processors allowed for parallel compilation                ; All                                                     ;                                       ;
; Minimum Core Junction Temperature                                  ; -40                                                     ;                                       ;
; Maximum Core Junction Temperature                                  ; 100                                                     ;                                       ;
; Device I/O Standard                                                ; 2.5 V                                                   ;                                       ;
; Programmable Power Technology Optimization                         ; Force All Tiles with Failing Timing Paths to High Speed ; Automatic                             ;
; Power Optimization During Fitting                                  ; Off                                                     ; Normal compilation                    ;
; Fitter Initial Placement Seed                                      ; 12                                                      ; 1                                     ;
; Perform Physical Synthesis for Combinational Logic for Fitting     ; On                                                      ; Off                                   ;
; Perform Physical Synthesis for Combinational Logic for Performance ; On                                                      ; Off                                   ;
; Perform Register Duplication for Performance                       ; On                                                      ; Off                                   ;
; Perform Register Retiming for Performance                          ; On                                                      ; Off                                   ;
; Use smart compilation                                              ; Off                                                     ; Off                                   ;
; Enable parallel Assembler and Timing Analyzer during compilation   ; On                                                      ; On                                    ;
; Enable compact report table                                        ; Off                                                     ; Off                                   ;
; Router Timing Optimization Level                                   ; Normal                                                  ; Normal                                ;
; Perform Clocking Topology Analysis During Routing                  ; Off                                                     ; Off                                   ;
; Placement Effort Multiplier                                        ; 1.0                                                     ; 1.0                                   ;
; Device initialization clock source                                 ; INIT_INTOSC                                             ; INIT_INTOSC                           ;
; Optimize Hold Timing                                               ; All Paths                                               ; All Paths                             ;
; Optimize Multi-Corner Timing                                       ; On                                                      ; On                                    ;
; Auto RAM to MLAB Conversion                                        ; On                                                      ; On                                    ;
; Equivalent RAM and MLAB Power Up                                   ; Auto                                                    ; Auto                                  ;
; Equivalent RAM and MLAB Paused Read Capabilities                   ; Care                                                    ; Care                                  ;
; Programmable Power Maximum High-Speed Fraction of Used LAB Tiles   ; 1.0                                                     ; 1.0                                   ;
; SSN Optimization                                                   ; Off                                                     ; Off                                   ;
; Optimize Timing                                                    ; Normal compilation                                      ; Normal compilation                    ;
; Optimize Timing for ECOs                                           ; Off                                                     ; Off                                   ;
; Regenerate Full Fit Report During ECO Compiles                     ; Off                                                     ; Off                                   ;
; Optimize IOC Register Placement for Timing                         ; Normal                                                  ; Normal                                ;
; Final Placement Optimizations                                      ; Automatically                                           ; Automatically                         ;
; Fitter Aggressive Routability Optimizations                        ; Automatically                                           ; Automatically                         ;
; Periphery to Core Placement and Routing Optimization               ; Off                                                     ; Off                                   ;
; Weak Pull-Up Resistor                                              ; Off                                                     ; Off                                   ;
; Enable Bus-Hold Circuitry                                          ; Off                                                     ; Off                                   ;
; Auto Packed Registers                                              ; Auto                                                    ; Auto                                  ;
; Auto Delay Chains                                                  ; On                                                      ; On                                    ;
; Auto Delay Chains for High Fanout Input Pins                       ; Off                                                     ; Off                                   ;
; Treat Bidirectional Pin as Output Pin                              ; Off                                                     ; Off                                   ;
; Perform Asynchronous Signal Pipelining                             ; Off                                                     ; Off                                   ;
; Fitter Effort                                                      ; Auto Fit                                                ; Auto Fit                              ;
; Physical Synthesis Effort Level                                    ; Normal                                                  ; Normal                                ;
; Logic Cell Insertion - Logic Duplication                           ; Auto                                                    ; Auto                                  ;
; Auto Register Duplication                                          ; Auto                                                    ; Auto                                  ;
; Auto Global Clock                                                  ; On                                                      ; On                                    ;
; Auto Global Register Control Signals                               ; On                                                      ; On                                    ;
; Reserve all unused pins                                            ; As input tri-stated with weak pull-up                   ; As input tri-stated with weak pull-up ;
; Synchronizer Identification                                        ; Auto                                                    ; Auto                                  ;
; Enable Beneficial Skew Optimization                                ; On                                                      ; On                                    ;
; Optimize Design for Metastability                                  ; On                                                      ; On                                    ;
; Active Serial clock source                                         ; FREQ_100MHz                                             ; FREQ_100MHz                           ;
; Force Fitter to Avoid Periphery Placement Warnings                 ; Off                                                     ; Off                                   ;
; Enable input tri-state on active configuration pins in user mode   ; Off                                                     ; Off                                   ;
; MLAB Implementation In 16-Bit Deep Mode                            ; Off                                                     ; Off                                   ;
; Advanced Physical Optimization                                     ; On                                                      ; On                                    ;
+--------------------------------------------------------------------+---------------------------------------------------------+---------------------------------------+


+------------------------------------------+
; Parallel Compilation                     ;
+----------------------------+-------------+
; Processors                 ; Number      ;
+----------------------------+-------------+
; Number detected on machine ; 8           ;
; Maximum allowed            ; 4           ;
;                            ;             ;
; Average used               ; 1.00        ;
; Maximum used               ; 4           ;
;                            ;             ;
; Usage by Processor         ; % Time Used ;
;     Processor 1            ; 100.0%      ;
;     Processor 2            ;   0.1%      ;
;     Processor 3            ;   0.1%      ;
;     Processor 4            ;   0.1%      ;
+----------------------------+-------------+


+----------------------------------------------------------------------------------------------------------------------------------------------------------------+
; Fitter Netlist Optimizations                                                                                                                                   ;
+------------------+---------+-----------+----------------------------+-----------+----------------+------------------+------------------+-----------------------+
; Node             ; Action  ; Operation ; Reason                     ; Node Port ; Node Port Name ; Destination Node ; Destination Port ; Destination Port Name ;
+------------------+---------+-----------+----------------------------+-----------+----------------+------------------+------------------+-----------------------+
; CLK~inputCLKENA0 ; Created ; Placement ; Fitter Periphery Placement ;           ;                ;                  ;                  ;                       ;
+------------------+---------+-----------+----------------------------+-----------+----------------+------------------+------------------+-----------------------+


+----------------------------------------------------------------------------------------------------------------------------------------------------------+
; Ignored Assignments                                                                                                                                      ;
+--------------------------+----------------+--------------+----------------------------------------+---------------------------------+--------------------+
; Name                     ; Ignored Entity ; Ignored From ; Ignored To                             ; Ignored Value                   ; Ignored Source     ;
+--------------------------+----------------+--------------+----------------------------------------+---------------------------------+--------------------+
; Location                 ;                ;              ; BUTTON[0]                              ; PIN_BC7                         ; QSF Assignment     ;
; Location                 ;                ;              ; BUTTON[1]                              ; PIN_BD7                         ; QSF Assignment     ;
; Location                 ;                ;              ; BUTTON[2]                              ; PIN_BB8                         ; QSF Assignment     ;
; Location                 ;                ;              ; BUTTON[3]                              ; PIN_BB9                         ; QSF Assignment     ;
; Location                 ;                ;              ; CLOCK_SCL                              ; PIN_AR25                        ; QSF Assignment     ;
; Location                 ;                ;              ; CLOCK_SDA                              ; PIN_BC25                        ; QSF Assignment     ;
; Location                 ;                ;              ; CPU_RESET_n                            ; PIN_BC37                        ; QSF Assignment     ;
; Location                 ;                ;              ; DDR3_A[0]                              ; PIN_AM32                        ; QSF Assignment     ;
; Location                 ;                ;              ; DDR3_A[10]                             ; PIN_AE30                        ; QSF Assignment     ;
; Location                 ;                ;              ; DDR3_A[11]                             ; PIN_BA33                        ; QSF Assignment     ;
; Location                 ;                ;              ; DDR3_A[12]                             ; PIN_AG33                        ; QSF Assignment     ;
; Location                 ;                ;              ; DDR3_A[13]                             ; PIN_AD32                        ; QSF Assignment     ;
; Location                 ;                ;              ; DDR3_A[14]                             ; PIN_BA34                        ; QSF Assignment     ;
; Location                 ;                ;              ; DDR3_A[15]                             ; PIN_AY33                        ; QSF Assignment     ;
; Location                 ;                ;              ; DDR3_A[1]                              ; PIN_AF31                        ; QSF Assignment     ;
; Location                 ;                ;              ; DDR3_A[2]                              ; PIN_AJ33                        ; QSF Assignment     ;
; Location                 ;                ;              ; DDR3_A[3]                              ; PIN_AE31                        ; QSF Assignment     ;
; Location                 ;                ;              ; DDR3_A[4]                              ; PIN_AP33                        ; QSF Assignment     ;
; Location                 ;                ;              ; DDR3_A[5]                              ; PIN_AG32                        ; QSF Assignment     ;
; Location                 ;                ;              ; DDR3_A[6]                              ; PIN_AN33                        ; QSF Assignment     ;
; Location                 ;                ;              ; DDR3_A[7]                              ; PIN_AK33                        ; QSF Assignment     ;
; Location                 ;                ;              ; DDR3_A[8]                              ; PIN_AF32                        ; QSF Assignment     ;
; Location                 ;                ;              ; DDR3_A[9]                              ; PIN_AH33                        ; QSF Assignment     ;
; Location                 ;                ;              ; DDR3_BA[0]                             ; PIN_AE29                        ; QSF Assignment     ;
; Location                 ;                ;              ; DDR3_BA[1]                             ; PIN_AK32                        ; QSF Assignment     ;
; Location                 ;                ;              ; DDR3_BA[2]                             ; PIN_AE34                        ; QSF Assignment     ;
; Location                 ;                ;              ; DDR3_CAS_n                             ; PIN_AE33                        ; QSF Assignment     ;
; Location                 ;                ;              ; DDR3_CKE[0]                            ; PIN_AF34                        ; QSF Assignment     ;
; Location                 ;                ;              ; DDR3_CKE[1]                            ; PIN_AY34                        ; QSF Assignment     ;
; Location                 ;                ;              ; DDR3_CK[0]                             ; PIN_AR31                        ; QSF Assignment     ;
; Location                 ;                ;              ; DDR3_CK[1]                             ; PIN_AV34                        ; QSF Assignment     ;
; Location                 ;                ;              ; DDR3_CK_n[0]                           ; PIN_AR32                        ; QSF Assignment     ;
; Location                 ;                ;              ; DDR3_CK_n[1]                           ; PIN_AW33                        ; QSF Assignment     ;
; Location                 ;                ;              ; DDR3_CS_n[0]                           ; PIN_AP31                        ; QSF Assignment     ;
; Location                 ;                ;              ; DDR3_CS_n[1]                           ; PIN_AD33                        ; QSF Assignment     ;
; Location                 ;                ;              ; DDR3_DM[0]                             ; PIN_AU32                        ; QSF Assignment     ;
; Location                 ;                ;              ; DDR3_DM[1]                             ; PIN_AU30                        ; QSF Assignment     ;
; Location                 ;                ;              ; DDR3_DM[2]                             ; PIN_AK29                        ; QSF Assignment     ;
; Location                 ;                ;              ; DDR3_DM[3]                             ; PIN_BB32                        ; QSF Assignment     ;
; Location                 ;                ;              ; DDR3_DM[4]                             ; PIN_BD29                        ; QSF Assignment     ;
; Location                 ;                ;              ; DDR3_DM[5]                             ; PIN_AR26                        ; QSF Assignment     ;
; Location                 ;                ;              ; DDR3_DM[6]                             ; PIN_AP27                        ; QSF Assignment     ;
; Location                 ;                ;              ; DDR3_DM[7]                             ; PIN_AJ27                        ; QSF Assignment     ;
; Location                 ;                ;              ; DDR3_DQS[0]                            ; PIN_AL30                        ; QSF Assignment     ;
; Location                 ;                ;              ; DDR3_DQS[1]                            ; PIN_AK30                        ; QSF Assignment     ;
; Location                 ;                ;              ; DDR3_DQS[2]                            ; PIN_AE27                        ; QSF Assignment     ;
; Location                 ;                ;              ; DDR3_DQS[3]                            ; PIN_AY30                        ; QSF Assignment     ;
; Location                 ;                ;              ; DDR3_DQS[4]                            ; PIN_BC28                        ; QSF Assignment     ;
; Location                 ;                ;              ; DDR3_DQS[5]                            ; PIN_AT26                        ; QSF Assignment     ;
; Location                 ;                ;              ; DDR3_DQS[6]                            ; PIN_AR27                        ; QSF Assignment     ;
; Location                 ;                ;              ; DDR3_DQS[7]                            ; PIN_AJ25                        ; QSF Assignment     ;
; Location                 ;                ;              ; DDR3_DQS_n[0]                          ; PIN_AL31                        ; QSF Assignment     ;
; Location                 ;                ;              ; DDR3_DQS_n[1]                          ; PIN_AL29                        ; QSF Assignment     ;
; Location                 ;                ;              ; DDR3_DQS_n[2]                          ; PIN_AE28                        ; QSF Assignment     ;
; Location                 ;                ;              ; DDR3_DQS_n[3]                          ; PIN_BA29                        ; QSF Assignment     ;
; Location                 ;                ;              ; DDR3_DQS_n[4]                          ; PIN_BD28                        ; QSF Assignment     ;
; Location                 ;                ;              ; DDR3_DQS_n[5]                          ; PIN_AU26                        ; QSF Assignment     ;
; Location                 ;                ;              ; DDR3_DQS_n[6]                          ; PIN_AR28                        ; QSF Assignment     ;
; Location                 ;                ;              ; DDR3_DQS_n[7]                          ; PIN_AJ26                        ; QSF Assignment     ;
; Location                 ;                ;              ; DDR3_DQ[0]                             ; PIN_AH31                        ; QSF Assignment     ;
; Location                 ;                ;              ; DDR3_DQ[10]                            ; PIN_AP28                        ; QSF Assignment     ;
; Location                 ;                ;              ; DDR3_DQ[11]                            ; PIN_AR29                        ; QSF Assignment     ;
; Location                 ;                ;              ; DDR3_DQ[12]                            ; PIN_AU31                        ; QSF Assignment     ;
; Location                 ;                ;              ; DDR3_DQ[13]                            ; PIN_AV32                        ; QSF Assignment     ;
; Location                 ;                ;              ; DDR3_DQ[14]                            ; PIN_AW32                        ; QSF Assignment     ;
; Location                 ;                ;              ; DDR3_DQ[15]                            ; PIN_AV31                        ; QSF Assignment     ;
; Location                 ;                ;              ; DDR3_DQ[16]                            ; PIN_AF28                        ; QSF Assignment     ;
; Location                 ;                ;              ; DDR3_DQ[17]                            ; PIN_AF29                        ; QSF Assignment     ;
; Location                 ;                ;              ; DDR3_DQ[18]                            ; PIN_AG30                        ; QSF Assignment     ;
; Location                 ;                ;              ; DDR3_DQ[19]                            ; PIN_AG29                        ; QSF Assignment     ;
; Location                 ;                ;              ; DDR3_DQ[1]                             ; PIN_AJ31                        ; QSF Assignment     ;
; Location                 ;                ;              ; DDR3_DQ[20]                            ; PIN_AG28                        ; QSF Assignment     ;
; Location                 ;                ;              ; DDR3_DQ[21]                            ; PIN_AG27                        ; QSF Assignment     ;
; Location                 ;                ;              ; DDR3_DQ[22]                            ; PIN_AG26                        ; QSF Assignment     ;
; Location                 ;                ;              ; DDR3_DQ[23]                            ; PIN_AG25                        ; QSF Assignment     ;
; Location                 ;                ;              ; DDR3_DQ[24]                            ; PIN_BC31                        ; QSF Assignment     ;
; Location                 ;                ;              ; DDR3_DQ[25]                            ; PIN_BC32                        ; QSF Assignment     ;
; Location                 ;                ;              ; DDR3_DQ[26]                            ; PIN_BB30                        ; QSF Assignment     ;
; Location                 ;                ;              ; DDR3_DQ[27]                            ; PIN_BD31                        ; QSF Assignment     ;
; Location                 ;                ;              ; DDR3_DQ[28]                            ; PIN_BD32                        ; QSF Assignment     ;
; Location                 ;                ;              ; DDR3_DQ[29]                            ; PIN_BA30                        ; QSF Assignment     ;
; Location                 ;                ;              ; DDR3_DQ[2]                             ; PIN_AN30                        ; QSF Assignment     ;
; Location                 ;                ;              ; DDR3_DQ[30]                            ; PIN_AY31                        ; QSF Assignment     ;
; Location                 ;                ;              ; DDR3_DQ[31]                            ; PIN_AW30                        ; QSF Assignment     ;
; Location                 ;                ;              ; DDR3_DQ[32]                            ; PIN_BB29                        ; QSF Assignment     ;
; Location                 ;                ;              ; DDR3_DQ[33]                            ; PIN_BB27                        ; QSF Assignment     ;
; Location                 ;                ;              ; DDR3_DQ[34]                            ; PIN_BA27                        ; QSF Assignment     ;
; Location                 ;                ;              ; DDR3_DQ[35]                            ; PIN_AW27                        ; QSF Assignment     ;
; Location                 ;                ;              ; DDR3_DQ[36]                            ; PIN_AY28                        ; QSF Assignment     ;
; Location                 ;                ;              ; DDR3_DQ[37]                            ; PIN_BA28                        ; QSF Assignment     ;
; Location                 ;                ;              ; DDR3_DQ[38]                            ; PIN_AW29                        ; QSF Assignment     ;
; Location                 ;                ;              ; DDR3_DQ[39]                            ; PIN_AY27                        ; QSF Assignment     ;
; Location                 ;                ;              ; DDR3_DQ[3]                             ; PIN_AP30                        ; QSF Assignment     ;
; Location                 ;                ;              ; DDR3_DQ[40]                            ; PIN_AT27                        ; QSF Assignment     ;
; Location                 ;                ;              ; DDR3_DQ[41]                            ; PIN_AN25                        ; QSF Assignment     ;
; Location                 ;                ;              ; DDR3_DQ[42]                            ; PIN_AM25                        ; QSF Assignment     ;
; Location                 ;                ;              ; DDR3_DQ[43]                            ; PIN_AL25                        ; QSF Assignment     ;
; Location                 ;                ;              ; DDR3_DQ[44]                            ; PIN_AW26                        ; QSF Assignment     ;
; Location                 ;                ;              ; DDR3_DQ[45]                            ; PIN_AV26                        ; QSF Assignment     ;
; Location                 ;                ;              ; DDR3_DQ[46]                            ; PIN_AU27                        ; QSF Assignment     ;
; Location                 ;                ;              ; DDR3_DQ[47]                            ; PIN_AM26                        ; QSF Assignment     ;
; Location                 ;                ;              ; DDR3_DQ[48]                            ; PIN_AU28                        ; QSF Assignment     ;
; Location                 ;                ;              ; DDR3_DQ[49]                            ; PIN_AU29                        ; QSF Assignment     ;
; Location                 ;                ;              ; DDR3_DQ[4]                             ; PIN_AH30                        ; QSF Assignment     ;
; Location                 ;                ;              ; DDR3_DQ[50]                            ; PIN_AM28                        ; QSF Assignment     ;
; Location                 ;                ;              ; DDR3_DQ[51]                            ; PIN_AL27                        ; QSF Assignment     ;
; Location                 ;                ;              ; DDR3_DQ[52]                            ; PIN_AV28                        ; QSF Assignment     ;
; Location                 ;                ;              ; DDR3_DQ[53]                            ; PIN_AV29                        ; QSF Assignment     ;
; Location                 ;                ;              ; DDR3_DQ[54]                            ; PIN_AL28                        ; QSF Assignment     ;
; Location                 ;                ;              ; DDR3_DQ[55]                            ; PIN_AK27                        ; QSF Assignment     ;
; Location                 ;                ;              ; DDR3_DQ[56]                            ; PIN_AK24                        ; QSF Assignment     ;
; Location                 ;                ;              ; DDR3_DQ[57]                            ; PIN_AJ24                        ; QSF Assignment     ;
; Location                 ;                ;              ; DDR3_DQ[58]                            ; PIN_AH24                        ; QSF Assignment     ;
; Location                 ;                ;              ; DDR3_DQ[59]                            ; PIN_AH25                        ; QSF Assignment     ;
; Location                 ;                ;              ; DDR3_DQ[5]                             ; PIN_AJ30                        ; QSF Assignment     ;
; Location                 ;                ;              ; DDR3_DQ[60]                            ; PIN_AH28                        ; QSF Assignment     ;
; Location                 ;                ;              ; DDR3_DQ[61]                            ; PIN_AJ28                        ; QSF Assignment     ;
; Location                 ;                ;              ; DDR3_DQ[62]                            ; PIN_AL26                        ; QSF Assignment     ;
; Location                 ;                ;              ; DDR3_DQ[63]                            ; PIN_AK26                        ; QSF Assignment     ;
; Location                 ;                ;              ; DDR3_DQ[6]                             ; PIN_AR30                        ; QSF Assignment     ;
; Location                 ;                ;              ; DDR3_DQ[7]                             ; PIN_AT30                        ; QSF Assignment     ;
; Location                 ;                ;              ; DDR3_DQ[8]                             ; PIN_AM29                        ; QSF Assignment     ;
; Location                 ;                ;              ; DDR3_DQ[9]                             ; PIN_AN28                        ; QSF Assignment     ;
; Location                 ;                ;              ; DDR3_EVENT_n                           ; PIN_AU35                        ; QSF Assignment     ;
; Location                 ;                ;              ; DDR3_ODT[0]                            ; PIN_AN31                        ; QSF Assignment     ;
; Location                 ;                ;              ; DDR3_ODT[1]                            ; PIN_AM31                        ; QSF Assignment     ;
; Location                 ;                ;              ; DDR3_RAS_n                             ; PIN_AJ32                        ; QSF Assignment     ;
; Location                 ;                ;              ; DDR3_REFCLK_p                          ; PIN_BB33                        ; QSF Assignment     ;
; Location                 ;                ;              ; DDR3_RESET_n                           ; PIN_AR33                        ; QSF Assignment     ;
; Location                 ;                ;              ; DDR3_SCL                               ; PIN_AT29                        ; QSF Assignment     ;
; Location                 ;                ;              ; DDR3_SDA                               ; PIN_AJ29                        ; QSF Assignment     ;
; Location                 ;                ;              ; DDR3_WE_n                              ; PIN_AE32                        ; QSF Assignment     ;
; Location                 ;                ;              ; FAN_ALERT_n                            ; PIN_AM11                        ; QSF Assignment     ;
; Location                 ;                ;              ; FLASH_ADV_n                            ; PIN_BD26                        ; QSF Assignment     ;
; Location                 ;                ;              ; FLASH_CE_n                             ; PIN_AU24                        ; QSF Assignment     ;
; Location                 ;                ;              ; FLASH_CLK                              ; PIN_AU11                        ; QSF Assignment     ;
; Location                 ;                ;              ; FLASH_OE_n                             ; PIN_AP12                        ; QSF Assignment     ;
; Location                 ;                ;              ; FLASH_RDY_BSY_n                        ; PIN_AU25                        ; QSF Assignment     ;
; Location                 ;                ;              ; FLASH_RESET_n                          ; PIN_AV25                        ; QSF Assignment     ;
; Location                 ;                ;              ; FLASH_WE_n                             ; PIN_AT12                        ; QSF Assignment     ;
; Location                 ;                ;              ; FMCA_CLK_M2C_n[0]                      ; PIN_F23                         ; QSF Assignment     ;
; Location                 ;                ;              ; FMCA_CLK_M2C_n[1]                      ; PIN_G28                         ; QSF Assignment     ;
; Location                 ;                ;              ; FMCA_CLK_M2C_p[0]                      ; PIN_G23                         ; QSF Assignment     ;
; Location                 ;                ;              ; FMCA_CLK_M2C_p[1]                      ; PIN_G29                         ; QSF Assignment     ;
; Location                 ;                ;              ; FMCA_DP_C2M_p[0]                       ; PIN_W41                         ; QSF Assignment     ;
; Location                 ;                ;              ; FMCA_DP_C2M_p[1]                       ; PIN_U41                         ; QSF Assignment     ;
; Location                 ;                ;              ; FMCA_DP_C2M_p[2]                       ; PIN_R41                         ; QSF Assignment     ;
; Location                 ;                ;              ; FMCA_DP_C2M_p[3]                       ; PIN_N41                         ; QSF Assignment     ;
; Location                 ;                ;              ; FMCA_DP_C2M_p[4]                       ; PIN_J41                         ; QSF Assignment     ;
; Location                 ;                ;              ; FMCA_DP_C2M_p[5]                       ; PIN_K39                         ; QSF Assignment     ;
; Location                 ;                ;              ; FMCA_DP_C2M_p[6]                       ; PIN_H39                         ; QSF Assignment     ;
; Location                 ;                ;              ; FMCA_DP_C2M_p[7]                       ; PIN_G41                         ; QSF Assignment     ;
; Location                 ;                ;              ; FMCA_DP_C2M_p[8]                       ; PIN_E41                         ; QSF Assignment     ;
; Location                 ;                ;              ; FMCA_DP_C2M_p[9]                       ; PIN_D39                         ; QSF Assignment     ;
; Location                 ;                ;              ; FMCA_DP_M2C_p[0]                       ; PIN_AB43                        ; QSF Assignment     ;
; Location                 ;                ;              ; FMCA_DP_M2C_p[1]                       ; PIN_Y43                         ; QSF Assignment     ;
; Location                 ;                ;              ; FMCA_DP_M2C_p[2]                       ; PIN_V43                         ; QSF Assignment     ;
; Location                 ;                ;              ; FMCA_DP_M2C_p[3]                       ; PIN_T43                         ; QSF Assignment     ;
; Location                 ;                ;              ; FMCA_DP_M2C_p[4]                       ; PIN_M43                         ; QSF Assignment     ;
; Location                 ;                ;              ; FMCA_DP_M2C_p[5]                       ; PIN_K43                         ; QSF Assignment     ;
; Location                 ;                ;              ; FMCA_DP_M2C_p[6]                       ; PIN_H43                         ; QSF Assignment     ;
; Location                 ;                ;              ; FMCA_DP_M2C_p[7]                       ; PIN_F43                         ; QSF Assignment     ;
; Location                 ;                ;              ; FMCA_DP_M2C_p[8]                       ; PIN_D43                         ; QSF Assignment     ;
; Location                 ;                ;              ; FMCA_DP_M2C_p[9]                       ; PIN_C41                         ; QSF Assignment     ;
; Location                 ;                ;              ; FMCA_GA[0]                             ; PIN_H29                         ; QSF Assignment     ;
; Location                 ;                ;              ; FMCA_GA[1]                             ; PIN_T23                         ; QSF Assignment     ;
; Location                 ;                ;              ; FMCA_GBTCLK_M2C_p[0]                   ; PIN_AB39                        ; QSF Assignment     ;
; Location                 ;                ;              ; FMCA_GBTCLK_M2C_p[1]                   ; PIN_V39                         ; QSF Assignment     ;
; Location                 ;                ;              ; FMCA_HA_RX_CLK_n                       ; PIN_M25                         ; QSF Assignment     ;
; Location                 ;                ;              ; FMCA_HA_RX_CLK_p                       ; PIN_N25                         ; QSF Assignment     ;
; Location                 ;                ;              ; FMCA_HA_RX_n[0]                        ; PIN_Y29                         ; QSF Assignment     ;
; Location                 ;                ;              ; FMCA_HA_RX_n[10]                       ; PIN_D29                         ; QSF Assignment     ;
; Location                 ;                ;              ; FMCA_HA_RX_n[1]                        ; PIN_V31                         ; QSF Assignment     ;
; Location                 ;                ;              ; FMCA_HA_RX_n[2]                        ; PIN_T29                         ; QSF Assignment     ;
; Location                 ;                ;              ; FMCA_HA_RX_n[3]                        ; PIN_R30                         ; QSF Assignment     ;
; Location                 ;                ;              ; FMCA_HA_RX_n[4]                        ; PIN_L26                         ; QSF Assignment     ;
; Location                 ;                ;              ; FMCA_HA_RX_n[5]                        ; PIN_Y27                         ; QSF Assignment     ;
; Location                 ;                ;              ; FMCA_HA_RX_n[6]                        ; PIN_K24                         ; QSF Assignment     ;
; Location                 ;                ;              ; FMCA_HA_RX_n[7]                        ; PIN_G26                         ; QSF Assignment     ;
; Location                 ;                ;              ; FMCA_HA_RX_n[8]                        ; PIN_K27                         ; QSF Assignment     ;
; Location                 ;                ;              ; FMCA_HA_RX_n[9]                        ; PIN_F32                         ; QSF Assignment     ;
; Location                 ;                ;              ; FMCA_HA_RX_p[0]                        ; PIN_Y30                         ; QSF Assignment     ;
; Location                 ;                ;              ; FMCA_HA_RX_p[10]                       ; PIN_E29                         ; QSF Assignment     ;
; Location                 ;                ;              ; FMCA_HA_RX_p[1]                        ; PIN_W32                         ; QSF Assignment     ;
; Location                 ;                ;              ; FMCA_HA_RX_p[2]                        ; PIN_U30                         ; QSF Assignment     ;
; Location                 ;                ;              ; FMCA_HA_RX_p[3]                        ; PIN_T30                         ; QSF Assignment     ;
; Location                 ;                ;              ; FMCA_HA_RX_p[4]                        ; PIN_M27                         ; QSF Assignment     ;
; Location                 ;                ;              ; FMCA_HA_RX_p[5]                        ; PIN_Y28                         ; QSF Assignment     ;
; Location                 ;                ;              ; FMCA_HA_RX_p[6]                        ; PIN_L23                         ; QSF Assignment     ;
; Location                 ;                ;              ; FMCA_HA_RX_p[7]                        ; PIN_H27                         ; QSF Assignment     ;
; Location                 ;                ;              ; FMCA_HA_RX_p[8]                        ; PIN_L27                         ; QSF Assignment     ;
; Location                 ;                ;              ; FMCA_HA_RX_p[9]                        ; PIN_G32                         ; QSF Assignment     ;
; Location                 ;                ;              ; FMCA_HA_TX_CLK_n                       ; PIN_R31                         ; QSF Assignment     ;
; Location                 ;                ;              ; FMCA_HA_TX_CLK_p                       ; PIN_T31                         ; QSF Assignment     ;
; Location                 ;                ;              ; FMCA_HA_TX_n[0]                        ; PIN_U27                         ; QSF Assignment     ;
; Location                 ;                ;              ; FMCA_HA_TX_n[10]                       ; PIN_H31                         ; QSF Assignment     ;
; Location                 ;                ;              ; FMCA_HA_TX_n[1]                        ; PIN_W31                         ; QSF Assignment     ;
; Location                 ;                ;              ; FMCA_HA_TX_n[2]                        ; PIN_V28                         ; QSF Assignment     ;
; Location                 ;                ;              ; FMCA_HA_TX_n[3]                        ; PIN_P27                         ; QSF Assignment     ;
; Location                 ;                ;              ; FMCA_HA_TX_n[4]                        ; PIN_P30                         ; QSF Assignment     ;
; Location                 ;                ;              ; FMCA_HA_TX_n[5]                        ; PIN_V18                         ; QSF Assignment     ;
; Location                 ;                ;              ; FMCA_HA_TX_n[6]                        ; PIN_N23                         ; QSF Assignment     ;
; Location                 ;                ;              ; FMCA_HA_TX_n[7]                        ; PIN_J24                         ; QSF Assignment     ;
; Location                 ;                ;              ; FMCA_HA_TX_n[8]                        ; PIN_U29                         ; QSF Assignment     ;
; Location                 ;                ;              ; FMCA_HA_TX_n[9]                        ; PIN_L29                         ; QSF Assignment     ;
; Location                 ;                ;              ; FMCA_HA_TX_p[0]                        ; PIN_T27                         ; QSF Assignment     ;
; Location                 ;                ;              ; FMCA_HA_TX_p[10]                       ; PIN_H32                         ; QSF Assignment     ;
; Location                 ;                ;              ; FMCA_HA_TX_p[1]                        ; PIN_Y32                         ; QSF Assignment     ;
; Location                 ;                ;              ; FMCA_HA_TX_p[2]                        ; PIN_W28                         ; QSF Assignment     ;
; Location                 ;                ;              ; FMCA_HA_TX_p[3]                        ; PIN_R27                         ; QSF Assignment     ;
; Location                 ;                ;              ; FMCA_HA_TX_p[4]                        ; PIN_P31                         ; QSF Assignment     ;
; Location                 ;                ;              ; FMCA_HA_TX_p[5]                        ; PIN_W18                         ; QSF Assignment     ;
; Location                 ;                ;              ; FMCA_HA_TX_p[6]                        ; PIN_P23                         ; QSF Assignment     ;
; Location                 ;                ;              ; FMCA_HA_TX_p[7]                        ; PIN_J25                         ; QSF Assignment     ;
; Location                 ;                ;              ; FMCA_HA_TX_p[8]                        ; PIN_V29                         ; QSF Assignment     ;
; Location                 ;                ;              ; FMCA_HA_TX_p[9]                        ; PIN_L30                         ; QSF Assignment     ;
; Location                 ;                ;              ; FMCA_HB_RX_CLK_n                       ; PIN_D32                         ; QSF Assignment     ;
; Location                 ;                ;              ; FMCA_HB_RX_CLK_p                       ; PIN_E32                         ; QSF Assignment     ;
; Location                 ;                ;              ; FMCA_HB_RX_n[0]                        ; PIN_P24                         ; QSF Assignment     ;
; Location                 ;                ;              ; FMCA_HB_RX_n[10]                       ; PIN_H23                         ; QSF Assignment     ;
; Location                 ;                ;              ; FMCA_HB_RX_n[1]                        ; PIN_T18                         ; QSF Assignment     ;
; Location                 ;                ;              ; FMCA_HB_RX_n[2]                        ; PIN_M20                         ; QSF Assignment     ;
; Location                 ;                ;              ; FMCA_HB_RX_n[3]                        ; PIN_H19                         ; QSF Assignment     ;
; Location                 ;                ;              ; FMCA_HB_RX_n[4]                        ; PIN_C18                         ; QSF Assignment     ;
; Location                 ;                ;              ; FMCA_HB_RX_n[5]                        ; PIN_C27                         ; QSF Assignment     ;
; Location                 ;                ;              ; FMCA_HB_RX_n[6]                        ; PIN_A25                         ; QSF Assignment     ;
; Location                 ;                ;              ; FMCA_HB_RX_n[7]                        ; PIN_K25                         ; QSF Assignment     ;
; Location                 ;                ;              ; FMCA_HB_RX_n[8]                        ; PIN_E27                         ; QSF Assignment     ;
; Location                 ;                ;              ; FMCA_HB_RX_n[9]                        ; PIN_C24                         ; QSF Assignment     ;
; Location                 ;                ;              ; FMCA_HB_RX_p[0]                        ; PIN_R24                         ; QSF Assignment     ;
; Location                 ;                ;              ; FMCA_HB_RX_p[10]                       ; PIN_H24                         ; QSF Assignment     ;
; Location                 ;                ;              ; FMCA_HB_RX_p[1]                        ; PIN_U18                         ; QSF Assignment     ;
; Location                 ;                ;              ; FMCA_HB_RX_p[2]                        ; PIN_N19                         ; QSF Assignment     ;
; Location                 ;                ;              ; FMCA_HB_RX_p[3]                        ; PIN_J19                         ; QSF Assignment     ;
; Location                 ;                ;              ; FMCA_HB_RX_p[4]                        ; PIN_C19                         ; QSF Assignment     ;
; Location                 ;                ;              ; FMCA_HB_RX_p[5]                        ; PIN_D27                         ; QSF Assignment     ;
; Location                 ;                ;              ; FMCA_HB_RX_p[6]                        ; PIN_B25                         ; QSF Assignment     ;
; Location                 ;                ;              ; FMCA_HB_RX_p[7]                        ; PIN_K26                         ; QSF Assignment     ;
; Location                 ;                ;              ; FMCA_HB_RX_p[8]                        ; PIN_F26                         ; QSF Assignment     ;
; Location                 ;                ;              ; FMCA_HB_RX_p[9]                        ; PIN_C25                         ; QSF Assignment     ;
; Location                 ;                ;              ; FMCA_HB_TX_CLK_n                       ; PIN_A23                         ; QSF Assignment     ;
; Location                 ;                ;              ; FMCA_HB_TX_CLK_p                       ; PIN_B23                         ; QSF Assignment     ;
; Location                 ;                ;              ; FMCA_HB_TX_n[0]                        ; PIN_M28                         ; QSF Assignment     ;
; Location                 ;                ;              ; FMCA_HB_TX_n[10]                       ; PIN_A17                         ; QSF Assignment     ;
; Location                 ;                ;              ; FMCA_HB_TX_n[1]                        ; PIN_M17                         ; QSF Assignment     ;
; Location                 ;                ;              ; FMCA_HB_TX_n[2]                        ; PIN_K17                         ; QSF Assignment     ;
; Location                 ;                ;              ; FMCA_HB_TX_n[3]                        ; PIN_H16                         ; QSF Assignment     ;
; Location                 ;                ;              ; FMCA_HB_TX_n[4]                        ; PIN_F17                         ; QSF Assignment     ;
; Location                 ;                ;              ; FMCA_HB_TX_n[5]                        ; PIN_B29                         ; QSF Assignment     ;
; Location                 ;                ;              ; FMCA_HB_TX_n[6]                        ; PIN_A26                         ; QSF Assignment     ;
; Location                 ;                ;              ; FMCA_HB_TX_n[7]                        ; PIN_D18                         ; QSF Assignment     ;
; Location                 ;                ;              ; FMCA_HB_TX_n[8]                        ; PIN_D30                         ; QSF Assignment     ;
; Location                 ;                ;              ; FMCA_HB_TX_n[9]                        ; PIN_A28                         ; QSF Assignment     ;
; Location                 ;                ;              ; FMCA_HB_TX_p[0]                        ; PIN_N28                         ; QSF Assignment     ;
; Location                 ;                ;              ; FMCA_HB_TX_p[10]                       ; PIN_B17                         ; QSF Assignment     ;
; Location                 ;                ;              ; FMCA_HB_TX_p[1]                        ; PIN_M18                         ; QSF Assignment     ;
; Location                 ;                ;              ; FMCA_HB_TX_p[2]                        ; PIN_K18                         ; QSF Assignment     ;
; Location                 ;                ;              ; FMCA_HB_TX_p[3]                        ; PIN_H17                         ; QSF Assignment     ;
; Location                 ;                ;              ; FMCA_HB_TX_p[4]                        ; PIN_G17                         ; QSF Assignment     ;
; Location                 ;                ;              ; FMCA_HB_TX_p[5]                        ; PIN_C30                         ; QSF Assignment     ;
; Location                 ;                ;              ; FMCA_HB_TX_p[6]                        ; PIN_B26                         ; QSF Assignment     ;
; Location                 ;                ;              ; FMCA_HB_TX_p[7]                        ; PIN_E18                         ; QSF Assignment     ;
; Location                 ;                ;              ; FMCA_HB_TX_p[8]                        ; PIN_E30                         ; QSF Assignment     ;
; Location                 ;                ;              ; FMCA_HB_TX_p[9]                        ; PIN_A29                         ; QSF Assignment     ;
; Location                 ;                ;              ; FMCA_LA_RX_CLK_n                       ; PIN_F16                         ; QSF Assignment     ;
; Location                 ;                ;              ; FMCA_LA_RX_CLK_p                       ; PIN_G16                         ; QSF Assignment     ;
; Location                 ;                ;              ; FMCA_LA_RX_n[0]                        ; PIN_K29                         ; QSF Assignment     ;
; Location                 ;                ;              ; FMCA_LA_RX_n[10]                       ; PIN_G25                         ; QSF Assignment     ;
; Location                 ;                ;              ; FMCA_LA_RX_n[11]                       ; PIN_P18                         ; QSF Assignment     ;
; Location                 ;                ;              ; FMCA_LA_RX_n[12]                       ; PIN_P17                         ; QSF Assignment     ;
; Location                 ;                ;              ; FMCA_LA_RX_n[13]                       ; PIN_F19                         ; QSF Assignment     ;
; Location                 ;                ;              ; FMCA_LA_RX_n[14]                       ; PIN_D17                         ; QSF Assignment     ;
; Location                 ;                ;              ; FMCA_LA_RX_n[1]                        ; PIN_U26                         ; QSF Assignment     ;
; Location                 ;                ;              ; FMCA_LA_RX_n[2]                        ; PIN_H30                         ; QSF Assignment     ;
; Location                 ;                ;              ; FMCA_LA_RX_n[3]                        ; PIN_R28                         ; QSF Assignment     ;
; Location                 ;                ;              ; FMCA_LA_RX_n[4]                        ; PIN_H26                         ; QSF Assignment     ;
; Location                 ;                ;              ; FMCA_LA_RX_n[5]                        ; PIN_N26                         ; QSF Assignment     ;
; Location                 ;                ;              ; FMCA_LA_RX_n[6]                        ; PIN_T24                         ; QSF Assignment     ;
; Location                 ;                ;              ; FMCA_LA_RX_n[7]                        ; PIN_T19                         ; QSF Assignment     ;
; Location                 ;                ;              ; FMCA_LA_RX_n[8]                        ; PIN_B31                         ; QSF Assignment     ;
; Location                 ;                ;              ; FMCA_LA_RX_n[9]                        ; PIN_A31                         ; QSF Assignment     ;
; Location                 ;                ;              ; FMCA_LA_RX_p[0]                        ; PIN_K30                         ; QSF Assignment     ;
; Location                 ;                ;              ; FMCA_LA_RX_p[10]                       ; PIN_H25                         ; QSF Assignment     ;
; Location                 ;                ;              ; FMCA_LA_RX_p[11]                       ; PIN_P19                         ; QSF Assignment     ;
; Location                 ;                ;              ; FMCA_LA_RX_p[12]                       ; PIN_N17                         ; QSF Assignment     ;
; Location                 ;                ;              ; FMCA_LA_RX_p[13]                       ; PIN_G19                         ; QSF Assignment     ;
; Location                 ;                ;              ; FMCA_LA_RX_p[14]                       ; PIN_E17                         ; QSF Assignment     ;
; Location                 ;                ;              ; FMCA_LA_RX_p[1]                        ; PIN_V25                         ; QSF Assignment     ;
; Location                 ;                ;              ; FMCA_LA_RX_p[2]                        ; PIN_J30                         ; QSF Assignment     ;
; Location                 ;                ;              ; FMCA_LA_RX_p[3]                        ; PIN_T28                         ; QSF Assignment     ;
; Location                 ;                ;              ; FMCA_LA_RX_p[4]                        ; PIN_J27                         ; QSF Assignment     ;
; Location                 ;                ;              ; FMCA_LA_RX_p[5]                        ; PIN_P26                         ; QSF Assignment     ;
; Location                 ;                ;              ; FMCA_LA_RX_p[6]                        ; PIN_U24                         ; QSF Assignment     ;
; Location                 ;                ;              ; FMCA_LA_RX_p[7]                        ; PIN_T20                         ; QSF Assignment     ;
; Location                 ;                ;              ; FMCA_LA_RX_p[8]                        ; PIN_C31                         ; QSF Assignment     ;
; Location                 ;                ;              ; FMCA_LA_RX_p[9]                        ; PIN_A32                         ; QSF Assignment     ;
; Location                 ;                ;              ; FMCA_LA_TX_CLK_n                       ; PIN_A16                         ; QSF Assignment     ;
; Location                 ;                ;              ; FMCA_LA_TX_CLK_p                       ; PIN_B16                         ; QSF Assignment     ;
; Location                 ;                ;              ; FMCA_LA_TX_n[0]                        ; PIN_R18                         ; QSF Assignment     ;
; Location                 ;                ;              ; FMCA_LA_TX_n[10]                       ; PIN_B28                         ; QSF Assignment     ;
; Location                 ;                ;              ; FMCA_LA_TX_n[11]                       ; PIN_N20                         ; QSF Assignment     ;
; Location                 ;                ;              ; FMCA_LA_TX_n[12]                       ; PIN_F24                         ; QSF Assignment     ;
; Location                 ;                ;              ; FMCA_LA_TX_n[13]                       ; PIN_K19                         ; QSF Assignment     ;
; Location                 ;                ;              ; FMCA_LA_TX_n[14]                       ; PIN_D24                         ; QSF Assignment     ;
; Location                 ;                ;              ; FMCA_LA_TX_n[15]                       ; PIN_D23                         ; QSF Assignment     ;
; Location                 ;                ;              ; FMCA_LA_TX_n[16]                       ; PIN_A19                         ; QSF Assignment     ;
; Location                 ;                ;              ; FMCA_LA_TX_n[1]                        ; PIN_L24                         ; QSF Assignment     ;
; Location                 ;                ;              ; FMCA_LA_TX_n[2]                        ; PIN_V30                         ; QSF Assignment     ;
; Location                 ;                ;              ; FMCA_LA_TX_n[3]                        ; PIN_J28                         ; QSF Assignment     ;
; Location                 ;                ;              ; FMCA_LA_TX_n[4]                        ; PIN_V26                         ; QSF Assignment     ;
; Location                 ;                ;              ; FMCA_LA_TX_n[5]                        ; PIN_J31                         ; QSF Assignment     ;
; Location                 ;                ;              ; FMCA_LA_TX_n[6]                        ; PIN_P29                         ; QSF Assignment     ;
; Location                 ;                ;              ; FMCA_LA_TX_n[7]                        ; PIN_F31                         ; QSF Assignment     ;
; Location                 ;                ;              ; FMCA_LA_TX_n[8]                        ; PIN_M30                         ; QSF Assignment     ;
; Location                 ;                ;              ; FMCA_LA_TX_n[9]                        ; PIN_D26                         ; QSF Assignment     ;
; Location                 ;                ;              ; FMCA_LA_TX_p[0]                        ; PIN_R19                         ; QSF Assignment     ;
; Location                 ;                ;              ; FMCA_LA_TX_p[10]                       ; PIN_C28                         ; QSF Assignment     ;
; Location                 ;                ;              ; FMCA_LA_TX_p[11]                       ; PIN_P20                         ; QSF Assignment     ;
; Location                 ;                ;              ; FMCA_LA_TX_p[12]                       ; PIN_F25                         ; QSF Assignment     ;
; Location                 ;                ;              ; FMCA_LA_TX_p[13]                       ; PIN_L20                         ; QSF Assignment     ;
; Location                 ;                ;              ; FMCA_LA_TX_p[14]                       ; PIN_E24                         ; QSF Assignment     ;
; Location                 ;                ;              ; FMCA_LA_TX_p[15]                       ; PIN_E23                         ; QSF Assignment     ;
; Location                 ;                ;              ; FMCA_LA_TX_p[16]                       ; PIN_B19                         ; QSF Assignment     ;
; Location                 ;                ;              ; FMCA_LA_TX_p[1]                        ; PIN_M23                         ; QSF Assignment     ;
; Location                 ;                ;              ; FMCA_LA_TX_p[2]                        ; PIN_W29                         ; QSF Assignment     ;
; Location                 ;                ;              ; FMCA_LA_TX_p[3]                        ; PIN_K28                         ; QSF Assignment     ;
; Location                 ;                ;              ; FMCA_LA_TX_p[4]                        ; PIN_V27                         ; QSF Assignment     ;
; Location                 ;                ;              ; FMCA_LA_TX_p[5]                        ; PIN_K31                         ; QSF Assignment     ;
; Location                 ;                ;              ; FMCA_LA_TX_p[6]                        ; PIN_P28                         ; QSF Assignment     ;
; Location                 ;                ;              ; FMCA_LA_TX_p[7]                        ; PIN_G31                         ; QSF Assignment     ;
; Location                 ;                ;              ; FMCA_LA_TX_p[8]                        ; PIN_N29                         ; QSF Assignment     ;
; Location                 ;                ;              ; FMCA_LA_TX_p[9]                        ; PIN_E26                         ; QSF Assignment     ;
; Location                 ;                ;              ; FMCA_ONBOARD_REFCLK_p[0]               ; PIN_Y38                         ; QSF Assignment     ;
; Location                 ;                ;              ; FMCA_ONBOARD_REFCLK_p[1]               ; PIN_T38                         ; QSF Assignment     ;
; Location                 ;                ;              ; FMCA_SCL                               ; PIN_F29                         ; QSF Assignment     ;
; Location                 ;                ;              ; FMCA_SDA                               ; PIN_F28                         ; QSF Assignment     ;
; Location                 ;                ;              ; FMCB_CLK_M2C_n[0]                      ; PIN_A38                         ; QSF Assignment     ;
; Location                 ;                ;              ; FMCB_CLK_M2C_n[1]                      ; PIN_A37                         ; QSF Assignment     ;
; Location                 ;                ;              ; FMCB_CLK_M2C_p[0]                      ; PIN_B39                         ; QSF Assignment     ;
; Location                 ;                ;              ; FMCB_CLK_M2C_p[1]                      ; PIN_B37                         ; QSF Assignment     ;
; Location                 ;                ;              ; FMCB_DP_C2M_p[0]                       ; PIN_AL41                        ; QSF Assignment     ;
; Location                 ;                ;              ; FMCB_DP_M2C_p[0]                       ; PIN_AP43                        ; QSF Assignment     ;
; Location                 ;                ;              ; FMCB_GA[0]                             ; PIN_J37                         ; QSF Assignment     ;
; Location                 ;                ;              ; FMCB_GA[1]                             ; PIN_H37                         ; QSF Assignment     ;
; Location                 ;                ;              ; FMCB_GBTCLK_M2C_p[0]                   ; PIN_AF38                        ; QSF Assignment     ;
; Location                 ;                ;              ; FMCB_LA_RX_CLK_n                       ; PIN_T36                         ; QSF Assignment     ;
; Location                 ;                ;              ; FMCB_LA_RX_CLK_p                       ; PIN_U36                         ; QSF Assignment     ;
; Location                 ;                ;              ; FMCB_LA_RX_n[0]                        ; PIN_V35                         ; QSF Assignment     ;
; Location                 ;                ;              ; FMCB_LA_RX_n[10]                       ; PIN_H33                         ; QSF Assignment     ;
; Location                 ;                ;              ; FMCB_LA_RX_n[11]                       ; PIN_E35                         ; QSF Assignment     ;
; Location                 ;                ;              ; FMCB_LA_RX_n[12]                       ; PIN_B35                         ; QSF Assignment     ;
; Location                 ;                ;              ; FMCB_LA_RX_n[13]                       ; PIN_B34                         ; QSF Assignment     ;
; Location                 ;                ;              ; FMCB_LA_RX_n[14]                       ; PIN_A34                         ; QSF Assignment     ;
; Location                 ;                ;              ; FMCB_LA_RX_n[1]                        ; PIN_U32                         ; QSF Assignment     ;
; Location                 ;                ;              ; FMCB_LA_RX_n[2]                        ; PIN_T35                         ; QSF Assignment     ;
; Location                 ;                ;              ; FMCB_LA_RX_n[3]                        ; PIN_T32                         ; QSF Assignment     ;
; Location                 ;                ;              ; FMCB_LA_RX_n[4]                        ; PIN_M33                         ; QSF Assignment     ;
; Location                 ;                ;              ; FMCB_LA_RX_n[5]                        ; PIN_K32                         ; QSF Assignment     ;
; Location                 ;                ;              ; FMCB_LA_RX_n[6]                        ; PIN_L35                         ; QSF Assignment     ;
; Location                 ;                ;              ; FMCB_LA_RX_n[7]                        ; PIN_H36                         ; QSF Assignment     ;
; Location                 ;                ;              ; FMCB_LA_RX_n[8]                        ; PIN_K36                         ; QSF Assignment     ;
; Location                 ;                ;              ; FMCB_LA_RX_n[9]                        ; PIN_G35                         ; QSF Assignment     ;
; Location                 ;                ;              ; FMCB_LA_RX_p[0]                        ; PIN_W34                         ; QSF Assignment     ;
; Location                 ;                ;              ; FMCB_LA_RX_p[10]                       ; PIN_H34                         ; QSF Assignment     ;
; Location                 ;                ;              ; FMCB_LA_RX_p[11]                       ; PIN_F35                         ; QSF Assignment     ;
; Location                 ;                ;              ; FMCB_LA_RX_p[12]                       ; PIN_C36                         ; QSF Assignment     ;
; Location                 ;                ;              ; FMCB_LA_RX_p[13]                       ; PIN_C34                         ; QSF Assignment     ;
; Location                 ;                ;              ; FMCB_LA_RX_p[14]                       ; PIN_A35                         ; QSF Assignment     ;
; Location                 ;                ;              ; FMCB_LA_RX_p[1]                        ; PIN_U33                         ; QSF Assignment     ;
; Location                 ;                ;              ; FMCB_LA_RX_p[2]                        ; PIN_U35                         ; QSF Assignment     ;
; Location                 ;                ;              ; FMCB_LA_RX_p[3]                        ; PIN_T33                         ; QSF Assignment     ;
; Location                 ;                ;              ; FMCB_LA_RX_p[4]                        ; PIN_N32                         ; QSF Assignment     ;
; Location                 ;                ;              ; FMCB_LA_RX_p[5]                        ; PIN_L32                         ; QSF Assignment     ;
; Location                 ;                ;              ; FMCB_LA_RX_p[6]                        ; PIN_L36                         ; QSF Assignment     ;
; Location                 ;                ;              ; FMCB_LA_RX_p[7]                        ; PIN_J36                         ; QSF Assignment     ;
; Location                 ;                ;              ; FMCB_LA_RX_p[8]                        ; PIN_K37                         ; QSF Assignment     ;
; Location                 ;                ;              ; FMCB_LA_RX_p[9]                        ; PIN_H35                         ; QSF Assignment     ;
; Location                 ;                ;              ; FMCB_LA_TX_CLK_n                       ; PIN_F36                         ; QSF Assignment     ;
; Location                 ;                ;              ; FMCB_LA_TX_CLK_p                       ; PIN_G37                         ; QSF Assignment     ;
; Location                 ;                ;              ; FMCB_LA_TX_n[0]                        ; PIN_P32                         ; QSF Assignment     ;
; Location                 ;                ;              ; FMCB_LA_TX_n[10]                       ; PIN_J33                         ; QSF Assignment     ;
; Location                 ;                ;              ; FMCB_LA_TX_n[11]                       ; PIN_K34                         ; QSF Assignment     ;
; Location                 ;                ;              ; FMCB_LA_TX_n[12]                       ; PIN_D33                         ; QSF Assignment     ;
; Location                 ;                ;              ; FMCB_LA_TX_n[13]                       ; PIN_F34                         ; QSF Assignment     ;
; Location                 ;                ;              ; FMCB_LA_TX_n[14]                       ; PIN_B38                         ; QSF Assignment     ;
; Location                 ;                ;              ; FMCB_LA_TX_n[15]                       ; PIN_D35                         ; QSF Assignment     ;
; Location                 ;                ;              ; FMCB_LA_TX_n[16]                       ; PIN_B32                         ; QSF Assignment     ;
; Location                 ;                ;              ; FMCB_LA_TX_n[1]                        ; PIN_V33                         ; QSF Assignment     ;
; Location                 ;                ;              ; FMCB_LA_TX_n[2]                        ; PIN_V36                         ; QSF Assignment     ;
; Location                 ;                ;              ; FMCB_LA_TX_n[3]                        ; PIN_P34                         ; QSF Assignment     ;
; Location                 ;                ;              ; FMCB_LA_TX_n[4]                        ; PIN_R34                         ; QSF Assignment     ;
; Location                 ;                ;              ; FMCB_LA_TX_n[5]                        ; PIN_P38                         ; QSF Assignment     ;
; Location                 ;                ;              ; FMCB_LA_TX_n[6]                        ; PIN_N37                         ; QSF Assignment     ;
; Location                 ;                ;              ; FMCB_LA_TX_n[7]                        ; PIN_L33                         ; QSF Assignment     ;
; Location                 ;                ;              ; FMCB_LA_TX_n[8]                        ; PIN_M38                         ; QSF Assignment     ;
; Location                 ;                ;              ; FMCB_LA_TX_n[9]                        ; PIN_M36                         ; QSF Assignment     ;
; Location                 ;                ;              ; FMCB_LA_TX_p[0]                        ; PIN_P33                         ; QSF Assignment     ;
; Location                 ;                ;              ; FMCB_LA_TX_p[10]                       ; PIN_J34                         ; QSF Assignment     ;
; Location                 ;                ;              ; FMCB_LA_TX_p[11]                       ; PIN_K35                         ; QSF Assignment     ;
; Location                 ;                ;              ; FMCB_LA_TX_p[12]                       ; PIN_E33                         ; QSF Assignment     ;
; Location                 ;                ;              ; FMCB_LA_TX_p[13]                       ; PIN_G34                         ; QSF Assignment     ;
; Location                 ;                ;              ; FMCB_LA_TX_p[14]                       ; PIN_C37                         ; QSF Assignment     ;
; Location                 ;                ;              ; FMCB_LA_TX_p[15]                       ; PIN_D36                         ; QSF Assignment     ;
; Location                 ;                ;              ; FMCB_LA_TX_p[16]                       ; PIN_C33                         ; QSF Assignment     ;
; Location                 ;                ;              ; FMCB_LA_TX_p[1]                        ; PIN_V34                         ; QSF Assignment     ;
; Location                 ;                ;              ; FMCB_LA_TX_p[2]                        ; PIN_W35                         ; QSF Assignment     ;
; Location                 ;                ;              ; FMCB_LA_TX_p[3]                        ; PIN_R33                         ; QSF Assignment     ;
; Location                 ;                ;              ; FMCB_LA_TX_p[4]                        ; PIN_T34                         ; QSF Assignment     ;
; Location                 ;                ;              ; FMCB_LA_TX_p[5]                        ; PIN_P39                         ; QSF Assignment     ;
; Location                 ;                ;              ; FMCB_LA_TX_p[6]                        ; PIN_N38                         ; QSF Assignment     ;
; Location                 ;                ;              ; FMCB_LA_TX_p[7]                        ; PIN_M34                         ; QSF Assignment     ;
; Location                 ;                ;              ; FMCB_LA_TX_p[8]                        ; PIN_M39                         ; QSF Assignment     ;
; Location                 ;                ;              ; FMCB_LA_TX_p[9]                        ; PIN_M37                         ; QSF Assignment     ;
; Location                 ;                ;              ; FMCB_ONBOARD_REFCLK_p[0]               ; PIN_AD39                        ; QSF Assignment     ;
; Location                 ;                ;              ; FMCB_SCL                               ; PIN_E36                         ; QSF Assignment     ;
; Location                 ;                ;              ; FMCB_SDA                               ; PIN_D37                         ; QSF Assignment     ;
; Location                 ;                ;              ; FMCC_CLK_M2C_n[0]                      ; PIN_BD19                        ; QSF Assignment     ;
; Location                 ;                ;              ; FMCC_CLK_M2C_n[1]                      ; PIN_AJ16                        ; QSF Assignment     ;
; Location                 ;                ;              ; FMCC_CLK_M2C_p[0]                      ; PIN_BC19                        ; QSF Assignment     ;
; Location                 ;                ;              ; FMCC_CLK_M2C_p[1]                      ; PIN_AJ15                        ; QSF Assignment     ;
; Location                 ;                ;              ; FMCC_DP_C2M_p[0]                       ; PIN_AL4                         ; QSF Assignment     ;
; Location                 ;                ;              ; FMCC_DP_M2C_p[0]                       ; PIN_AP2                         ; QSF Assignment     ;
; Location                 ;                ;              ; FMCC_GA[0]                             ; PIN_AY16                        ; QSF Assignment     ;
; Location                 ;                ;              ; FMCC_GA[1]                             ; PIN_BA16                        ; QSF Assignment     ;
; Location                 ;                ;              ; FMCC_GBTCLK_M2C_p[0]                   ; PIN_AF7                         ; QSF Assignment     ;
; Location                 ;                ;              ; FMCC_LA_RX_CLK_n                       ; PIN_BB17                        ; QSF Assignment     ;
; Location                 ;                ;              ; FMCC_LA_RX_CLK_p                       ; PIN_BB18                        ; QSF Assignment     ;
; Location                 ;                ;              ; FMCC_LA_RX_n[0]                        ; PIN_BA22                        ; QSF Assignment     ;
; Location                 ;                ;              ; FMCC_LA_RX_n[10]                       ; PIN_AT20                        ; QSF Assignment     ;
; Location                 ;                ;              ; FMCC_LA_RX_n[11]                       ; PIN_AU19                        ; QSF Assignment     ;
; Location                 ;                ;              ; FMCC_LA_RX_n[12]                       ; PIN_AW17                        ; QSF Assignment     ;
; Location                 ;                ;              ; FMCC_LA_RX_n[13]                       ; PIN_AT21                        ; QSF Assignment     ;
; Location                 ;                ;              ; FMCC_LA_RX_n[14]                       ; PIN_AW22                        ; QSF Assignment     ;
; Location                 ;                ;              ; FMCC_LA_RX_n[1]                        ; PIN_AH21                        ; QSF Assignment     ;
; Location                 ;                ;              ; FMCC_LA_RX_n[2]                        ; PIN_AG20                        ; QSF Assignment     ;
; Location                 ;                ;              ; FMCC_LA_RX_n[3]                        ; PIN_AJ21                        ; QSF Assignment     ;
; Location                 ;                ;              ; FMCC_LA_RX_n[4]                        ; PIN_BB21                        ; QSF Assignment     ;
; Location                 ;                ;              ; FMCC_LA_RX_n[5]                        ; PIN_BD22                        ; QSF Assignment     ;
; Location                 ;                ;              ; FMCC_LA_RX_n[6]                        ; PIN_AN20                        ; QSF Assignment     ;
; Location                 ;                ;              ; FMCC_LA_RX_n[7]                        ; PIN_AR19                        ; QSF Assignment     ;
; Location                 ;                ;              ; FMCC_LA_RX_n[8]                        ; PIN_AP16                        ; QSF Assignment     ;
; Location                 ;                ;              ; FMCC_LA_RX_n[9]                        ; PIN_AT18                        ; QSF Assignment     ;
; Location                 ;                ;              ; FMCC_LA_RX_p[0]                        ; PIN_AY22                        ; QSF Assignment     ;
; Location                 ;                ;              ; FMCC_LA_RX_p[10]                       ; PIN_AR20                        ; QSF Assignment     ;
; Location                 ;                ;              ; FMCC_LA_RX_p[11]                       ; PIN_AU18                        ; QSF Assignment     ;
; Location                 ;                ;              ; FMCC_LA_RX_p[12]                       ; PIN_AW16                        ; QSF Assignment     ;
; Location                 ;                ;              ; FMCC_LA_RX_p[13]                       ; PIN_AR22                        ; QSF Assignment     ;
; Location                 ;                ;              ; FMCC_LA_RX_p[14]                       ; PIN_AV22                        ; QSF Assignment     ;
; Location                 ;                ;              ; FMCC_LA_RX_p[1]                        ; PIN_AG21                        ; QSF Assignment     ;
; Location                 ;                ;              ; FMCC_LA_RX_p[2]                        ; PIN_AG19                        ; QSF Assignment     ;
; Location                 ;                ;              ; FMCC_LA_RX_p[3]                        ; PIN_AK20                        ; QSF Assignment     ;
; Location                 ;                ;              ; FMCC_LA_RX_p[4]                        ; PIN_BB20                        ; QSF Assignment     ;
; Location                 ;                ;              ; FMCC_LA_RX_p[5]                        ; PIN_BC22                        ; QSF Assignment     ;
; Location                 ;                ;              ; FMCC_LA_RX_p[6]                        ; PIN_AM19                        ; QSF Assignment     ;
; Location                 ;                ;              ; FMCC_LA_RX_p[7]                        ; PIN_AP18                        ; QSF Assignment     ;
; Location                 ;                ;              ; FMCC_LA_RX_p[8]                        ; PIN_AN17                        ; QSF Assignment     ;
; Location                 ;                ;              ; FMCC_LA_RX_p[9]                        ; PIN_AR18                        ; QSF Assignment     ;
; Location                 ;                ;              ; FMCC_LA_TX_CLK_n                       ; PIN_BA19                        ; QSF Assignment     ;
; Location                 ;                ;              ; FMCC_LA_TX_CLK_p                       ; PIN_AY19                        ; QSF Assignment     ;
; Location                 ;                ;              ; FMCC_LA_TX_n[0]                        ; PIN_AV20                        ; QSF Assignment     ;
; Location                 ;                ;              ; FMCC_LA_TX_n[10]                       ; PIN_AU22                        ; QSF Assignment     ;
; Location                 ;                ;              ; FMCC_LA_TX_n[11]                       ; PIN_BA21                        ; QSF Assignment     ;
; Location                 ;                ;              ; FMCC_LA_TX_n[12]                       ; PIN_AT17                        ; QSF Assignment     ;
; Location                 ;                ;              ; FMCC_LA_TX_n[13]                       ; PIN_AM20                        ; QSF Assignment     ;
; Location                 ;                ;              ; FMCC_LA_TX_n[14]                       ; PIN_AP19                        ; QSF Assignment     ;
; Location                 ;                ;              ; FMCC_LA_TX_n[15]                       ; PIN_AR21                        ; QSF Assignment     ;
; Location                 ;                ;              ; FMCC_LA_TX_n[16]                       ; PIN_AN22                        ; QSF Assignment     ;
; Location                 ;                ;              ; FMCC_LA_TX_n[1]                        ; PIN_AV16                        ; QSF Assignment     ;
; Location                 ;                ;              ; FMCC_LA_TX_n[2]                        ; PIN_AG18                        ; QSF Assignment     ;
; Location                 ;                ;              ; FMCC_LA_TX_n[3]                        ; PIN_AK17                        ; QSF Assignment     ;
; Location                 ;                ;              ; FMCC_LA_TX_n[4]                        ; PIN_AJ20                        ; QSF Assignment     ;
; Location                 ;                ;              ; FMCC_LA_TX_n[5]                        ; PIN_AV17                        ; QSF Assignment     ;
; Location                 ;                ;              ; FMCC_LA_TX_n[6]                        ; PIN_AL19                        ; QSF Assignment     ;
; Location                 ;                ;              ; FMCC_LA_TX_n[7]                        ; PIN_AW19                        ; QSF Assignment     ;
; Location                 ;                ;              ; FMCC_LA_TX_n[8]                        ; PIN_AW21                        ; QSF Assignment     ;
; Location                 ;                ;              ; FMCC_LA_TX_n[9]                        ; PIN_BD20                        ; QSF Assignment     ;
; Location                 ;                ;              ; FMCC_LA_TX_p[0]                        ; PIN_AU20                        ; QSF Assignment     ;
; Location                 ;                ;              ; FMCC_LA_TX_p[10]                       ; PIN_AU21                        ; QSF Assignment     ;
; Location                 ;                ;              ; FMCC_LA_TX_p[11]                       ; PIN_AY21                        ; QSF Assignment     ;
; Location                 ;                ;              ; FMCC_LA_TX_p[12]                       ; PIN_AR17                        ; QSF Assignment     ;
; Location                 ;                ;              ; FMCC_LA_TX_p[13]                       ; PIN_AL20                        ; QSF Assignment     ;
; Location                 ;                ;              ; FMCC_LA_TX_p[14]                       ; PIN_AN19                        ; QSF Assignment     ;
; Location                 ;                ;              ; FMCC_LA_TX_p[15]                       ; PIN_AP21                        ; QSF Assignment     ;
; Location                 ;                ;              ; FMCC_LA_TX_p[16]                       ; PIN_AM22                        ; QSF Assignment     ;
; Location                 ;                ;              ; FMCC_LA_TX_p[1]                        ; PIN_AU16                        ; QSF Assignment     ;
; Location                 ;                ;              ; FMCC_LA_TX_p[2]                        ; PIN_AG17                        ; QSF Assignment     ;
; Location                 ;                ;              ; FMCC_LA_TX_p[3]                        ; PIN_AJ17                        ; QSF Assignment     ;
; Location                 ;                ;              ; FMCC_LA_TX_p[4]                        ; PIN_AJ19                        ; QSF Assignment     ;
; Location                 ;                ;              ; FMCC_LA_TX_p[5]                        ; PIN_AU17                        ; QSF Assignment     ;
; Location                 ;                ;              ; FMCC_LA_TX_p[6]                        ; PIN_AL18                        ; QSF Assignment     ;
; Location                 ;                ;              ; FMCC_LA_TX_p[7]                        ; PIN_AV19                        ; QSF Assignment     ;
; Location                 ;                ;              ; FMCC_LA_TX_p[8]                        ; PIN_AW20                        ; QSF Assignment     ;
; Location                 ;                ;              ; FMCC_LA_TX_p[9]                        ; PIN_BC20                        ; QSF Assignment     ;
; Location                 ;                ;              ; FMCC_ONBOARD_REFCLK_p[0]               ; PIN_AD6                         ; QSF Assignment     ;
; Location                 ;                ;              ; FMCC_SCL                               ; PIN_AH18                        ; QSF Assignment     ;
; Location                 ;                ;              ; FMCC_SDA                               ; PIN_AH19                        ; QSF Assignment     ;
; Location                 ;                ;              ; FMCD_CLK_M2C_n[0]                      ; PIN_W16                         ; QSF Assignment     ;
; Location                 ;                ;              ; FMCD_CLK_M2C_n[1]                      ; PIN_A8                          ; QSF Assignment     ;
; Location                 ;                ;              ; FMCD_CLK_M2C_p[0]                      ; PIN_Y16                         ; QSF Assignment     ;
; Location                 ;                ;              ; FMCD_CLK_M2C_p[1]                      ; PIN_B8                          ; QSF Assignment     ;
; Location                 ;                ;              ; FMCD_DP_C2M_p[0]                       ; PIN_W4                          ; QSF Assignment     ;
; Location                 ;                ;              ; FMCD_DP_C2M_p[1]                       ; PIN_U4                          ; QSF Assignment     ;
; Location                 ;                ;              ; FMCD_DP_C2M_p[2]                       ; PIN_R4                          ; QSF Assignment     ;
; Location                 ;                ;              ; FMCD_DP_C2M_p[3]                       ; PIN_N4                          ; QSF Assignment     ;
; Location                 ;                ;              ; FMCD_DP_C2M_p[4]                       ; PIN_J4                          ; QSF Assignment     ;
; Location                 ;                ;              ; FMCD_DP_C2M_p[5]                       ; PIN_K6                          ; QSF Assignment     ;
; Location                 ;                ;              ; FMCD_DP_C2M_p[6]                       ; PIN_H6                          ; QSF Assignment     ;
; Location                 ;                ;              ; FMCD_DP_C2M_p[7]                       ; PIN_G4                          ; QSF Assignment     ;
; Location                 ;                ;              ; FMCD_DP_C2M_p[8]                       ; PIN_E4                          ; QSF Assignment     ;
; Location                 ;                ;              ; FMCD_DP_C2M_p[9]                       ; PIN_D6                          ; QSF Assignment     ;
; Location                 ;                ;              ; FMCD_DP_M2C_p[0]                       ; PIN_AB2                         ; QSF Assignment     ;
; Location                 ;                ;              ; FMCD_DP_M2C_p[1]                       ; PIN_Y2                          ; QSF Assignment     ;
; Location                 ;                ;              ; FMCD_DP_M2C_p[2]                       ; PIN_V2                          ; QSF Assignment     ;
; Location                 ;                ;              ; FMCD_DP_M2C_p[3]                       ; PIN_T2                          ; QSF Assignment     ;
; Location                 ;                ;              ; FMCD_DP_M2C_p[4]                       ; PIN_M2                          ; QSF Assignment     ;
; Location                 ;                ;              ; FMCD_DP_M2C_p[5]                       ; PIN_K2                          ; QSF Assignment     ;
; Location                 ;                ;              ; FMCD_DP_M2C_p[6]                       ; PIN_H2                          ; QSF Assignment     ;
; Location                 ;                ;              ; FMCD_DP_M2C_p[7]                       ; PIN_F2                          ; QSF Assignment     ;
; Location                 ;                ;              ; FMCD_DP_M2C_p[8]                       ; PIN_D2                          ; QSF Assignment     ;
; Location                 ;                ;              ; FMCD_DP_M2C_p[9]                       ; PIN_C4                          ; QSF Assignment     ;
; Location                 ;                ;              ; FMCD_GA[0]                             ; PIN_C22                         ; QSF Assignment     ;
; Location                 ;                ;              ; FMCD_GA[1]                             ; PIN_C21                         ; QSF Assignment     ;
; Location                 ;                ;              ; FMCD_GBTCLK_M2C_p[0]                   ; PIN_AB6                         ; QSF Assignment     ;
; Location                 ;                ;              ; FMCD_GBTCLK_M2C_p[1]                   ; PIN_V6                          ; QSF Assignment     ;
; Location                 ;                ;              ; FMCD_HA_RX_CLK_n                       ; PIN_D9                          ; QSF Assignment     ;
; Location                 ;                ;              ; FMCD_HA_RX_CLK_p                       ; PIN_E8                          ; QSF Assignment     ;
; Location                 ;                ;              ; FMCD_HA_RX_n[0]                        ; PIN_F21                         ; QSF Assignment     ;
; Location                 ;                ;              ; FMCD_HA_RX_n[10]                       ; PIN_W17                         ; QSF Assignment     ;
; Location                 ;                ;              ; FMCD_HA_RX_n[1]                        ; PIN_D15                         ; QSF Assignment     ;
; Location                 ;                ;              ; FMCD_HA_RX_n[2]                        ; PIN_H20                         ; QSF Assignment     ;
; Location                 ;                ;              ; FMCD_HA_RX_n[3]                        ; PIN_J15                         ; QSF Assignment     ;
; Location                 ;                ;              ; FMCD_HA_RX_n[4]                        ; PIN_U20                         ; QSF Assignment     ;
; Location                 ;                ;              ; FMCD_HA_RX_n[5]                        ; PIN_G22                         ; QSF Assignment     ;
; Location                 ;                ;              ; FMCD_HA_RX_n[6]                        ; PIN_E14                         ; QSF Assignment     ;
; Location                 ;                ;              ; FMCD_HA_RX_n[7]                        ; PIN_M22                         ; QSF Assignment     ;
; Location                 ;                ;              ; FMCD_HA_RX_n[8]                        ; PIN_C15                         ; QSF Assignment     ;
; Location                 ;                ;              ; FMCD_HA_RX_n[9]                        ; PIN_J21                         ; QSF Assignment     ;
; Location                 ;                ;              ; FMCD_HA_RX_p[0]                        ; PIN_F22                         ; QSF Assignment     ;
; Location                 ;                ;              ; FMCD_HA_RX_p[10]                       ; PIN_Y17                         ; QSF Assignment     ;
; Location                 ;                ;              ; FMCD_HA_RX_p[1]                        ; PIN_E15                         ; QSF Assignment     ;
; Location                 ;                ;              ; FMCD_HA_RX_p[2]                        ; PIN_H21                         ; QSF Assignment     ;
; Location                 ;                ;              ; FMCD_HA_RX_p[3]                        ; PIN_K15                         ; QSF Assignment     ;
; Location                 ;                ;              ; FMCD_HA_RX_p[4]                        ; PIN_V19                         ; QSF Assignment     ;
; Location                 ;                ;              ; FMCD_HA_RX_p[5]                        ; PIN_H22                         ; QSF Assignment     ;
; Location                 ;                ;              ; FMCD_HA_RX_p[6]                        ; PIN_F14                         ; QSF Assignment     ;
; Location                 ;                ;              ; FMCD_HA_RX_p[7]                        ; PIN_N22                         ; QSF Assignment     ;
; Location                 ;                ;              ; FMCD_HA_RX_p[8]                        ; PIN_C16                         ; QSF Assignment     ;
; Location                 ;                ;              ; FMCD_HA_RX_p[9]                        ; PIN_K21                         ; QSF Assignment     ;
; Location                 ;                ;              ; FMCD_HA_TX_CLK_n                       ; PIN_T16                         ; QSF Assignment     ;
; Location                 ;                ;              ; FMCD_HA_TX_CLK_p                       ; PIN_T17                         ; QSF Assignment     ;
; Location                 ;                ;              ; FMCD_HA_TX_n[0]                        ; PIN_F13                         ; QSF Assignment     ;
; Location                 ;                ;              ; FMCD_HA_TX_n[10]                       ; PIN_R22                         ; QSF Assignment     ;
; Location                 ;                ;              ; FMCD_HA_TX_n[1]                        ; PIN_K20                         ; QSF Assignment     ;
; Location                 ;                ;              ; FMCD_HA_TX_n[2]                        ; PIN_L14                         ; QSF Assignment     ;
; Location                 ;                ;              ; FMCD_HA_TX_n[3]                        ; PIN_P21                         ; QSF Assignment     ;
; Location                 ;                ;              ; FMCD_HA_TX_n[4]                        ; PIN_T21                         ; QSF Assignment     ;
; Location                 ;                ;              ; FMCD_HA_TX_n[5]                        ; PIN_F20                         ; QSF Assignment     ;
; Location                 ;                ;              ; FMCD_HA_TX_n[6]                        ; PIN_A13                         ; QSF Assignment     ;
; Location                 ;                ;              ; FMCD_HA_TX_n[7]                        ; PIN_M15                         ; QSF Assignment     ;
; Location                 ;                ;              ; FMCD_HA_TX_n[8]                        ; PIN_C13                         ; QSF Assignment     ;
; Location                 ;                ;              ; FMCD_HA_TX_n[9]                        ; PIN_J16                         ; QSF Assignment     ;
; Location                 ;                ;              ; FMCD_HA_TX_p[0]                        ; PIN_G13                         ; QSF Assignment     ;
; Location                 ;                ;              ; FMCD_HA_TX_p[10]                       ; PIN_T22                         ; QSF Assignment     ;
; Location                 ;                ;              ; FMCD_HA_TX_p[1]                        ; PIN_L21                         ; QSF Assignment     ;
; Location                 ;                ;              ; FMCD_HA_TX_p[2]                        ; PIN_M14                         ; QSF Assignment     ;
; Location                 ;                ;              ; FMCD_HA_TX_p[3]                        ; PIN_R21                         ; QSF Assignment     ;
; Location                 ;                ;              ; FMCD_HA_TX_p[4]                        ; PIN_U21                         ; QSF Assignment     ;
; Location                 ;                ;              ; FMCD_HA_TX_p[5]                        ; PIN_G20                         ; QSF Assignment     ;
; Location                 ;                ;              ; FMCD_HA_TX_p[6]                        ; PIN_B13                         ; QSF Assignment     ;
; Location                 ;                ;              ; FMCD_HA_TX_p[7]                        ; PIN_N16                         ; QSF Assignment     ;
; Location                 ;                ;              ; FMCD_HA_TX_p[8]                        ; PIN_D14                         ; QSF Assignment     ;
; Location                 ;                ;              ; FMCD_HA_TX_p[9]                        ; PIN_K16                         ; QSF Assignment     ;
; Location                 ;                ;              ; FMCD_HB_RX_CLK_n                       ; PIN_AJ13                        ; QSF Assignment     ;
; Location                 ;                ;              ; FMCD_HB_RX_CLK_p                       ; PIN_AH13                        ; QSF Assignment     ;
; Location                 ;                ;              ; FMCD_HB_RX_n[0]                        ; PIN_AF17                        ; QSF Assignment     ;
; Location                 ;                ;              ; FMCD_HB_RX_n[10]                       ; PIN_BD14                        ; QSF Assignment     ;
; Location                 ;                ;              ; FMCD_HB_RX_n[1]                        ; PIN_AH15                        ; QSF Assignment     ;
; Location                 ;                ;              ; FMCD_HB_RX_n[2]                        ; PIN_AN14                        ; QSF Assignment     ;
; Location                 ;                ;              ; FMCD_HB_RX_n[3]                        ; PIN_AU15                        ; QSF Assignment     ;
; Location                 ;                ;              ; FMCD_HB_RX_n[4]                        ; PIN_BA15                        ; QSF Assignment     ;
; Location                 ;                ;              ; FMCD_HB_RX_n[5]                        ; PIN_AE18                        ; QSF Assignment     ;
; Location                 ;                ;              ; FMCD_HB_RX_n[6]                        ; PIN_AR16                        ; QSF Assignment     ;
; Location                 ;                ;              ; FMCD_HB_RX_n[7]                        ; PIN_BD13                        ; QSF Assignment     ;
; Location                 ;                ;              ; FMCD_HB_RX_n[8]                        ; PIN_AL16                        ; QSF Assignment     ;
; Location                 ;                ;              ; FMCD_HB_RX_n[9]                        ; PIN_AV13                        ; QSF Assignment     ;
; Location                 ;                ;              ; FMCD_HB_RX_p[0]                        ; PIN_AG16                        ; QSF Assignment     ;
; Location                 ;                ;              ; FMCD_HB_RX_p[10]                       ; PIN_BC14                        ; QSF Assignment     ;
; Location                 ;                ;              ; FMCD_HB_RX_p[1]                        ; PIN_AG14                        ; QSF Assignment     ;
; Location                 ;                ;              ; FMCD_HB_RX_p[2]                        ; PIN_AM14                        ; QSF Assignment     ;
; Location                 ;                ;              ; FMCD_HB_RX_p[3]                        ; PIN_AT15                        ; QSF Assignment     ;
; Location                 ;                ;              ; FMCD_HB_RX_p[4]                        ; PIN_AY15                        ; QSF Assignment     ;
; Location                 ;                ;              ; FMCD_HB_RX_p[5]                        ; PIN_AE17                        ; QSF Assignment     ;
; Location                 ;                ;              ; FMCD_HB_RX_p[6]                        ; PIN_AP15                        ; QSF Assignment     ;
; Location                 ;                ;              ; FMCD_HB_RX_p[7]                        ; PIN_BC13                        ; QSF Assignment     ;
; Location                 ;                ;              ; FMCD_HB_RX_p[8]                        ; PIN_AL15                        ; QSF Assignment     ;
; Location                 ;                ;              ; FMCD_HB_RX_p[9]                        ; PIN_AU12                        ; QSF Assignment     ;
; Location                 ;                ;              ; FMCD_HB_TX_CLK_n                       ; PIN_AV14                        ; QSF Assignment     ;
; Location                 ;                ;              ; FMCD_HB_TX_CLK_p                       ; PIN_AU14                        ; QSF Assignment     ;
; Location                 ;                ;              ; FMCD_HB_TX_n[0]                        ; PIN_AE16                        ; QSF Assignment     ;
; Location                 ;                ;              ; FMCD_HB_TX_n[10]                       ; PIN_BB15                        ; QSF Assignment     ;
; Location                 ;                ;              ; FMCD_HB_TX_n[1]                        ; PIN_AK15                        ; QSF Assignment     ;
; Location                 ;                ;              ; FMCD_HB_TX_n[2]                        ; PIN_AM16                        ; QSF Assignment     ;
; Location                 ;                ;              ; FMCD_HB_TX_n[3]                        ; PIN_AU13                        ; QSF Assignment     ;
; Location                 ;                ;              ; FMCD_HB_TX_n[4]                        ; PIN_AW14                        ; QSF Assignment     ;
; Location                 ;                ;              ; FMCD_HB_TX_n[5]                        ; PIN_AL14                        ; QSF Assignment     ;
; Location                 ;                ;              ; FMCD_HB_TX_n[6]                        ; PIN_BD16                        ; QSF Assignment     ;
; Location                 ;                ;              ; FMCD_HB_TX_n[7]                        ; PIN_BA13                        ; QSF Assignment     ;
; Location                 ;                ;              ; FMCD_HB_TX_n[8]                        ; PIN_AG15                        ; QSF Assignment     ;
; Location                 ;                ;              ; FMCD_HB_TX_n[9]                        ; PIN_AR14                        ; QSF Assignment     ;
; Location                 ;                ;              ; FMCD_HB_TX_p[0]                        ; PIN_AE15                        ; QSF Assignment     ;
; Location                 ;                ;              ; FMCD_HB_TX_p[10]                       ; PIN_BB14                        ; QSF Assignment     ;
; Location                 ;                ;              ; FMCD_HB_TX_p[1]                        ; PIN_AJ14                        ; QSF Assignment     ;
; Location                 ;                ;              ; FMCD_HB_TX_p[2]                        ; PIN_AN15                        ; QSF Assignment     ;
; Location                 ;                ;              ; FMCD_HB_TX_p[3]                        ; PIN_AT14                        ; QSF Assignment     ;
; Location                 ;                ;              ; FMCD_HB_TX_p[4]                        ; PIN_AW13                        ; QSF Assignment     ;
; Location                 ;                ;              ; FMCD_HB_TX_p[5]                        ; PIN_AK14                        ; QSF Assignment     ;
; Location                 ;                ;              ; FMCD_HB_TX_p[6]                        ; PIN_BC16                        ; QSF Assignment     ;
; Location                 ;                ;              ; FMCD_HB_TX_p[7]                        ; PIN_AY13                        ; QSF Assignment     ;
; Location                 ;                ;              ; FMCD_HB_TX_p[8]                        ; PIN_AF16                        ; QSF Assignment     ;
; Location                 ;                ;              ; FMCD_HB_TX_p[9]                        ; PIN_AR15                        ; QSF Assignment     ;
; Location                 ;                ;              ; FMCD_LA_RX_CLK_n                       ; PIN_L9                          ; QSF Assignment     ;
; Location                 ;                ;              ; FMCD_LA_RX_CLK_p                       ; PIN_M9                          ; QSF Assignment     ;
; Location                 ;                ;              ; FMCD_LA_RX_n[0]                        ; PIN_G14                         ; QSF Assignment     ;
; Location                 ;                ;              ; FMCD_LA_RX_n[10]                       ; PIN_T11                         ; QSF Assignment     ;
; Location                 ;                ;              ; FMCD_LA_RX_n[11]                       ; PIN_N13                         ; QSF Assignment     ;
; Location                 ;                ;              ; FMCD_LA_RX_n[12]                       ; PIN_T9                          ; QSF Assignment     ;
; Location                 ;                ;              ; FMCD_LA_RX_n[13]                       ; PIN_V9                          ; QSF Assignment     ;
; Location                 ;                ;              ; FMCD_LA_RX_n[14]                       ; PIN_V11                         ; QSF Assignment     ;
; Location                 ;                ;              ; FMCD_LA_RX_n[1]                        ; PIN_H13                         ; QSF Assignment     ;
; Location                 ;                ;              ; FMCD_LA_RX_n[2]                        ; PIN_C12                         ; QSF Assignment     ;
; Location                 ;                ;              ; FMCD_LA_RX_n[3]                        ; PIN_A11                         ; QSF Assignment     ;
; Location                 ;                ;              ; FMCD_LA_RX_n[4]                        ; PIN_F11                         ; QSF Assignment     ;
; Location                 ;                ;              ; FMCD_LA_RX_n[5]                        ; PIN_F10                         ; QSF Assignment     ;
; Location                 ;                ;              ; FMCD_LA_RX_n[6]                        ; PIN_K14                         ; QSF Assignment     ;
; Location                 ;                ;              ; FMCD_LA_RX_n[7]                        ; PIN_L11                         ; QSF Assignment     ;
; Location                 ;                ;              ; FMCD_LA_RX_n[8]                        ; PIN_H10                         ; QSF Assignment     ;
; Location                 ;                ;              ; FMCD_LA_RX_n[9]                        ; PIN_N14                         ; QSF Assignment     ;
; Location                 ;                ;              ; FMCD_LA_RX_p[0]                        ; PIN_H15                         ; QSF Assignment     ;
; Location                 ;                ;              ; FMCD_LA_RX_p[10]                       ; PIN_T12                         ; QSF Assignment     ;
; Location                 ;                ;              ; FMCD_LA_RX_p[11]                       ; PIN_P13                         ; QSF Assignment     ;
; Location                 ;                ;              ; FMCD_LA_RX_p[12]                       ; PIN_U9                          ; QSF Assignment     ;
; Location                 ;                ;              ; FMCD_LA_RX_p[13]                       ; PIN_V10                         ; QSF Assignment     ;
; Location                 ;                ;              ; FMCD_LA_RX_p[14]                       ; PIN_V12                         ; QSF Assignment     ;
; Location                 ;                ;              ; FMCD_LA_RX_p[1]                        ; PIN_H14                         ; QSF Assignment     ;
; Location                 ;                ;              ; FMCD_LA_RX_p[2]                        ; PIN_D12                         ; QSF Assignment     ;
; Location                 ;                ;              ; FMCD_LA_RX_p[3]                        ; PIN_B11                         ; QSF Assignment     ;
; Location                 ;                ;              ; FMCD_LA_RX_p[4]                        ; PIN_G11                         ; QSF Assignment     ;
; Location                 ;                ;              ; FMCD_LA_RX_p[5]                        ; PIN_G10                         ; QSF Assignment     ;
; Location                 ;                ;              ; FMCD_LA_RX_p[6]                        ; PIN_L15                         ; QSF Assignment     ;
; Location                 ;                ;              ; FMCD_LA_RX_p[7]                        ; PIN_K11                         ; QSF Assignment     ;
; Location                 ;                ;              ; FMCD_LA_RX_p[8]                        ; PIN_J10                         ; QSF Assignment     ;
; Location                 ;                ;              ; FMCD_LA_RX_p[9]                        ; PIN_P14                         ; QSF Assignment     ;
; Location                 ;                ;              ; FMCD_LA_TX_CLK_n                       ; PIN_E9                          ; QSF Assignment     ;
; Location                 ;                ;              ; FMCD_LA_TX_CLK_p                       ; PIN_F9                          ; QSF Assignment     ;
; Location                 ;                ;              ; FMCD_LA_TX_n[0]                        ; PIN_C10                         ; QSF Assignment     ;
; Location                 ;                ;              ; FMCD_LA_TX_n[10]                       ; PIN_N8                          ; QSF Assignment     ;
; Location                 ;                ;              ; FMCD_LA_TX_n[11]                       ; PIN_L12                         ; QSF Assignment     ;
; Location                 ;                ;              ; FMCD_LA_TX_n[12]                       ; PIN_R10                         ; QSF Assignment     ;
; Location                 ;                ;              ; FMCD_LA_TX_n[13]                       ; PIN_M11                         ; QSF Assignment     ;
; Location                 ;                ;              ; FMCD_LA_TX_n[14]                       ; PIN_U11                         ; QSF Assignment     ;
; Location                 ;                ;              ; FMCD_LA_TX_n[15]                       ; PIN_R12                         ; QSF Assignment     ;
; Location                 ;                ;              ; FMCD_LA_TX_n[16]                       ; PIN_T14                         ; QSF Assignment     ;
; Location                 ;                ;              ; FMCD_LA_TX_n[1]                        ; PIN_A10                         ; QSF Assignment     ;
; Location                 ;                ;              ; FMCD_LA_TX_n[2]                        ; PIN_C9                          ; QSF Assignment     ;
; Location                 ;                ;              ; FMCD_LA_TX_n[3]                        ; PIN_A7                          ; QSF Assignment     ;
; Location                 ;                ;              ; FMCD_LA_TX_n[4]                        ; PIN_E11                         ; QSF Assignment     ;
; Location                 ;                ;              ; FMCD_LA_TX_n[5]                        ; PIN_J13                         ; QSF Assignment     ;
; Location                 ;                ;              ; FMCD_LA_TX_n[6]                        ; PIN_H11                         ; QSF Assignment     ;
; Location                 ;                ;              ; FMCD_LA_TX_n[7]                        ; PIN_J12                         ; QSF Assignment     ;
; Location                 ;                ;              ; FMCD_LA_TX_n[8]                        ; PIN_J9                          ; QSF Assignment     ;
; Location                 ;                ;              ; FMCD_LA_TX_n[9]                        ; PIN_K9                          ; QSF Assignment     ;
; Location                 ;                ;              ; FMCD_LA_TX_p[0]                        ; PIN_D11                         ; QSF Assignment     ;
; Location                 ;                ;              ; FMCD_LA_TX_p[10]                       ; PIN_P8                          ; QSF Assignment     ;
; Location                 ;                ;              ; FMCD_LA_TX_p[11]                       ; PIN_M12                         ; QSF Assignment     ;
; Location                 ;                ;              ; FMCD_LA_TX_p[12]                       ; PIN_T10                         ; QSF Assignment     ;
; Location                 ;                ;              ; FMCD_LA_TX_p[13]                       ; PIN_N11                         ; QSF Assignment     ;
; Location                 ;                ;              ; FMCD_LA_TX_p[14]                       ; PIN_U12                         ; QSF Assignment     ;
; Location                 ;                ;              ; FMCD_LA_TX_p[15]                       ; PIN_P12                         ; QSF Assignment     ;
; Location                 ;                ;              ; FMCD_LA_TX_p[16]                       ; PIN_U14                         ; QSF Assignment     ;
; Location                 ;                ;              ; FMCD_LA_TX_p[1]                        ; PIN_B10                         ; QSF Assignment     ;
; Location                 ;                ;              ; FMCD_LA_TX_p[2]                        ; PIN_D10                         ; QSF Assignment     ;
; Location                 ;                ;              ; FMCD_LA_TX_p[3]                        ; PIN_B7                          ; QSF Assignment     ;
; Location                 ;                ;              ; FMCD_LA_TX_p[4]                        ; PIN_E12                         ; QSF Assignment     ;
; Location                 ;                ;              ; FMCD_LA_TX_p[5]                        ; PIN_K13                         ; QSF Assignment     ;
; Location                 ;                ;              ; FMCD_LA_TX_p[6]                        ; PIN_H12                         ; QSF Assignment     ;
; Location                 ;                ;              ; FMCD_LA_TX_p[7]                        ; PIN_K12                         ; QSF Assignment     ;
; Location                 ;                ;              ; FMCD_LA_TX_p[8]                        ; PIN_K8                          ; QSF Assignment     ;
; Location                 ;                ;              ; FMCD_LA_TX_p[9]                        ; PIN_K10                         ; QSF Assignment     ;
; Location                 ;                ;              ; FMCD_ONBOARD_REFCLK_p[0]               ; PIN_Y7                          ; QSF Assignment     ;
; Location                 ;                ;              ; FMCD_ONBOARD_REFCLK_p[1]               ; PIN_T7                          ; QSF Assignment     ;
; Location                 ;                ;              ; FMCD_SCL                               ; PIN_A20                         ; QSF Assignment     ;
; Location                 ;                ;              ; FMCD_SDA                               ; PIN_B20                         ; QSF Assignment     ;
; Location                 ;                ;              ; FPGA_I2C_SCL                           ; PIN_AN11                        ; QSF Assignment     ;
; Location                 ;                ;              ; FPGA_I2C_SDA                           ; PIN_AP9                         ; QSF Assignment     ;
; Location                 ;                ;              ; FSM_A[10]                              ; PIN_AF13                        ; QSF Assignment     ;
; Location                 ;                ;              ; FSM_A[11]                              ; PIN_AE13                        ; QSF Assignment     ;
; Location                 ;                ;              ; FSM_A[12]                              ; PIN_AJ11                        ; QSF Assignment     ;
; Location                 ;                ;              ; FSM_A[13]                              ; PIN_BD11                        ; QSF Assignment     ;
; Location                 ;                ;              ; FSM_A[14]                              ; PIN_AW10                        ; QSF Assignment     ;
; Location                 ;                ;              ; FSM_A[15]                              ; PIN_AF14                        ; QSF Assignment     ;
; Location                 ;                ;              ; FSM_A[16]                              ; PIN_AY12                        ; QSF Assignment     ;
; Location                 ;                ;              ; FSM_A[17]                              ; PIN_AY10                        ; QSF Assignment     ;
; Location                 ;                ;              ; FSM_A[18]                              ; PIN_BD10                        ; QSF Assignment     ;
; Location                 ;                ;              ; FSM_A[19]                              ; PIN_BB12                        ; QSF Assignment     ;
; Location                 ;                ;              ; FSM_A[1]                               ; PIN_AE11                        ; QSF Assignment     ;
; Location                 ;                ;              ; FSM_A[20]                              ; PIN_BA12                        ; QSF Assignment     ;
; Location                 ;                ;              ; FSM_A[21]                              ; PIN_BA10                        ; QSF Assignment     ;
; Location                 ;                ;              ; FSM_A[22]                              ; PIN_BC11                        ; QSF Assignment     ;
; Location                 ;                ;              ; FSM_A[23]                              ; PIN_AE9                         ; QSF Assignment     ;
; Location                 ;                ;              ; FSM_A[24]                              ; PIN_AW11                        ; QSF Assignment     ;
; Location                 ;                ;              ; FSM_A[25]                              ; PIN_BC10                        ; QSF Assignment     ;
; Location                 ;                ;              ; FSM_A[26]                              ; PIN_BB11                        ; QSF Assignment     ;
; Location                 ;                ;              ; FSM_A[2]                               ; PIN_AD14                        ; QSF Assignment     ;
; Location                 ;                ;              ; FSM_A[3]                               ; PIN_AE14                        ; QSF Assignment     ;
; Location                 ;                ;              ; FSM_A[4]                               ; PIN_AE10                        ; QSF Assignment     ;
; Location                 ;                ;              ; FSM_A[5]                               ; PIN_AF10                        ; QSF Assignment     ;
; Location                 ;                ;              ; FSM_A[6]                               ; PIN_AE12                        ; QSF Assignment     ;
; Location                 ;                ;              ; FSM_A[7]                               ; PIN_AF11                        ; QSF Assignment     ;
; Location                 ;                ;              ; FSM_A[8]                               ; PIN_AG13                        ; QSF Assignment     ;
; Location                 ;                ;              ; FSM_A[9]                               ; PIN_AJ10                        ; QSF Assignment     ;
; Location                 ;                ;              ; FSM_D[0]                               ; PIN_AG10                        ; QSF Assignment     ;
; Location                 ;                ;              ; FSM_D[10]                              ; PIN_AG12                        ; QSF Assignment     ;
; Location                 ;                ;              ; FSM_D[11]                              ; PIN_AL11                        ; QSF Assignment     ;
; Location                 ;                ;              ; FSM_D[12]                              ; PIN_AN12                        ; QSF Assignment     ;
; Location                 ;                ;              ; FSM_D[13]                              ; PIN_AU9                         ; QSF Assignment     ;
; Location                 ;                ;              ; FSM_D[14]                              ; PIN_AM13                        ; QSF Assignment     ;
; Location                 ;                ;              ; FSM_D[15]                              ; PIN_AJ12                        ; QSF Assignment     ;
; Location                 ;                ;              ; FSM_D[1]                               ; PIN_AH10                        ; QSF Assignment     ;
; Location                 ;                ;              ; FSM_D[2]                               ; PIN_AG11                        ; QSF Assignment     ;
; Location                 ;                ;              ; FSM_D[3]                               ; PIN_AK12                        ; QSF Assignment     ;
; Location                 ;                ;              ; FSM_D[4]                               ; PIN_AV10                        ; QSF Assignment     ;
; Location                 ;                ;              ; FSM_D[5]                               ; PIN_AR12                        ; QSF Assignment     ;
; Location                 ;                ;              ; FSM_D[6]                               ; PIN_AL12                        ; QSF Assignment     ;
; Location                 ;                ;              ; FSM_D[7]                               ; PIN_AR13                        ; QSF Assignment     ;
; Location                 ;                ;              ; FSM_D[8]                               ; PIN_AG9                         ; QSF Assignment     ;
; Location                 ;                ;              ; FSM_D[9]                               ; PIN_AH12                        ; QSF Assignment     ;
; Location                 ;                ;              ; GPIO[0]                                ; PIN_AU36                        ; QSF Assignment     ;
; Location                 ;                ;              ; GPIO[10]                               ; PIN_AL35                        ; QSF Assignment     ;
; Location                 ;                ;              ; GPIO[11]                               ; PIN_AH22                        ; QSF Assignment     ;
; Location                 ;                ;              ; GPIO[12]                               ; PIN_AP34                        ; QSF Assignment     ;
; Location                 ;                ;              ; GPIO[13]                               ; PIN_AJ23                        ; QSF Assignment     ;
; Location                 ;                ;              ; GPIO[14]                               ; PIN_AJ34                        ; QSF Assignment     ;
; Location                 ;                ;              ; GPIO[15]                               ; PIN_AJ22                        ; QSF Assignment     ;
; Location                 ;                ;              ; GPIO[16]                               ; PIN_AK23                        ; QSF Assignment     ;
; Location                 ;                ;              ; GPIO[17]                               ; PIN_AL23                        ; QSF Assignment     ;
; Location                 ;                ;              ; GPIO[18]                               ; PIN_AL24                        ; QSF Assignment     ;
; Location                 ;                ;              ; GPIO[19]                               ; PIN_AK21                        ; QSF Assignment     ;
; Location                 ;                ;              ; GPIO[1]                                ; PIN_AE36                        ; QSF Assignment     ;
; Location                 ;                ;              ; GPIO[20]                               ; PIN_AM23                        ; QSF Assignment     ;
; Location                 ;                ;              ; GPIO[21]                               ; PIN_AL21                        ; QSF Assignment     ;
; Location                 ;                ;              ; GPIO[22]                               ; PIN_AN23                        ; QSF Assignment     ;
; Location                 ;                ;              ; GPIO[23]                               ; PIN_AU23                        ; QSF Assignment     ;
; Location                 ;                ;              ; GPIO[24]                               ; PIN_AR24                        ; QSF Assignment     ;
; Location                 ;                ;              ; GPIO[25]                               ; PIN_BA25                        ; QSF Assignment     ;
; Location                 ;                ;              ; GPIO[26]                               ; PIN_AR23                        ; QSF Assignment     ;
; Location                 ;                ;              ; GPIO[27]                               ; PIN_BB24                        ; QSF Assignment     ;
; Location                 ;                ;              ; GPIO[28]                               ; PIN_BC23                        ; QSF Assignment     ;
; Location                 ;                ;              ; GPIO[29]                               ; PIN_AT23                        ; QSF Assignment     ;
; Location                 ;                ;              ; GPIO[2]                                ; PIN_AF35                        ; QSF Assignment     ;
; Location                 ;                ;              ; GPIO[30]                               ; PIN_AV23                        ; QSF Assignment     ;
; Location                 ;                ;              ; GPIO[31]                               ; PIN_BD23                        ; QSF Assignment     ;
; Location                 ;                ;              ; GPIO[32]                               ; PIN_BB26                        ; QSF Assignment     ;
; Location                 ;                ;              ; GPIO[33]                               ; PIN_AW23                        ; QSF Assignment     ;
; Location                 ;                ;              ; GPIO[34]                               ; PIN_AY24                        ; QSF Assignment     ;
; Location                 ;                ;              ; GPIO[35]                               ; PIN_BB23                        ; QSF Assignment     ;
; Location                 ;                ;              ; GPIO[3]                                ; PIN_AE35                        ; QSF Assignment     ;
; Location                 ;                ;              ; GPIO[4]                                ; PIN_AN36                        ; QSF Assignment     ;
; Location                 ;                ;              ; GPIO[5]                                ; PIN_AP36                        ; QSF Assignment     ;
; Location                 ;                ;              ; GPIO[6]                                ; PIN_AG34                        ; QSF Assignment     ;
; Location                 ;                ;              ; GPIO[7]                                ; PIN_AK35                        ; QSF Assignment     ;
; Location                 ;                ;              ; GPIO[8]                                ; PIN_AN34                        ; QSF Assignment     ;
; Location                 ;                ;              ; GPIO[9]                                ; PIN_AH34                        ; QSF Assignment     ;
; Location                 ;                ;              ; LED[0]                                 ; PIN_AT32                        ; QSF Assignment     ;
; Location                 ;                ;              ; LED[1]                                 ; PIN_BA31                        ; QSF Assignment     ;
; Location                 ;                ;              ; LED[2]                                 ; PIN_AN27                        ; QSF Assignment     ;
; Location                 ;                ;              ; LED[3]                                 ; PIN_AH27                        ; QSF Assignment     ;
; Location                 ;                ;              ; LMK04906_CLK                           ; PIN_AT24                        ; QSF Assignment     ;
; Location                 ;                ;              ; LMK04906_DATAIN                        ; PIN_BD25                        ; QSF Assignment     ;
; Location                 ;                ;              ; LMK04906_DATAOUT                       ; PIN_BC29                        ; QSF Assignment     ;
; Location                 ;                ;              ; LMK04906_LE                            ; PIN_AT33                        ; QSF Assignment     ;
; Location                 ;                ;              ; OSC_50_B4A                             ; PIN_AP10                        ; QSF Assignment     ;
; Location                 ;                ;              ; OSC_50_B4D                             ; PIN_AY18                        ; QSF Assignment     ;
; Location                 ;                ;              ; OSC_50_B7A                             ; PIN_M8                          ; QSF Assignment     ;
; Location                 ;                ;              ; OSC_50_B7D                             ; PIN_J18                         ; QSF Assignment     ;
; Location                 ;                ;              ; OSC_50_B8A                             ; PIN_R36                         ; QSF Assignment     ;
; Location                 ;                ;              ; OSC_50_B8D                             ; PIN_R25                         ; QSF Assignment     ;
; Location                 ;                ;              ; OSC_MAIN                               ; PIN_AW35                        ; QSF Assignment     ;
; Location                 ;                ;              ; PCIE_ONBOARD_REFCLK_p                  ; PIN_AH39                        ; QSF Assignment     ;
; Location                 ;                ;              ; PCIE_PERST_n                           ; PIN_AU33                        ; QSF Assignment     ;
; Location                 ;                ;              ; PCIE_REFCLK_p                          ; PIN_AK38                        ; QSF Assignment     ;
; Location                 ;                ;              ; PCIE_RX_p[0]                           ; PIN_BB43                        ; QSF Assignment     ;
; Location                 ;                ;              ; PCIE_RX_p[1]                           ; PIN_BA41                        ; QSF Assignment     ;
; Location                 ;                ;              ; PCIE_RX_p[2]                           ; PIN_AW41                        ; QSF Assignment     ;
; Location                 ;                ;              ; PCIE_RX_p[3]                           ; PIN_AY43                        ; QSF Assignment     ;
; Location                 ;                ;              ; PCIE_TX_p[0]                           ; PIN_AY39                        ; QSF Assignment     ;
; Location                 ;                ;              ; PCIE_TX_p[1]                           ; PIN_AV39                        ; QSF Assignment     ;
; Location                 ;                ;              ; PCIE_TX_p[2]                           ; PIN_AT39                        ; QSF Assignment     ;
; Location                 ;                ;              ; PCIE_TX_p[3]                           ; PIN_AU41                        ; QSF Assignment     ;
; Location                 ;                ;              ; PCIE_WAKE_n                            ; PIN_BD35                        ; QSF Assignment     ;
; Location                 ;                ;              ; POWER_MONITOR_ALERT                    ; PIN_AY9                         ; QSF Assignment     ;
; Location                 ;                ;              ; RZQ_DDR3                               ; PIN_AR8                         ; QSF Assignment     ;
; Location                 ;                ;              ; RZQ_FMC                                ; PIN_H9                          ; QSF Assignment     ;
; Location                 ;                ;              ; SATA_DEVICE_REFCLK_p                   ; PIN_AK7                         ; QSF Assignment     ;
; Location                 ;                ;              ; SATA_DEVICE_RX_p                       ; PIN_BB2                         ; QSF Assignment     ;
; Location                 ;                ;              ; SATA_DEVICE_TX_p                       ; PIN_AY6                         ; QSF Assignment     ;
; Location                 ;                ;              ; SATA_HOST_REFCLK_p                     ; PIN_AH6                         ; QSF Assignment     ;
; Location                 ;                ;              ; SATA_HOST_RX_p                         ; PIN_AY2                         ; QSF Assignment     ;
; Location                 ;                ;              ; SATA_HOST_TX_p                         ; PIN_AU4                         ; QSF Assignment     ;
; Location                 ;                ;              ; SD_CLK                                 ; PIN_BB39                        ; QSF Assignment     ;
; Location                 ;                ;              ; SD_CMD                                 ; PIN_BA36                        ; QSF Assignment     ;
; Location                 ;                ;              ; SD_DATA[0]                             ; PIN_AV37                        ; QSF Assignment     ;
; Location                 ;                ;              ; SD_DATA[1]                             ; PIN_AY37                        ; QSF Assignment     ;
; Location                 ;                ;              ; SD_DATA[2]                             ; PIN_BB36                        ; QSF Assignment     ;
; Location                 ;                ;              ; SD_DATA[3]                             ; PIN_AW37                        ; QSF Assignment     ;
; Location                 ;                ;              ; SMA_CLKIN_p                            ; PIN_BC8                         ; QSF Assignment     ;
; Location                 ;                ;              ; SMA_CLKOUT_p                           ; PIN_AV8                         ; QSF Assignment     ;
; Location                 ;                ;              ; SSRAM_ADV                              ; PIN_BC26                        ; QSF Assignment     ;
; Location                 ;                ;              ; SSRAM_BWA_n                            ; PIN_AY25                        ; QSF Assignment     ;
; Location                 ;                ;              ; SSRAM_BWB_n                            ; PIN_BA24                        ; QSF Assignment     ;
; Location                 ;                ;              ; SSRAM_CE_n                             ; PIN_AP24                        ; QSF Assignment     ;
; Location                 ;                ;              ; SSRAM_CKE_n                            ; PIN_AW24                        ; QSF Assignment     ;
; Location                 ;                ;              ; SSRAM_CLK                              ; PIN_AP13                        ; QSF Assignment     ;
; Location                 ;                ;              ; SSRAM_OE_n                             ; PIN_AU10                        ; QSF Assignment     ;
; Location                 ;                ;              ; SSRAM_WE_n                             ; PIN_AV11                        ; QSF Assignment     ;
; Location                 ;                ;              ; SW[0]                                  ; PIN_AT9                         ; QSF Assignment     ;
; Location                 ;                ;              ; SW[1]                                  ; PIN_AU8                         ; QSF Assignment     ;
; Location                 ;                ;              ; SW[2]                                  ; PIN_AK9                         ; QSF Assignment     ;
; Location                 ;                ;              ; SW[3]                                  ; PIN_AL9                         ; QSF Assignment     ;
; Location                 ;                ;              ; TEMP_INT_n                             ; PIN_AT8                         ; QSF Assignment     ;
; Location                 ;                ;              ; TEMP_OVERT_n                           ; PIN_AR9                         ; QSF Assignment     ;
; Location                 ;                ;              ; TPS40422_ALERT                         ; PIN_AY36                        ; QSF Assignment     ;
; Location                 ;                ;              ; TPS40422_CLK                           ; PIN_AR34                        ; QSF Assignment     ;
; Location                 ;                ;              ; TPS40422_DATA                          ; PIN_BD34                        ; QSF Assignment     ;
; Location                 ;                ;              ; UART_RX                                ; PIN_T25                         ; QSF Assignment     ;
; Location                 ;                ;              ; UART_TX                                ; PIN_T26                         ; QSF Assignment     ;
; PLL Bandwidth Preset     ; mul_slice      ;              ; *pll2_0002*|altera_pll:altera_pll_i*|* ; AUTO                            ; pll2/pll2_0002.qip ;
; PLL Compensation Mode    ; mul_slice      ;              ; *pll2_0002*|altera_pll:altera_pll_i*|* ; DIRECT                          ; pll2/pll2_0002.qip ;
; PLL Automatic Self-Reset ; mul_slice      ;              ; *pll2_0002*|altera_pll:altera_pll_i*|* ; OFF                             ; pll2/pll2_0002.qip ;
; I/O Standard             ; mul_slice      ;              ; BUTTON[0]                              ; 1.5 V                           ; QSF Assignment     ;
; I/O Standard             ; mul_slice      ;              ; BUTTON[1]                              ; 1.5 V                           ; QSF Assignment     ;
; I/O Standard             ; mul_slice      ;              ; BUTTON[2]                              ; 1.5 V                           ; QSF Assignment     ;
; I/O Standard             ; mul_slice      ;              ; BUTTON[3]                              ; 1.5 V                           ; QSF Assignment     ;
; I/O Standard             ; mul_slice      ;              ; CLOCK_SCL                              ; 2.5 V                           ; QSF Assignment     ;
; I/O Standard             ; mul_slice      ;              ; CLOCK_SDA                              ; 2.5 V                           ; QSF Assignment     ;
; I/O Standard             ; mul_slice      ;              ; CPU_RESET_n                            ; 2.5 V                           ; QSF Assignment     ;
; I/O Standard             ; mul_slice      ;              ; DDR3_A[0]                              ; SSTL-15 CLASS I                 ; QSF Assignment     ;
; I/O Standard             ; mul_slice      ;              ; DDR3_A[10]                             ; SSTL-15 CLASS I                 ; QSF Assignment     ;
; I/O Standard             ; mul_slice      ;              ; DDR3_A[11]                             ; SSTL-15 CLASS I                 ; QSF Assignment     ;
; I/O Standard             ; mul_slice      ;              ; DDR3_A[12]                             ; SSTL-15 CLASS I                 ; QSF Assignment     ;
; I/O Standard             ; mul_slice      ;              ; DDR3_A[13]                             ; SSTL-15 CLASS I                 ; QSF Assignment     ;
; I/O Standard             ; mul_slice      ;              ; DDR3_A[14]                             ; SSTL-15 CLASS I                 ; QSF Assignment     ;
; I/O Standard             ; mul_slice      ;              ; DDR3_A[15]                             ; SSTL-15 CLASS I                 ; QSF Assignment     ;
; I/O Standard             ; mul_slice      ;              ; DDR3_A[1]                              ; SSTL-15 CLASS I                 ; QSF Assignment     ;
; I/O Standard             ; mul_slice      ;              ; DDR3_A[2]                              ; SSTL-15 CLASS I                 ; QSF Assignment     ;
; I/O Standard             ; mul_slice      ;              ; DDR3_A[3]                              ; SSTL-15 CLASS I                 ; QSF Assignment     ;
; I/O Standard             ; mul_slice      ;              ; DDR3_A[4]                              ; SSTL-15 CLASS I                 ; QSF Assignment     ;
; I/O Standard             ; mul_slice      ;              ; DDR3_A[5]                              ; SSTL-15 CLASS I                 ; QSF Assignment     ;
; I/O Standard             ; mul_slice      ;              ; DDR3_A[6]                              ; SSTL-15 CLASS I                 ; QSF Assignment     ;
; I/O Standard             ; mul_slice      ;              ; DDR3_A[7]                              ; SSTL-15 CLASS I                 ; QSF Assignment     ;
; I/O Standard             ; mul_slice      ;              ; DDR3_A[8]                              ; SSTL-15 CLASS I                 ; QSF Assignment     ;
; I/O Standard             ; mul_slice      ;              ; DDR3_A[9]                              ; SSTL-15 CLASS I                 ; QSF Assignment     ;
; I/O Standard             ; mul_slice      ;              ; DDR3_BA[0]                             ; SSTL-15 CLASS I                 ; QSF Assignment     ;
; I/O Standard             ; mul_slice      ;              ; DDR3_BA[1]                             ; SSTL-15 CLASS I                 ; QSF Assignment     ;
; I/O Standard             ; mul_slice      ;              ; DDR3_BA[2]                             ; SSTL-15 CLASS I                 ; QSF Assignment     ;
; I/O Standard             ; mul_slice      ;              ; DDR3_CAS_n                             ; SSTL-15 CLASS I                 ; QSF Assignment     ;
; I/O Standard             ; mul_slice      ;              ; DDR3_CKE[0]                            ; SSTL-15 CLASS I                 ; QSF Assignment     ;
; I/O Standard             ; mul_slice      ;              ; DDR3_CKE[1]                            ; SSTL-15 CLASS I                 ; QSF Assignment     ;
; I/O Standard             ; mul_slice      ;              ; DDR3_CK[0]                             ; DIFFERENTIAL 1.5-V SSTL CLASS I ; QSF Assignment     ;
; I/O Standard             ; mul_slice      ;              ; DDR3_CK[1]                             ; DIFFERENTIAL 1.5-V SSTL CLASS I ; QSF Assignment     ;
; I/O Standard             ; mul_slice      ;              ; DDR3_CK_n[0]                           ; DIFFERENTIAL 1.5-V SSTL CLASS I ; QSF Assignment     ;
; I/O Standard             ; mul_slice      ;              ; DDR3_CK_n[1]                           ; DIFFERENTIAL 1.5-V SSTL CLASS I ; QSF Assignment     ;
; I/O Standard             ; mul_slice      ;              ; DDR3_CS_n[0]                           ; SSTL-15 CLASS I                 ; QSF Assignment     ;
; I/O Standard             ; mul_slice      ;              ; DDR3_CS_n[1]                           ; SSTL-15 CLASS I                 ; QSF Assignment     ;
; I/O Standard             ; mul_slice      ;              ; DDR3_DM[0]                             ; SSTL-15 CLASS I                 ; QSF Assignment     ;
; I/O Standard             ; mul_slice      ;              ; DDR3_DM[1]                             ; SSTL-15 CLASS I                 ; QSF Assignment     ;
; I/O Standard             ; mul_slice      ;              ; DDR3_DM[2]                             ; SSTL-15 CLASS I                 ; QSF Assignment     ;
; I/O Standard             ; mul_slice      ;              ; DDR3_DM[3]                             ; SSTL-15 CLASS I                 ; QSF Assignment     ;
; I/O Standard             ; mul_slice      ;              ; DDR3_DM[4]                             ; SSTL-15 CLASS I                 ; QSF Assignment     ;
; I/O Standard             ; mul_slice      ;              ; DDR3_DM[5]                             ; SSTL-15 CLASS I                 ; QSF Assignment     ;
; I/O Standard             ; mul_slice      ;              ; DDR3_DM[6]                             ; SSTL-15 CLASS I                 ; QSF Assignment     ;
; I/O Standard             ; mul_slice      ;              ; DDR3_DM[7]                             ; SSTL-15 CLASS I                 ; QSF Assignment     ;
; I/O Standard             ; mul_slice      ;              ; DDR3_DQS[0]                            ; DIFFERENTIAL 1.5-V SSTL CLASS I ; QSF Assignment     ;
; I/O Standard             ; mul_slice      ;              ; DDR3_DQS[1]                            ; DIFFERENTIAL 1.5-V SSTL CLASS I ; QSF Assignment     ;
; I/O Standard             ; mul_slice      ;              ; DDR3_DQS[2]                            ; DIFFERENTIAL 1.5-V SSTL CLASS I ; QSF Assignment     ;
; I/O Standard             ; mul_slice      ;              ; DDR3_DQS[3]                            ; DIFFERENTIAL 1.5-V SSTL CLASS I ; QSF Assignment     ;
; I/O Standard             ; mul_slice      ;              ; DDR3_DQS[4]                            ; DIFFERENTIAL 1.5-V SSTL CLASS I ; QSF Assignment     ;
; I/O Standard             ; mul_slice      ;              ; DDR3_DQS[5]                            ; DIFFERENTIAL 1.5-V SSTL CLASS I ; QSF Assignment     ;
; I/O Standard             ; mul_slice      ;              ; DDR3_DQS[6]                            ; DIFFERENTIAL 1.5-V SSTL CLASS I ; QSF Assignment     ;
; I/O Standard             ; mul_slice      ;              ; DDR3_DQS[7]                            ; DIFFERENTIAL 1.5-V SSTL CLASS I ; QSF Assignment     ;
; I/O Standard             ; mul_slice      ;              ; DDR3_DQS_n[0]                          ; DIFFERENTIAL 1.5-V SSTL CLASS I ; QSF Assignment     ;
; I/O Standard             ; mul_slice      ;              ; DDR3_DQS_n[1]                          ; DIFFERENTIAL 1.5-V SSTL CLASS I ; QSF Assignment     ;
; I/O Standard             ; mul_slice      ;              ; DDR3_DQS_n[2]                          ; DIFFERENTIAL 1.5-V SSTL CLASS I ; QSF Assignment     ;
; I/O Standard             ; mul_slice      ;              ; DDR3_DQS_n[3]                          ; DIFFERENTIAL 1.5-V SSTL CLASS I ; QSF Assignment     ;
; I/O Standard             ; mul_slice      ;              ; DDR3_DQS_n[4]                          ; DIFFERENTIAL 1.5-V SSTL CLASS I ; QSF Assignment     ;
; I/O Standard             ; mul_slice      ;              ; DDR3_DQS_n[5]                          ; DIFFERENTIAL 1.5-V SSTL CLASS I ; QSF Assignment     ;
; I/O Standard             ; mul_slice      ;              ; DDR3_DQS_n[6]                          ; DIFFERENTIAL 1.5-V SSTL CLASS I ; QSF Assignment     ;
; I/O Standard             ; mul_slice      ;              ; DDR3_DQS_n[7]                          ; DIFFERENTIAL 1.5-V SSTL CLASS I ; QSF Assignment     ;
; I/O Standard             ; mul_slice      ;              ; DDR3_DQ[0]                             ; SSTL-15 CLASS I                 ; QSF Assignment     ;
; I/O Standard             ; mul_slice      ;              ; DDR3_DQ[10]                            ; SSTL-15 CLASS I                 ; QSF Assignment     ;
; I/O Standard             ; mul_slice      ;              ; DDR3_DQ[11]                            ; SSTL-15 CLASS I                 ; QSF Assignment     ;
; I/O Standard             ; mul_slice      ;              ; DDR3_DQ[12]                            ; SSTL-15 CLASS I                 ; QSF Assignment     ;
; I/O Standard             ; mul_slice      ;              ; DDR3_DQ[13]                            ; SSTL-15 CLASS I                 ; QSF Assignment     ;
; I/O Standard             ; mul_slice      ;              ; DDR3_DQ[14]                            ; SSTL-15 CLASS I                 ; QSF Assignment     ;
; I/O Standard             ; mul_slice      ;              ; DDR3_DQ[15]                            ; SSTL-15 CLASS I                 ; QSF Assignment     ;
; I/O Standard             ; mul_slice      ;              ; DDR3_DQ[16]                            ; SSTL-15 CLASS I                 ; QSF Assignment     ;
; I/O Standard             ; mul_slice      ;              ; DDR3_DQ[17]                            ; SSTL-15 CLASS I                 ; QSF Assignment     ;
; I/O Standard             ; mul_slice      ;              ; DDR3_DQ[18]                            ; SSTL-15 CLASS I                 ; QSF Assignment     ;
; I/O Standard             ; mul_slice      ;              ; DDR3_DQ[19]                            ; SSTL-15 CLASS I                 ; QSF Assignment     ;
; I/O Standard             ; mul_slice      ;              ; DDR3_DQ[1]                             ; SSTL-15 CLASS I                 ; QSF Assignment     ;
; I/O Standard             ; mul_slice      ;              ; DDR3_DQ[20]                            ; SSTL-15 CLASS I                 ; QSF Assignment     ;
; I/O Standard             ; mul_slice      ;              ; DDR3_DQ[21]                            ; SSTL-15 CLASS I                 ; QSF Assignment     ;
; I/O Standard             ; mul_slice      ;              ; DDR3_DQ[22]                            ; SSTL-15 CLASS I                 ; QSF Assignment     ;
; I/O Standard             ; mul_slice      ;              ; DDR3_DQ[23]                            ; SSTL-15 CLASS I                 ; QSF Assignment     ;
; I/O Standard             ; mul_slice      ;              ; DDR3_DQ[24]                            ; SSTL-15 CLASS I                 ; QSF Assignment     ;
; I/O Standard             ; mul_slice      ;              ; DDR3_DQ[25]                            ; SSTL-15 CLASS I                 ; QSF Assignment     ;
; I/O Standard             ; mul_slice      ;              ; DDR3_DQ[26]                            ; SSTL-15 CLASS I                 ; QSF Assignment     ;
; I/O Standard             ; mul_slice      ;              ; DDR3_DQ[27]                            ; SSTL-15 CLASS I                 ; QSF Assignment     ;
; I/O Standard             ; mul_slice      ;              ; DDR3_DQ[28]                            ; SSTL-15 CLASS I                 ; QSF Assignment     ;
; I/O Standard             ; mul_slice      ;              ; DDR3_DQ[29]                            ; SSTL-15 CLASS I                 ; QSF Assignment     ;
; I/O Standard             ; mul_slice      ;              ; DDR3_DQ[2]                             ; SSTL-15 CLASS I                 ; QSF Assignment     ;
; I/O Standard             ; mul_slice      ;              ; DDR3_DQ[30]                            ; SSTL-15 CLASS I                 ; QSF Assignment     ;
; I/O Standard             ; mul_slice      ;              ; DDR3_DQ[31]                            ; SSTL-15 CLASS I                 ; QSF Assignment     ;
; I/O Standard             ; mul_slice      ;              ; DDR3_DQ[32]                            ; SSTL-15 CLASS I                 ; QSF Assignment     ;
; I/O Standard             ; mul_slice      ;              ; DDR3_DQ[33]                            ; SSTL-15 CLASS I                 ; QSF Assignment     ;
; I/O Standard             ; mul_slice      ;              ; DDR3_DQ[34]                            ; SSTL-15 CLASS I                 ; QSF Assignment     ;
; I/O Standard             ; mul_slice      ;              ; DDR3_DQ[35]                            ; SSTL-15 CLASS I                 ; QSF Assignment     ;
; I/O Standard             ; mul_slice      ;              ; DDR3_DQ[36]                            ; SSTL-15 CLASS I                 ; QSF Assignment     ;
; I/O Standard             ; mul_slice      ;              ; DDR3_DQ[37]                            ; SSTL-15 CLASS I                 ; QSF Assignment     ;
; I/O Standard             ; mul_slice      ;              ; DDR3_DQ[38]                            ; SSTL-15 CLASS I                 ; QSF Assignment     ;
; I/O Standard             ; mul_slice      ;              ; DDR3_DQ[39]                            ; SSTL-15 CLASS I                 ; QSF Assignment     ;
; I/O Standard             ; mul_slice      ;              ; DDR3_DQ[3]                             ; SSTL-15 CLASS I                 ; QSF Assignment     ;
; I/O Standard             ; mul_slice      ;              ; DDR3_DQ[40]                            ; SSTL-15 CLASS I                 ; QSF Assignment     ;
; I/O Standard             ; mul_slice      ;              ; DDR3_DQ[41]                            ; SSTL-15 CLASS I                 ; QSF Assignment     ;
; I/O Standard             ; mul_slice      ;              ; DDR3_DQ[42]                            ; SSTL-15 CLASS I                 ; QSF Assignment     ;
; I/O Standard             ; mul_slice      ;              ; DDR3_DQ[43]                            ; SSTL-15 CLASS I                 ; QSF Assignment     ;
; I/O Standard             ; mul_slice      ;              ; DDR3_DQ[44]                            ; SSTL-15 CLASS I                 ; QSF Assignment     ;
; I/O Standard             ; mul_slice      ;              ; DDR3_DQ[45]                            ; SSTL-15 CLASS I                 ; QSF Assignment     ;
; I/O Standard             ; mul_slice      ;              ; DDR3_DQ[46]                            ; SSTL-15 CLASS I                 ; QSF Assignment     ;
; I/O Standard             ; mul_slice      ;              ; DDR3_DQ[47]                            ; SSTL-15 CLASS I                 ; QSF Assignment     ;
; I/O Standard             ; mul_slice      ;              ; DDR3_DQ[48]                            ; SSTL-15 CLASS I                 ; QSF Assignment     ;
; I/O Standard             ; mul_slice      ;              ; DDR3_DQ[49]                            ; SSTL-15 CLASS I                 ; QSF Assignment     ;
; I/O Standard             ; mul_slice      ;              ; DDR3_DQ[4]                             ; SSTL-15 CLASS I                 ; QSF Assignment     ;
; I/O Standard             ; mul_slice      ;              ; DDR3_DQ[50]                            ; SSTL-15 CLASS I                 ; QSF Assignment     ;
; I/O Standard             ; mul_slice      ;              ; DDR3_DQ[51]                            ; SSTL-15 CLASS I                 ; QSF Assignment     ;
; I/O Standard             ; mul_slice      ;              ; DDR3_DQ[52]                            ; SSTL-15 CLASS I                 ; QSF Assignment     ;
; I/O Standard             ; mul_slice      ;              ; DDR3_DQ[53]                            ; SSTL-15 CLASS I                 ; QSF Assignment     ;
; I/O Standard             ; mul_slice      ;              ; DDR3_DQ[54]                            ; SSTL-15 CLASS I                 ; QSF Assignment     ;
; I/O Standard             ; mul_slice      ;              ; DDR3_DQ[55]                            ; SSTL-15 CLASS I                 ; QSF Assignment     ;
; I/O Standard             ; mul_slice      ;              ; DDR3_DQ[56]                            ; SSTL-15 CLASS I                 ; QSF Assignment     ;
; I/O Standard             ; mul_slice      ;              ; DDR3_DQ[57]                            ; SSTL-15 CLASS I                 ; QSF Assignment     ;
; I/O Standard             ; mul_slice      ;              ; DDR3_DQ[58]                            ; SSTL-15 CLASS I                 ; QSF Assignment     ;
; I/O Standard             ; mul_slice      ;              ; DDR3_DQ[59]                            ; SSTL-15 CLASS I                 ; QSF Assignment     ;
; I/O Standard             ; mul_slice      ;              ; DDR3_DQ[5]                             ; SSTL-15 CLASS I                 ; QSF Assignment     ;
; I/O Standard             ; mul_slice      ;              ; DDR3_DQ[60]                            ; SSTL-15 CLASS I                 ; QSF Assignment     ;
; I/O Standard             ; mul_slice      ;              ; DDR3_DQ[61]                            ; SSTL-15 CLASS I                 ; QSF Assignment     ;
; I/O Standard             ; mul_slice      ;              ; DDR3_DQ[62]                            ; SSTL-15 CLASS I                 ; QSF Assignment     ;
; I/O Standard             ; mul_slice      ;              ; DDR3_DQ[63]                            ; SSTL-15 CLASS I                 ; QSF Assignment     ;
; I/O Standard             ; mul_slice      ;              ; DDR3_DQ[6]                             ; SSTL-15 CLASS I                 ; QSF Assignment     ;
; I/O Standard             ; mul_slice      ;              ; DDR3_DQ[7]                             ; SSTL-15 CLASS I                 ; QSF Assignment     ;
; I/O Standard             ; mul_slice      ;              ; DDR3_DQ[8]                             ; SSTL-15 CLASS I                 ; QSF Assignment     ;
; I/O Standard             ; mul_slice      ;              ; DDR3_DQ[9]                             ; SSTL-15 CLASS I                 ; QSF Assignment     ;
; I/O Standard             ; mul_slice      ;              ; DDR3_EVENT_n                           ; 1.5 V                           ; QSF Assignment     ;
; I/O Standard             ; mul_slice      ;              ; DDR3_ODT[0]                            ; SSTL-15 CLASS I                 ; QSF Assignment     ;
; I/O Standard             ; mul_slice      ;              ; DDR3_ODT[1]                            ; SSTL-15 CLASS I                 ; QSF Assignment     ;
; I/O Standard             ; mul_slice      ;              ; DDR3_RAS_n                             ; SSTL-15 CLASS I                 ; QSF Assignment     ;
; I/O Standard             ; mul_slice      ;              ; DDR3_REFCLK_p                          ; LVDS                            ; QSF Assignment     ;
; I/O Standard             ; mul_slice      ;              ; DDR3_RESET_n                           ; 1.5 V                           ; QSF Assignment     ;
; I/O Standard             ; mul_slice      ;              ; DDR3_SCL                               ; 1.5 V                           ; QSF Assignment     ;
; I/O Standard             ; mul_slice      ;              ; DDR3_SDA                               ; 1.5 V                           ; QSF Assignment     ;
; I/O Standard             ; mul_slice      ;              ; DDR3_WE_n                              ; SSTL-15 CLASS I                 ; QSF Assignment     ;
; I/O Standard             ; mul_slice      ;              ; FAN_ALERT_n                            ; 1.5 V                           ; QSF Assignment     ;
; I/O Standard             ; mul_slice      ;              ; FLASH_ADV_n                            ; 2.5 V                           ; QSF Assignment     ;
; I/O Standard             ; mul_slice      ;              ; FLASH_CE_n                             ; 2.5 V                           ; QSF Assignment     ;
; I/O Standard             ; mul_slice      ;              ; FLASH_CLK                              ; 2.5 V                           ; QSF Assignment     ;
; I/O Standard             ; mul_slice      ;              ; FLASH_OE_n                             ; 2.5 V                           ; QSF Assignment     ;
; I/O Standard             ; mul_slice      ;              ; FLASH_RDY_BSY_n                        ; 2.5 V                           ; QSF Assignment     ;
; I/O Standard             ; mul_slice      ;              ; FLASH_RESET_n                          ; 2.5 V                           ; QSF Assignment     ;
; I/O Standard             ; mul_slice      ;              ; FLASH_WE_n                             ; 2.5 V                           ; QSF Assignment     ;
; I/O Standard             ; mul_slice      ;              ; FMCA_CLK_M2C_n[0]                      ; 2.5 V                           ; QSF Assignment     ;
; I/O Standard             ; mul_slice      ;              ; FMCA_CLK_M2C_n[1]                      ; 2.5 V                           ; QSF Assignment     ;
; I/O Standard             ; mul_slice      ;              ; FMCA_CLK_M2C_p[0]                      ; 2.5 V                           ; QSF Assignment     ;
; I/O Standard             ; mul_slice      ;              ; FMCA_CLK_M2C_p[1]                      ; 2.5 V                           ; QSF Assignment     ;
; I/O Standard             ; mul_slice      ;              ; FMCA_DP_C2M_p[0]                       ; 1.4-V PCML                      ; QSF Assignment     ;
; I/O Standard             ; mul_slice      ;              ; FMCA_DP_C2M_p[1]                       ; 1.4-V PCML                      ; QSF Assignment     ;
; I/O Standard             ; mul_slice      ;              ; FMCA_DP_C2M_p[2]                       ; 1.4-V PCML                      ; QSF Assignment     ;
; I/O Standard             ; mul_slice      ;              ; FMCA_DP_C2M_p[3]                       ; 1.4-V PCML                      ; QSF Assignment     ;
; I/O Standard             ; mul_slice      ;              ; FMCA_DP_C2M_p[4]                       ; 1.4-V PCML                      ; QSF Assignment     ;
; I/O Standard             ; mul_slice      ;              ; FMCA_DP_C2M_p[5]                       ; 1.4-V PCML                      ; QSF Assignment     ;
; I/O Standard             ; mul_slice      ;              ; FMCA_DP_C2M_p[6]                       ; 1.4-V PCML                      ; QSF Assignment     ;
; I/O Standard             ; mul_slice      ;              ; FMCA_DP_C2M_p[7]                       ; 1.4-V PCML                      ; QSF Assignment     ;
; I/O Standard             ; mul_slice      ;              ; FMCA_DP_C2M_p[8]                       ; 1.4-V PCML                      ; QSF Assignment     ;
; I/O Standard             ; mul_slice      ;              ; FMCA_DP_C2M_p[9]                       ; 1.4-V PCML                      ; QSF Assignment     ;
; I/O Standard             ; mul_slice      ;              ; FMCA_DP_M2C_p[0]                       ; 1.4-V PCML                      ; QSF Assignment     ;
; I/O Standard             ; mul_slice      ;              ; FMCA_DP_M2C_p[1]                       ; 1.4-V PCML                      ; QSF Assignment     ;
; I/O Standard             ; mul_slice      ;              ; FMCA_DP_M2C_p[2]                       ; 1.4-V PCML                      ; QSF Assignment     ;
; I/O Standard             ; mul_slice      ;              ; FMCA_DP_M2C_p[3]                       ; 1.4-V PCML                      ; QSF Assignment     ;
; I/O Standard             ; mul_slice      ;              ; FMCA_DP_M2C_p[4]                       ; 1.4-V PCML                      ; QSF Assignment     ;
; I/O Standard             ; mul_slice      ;              ; FMCA_DP_M2C_p[5]                       ; 1.4-V PCML                      ; QSF Assignment     ;
; I/O Standard             ; mul_slice      ;              ; FMCA_DP_M2C_p[6]                       ; 1.4-V PCML                      ; QSF Assignment     ;
; I/O Standard             ; mul_slice      ;              ; FMCA_DP_M2C_p[7]                       ; 1.4-V PCML                      ; QSF Assignment     ;
; I/O Standard             ; mul_slice      ;              ; FMCA_DP_M2C_p[8]                       ; 1.4-V PCML                      ; QSF Assignment     ;
; I/O Standard             ; mul_slice      ;              ; FMCA_DP_M2C_p[9]                       ; 1.4-V PCML                      ; QSF Assignment     ;
; I/O Standard             ; mul_slice      ;              ; FMCA_GA[0]                             ; 2.5 V                           ; QSF Assignment     ;
; I/O Standard             ; mul_slice      ;              ; FMCA_GA[1]                             ; 2.5 V                           ; QSF Assignment     ;
; I/O Standard             ; mul_slice      ;              ; FMCA_GBTCLK_M2C_p[0]                   ; LVDS                            ; QSF Assignment     ;
; I/O Standard             ; mul_slice      ;              ; FMCA_GBTCLK_M2C_p[1]                   ; LVDS                            ; QSF Assignment     ;
; I/O Standard             ; mul_slice      ;              ; FMCA_HA_RX_CLK_n                       ; 2.5 V                           ; QSF Assignment     ;
; I/O Standard             ; mul_slice      ;              ; FMCA_HA_RX_CLK_p                       ; 2.5 V                           ; QSF Assignment     ;
; I/O Standard             ; mul_slice      ;              ; FMCA_HA_RX_n[0]                        ; 2.5 V                           ; QSF Assignment     ;
; I/O Standard             ; mul_slice      ;              ; FMCA_HA_RX_n[10]                       ; 2.5 V                           ; QSF Assignment     ;
; I/O Standard             ; mul_slice      ;              ; FMCA_HA_RX_n[1]                        ; 2.5 V                           ; QSF Assignment     ;
; I/O Standard             ; mul_slice      ;              ; FMCA_HA_RX_n[2]                        ; 2.5 V                           ; QSF Assignment     ;
; I/O Standard             ; mul_slice      ;              ; FMCA_HA_RX_n[3]                        ; 2.5 V                           ; QSF Assignment     ;
; I/O Standard             ; mul_slice      ;              ; FMCA_HA_RX_n[4]                        ; 2.5 V                           ; QSF Assignment     ;
; I/O Standard             ; mul_slice      ;              ; FMCA_HA_RX_n[5]                        ; 2.5 V                           ; QSF Assignment     ;
; I/O Standard             ; mul_slice      ;              ; FMCA_HA_RX_n[6]                        ; 2.5 V                           ; QSF Assignment     ;
; I/O Standard             ; mul_slice      ;              ; FMCA_HA_RX_n[7]                        ; 2.5 V                           ; QSF Assignment     ;
; I/O Standard             ; mul_slice      ;              ; FMCA_HA_RX_n[8]                        ; 2.5 V                           ; QSF Assignment     ;
; I/O Standard             ; mul_slice      ;              ; FMCA_HA_RX_n[9]                        ; 2.5 V                           ; QSF Assignment     ;
; I/O Standard             ; mul_slice      ;              ; FMCA_HA_RX_p[0]                        ; 2.5 V                           ; QSF Assignment     ;
; I/O Standard             ; mul_slice      ;              ; FMCA_HA_RX_p[10]                       ; 2.5 V                           ; QSF Assignment     ;
; I/O Standard             ; mul_slice      ;              ; FMCA_HA_RX_p[1]                        ; 2.5 V                           ; QSF Assignment     ;
; I/O Standard             ; mul_slice      ;              ; FMCA_HA_RX_p[2]                        ; 2.5 V                           ; QSF Assignment     ;
; I/O Standard             ; mul_slice      ;              ; FMCA_HA_RX_p[3]                        ; 2.5 V                           ; QSF Assignment     ;
; I/O Standard             ; mul_slice      ;              ; FMCA_HA_RX_p[4]                        ; 2.5 V                           ; QSF Assignment     ;
; I/O Standard             ; mul_slice      ;              ; FMCA_HA_RX_p[5]                        ; 2.5 V                           ; QSF Assignment     ;
; I/O Standard             ; mul_slice      ;              ; FMCA_HA_RX_p[6]                        ; 2.5 V                           ; QSF Assignment     ;
; I/O Standard             ; mul_slice      ;              ; FMCA_HA_RX_p[7]                        ; 2.5 V                           ; QSF Assignment     ;
; I/O Standard             ; mul_slice      ;              ; FMCA_HA_RX_p[8]                        ; 2.5 V                           ; QSF Assignment     ;
; I/O Standard             ; mul_slice      ;              ; FMCA_HA_RX_p[9]                        ; 2.5 V                           ; QSF Assignment     ;
; I/O Standard             ; mul_slice      ;              ; FMCA_HA_TX_CLK_n                       ; 2.5 V                           ; QSF Assignment     ;
; I/O Standard             ; mul_slice      ;              ; FMCA_HA_TX_CLK_p                       ; 2.5 V                           ; QSF Assignment     ;
; I/O Standard             ; mul_slice      ;              ; FMCA_HA_TX_n[0]                        ; 2.5 V                           ; QSF Assignment     ;
; I/O Standard             ; mul_slice      ;              ; FMCA_HA_TX_n[10]                       ; 2.5 V                           ; QSF Assignment     ;
; I/O Standard             ; mul_slice      ;              ; FMCA_HA_TX_n[1]                        ; 2.5 V                           ; QSF Assignment     ;
; I/O Standard             ; mul_slice      ;              ; FMCA_HA_TX_n[2]                        ; 2.5 V                           ; QSF Assignment     ;
; I/O Standard             ; mul_slice      ;              ; FMCA_HA_TX_n[3]                        ; 2.5 V                           ; QSF Assignment     ;
; I/O Standard             ; mul_slice      ;              ; FMCA_HA_TX_n[4]                        ; 2.5 V                           ; QSF Assignment     ;
; I/O Standard             ; mul_slice      ;              ; FMCA_HA_TX_n[5]                        ; 2.5 V                           ; QSF Assignment     ;
; I/O Standard             ; mul_slice      ;              ; FMCA_HA_TX_n[6]                        ; 2.5 V                           ; QSF Assignment     ;
; I/O Standard             ; mul_slice      ;              ; FMCA_HA_TX_n[7]                        ; 2.5 V                           ; QSF Assignment     ;
; I/O Standard             ; mul_slice      ;              ; FMCA_HA_TX_n[8]                        ; 2.5 V                           ; QSF Assignment     ;
; I/O Standard             ; mul_slice      ;              ; FMCA_HA_TX_n[9]                        ; 2.5 V                           ; QSF Assignment     ;
; I/O Standard             ; mul_slice      ;              ; FMCA_HA_TX_p[0]                        ; 2.5 V                           ; QSF Assignment     ;
; I/O Standard             ; mul_slice      ;              ; FMCA_HA_TX_p[10]                       ; 2.5 V                           ; QSF Assignment     ;
; I/O Standard             ; mul_slice      ;              ; FMCA_HA_TX_p[1]                        ; 2.5 V                           ; QSF Assignment     ;
; I/O Standard             ; mul_slice      ;              ; FMCA_HA_TX_p[2]                        ; 2.5 V                           ; QSF Assignment     ;
; I/O Standard             ; mul_slice      ;              ; FMCA_HA_TX_p[3]                        ; 2.5 V                           ; QSF Assignment     ;
; I/O Standard             ; mul_slice      ;              ; FMCA_HA_TX_p[4]                        ; 2.5 V                           ; QSF Assignment     ;
; I/O Standard             ; mul_slice      ;              ; FMCA_HA_TX_p[5]                        ; 2.5 V                           ; QSF Assignment     ;
; I/O Standard             ; mul_slice      ;              ; FMCA_HA_TX_p[6]                        ; 2.5 V                           ; QSF Assignment     ;
; I/O Standard             ; mul_slice      ;              ; FMCA_HA_TX_p[7]                        ; 2.5 V                           ; QSF Assignment     ;
; I/O Standard             ; mul_slice      ;              ; FMCA_HA_TX_p[8]                        ; 2.5 V                           ; QSF Assignment     ;
; I/O Standard             ; mul_slice      ;              ; FMCA_HA_TX_p[9]                        ; 2.5 V                           ; QSF Assignment     ;
; I/O Standard             ; mul_slice      ;              ; FMCA_HB_RX_CLK_n                       ; 2.5 V                           ; QSF Assignment     ;
; I/O Standard             ; mul_slice      ;              ; FMCA_HB_RX_CLK_p                       ; 2.5 V                           ; QSF Assignment     ;
; I/O Standard             ; mul_slice      ;              ; FMCA_HB_RX_n[0]                        ; 2.5 V                           ; QSF Assignment     ;
; I/O Standard             ; mul_slice      ;              ; FMCA_HB_RX_n[10]                       ; 2.5 V                           ; QSF Assignment     ;
; I/O Standard             ; mul_slice      ;              ; FMCA_HB_RX_n[1]                        ; 2.5 V                           ; QSF Assignment     ;
; I/O Standard             ; mul_slice      ;              ; FMCA_HB_RX_n[2]                        ; 2.5 V                           ; QSF Assignment     ;
; I/O Standard             ; mul_slice      ;              ; FMCA_HB_RX_n[3]                        ; 2.5 V                           ; QSF Assignment     ;
; I/O Standard             ; mul_slice      ;              ; FMCA_HB_RX_n[4]                        ; 2.5 V                           ; QSF Assignment     ;
; I/O Standard             ; mul_slice      ;              ; FMCA_HB_RX_n[5]                        ; 2.5 V                           ; QSF Assignment     ;
; I/O Standard             ; mul_slice      ;              ; FMCA_HB_RX_n[6]                        ; 2.5 V                           ; QSF Assignment     ;
; I/O Standard             ; mul_slice      ;              ; FMCA_HB_RX_n[7]                        ; 2.5 V                           ; QSF Assignment     ;
; I/O Standard             ; mul_slice      ;              ; FMCA_HB_RX_n[8]                        ; 2.5 V                           ; QSF Assignment     ;
; I/O Standard             ; mul_slice      ;              ; FMCA_HB_RX_n[9]                        ; 2.5 V                           ; QSF Assignment     ;
; I/O Standard             ; mul_slice      ;              ; FMCA_HB_RX_p[0]                        ; 2.5 V                           ; QSF Assignment     ;
; I/O Standard             ; mul_slice      ;              ; FMCA_HB_RX_p[10]                       ; 2.5 V                           ; QSF Assignment     ;
; I/O Standard             ; mul_slice      ;              ; FMCA_HB_RX_p[1]                        ; 2.5 V                           ; QSF Assignment     ;
; I/O Standard             ; mul_slice      ;              ; FMCA_HB_RX_p[2]                        ; 2.5 V                           ; QSF Assignment     ;
; I/O Standard             ; mul_slice      ;              ; FMCA_HB_RX_p[3]                        ; 2.5 V                           ; QSF Assignment     ;
; I/O Standard             ; mul_slice      ;              ; FMCA_HB_RX_p[4]                        ; 2.5 V                           ; QSF Assignment     ;
; I/O Standard             ; mul_slice      ;              ; FMCA_HB_RX_p[5]                        ; 2.5 V                           ; QSF Assignment     ;
; I/O Standard             ; mul_slice      ;              ; FMCA_HB_RX_p[6]                        ; 2.5 V                           ; QSF Assignment     ;
; I/O Standard             ; mul_slice      ;              ; FMCA_HB_RX_p[7]                        ; 2.5 V                           ; QSF Assignment     ;
; I/O Standard             ; mul_slice      ;              ; FMCA_HB_RX_p[8]                        ; 2.5 V                           ; QSF Assignment     ;
; I/O Standard             ; mul_slice      ;              ; FMCA_HB_RX_p[9]                        ; 2.5 V                           ; QSF Assignment     ;
; I/O Standard             ; mul_slice      ;              ; FMCA_HB_TX_CLK_n                       ; 2.5 V                           ; QSF Assignment     ;
; I/O Standard             ; mul_slice      ;              ; FMCA_HB_TX_CLK_p                       ; 2.5 V                           ; QSF Assignment     ;
; I/O Standard             ; mul_slice      ;              ; FMCA_HB_TX_n[0]                        ; 2.5 V                           ; QSF Assignment     ;
; I/O Standard             ; mul_slice      ;              ; FMCA_HB_TX_n[10]                       ; 2.5 V                           ; QSF Assignment     ;
; I/O Standard             ; mul_slice      ;              ; FMCA_HB_TX_n[1]                        ; 2.5 V                           ; QSF Assignment     ;
; I/O Standard             ; mul_slice      ;              ; FMCA_HB_TX_n[2]                        ; 2.5 V                           ; QSF Assignment     ;
; I/O Standard             ; mul_slice      ;              ; FMCA_HB_TX_n[3]                        ; 2.5 V                           ; QSF Assignment     ;
; I/O Standard             ; mul_slice      ;              ; FMCA_HB_TX_n[4]                        ; 2.5 V                           ; QSF Assignment     ;
; I/O Standard             ; mul_slice      ;              ; FMCA_HB_TX_n[5]                        ; 2.5 V                           ; QSF Assignment     ;
; I/O Standard             ; mul_slice      ;              ; FMCA_HB_TX_n[6]                        ; 2.5 V                           ; QSF Assignment     ;
; I/O Standard             ; mul_slice      ;              ; FMCA_HB_TX_n[7]                        ; 2.5 V                           ; QSF Assignment     ;
; I/O Standard             ; mul_slice      ;              ; FMCA_HB_TX_n[8]                        ; 2.5 V                           ; QSF Assignment     ;
; I/O Standard             ; mul_slice      ;              ; FMCA_HB_TX_n[9]                        ; 2.5 V                           ; QSF Assignment     ;
; I/O Standard             ; mul_slice      ;              ; FMCA_HB_TX_p[0]                        ; 2.5 V                           ; QSF Assignment     ;
; I/O Standard             ; mul_slice      ;              ; FMCA_HB_TX_p[10]                       ; 2.5 V                           ; QSF Assignment     ;
; I/O Standard             ; mul_slice      ;              ; FMCA_HB_TX_p[1]                        ; 2.5 V                           ; QSF Assignment     ;
; I/O Standard             ; mul_slice      ;              ; FMCA_HB_TX_p[2]                        ; 2.5 V                           ; QSF Assignment     ;
; I/O Standard             ; mul_slice      ;              ; FMCA_HB_TX_p[3]                        ; 2.5 V                           ; QSF Assignment     ;
; I/O Standard             ; mul_slice      ;              ; FMCA_HB_TX_p[4]                        ; 2.5 V                           ; QSF Assignment     ;
; I/O Standard             ; mul_slice      ;              ; FMCA_HB_TX_p[5]                        ; 2.5 V                           ; QSF Assignment     ;
; I/O Standard             ; mul_slice      ;              ; FMCA_HB_TX_p[6]                        ; 2.5 V                           ; QSF Assignment     ;
; I/O Standard             ; mul_slice      ;              ; FMCA_HB_TX_p[7]                        ; 2.5 V                           ; QSF Assignment     ;
; I/O Standard             ; mul_slice      ;              ; FMCA_HB_TX_p[8]                        ; 2.5 V                           ; QSF Assignment     ;
; I/O Standard             ; mul_slice      ;              ; FMCA_HB_TX_p[9]                        ; 2.5 V                           ; QSF Assignment     ;
; I/O Standard             ; mul_slice      ;              ; FMCA_LA_RX_CLK_n                       ; 2.5 V                           ; QSF Assignment     ;
; I/O Standard             ; mul_slice      ;              ; FMCA_LA_RX_CLK_p                       ; 2.5 V                           ; QSF Assignment     ;
; I/O Standard             ; mul_slice      ;              ; FMCA_LA_RX_n[0]                        ; 2.5 V                           ; QSF Assignment     ;
; I/O Standard             ; mul_slice      ;              ; FMCA_LA_RX_n[10]                       ; 2.5 V                           ; QSF Assignment     ;
; I/O Standard             ; mul_slice      ;              ; FMCA_LA_RX_n[11]                       ; 2.5 V                           ; QSF Assignment     ;
; I/O Standard             ; mul_slice      ;              ; FMCA_LA_RX_n[12]                       ; 2.5 V                           ; QSF Assignment     ;
; I/O Standard             ; mul_slice      ;              ; FMCA_LA_RX_n[13]                       ; 2.5 V                           ; QSF Assignment     ;
; I/O Standard             ; mul_slice      ;              ; FMCA_LA_RX_n[14]                       ; 2.5 V                           ; QSF Assignment     ;
; I/O Standard             ; mul_slice      ;              ; FMCA_LA_RX_n[1]                        ; 2.5 V                           ; QSF Assignment     ;
; I/O Standard             ; mul_slice      ;              ; FMCA_LA_RX_n[2]                        ; 2.5 V                           ; QSF Assignment     ;
; I/O Standard             ; mul_slice      ;              ; FMCA_LA_RX_n[3]                        ; 2.5 V                           ; QSF Assignment     ;
; I/O Standard             ; mul_slice      ;              ; FMCA_LA_RX_n[4]                        ; 2.5 V                           ; QSF Assignment     ;
; I/O Standard             ; mul_slice      ;              ; FMCA_LA_RX_n[5]                        ; 2.5 V                           ; QSF Assignment     ;
; I/O Standard             ; mul_slice      ;              ; FMCA_LA_RX_n[6]                        ; 2.5 V                           ; QSF Assignment     ;
; I/O Standard             ; mul_slice      ;              ; FMCA_LA_RX_n[7]                        ; 2.5 V                           ; QSF Assignment     ;
; I/O Standard             ; mul_slice      ;              ; FMCA_LA_RX_n[8]                        ; 2.5 V                           ; QSF Assignment     ;
; I/O Standard             ; mul_slice      ;              ; FMCA_LA_RX_n[9]                        ; 2.5 V                           ; QSF Assignment     ;
; I/O Standard             ; mul_slice      ;              ; FMCA_LA_RX_p[0]                        ; 2.5 V                           ; QSF Assignment     ;
; I/O Standard             ; mul_slice      ;              ; FMCA_LA_RX_p[10]                       ; 2.5 V                           ; QSF Assignment     ;
; I/O Standard             ; mul_slice      ;              ; FMCA_LA_RX_p[11]                       ; 2.5 V                           ; QSF Assignment     ;
; I/O Standard             ; mul_slice      ;              ; FMCA_LA_RX_p[12]                       ; 2.5 V                           ; QSF Assignment     ;
; I/O Standard             ; mul_slice      ;              ; FMCA_LA_RX_p[13]                       ; 2.5 V                           ; QSF Assignment     ;
; I/O Standard             ; mul_slice      ;              ; FMCA_LA_RX_p[14]                       ; 2.5 V                           ; QSF Assignment     ;
; I/O Standard             ; mul_slice      ;              ; FMCA_LA_RX_p[1]                        ; 2.5 V                           ; QSF Assignment     ;
; I/O Standard             ; mul_slice      ;              ; FMCA_LA_RX_p[2]                        ; 2.5 V                           ; QSF Assignment     ;
; I/O Standard             ; mul_slice      ;              ; FMCA_LA_RX_p[3]                        ; 2.5 V                           ; QSF Assignment     ;
; I/O Standard             ; mul_slice      ;              ; FMCA_LA_RX_p[4]                        ; 2.5 V                           ; QSF Assignment     ;
; I/O Standard             ; mul_slice      ;              ; FMCA_LA_RX_p[5]                        ; 2.5 V                           ; QSF Assignment     ;
; I/O Standard             ; mul_slice      ;              ; FMCA_LA_RX_p[6]                        ; 2.5 V                           ; QSF Assignment     ;
; I/O Standard             ; mul_slice      ;              ; FMCA_LA_RX_p[7]                        ; 2.5 V                           ; QSF Assignment     ;
; I/O Standard             ; mul_slice      ;              ; FMCA_LA_RX_p[8]                        ; 2.5 V                           ; QSF Assignment     ;
; I/O Standard             ; mul_slice      ;              ; FMCA_LA_RX_p[9]                        ; 2.5 V                           ; QSF Assignment     ;
; I/O Standard             ; mul_slice      ;              ; FMCA_LA_TX_CLK_n                       ; 2.5 V                           ; QSF Assignment     ;
; I/O Standard             ; mul_slice      ;              ; FMCA_LA_TX_CLK_p                       ; 2.5 V                           ; QSF Assignment     ;
; I/O Standard             ; mul_slice      ;              ; FMCA_LA_TX_n[0]                        ; 2.5 V                           ; QSF Assignment     ;
; I/O Standard             ; mul_slice      ;              ; FMCA_LA_TX_n[10]                       ; 2.5 V                           ; QSF Assignment     ;
; I/O Standard             ; mul_slice      ;              ; FMCA_LA_TX_n[11]                       ; 2.5 V                           ; QSF Assignment     ;
; I/O Standard             ; mul_slice      ;              ; FMCA_LA_TX_n[12]                       ; 2.5 V                           ; QSF Assignment     ;
; I/O Standard             ; mul_slice      ;              ; FMCA_LA_TX_n[13]                       ; 2.5 V                           ; QSF Assignment     ;
; I/O Standard             ; mul_slice      ;              ; FMCA_LA_TX_n[14]                       ; 2.5 V                           ; QSF Assignment     ;
; I/O Standard             ; mul_slice      ;              ; FMCA_LA_TX_n[15]                       ; 2.5 V                           ; QSF Assignment     ;
; I/O Standard             ; mul_slice      ;              ; FMCA_LA_TX_n[16]                       ; 2.5 V                           ; QSF Assignment     ;
; I/O Standard             ; mul_slice      ;              ; FMCA_LA_TX_n[1]                        ; 2.5 V                           ; QSF Assignment     ;
; I/O Standard             ; mul_slice      ;              ; FMCA_LA_TX_n[2]                        ; 2.5 V                           ; QSF Assignment     ;
; I/O Standard             ; mul_slice      ;              ; FMCA_LA_TX_n[3]                        ; 2.5 V                           ; QSF Assignment     ;
; I/O Standard             ; mul_slice      ;              ; FMCA_LA_TX_n[4]                        ; 2.5 V                           ; QSF Assignment     ;
; I/O Standard             ; mul_slice      ;              ; FMCA_LA_TX_n[5]                        ; 2.5 V                           ; QSF Assignment     ;
; I/O Standard             ; mul_slice      ;              ; FMCA_LA_TX_n[6]                        ; 2.5 V                           ; QSF Assignment     ;
; I/O Standard             ; mul_slice      ;              ; FMCA_LA_TX_n[7]                        ; 2.5 V                           ; QSF Assignment     ;
; I/O Standard             ; mul_slice      ;              ; FMCA_LA_TX_n[8]                        ; 2.5 V                           ; QSF Assignment     ;
; I/O Standard             ; mul_slice      ;              ; FMCA_LA_TX_n[9]                        ; 2.5 V                           ; QSF Assignment     ;
; I/O Standard             ; mul_slice      ;              ; FMCA_LA_TX_p[0]                        ; 2.5 V                           ; QSF Assignment     ;
; I/O Standard             ; mul_slice      ;              ; FMCA_LA_TX_p[10]                       ; 2.5 V                           ; QSF Assignment     ;
; I/O Standard             ; mul_slice      ;              ; FMCA_LA_TX_p[11]                       ; 2.5 V                           ; QSF Assignment     ;
; I/O Standard             ; mul_slice      ;              ; FMCA_LA_TX_p[12]                       ; 2.5 V                           ; QSF Assignment     ;
; I/O Standard             ; mul_slice      ;              ; FMCA_LA_TX_p[13]                       ; 2.5 V                           ; QSF Assignment     ;
; I/O Standard             ; mul_slice      ;              ; FMCA_LA_TX_p[14]                       ; 2.5 V                           ; QSF Assignment     ;
; I/O Standard             ; mul_slice      ;              ; FMCA_LA_TX_p[15]                       ; 2.5 V                           ; QSF Assignment     ;
; I/O Standard             ; mul_slice      ;              ; FMCA_LA_TX_p[16]                       ; 2.5 V                           ; QSF Assignment     ;
; I/O Standard             ; mul_slice      ;              ; FMCA_LA_TX_p[1]                        ; 2.5 V                           ; QSF Assignment     ;
; I/O Standard             ; mul_slice      ;              ; FMCA_LA_TX_p[2]                        ; 2.5 V                           ; QSF Assignment     ;
; I/O Standard             ; mul_slice      ;              ; FMCA_LA_TX_p[3]                        ; 2.5 V                           ; QSF Assignment     ;
; I/O Standard             ; mul_slice      ;              ; FMCA_LA_TX_p[4]                        ; 2.5 V                           ; QSF Assignment     ;
; I/O Standard             ; mul_slice      ;              ; FMCA_LA_TX_p[5]                        ; 2.5 V                           ; QSF Assignment     ;
; I/O Standard             ; mul_slice      ;              ; FMCA_LA_TX_p[6]                        ; 2.5 V                           ; QSF Assignment     ;
; I/O Standard             ; mul_slice      ;              ; FMCA_LA_TX_p[7]                        ; 2.5 V                           ; QSF Assignment     ;
; I/O Standard             ; mul_slice      ;              ; FMCA_LA_TX_p[8]                        ; 2.5 V                           ; QSF Assignment     ;
; I/O Standard             ; mul_slice      ;              ; FMCA_LA_TX_p[9]                        ; 2.5 V                           ; QSF Assignment     ;
; I/O Standard             ; mul_slice      ;              ; FMCA_ONBOARD_REFCLK_p[0]               ; LVDS                            ; QSF Assignment     ;
; I/O Standard             ; mul_slice      ;              ; FMCA_ONBOARD_REFCLK_p[1]               ; LVDS                            ; QSF Assignment     ;
; I/O Standard             ; mul_slice      ;              ; FMCA_SCL                               ; 2.5 V                           ; QSF Assignment     ;
; I/O Standard             ; mul_slice      ;              ; FMCA_SDA                               ; 2.5 V                           ; QSF Assignment     ;
; I/O Standard             ; mul_slice      ;              ; FMCB_CLK_M2C_n[0]                      ; 2.5 V                           ; QSF Assignment     ;
; I/O Standard             ; mul_slice      ;              ; FMCB_CLK_M2C_n[1]                      ; 2.5 V                           ; QSF Assignment     ;
; I/O Standard             ; mul_slice      ;              ; FMCB_CLK_M2C_p[0]                      ; 2.5 V                           ; QSF Assignment     ;
; I/O Standard             ; mul_slice      ;              ; FMCB_CLK_M2C_p[1]                      ; 2.5 V                           ; QSF Assignment     ;
; I/O Standard             ; mul_slice      ;              ; FMCB_DP_C2M_p[0]                       ; 1.4-V PCML                      ; QSF Assignment     ;
; I/O Standard             ; mul_slice      ;              ; FMCB_DP_M2C_p[0]                       ; 1.4-V PCML                      ; QSF Assignment     ;
; I/O Standard             ; mul_slice      ;              ; FMCB_GA[0]                             ; 2.5 V                           ; QSF Assignment     ;
; I/O Standard             ; mul_slice      ;              ; FMCB_GA[1]                             ; 2.5 V                           ; QSF Assignment     ;
; I/O Standard             ; mul_slice      ;              ; FMCB_GBTCLK_M2C_p[0]                   ; LVDS                            ; QSF Assignment     ;
; I/O Standard             ; mul_slice      ;              ; FMCB_LA_RX_CLK_n                       ; 2.5 V                           ; QSF Assignment     ;
; I/O Standard             ; mul_slice      ;              ; FMCB_LA_RX_CLK_p                       ; 2.5 V                           ; QSF Assignment     ;
; I/O Standard             ; mul_slice      ;              ; FMCB_LA_RX_n[0]                        ; 2.5 V                           ; QSF Assignment     ;
; I/O Standard             ; mul_slice      ;              ; FMCB_LA_RX_n[10]                       ; 2.5 V                           ; QSF Assignment     ;
; I/O Standard             ; mul_slice      ;              ; FMCB_LA_RX_n[11]                       ; 2.5 V                           ; QSF Assignment     ;
; I/O Standard             ; mul_slice      ;              ; FMCB_LA_RX_n[12]                       ; 2.5 V                           ; QSF Assignment     ;
; I/O Standard             ; mul_slice      ;              ; FMCB_LA_RX_n[13]                       ; 2.5 V                           ; QSF Assignment     ;
; I/O Standard             ; mul_slice      ;              ; FMCB_LA_RX_n[14]                       ; 2.5 V                           ; QSF Assignment     ;
; I/O Standard             ; mul_slice      ;              ; FMCB_LA_RX_n[1]                        ; 2.5 V                           ; QSF Assignment     ;
; I/O Standard             ; mul_slice      ;              ; FMCB_LA_RX_n[2]                        ; 2.5 V                           ; QSF Assignment     ;
; I/O Standard             ; mul_slice      ;              ; FMCB_LA_RX_n[3]                        ; 2.5 V                           ; QSF Assignment     ;
; I/O Standard             ; mul_slice      ;              ; FMCB_LA_RX_n[4]                        ; 2.5 V                           ; QSF Assignment     ;
; I/O Standard             ; mul_slice      ;              ; FMCB_LA_RX_n[5]                        ; 2.5 V                           ; QSF Assignment     ;
; I/O Standard             ; mul_slice      ;              ; FMCB_LA_RX_n[6]                        ; 2.5 V                           ; QSF Assignment     ;
; I/O Standard             ; mul_slice      ;              ; FMCB_LA_RX_n[7]                        ; 2.5 V                           ; QSF Assignment     ;
; I/O Standard             ; mul_slice      ;              ; FMCB_LA_RX_n[8]                        ; 2.5 V                           ; QSF Assignment     ;
; I/O Standard             ; mul_slice      ;              ; FMCB_LA_RX_n[9]                        ; 2.5 V                           ; QSF Assignment     ;
; I/O Standard             ; mul_slice      ;              ; FMCB_LA_RX_p[0]                        ; 2.5 V                           ; QSF Assignment     ;
; I/O Standard             ; mul_slice      ;              ; FMCB_LA_RX_p[10]                       ; 2.5 V                           ; QSF Assignment     ;
; I/O Standard             ; mul_slice      ;              ; FMCB_LA_RX_p[11]                       ; 2.5 V                           ; QSF Assignment     ;
; I/O Standard             ; mul_slice      ;              ; FMCB_LA_RX_p[12]                       ; 2.5 V                           ; QSF Assignment     ;
; I/O Standard             ; mul_slice      ;              ; FMCB_LA_RX_p[13]                       ; 2.5 V                           ; QSF Assignment     ;
; I/O Standard             ; mul_slice      ;              ; FMCB_LA_RX_p[14]                       ; 2.5 V                           ; QSF Assignment     ;
; I/O Standard             ; mul_slice      ;              ; FMCB_LA_RX_p[1]                        ; 2.5 V                           ; QSF Assignment     ;
; I/O Standard             ; mul_slice      ;              ; FMCB_LA_RX_p[2]                        ; 2.5 V                           ; QSF Assignment     ;
; I/O Standard             ; mul_slice      ;              ; FMCB_LA_RX_p[3]                        ; 2.5 V                           ; QSF Assignment     ;
; I/O Standard             ; mul_slice      ;              ; FMCB_LA_RX_p[4]                        ; 2.5 V                           ; QSF Assignment     ;
; I/O Standard             ; mul_slice      ;              ; FMCB_LA_RX_p[5]                        ; 2.5 V                           ; QSF Assignment     ;
; I/O Standard             ; mul_slice      ;              ; FMCB_LA_RX_p[6]                        ; 2.5 V                           ; QSF Assignment     ;
; I/O Standard             ; mul_slice      ;              ; FMCB_LA_RX_p[7]                        ; 2.5 V                           ; QSF Assignment     ;
; I/O Standard             ; mul_slice      ;              ; FMCB_LA_RX_p[8]                        ; 2.5 V                           ; QSF Assignment     ;
; I/O Standard             ; mul_slice      ;              ; FMCB_LA_RX_p[9]                        ; 2.5 V                           ; QSF Assignment     ;
; I/O Standard             ; mul_slice      ;              ; FMCB_LA_TX_CLK_n                       ; 2.5 V                           ; QSF Assignment     ;
; I/O Standard             ; mul_slice      ;              ; FMCB_LA_TX_CLK_p                       ; 2.5 V                           ; QSF Assignment     ;
; I/O Standard             ; mul_slice      ;              ; FMCB_LA_TX_n[0]                        ; 2.5 V                           ; QSF Assignment     ;
; I/O Standard             ; mul_slice      ;              ; FMCB_LA_TX_n[10]                       ; 2.5 V                           ; QSF Assignment     ;
; I/O Standard             ; mul_slice      ;              ; FMCB_LA_TX_n[11]                       ; 2.5 V                           ; QSF Assignment     ;
; I/O Standard             ; mul_slice      ;              ; FMCB_LA_TX_n[12]                       ; 2.5 V                           ; QSF Assignment     ;
; I/O Standard             ; mul_slice      ;              ; FMCB_LA_TX_n[13]                       ; 2.5 V                           ; QSF Assignment     ;
; I/O Standard             ; mul_slice      ;              ; FMCB_LA_TX_n[14]                       ; 2.5 V                           ; QSF Assignment     ;
; I/O Standard             ; mul_slice      ;              ; FMCB_LA_TX_n[15]                       ; 2.5 V                           ; QSF Assignment     ;
; I/O Standard             ; mul_slice      ;              ; FMCB_LA_TX_n[16]                       ; 2.5 V                           ; QSF Assignment     ;
; I/O Standard             ; mul_slice      ;              ; FMCB_LA_TX_n[1]                        ; 2.5 V                           ; QSF Assignment     ;
; I/O Standard             ; mul_slice      ;              ; FMCB_LA_TX_n[2]                        ; 2.5 V                           ; QSF Assignment     ;
; I/O Standard             ; mul_slice      ;              ; FMCB_LA_TX_n[3]                        ; 2.5 V                           ; QSF Assignment     ;
; I/O Standard             ; mul_slice      ;              ; FMCB_LA_TX_n[4]                        ; 2.5 V                           ; QSF Assignment     ;
; I/O Standard             ; mul_slice      ;              ; FMCB_LA_TX_n[5]                        ; 2.5 V                           ; QSF Assignment     ;
; I/O Standard             ; mul_slice      ;              ; FMCB_LA_TX_n[6]                        ; 2.5 V                           ; QSF Assignment     ;
; I/O Standard             ; mul_slice      ;              ; FMCB_LA_TX_n[7]                        ; 2.5 V                           ; QSF Assignment     ;
; I/O Standard             ; mul_slice      ;              ; FMCB_LA_TX_n[8]                        ; 2.5 V                           ; QSF Assignment     ;
; I/O Standard             ; mul_slice      ;              ; FMCB_LA_TX_n[9]                        ; 2.5 V                           ; QSF Assignment     ;
; I/O Standard             ; mul_slice      ;              ; FMCB_LA_TX_p[0]                        ; 2.5 V                           ; QSF Assignment     ;
; I/O Standard             ; mul_slice      ;              ; FMCB_LA_TX_p[10]                       ; 2.5 V                           ; QSF Assignment     ;
; I/O Standard             ; mul_slice      ;              ; FMCB_LA_TX_p[11]                       ; 2.5 V                           ; QSF Assignment     ;
; I/O Standard             ; mul_slice      ;              ; FMCB_LA_TX_p[12]                       ; 2.5 V                           ; QSF Assignment     ;
; I/O Standard             ; mul_slice      ;              ; FMCB_LA_TX_p[13]                       ; 2.5 V                           ; QSF Assignment     ;
; I/O Standard             ; mul_slice      ;              ; FMCB_LA_TX_p[14]                       ; 2.5 V                           ; QSF Assignment     ;
; I/O Standard             ; mul_slice      ;              ; FMCB_LA_TX_p[15]                       ; 2.5 V                           ; QSF Assignment     ;
; I/O Standard             ; mul_slice      ;              ; FMCB_LA_TX_p[16]                       ; 2.5 V                           ; QSF Assignment     ;
; I/O Standard             ; mul_slice      ;              ; FMCB_LA_TX_p[1]                        ; 2.5 V                           ; QSF Assignment     ;
; I/O Standard             ; mul_slice      ;              ; FMCB_LA_TX_p[2]                        ; 2.5 V                           ; QSF Assignment     ;
; I/O Standard             ; mul_slice      ;              ; FMCB_LA_TX_p[3]                        ; 2.5 V                           ; QSF Assignment     ;
; I/O Standard             ; mul_slice      ;              ; FMCB_LA_TX_p[4]                        ; 2.5 V                           ; QSF Assignment     ;
; I/O Standard             ; mul_slice      ;              ; FMCB_LA_TX_p[5]                        ; 2.5 V                           ; QSF Assignment     ;
; I/O Standard             ; mul_slice      ;              ; FMCB_LA_TX_p[6]                        ; 2.5 V                           ; QSF Assignment     ;
; I/O Standard             ; mul_slice      ;              ; FMCB_LA_TX_p[7]                        ; 2.5 V                           ; QSF Assignment     ;
; I/O Standard             ; mul_slice      ;              ; FMCB_LA_TX_p[8]                        ; 2.5 V                           ; QSF Assignment     ;
; I/O Standard             ; mul_slice      ;              ; FMCB_LA_TX_p[9]                        ; 2.5 V                           ; QSF Assignment     ;
; I/O Standard             ; mul_slice      ;              ; FMCB_ONBOARD_REFCLK_p[0]               ; LVDS                            ; QSF Assignment     ;
; I/O Standard             ; mul_slice      ;              ; FMCB_SCL                               ; 2.5 V                           ; QSF Assignment     ;
; I/O Standard             ; mul_slice      ;              ; FMCB_SDA                               ; 2.5 V                           ; QSF Assignment     ;
; I/O Standard             ; mul_slice      ;              ; FMCC_CLK_M2C_n[0]                      ; 2.5 V                           ; QSF Assignment     ;
; I/O Standard             ; mul_slice      ;              ; FMCC_CLK_M2C_n[1]                      ; 2.5 V                           ; QSF Assignment     ;
; I/O Standard             ; mul_slice      ;              ; FMCC_CLK_M2C_p[0]                      ; 2.5 V                           ; QSF Assignment     ;
; I/O Standard             ; mul_slice      ;              ; FMCC_CLK_M2C_p[1]                      ; 2.5 V                           ; QSF Assignment     ;
; I/O Standard             ; mul_slice      ;              ; FMCC_DP_C2M_p[0]                       ; 1.4-V PCML                      ; QSF Assignment     ;
; I/O Standard             ; mul_slice      ;              ; FMCC_DP_M2C_p[0]                       ; 1.4-V PCML                      ; QSF Assignment     ;
; I/O Standard             ; mul_slice      ;              ; FMCC_GA[0]                             ; 2.5 V                           ; QSF Assignment     ;
; I/O Standard             ; mul_slice      ;              ; FMCC_GA[1]                             ; 2.5 V                           ; QSF Assignment     ;
; I/O Standard             ; mul_slice      ;              ; FMCC_GBTCLK_M2C_p[0]                   ; LVDS                            ; QSF Assignment     ;
; I/O Standard             ; mul_slice      ;              ; FMCC_LA_RX_CLK_n                       ; 2.5 V                           ; QSF Assignment     ;
; I/O Standard             ; mul_slice      ;              ; FMCC_LA_RX_CLK_p                       ; 2.5 V                           ; QSF Assignment     ;
; I/O Standard             ; mul_slice      ;              ; FMCC_LA_RX_n[0]                        ; 2.5 V                           ; QSF Assignment     ;
; I/O Standard             ; mul_slice      ;              ; FMCC_LA_RX_n[10]                       ; 2.5 V                           ; QSF Assignment     ;
; I/O Standard             ; mul_slice      ;              ; FMCC_LA_RX_n[11]                       ; 2.5 V                           ; QSF Assignment     ;
; I/O Standard             ; mul_slice      ;              ; FMCC_LA_RX_n[12]                       ; 2.5 V                           ; QSF Assignment     ;
; I/O Standard             ; mul_slice      ;              ; FMCC_LA_RX_n[13]                       ; 2.5 V                           ; QSF Assignment     ;
; I/O Standard             ; mul_slice      ;              ; FMCC_LA_RX_n[14]                       ; 2.5 V                           ; QSF Assignment     ;
; I/O Standard             ; mul_slice      ;              ; FMCC_LA_RX_n[1]                        ; 2.5 V                           ; QSF Assignment     ;
; I/O Standard             ; mul_slice      ;              ; FMCC_LA_RX_n[2]                        ; 2.5 V                           ; QSF Assignment     ;
; I/O Standard             ; mul_slice      ;              ; FMCC_LA_RX_n[3]                        ; 2.5 V                           ; QSF Assignment     ;
; I/O Standard             ; mul_slice      ;              ; FMCC_LA_RX_n[4]                        ; 2.5 V                           ; QSF Assignment     ;
; I/O Standard             ; mul_slice      ;              ; FMCC_LA_RX_n[5]                        ; 2.5 V                           ; QSF Assignment     ;
; I/O Standard             ; mul_slice      ;              ; FMCC_LA_RX_n[6]                        ; 2.5 V                           ; QSF Assignment     ;
; I/O Standard             ; mul_slice      ;              ; FMCC_LA_RX_n[7]                        ; 2.5 V                           ; QSF Assignment     ;
; I/O Standard             ; mul_slice      ;              ; FMCC_LA_RX_n[8]                        ; 2.5 V                           ; QSF Assignment     ;
; I/O Standard             ; mul_slice      ;              ; FMCC_LA_RX_n[9]                        ; 2.5 V                           ; QSF Assignment     ;
; I/O Standard             ; mul_slice      ;              ; FMCC_LA_RX_p[0]                        ; 2.5 V                           ; QSF Assignment     ;
; I/O Standard             ; mul_slice      ;              ; FMCC_LA_RX_p[10]                       ; 2.5 V                           ; QSF Assignment     ;
; I/O Standard             ; mul_slice      ;              ; FMCC_LA_RX_p[11]                       ; 2.5 V                           ; QSF Assignment     ;
; I/O Standard             ; mul_slice      ;              ; FMCC_LA_RX_p[12]                       ; 2.5 V                           ; QSF Assignment     ;
; I/O Standard             ; mul_slice      ;              ; FMCC_LA_RX_p[13]                       ; 2.5 V                           ; QSF Assignment     ;
; I/O Standard             ; mul_slice      ;              ; FMCC_LA_RX_p[14]                       ; 2.5 V                           ; QSF Assignment     ;
; I/O Standard             ; mul_slice      ;              ; FMCC_LA_RX_p[1]                        ; 2.5 V                           ; QSF Assignment     ;
; I/O Standard             ; mul_slice      ;              ; FMCC_LA_RX_p[2]                        ; 2.5 V                           ; QSF Assignment     ;
; I/O Standard             ; mul_slice      ;              ; FMCC_LA_RX_p[3]                        ; 2.5 V                           ; QSF Assignment     ;
; I/O Standard             ; mul_slice      ;              ; FMCC_LA_RX_p[4]                        ; 2.5 V                           ; QSF Assignment     ;
; I/O Standard             ; mul_slice      ;              ; FMCC_LA_RX_p[5]                        ; 2.5 V                           ; QSF Assignment     ;
; I/O Standard             ; mul_slice      ;              ; FMCC_LA_RX_p[6]                        ; 2.5 V                           ; QSF Assignment     ;
; I/O Standard             ; mul_slice      ;              ; FMCC_LA_RX_p[7]                        ; 2.5 V                           ; QSF Assignment     ;
; I/O Standard             ; mul_slice      ;              ; FMCC_LA_RX_p[8]                        ; 2.5 V                           ; QSF Assignment     ;
; I/O Standard             ; mul_slice      ;              ; FMCC_LA_RX_p[9]                        ; 2.5 V                           ; QSF Assignment     ;
; I/O Standard             ; mul_slice      ;              ; FMCC_LA_TX_CLK_n                       ; 2.5 V                           ; QSF Assignment     ;
; I/O Standard             ; mul_slice      ;              ; FMCC_LA_TX_CLK_p                       ; 2.5 V                           ; QSF Assignment     ;
; I/O Standard             ; mul_slice      ;              ; FMCC_LA_TX_n[0]                        ; 2.5 V                           ; QSF Assignment     ;
; I/O Standard             ; mul_slice      ;              ; FMCC_LA_TX_n[10]                       ; 2.5 V                           ; QSF Assignment     ;
; I/O Standard             ; mul_slice      ;              ; FMCC_LA_TX_n[11]                       ; 2.5 V                           ; QSF Assignment     ;
; I/O Standard             ; mul_slice      ;              ; FMCC_LA_TX_n[12]                       ; 2.5 V                           ; QSF Assignment     ;
; I/O Standard             ; mul_slice      ;              ; FMCC_LA_TX_n[13]                       ; 2.5 V                           ; QSF Assignment     ;
; I/O Standard             ; mul_slice      ;              ; FMCC_LA_TX_n[14]                       ; 2.5 V                           ; QSF Assignment     ;
; I/O Standard             ; mul_slice      ;              ; FMCC_LA_TX_n[15]                       ; 2.5 V                           ; QSF Assignment     ;
; I/O Standard             ; mul_slice      ;              ; FMCC_LA_TX_n[16]                       ; 2.5 V                           ; QSF Assignment     ;
; I/O Standard             ; mul_slice      ;              ; FMCC_LA_TX_n[1]                        ; 2.5 V                           ; QSF Assignment     ;
; I/O Standard             ; mul_slice      ;              ; FMCC_LA_TX_n[2]                        ; 2.5 V                           ; QSF Assignment     ;
; I/O Standard             ; mul_slice      ;              ; FMCC_LA_TX_n[3]                        ; 2.5 V                           ; QSF Assignment     ;
; I/O Standard             ; mul_slice      ;              ; FMCC_LA_TX_n[4]                        ; 2.5 V                           ; QSF Assignment     ;
; I/O Standard             ; mul_slice      ;              ; FMCC_LA_TX_n[5]                        ; 2.5 V                           ; QSF Assignment     ;
; I/O Standard             ; mul_slice      ;              ; FMCC_LA_TX_n[6]                        ; 2.5 V                           ; QSF Assignment     ;
; I/O Standard             ; mul_slice      ;              ; FMCC_LA_TX_n[7]                        ; 2.5 V                           ; QSF Assignment     ;
; I/O Standard             ; mul_slice      ;              ; FMCC_LA_TX_n[8]                        ; 2.5 V                           ; QSF Assignment     ;
; I/O Standard             ; mul_slice      ;              ; FMCC_LA_TX_n[9]                        ; 2.5 V                           ; QSF Assignment     ;
; I/O Standard             ; mul_slice      ;              ; FMCC_LA_TX_p[0]                        ; 2.5 V                           ; QSF Assignment     ;
; I/O Standard             ; mul_slice      ;              ; FMCC_LA_TX_p[10]                       ; 2.5 V                           ; QSF Assignment     ;
; I/O Standard             ; mul_slice      ;              ; FMCC_LA_TX_p[11]                       ; 2.5 V                           ; QSF Assignment     ;
; I/O Standard             ; mul_slice      ;              ; FMCC_LA_TX_p[12]                       ; 2.5 V                           ; QSF Assignment     ;
; I/O Standard             ; mul_slice      ;              ; FMCC_LA_TX_p[13]                       ; 2.5 V                           ; QSF Assignment     ;
; I/O Standard             ; mul_slice      ;              ; FMCC_LA_TX_p[14]                       ; 2.5 V                           ; QSF Assignment     ;
; I/O Standard             ; mul_slice      ;              ; FMCC_LA_TX_p[15]                       ; 2.5 V                           ; QSF Assignment     ;
; I/O Standard             ; mul_slice      ;              ; FMCC_LA_TX_p[16]                       ; 2.5 V                           ; QSF Assignment     ;
; I/O Standard             ; mul_slice      ;              ; FMCC_LA_TX_p[1]                        ; 2.5 V                           ; QSF Assignment     ;
; I/O Standard             ; mul_slice      ;              ; FMCC_LA_TX_p[2]                        ; 2.5 V                           ; QSF Assignment     ;
; I/O Standard             ; mul_slice      ;              ; FMCC_LA_TX_p[3]                        ; 2.5 V                           ; QSF Assignment     ;
; I/O Standard             ; mul_slice      ;              ; FMCC_LA_TX_p[4]                        ; 2.5 V                           ; QSF Assignment     ;
; I/O Standard             ; mul_slice      ;              ; FMCC_LA_TX_p[5]                        ; 2.5 V                           ; QSF Assignment     ;
; I/O Standard             ; mul_slice      ;              ; FMCC_LA_TX_p[6]                        ; 2.5 V                           ; QSF Assignment     ;
; I/O Standard             ; mul_slice      ;              ; FMCC_LA_TX_p[7]                        ; 2.5 V                           ; QSF Assignment     ;
; I/O Standard             ; mul_slice      ;              ; FMCC_LA_TX_p[8]                        ; 2.5 V                           ; QSF Assignment     ;
; I/O Standard             ; mul_slice      ;              ; FMCC_LA_TX_p[9]                        ; 2.5 V                           ; QSF Assignment     ;
; I/O Standard             ; mul_slice      ;              ; FMCC_ONBOARD_REFCLK_p[0]               ; LVDS                            ; QSF Assignment     ;
; I/O Standard             ; mul_slice      ;              ; FMCC_SCL                               ; 2.5 V                           ; QSF Assignment     ;
; I/O Standard             ; mul_slice      ;              ; FMCC_SDA                               ; 2.5 V                           ; QSF Assignment     ;
; I/O Standard             ; mul_slice      ;              ; FMCD_CLK_M2C_n[0]                      ; 2.5 V                           ; QSF Assignment     ;
; I/O Standard             ; mul_slice      ;              ; FMCD_CLK_M2C_n[1]                      ; 2.5 V                           ; QSF Assignment     ;
; I/O Standard             ; mul_slice      ;              ; FMCD_CLK_M2C_p[0]                      ; 2.5 V                           ; QSF Assignment     ;
; I/O Standard             ; mul_slice      ;              ; FMCD_CLK_M2C_p[1]                      ; 2.5 V                           ; QSF Assignment     ;
; I/O Standard             ; mul_slice      ;              ; FMCD_DP_C2M_p[0]                       ; 1.4-V PCML                      ; QSF Assignment     ;
; I/O Standard             ; mul_slice      ;              ; FMCD_DP_C2M_p[1]                       ; 1.4-V PCML                      ; QSF Assignment     ;
; I/O Standard             ; mul_slice      ;              ; FMCD_DP_C2M_p[2]                       ; 1.4-V PCML                      ; QSF Assignment     ;
; I/O Standard             ; mul_slice      ;              ; FMCD_DP_C2M_p[3]                       ; 1.4-V PCML                      ; QSF Assignment     ;
; I/O Standard             ; mul_slice      ;              ; FMCD_DP_C2M_p[4]                       ; 1.4-V PCML                      ; QSF Assignment     ;
; I/O Standard             ; mul_slice      ;              ; FMCD_DP_C2M_p[5]                       ; 1.4-V PCML                      ; QSF Assignment     ;
; I/O Standard             ; mul_slice      ;              ; FMCD_DP_C2M_p[6]                       ; 1.4-V PCML                      ; QSF Assignment     ;
; I/O Standard             ; mul_slice      ;              ; FMCD_DP_C2M_p[7]                       ; 1.4-V PCML                      ; QSF Assignment     ;
; I/O Standard             ; mul_slice      ;              ; FMCD_DP_C2M_p[8]                       ; 1.4-V PCML                      ; QSF Assignment     ;
; I/O Standard             ; mul_slice      ;              ; FMCD_DP_C2M_p[9]                       ; 1.4-V PCML                      ; QSF Assignment     ;
; I/O Standard             ; mul_slice      ;              ; FMCD_DP_M2C_p[0]                       ; 1.4-V PCML                      ; QSF Assignment     ;
; I/O Standard             ; mul_slice      ;              ; FMCD_DP_M2C_p[1]                       ; 1.4-V PCML                      ; QSF Assignment     ;
; I/O Standard             ; mul_slice      ;              ; FMCD_DP_M2C_p[2]                       ; 1.4-V PCML                      ; QSF Assignment     ;
; I/O Standard             ; mul_slice      ;              ; FMCD_DP_M2C_p[3]                       ; 1.4-V PCML                      ; QSF Assignment     ;
; I/O Standard             ; mul_slice      ;              ; FMCD_DP_M2C_p[4]                       ; 1.4-V PCML                      ; QSF Assignment     ;
; I/O Standard             ; mul_slice      ;              ; FMCD_DP_M2C_p[5]                       ; 1.4-V PCML                      ; QSF Assignment     ;
; I/O Standard             ; mul_slice      ;              ; FMCD_DP_M2C_p[6]                       ; 1.4-V PCML                      ; QSF Assignment     ;
; I/O Standard             ; mul_slice      ;              ; FMCD_DP_M2C_p[7]                       ; 1.4-V PCML                      ; QSF Assignment     ;
; I/O Standard             ; mul_slice      ;              ; FMCD_DP_M2C_p[8]                       ; 1.4-V PCML                      ; QSF Assignment     ;
; I/O Standard             ; mul_slice      ;              ; FMCD_DP_M2C_p[9]                       ; 1.4-V PCML                      ; QSF Assignment     ;
; I/O Standard             ; mul_slice      ;              ; FMCD_GA[0]                             ; 2.5 V                           ; QSF Assignment     ;
; I/O Standard             ; mul_slice      ;              ; FMCD_GA[1]                             ; 2.5 V                           ; QSF Assignment     ;
; I/O Standard             ; mul_slice      ;              ; FMCD_GBTCLK_M2C_p[0]                   ; LVDS                            ; QSF Assignment     ;
; I/O Standard             ; mul_slice      ;              ; FMCD_GBTCLK_M2C_p[1]                   ; LVDS                            ; QSF Assignment     ;
; I/O Standard             ; mul_slice      ;              ; FMCD_HA_RX_CLK_n                       ; 2.5 V                           ; QSF Assignment     ;
; I/O Standard             ; mul_slice      ;              ; FMCD_HA_RX_CLK_p                       ; 2.5 V                           ; QSF Assignment     ;
; I/O Standard             ; mul_slice      ;              ; FMCD_HA_RX_n[0]                        ; 2.5 V                           ; QSF Assignment     ;
; I/O Standard             ; mul_slice      ;              ; FMCD_HA_RX_n[10]                       ; 2.5 V                           ; QSF Assignment     ;
; I/O Standard             ; mul_slice      ;              ; FMCD_HA_RX_n[1]                        ; 2.5 V                           ; QSF Assignment     ;
; I/O Standard             ; mul_slice      ;              ; FMCD_HA_RX_n[2]                        ; 2.5 V                           ; QSF Assignment     ;
; I/O Standard             ; mul_slice      ;              ; FMCD_HA_RX_n[3]                        ; 2.5 V                           ; QSF Assignment     ;
; I/O Standard             ; mul_slice      ;              ; FMCD_HA_RX_n[4]                        ; 2.5 V                           ; QSF Assignment     ;
; I/O Standard             ; mul_slice      ;              ; FMCD_HA_RX_n[5]                        ; 2.5 V                           ; QSF Assignment     ;
; I/O Standard             ; mul_slice      ;              ; FMCD_HA_RX_n[6]                        ; 2.5 V                           ; QSF Assignment     ;
; I/O Standard             ; mul_slice      ;              ; FMCD_HA_RX_n[7]                        ; 2.5 V                           ; QSF Assignment     ;
; I/O Standard             ; mul_slice      ;              ; FMCD_HA_RX_n[8]                        ; 2.5 V                           ; QSF Assignment     ;
; I/O Standard             ; mul_slice      ;              ; FMCD_HA_RX_n[9]                        ; 2.5 V                           ; QSF Assignment     ;
; I/O Standard             ; mul_slice      ;              ; FMCD_HA_RX_p[0]                        ; 2.5 V                           ; QSF Assignment     ;
; I/O Standard             ; mul_slice      ;              ; FMCD_HA_RX_p[10]                       ; 2.5 V                           ; QSF Assignment     ;
; I/O Standard             ; mul_slice      ;              ; FMCD_HA_RX_p[1]                        ; 2.5 V                           ; QSF Assignment     ;
; I/O Standard             ; mul_slice      ;              ; FMCD_HA_RX_p[2]                        ; 2.5 V                           ; QSF Assignment     ;
; I/O Standard             ; mul_slice      ;              ; FMCD_HA_RX_p[3]                        ; 2.5 V                           ; QSF Assignment     ;
; I/O Standard             ; mul_slice      ;              ; FMCD_HA_RX_p[4]                        ; 2.5 V                           ; QSF Assignment     ;
; I/O Standard             ; mul_slice      ;              ; FMCD_HA_RX_p[5]                        ; 2.5 V                           ; QSF Assignment     ;
; I/O Standard             ; mul_slice      ;              ; FMCD_HA_RX_p[6]                        ; 2.5 V                           ; QSF Assignment     ;
; I/O Standard             ; mul_slice      ;              ; FMCD_HA_RX_p[7]                        ; 2.5 V                           ; QSF Assignment     ;
; I/O Standard             ; mul_slice      ;              ; FMCD_HA_RX_p[8]                        ; 2.5 V                           ; QSF Assignment     ;
; I/O Standard             ; mul_slice      ;              ; FMCD_HA_RX_p[9]                        ; 2.5 V                           ; QSF Assignment     ;
; I/O Standard             ; mul_slice      ;              ; FMCD_HA_TX_CLK_n                       ; 2.5 V                           ; QSF Assignment     ;
; I/O Standard             ; mul_slice      ;              ; FMCD_HA_TX_CLK_p                       ; 2.5 V                           ; QSF Assignment     ;
; I/O Standard             ; mul_slice      ;              ; FMCD_HA_TX_n[0]                        ; 2.5 V                           ; QSF Assignment     ;
; I/O Standard             ; mul_slice      ;              ; FMCD_HA_TX_n[10]                       ; 2.5 V                           ; QSF Assignment     ;
; I/O Standard             ; mul_slice      ;              ; FMCD_HA_TX_n[1]                        ; 2.5 V                           ; QSF Assignment     ;
; I/O Standard             ; mul_slice      ;              ; FMCD_HA_TX_n[2]                        ; 2.5 V                           ; QSF Assignment     ;
; I/O Standard             ; mul_slice      ;              ; FMCD_HA_TX_n[3]                        ; 2.5 V                           ; QSF Assignment     ;
; I/O Standard             ; mul_slice      ;              ; FMCD_HA_TX_n[4]                        ; 2.5 V                           ; QSF Assignment     ;
; I/O Standard             ; mul_slice      ;              ; FMCD_HA_TX_n[5]                        ; 2.5 V                           ; QSF Assignment     ;
; I/O Standard             ; mul_slice      ;              ; FMCD_HA_TX_n[6]                        ; 2.5 V                           ; QSF Assignment     ;
; I/O Standard             ; mul_slice      ;              ; FMCD_HA_TX_n[7]                        ; 2.5 V                           ; QSF Assignment     ;
; I/O Standard             ; mul_slice      ;              ; FMCD_HA_TX_n[8]                        ; 2.5 V                           ; QSF Assignment     ;
; I/O Standard             ; mul_slice      ;              ; FMCD_HA_TX_n[9]                        ; 2.5 V                           ; QSF Assignment     ;
; I/O Standard             ; mul_slice      ;              ; FMCD_HA_TX_p[0]                        ; 2.5 V                           ; QSF Assignment     ;
; I/O Standard             ; mul_slice      ;              ; FMCD_HA_TX_p[10]                       ; 2.5 V                           ; QSF Assignment     ;
; I/O Standard             ; mul_slice      ;              ; FMCD_HA_TX_p[1]                        ; 2.5 V                           ; QSF Assignment     ;
; I/O Standard             ; mul_slice      ;              ; FMCD_HA_TX_p[2]                        ; 2.5 V                           ; QSF Assignment     ;
; I/O Standard             ; mul_slice      ;              ; FMCD_HA_TX_p[3]                        ; 2.5 V                           ; QSF Assignment     ;
; I/O Standard             ; mul_slice      ;              ; FMCD_HA_TX_p[4]                        ; 2.5 V                           ; QSF Assignment     ;
; I/O Standard             ; mul_slice      ;              ; FMCD_HA_TX_p[5]                        ; 2.5 V                           ; QSF Assignment     ;
; I/O Standard             ; mul_slice      ;              ; FMCD_HA_TX_p[6]                        ; 2.5 V                           ; QSF Assignment     ;
; I/O Standard             ; mul_slice      ;              ; FMCD_HA_TX_p[7]                        ; 2.5 V                           ; QSF Assignment     ;
; I/O Standard             ; mul_slice      ;              ; FMCD_HA_TX_p[8]                        ; 2.5 V                           ; QSF Assignment     ;
; I/O Standard             ; mul_slice      ;              ; FMCD_HA_TX_p[9]                        ; 2.5 V                           ; QSF Assignment     ;
; I/O Standard             ; mul_slice      ;              ; FMCD_HB_RX_CLK_n                       ; 2.5 V                           ; QSF Assignment     ;
; I/O Standard             ; mul_slice      ;              ; FMCD_HB_RX_CLK_p                       ; 2.5 V                           ; QSF Assignment     ;
; I/O Standard             ; mul_slice      ;              ; FMCD_HB_RX_n[0]                        ; 2.5 V                           ; QSF Assignment     ;
; I/O Standard             ; mul_slice      ;              ; FMCD_HB_RX_n[10]                       ; 2.5 V                           ; QSF Assignment     ;
; I/O Standard             ; mul_slice      ;              ; FMCD_HB_RX_n[1]                        ; 2.5 V                           ; QSF Assignment     ;
; I/O Standard             ; mul_slice      ;              ; FMCD_HB_RX_n[2]                        ; 2.5 V                           ; QSF Assignment     ;
; I/O Standard             ; mul_slice      ;              ; FMCD_HB_RX_n[3]                        ; 2.5 V                           ; QSF Assignment     ;
; I/O Standard             ; mul_slice      ;              ; FMCD_HB_RX_n[4]                        ; 2.5 V                           ; QSF Assignment     ;
; I/O Standard             ; mul_slice      ;              ; FMCD_HB_RX_n[5]                        ; 2.5 V                           ; QSF Assignment     ;
; I/O Standard             ; mul_slice      ;              ; FMCD_HB_RX_n[6]                        ; 2.5 V                           ; QSF Assignment     ;
; I/O Standard             ; mul_slice      ;              ; FMCD_HB_RX_n[7]                        ; 2.5 V                           ; QSF Assignment     ;
; I/O Standard             ; mul_slice      ;              ; FMCD_HB_RX_n[8]                        ; 2.5 V                           ; QSF Assignment     ;
; I/O Standard             ; mul_slice      ;              ; FMCD_HB_RX_n[9]                        ; 2.5 V                           ; QSF Assignment     ;
; I/O Standard             ; mul_slice      ;              ; FMCD_HB_RX_p[0]                        ; 2.5 V                           ; QSF Assignment     ;
; I/O Standard             ; mul_slice      ;              ; FMCD_HB_RX_p[10]                       ; 2.5 V                           ; QSF Assignment     ;
; I/O Standard             ; mul_slice      ;              ; FMCD_HB_RX_p[1]                        ; 2.5 V                           ; QSF Assignment     ;
; I/O Standard             ; mul_slice      ;              ; FMCD_HB_RX_p[2]                        ; 2.5 V                           ; QSF Assignment     ;
; I/O Standard             ; mul_slice      ;              ; FMCD_HB_RX_p[3]                        ; 2.5 V                           ; QSF Assignment     ;
; I/O Standard             ; mul_slice      ;              ; FMCD_HB_RX_p[4]                        ; 2.5 V                           ; QSF Assignment     ;
; I/O Standard             ; mul_slice      ;              ; FMCD_HB_RX_p[5]                        ; 2.5 V                           ; QSF Assignment     ;
; I/O Standard             ; mul_slice      ;              ; FMCD_HB_RX_p[6]                        ; 2.5 V                           ; QSF Assignment     ;
; I/O Standard             ; mul_slice      ;              ; FMCD_HB_RX_p[7]                        ; 2.5 V                           ; QSF Assignment     ;
; I/O Standard             ; mul_slice      ;              ; FMCD_HB_RX_p[8]                        ; 2.5 V                           ; QSF Assignment     ;
; I/O Standard             ; mul_slice      ;              ; FMCD_HB_RX_p[9]                        ; 2.5 V                           ; QSF Assignment     ;
; I/O Standard             ; mul_slice      ;              ; FMCD_HB_TX_CLK_n                       ; 2.5 V                           ; QSF Assignment     ;
; I/O Standard             ; mul_slice      ;              ; FMCD_HB_TX_CLK_p                       ; 2.5 V                           ; QSF Assignment     ;
; I/O Standard             ; mul_slice      ;              ; FMCD_HB_TX_n[0]                        ; 2.5 V                           ; QSF Assignment     ;
; I/O Standard             ; mul_slice      ;              ; FMCD_HB_TX_n[10]                       ; 2.5 V                           ; QSF Assignment     ;
; I/O Standard             ; mul_slice      ;              ; FMCD_HB_TX_n[1]                        ; 2.5 V                           ; QSF Assignment     ;
; I/O Standard             ; mul_slice      ;              ; FMCD_HB_TX_n[2]                        ; 2.5 V                           ; QSF Assignment     ;
; I/O Standard             ; mul_slice      ;              ; FMCD_HB_TX_n[3]                        ; 2.5 V                           ; QSF Assignment     ;
; I/O Standard             ; mul_slice      ;              ; FMCD_HB_TX_n[4]                        ; 2.5 V                           ; QSF Assignment     ;
; I/O Standard             ; mul_slice      ;              ; FMCD_HB_TX_n[5]                        ; 2.5 V                           ; QSF Assignment     ;
; I/O Standard             ; mul_slice      ;              ; FMCD_HB_TX_n[6]                        ; 2.5 V                           ; QSF Assignment     ;
; I/O Standard             ; mul_slice      ;              ; FMCD_HB_TX_n[7]                        ; 2.5 V                           ; QSF Assignment     ;
; I/O Standard             ; mul_slice      ;              ; FMCD_HB_TX_n[8]                        ; 2.5 V                           ; QSF Assignment     ;
; I/O Standard             ; mul_slice      ;              ; FMCD_HB_TX_n[9]                        ; 2.5 V                           ; QSF Assignment     ;
; I/O Standard             ; mul_slice      ;              ; FMCD_HB_TX_p[0]                        ; 2.5 V                           ; QSF Assignment     ;
; I/O Standard             ; mul_slice      ;              ; FMCD_HB_TX_p[10]                       ; 2.5 V                           ; QSF Assignment     ;
; I/O Standard             ; mul_slice      ;              ; FMCD_HB_TX_p[1]                        ; 2.5 V                           ; QSF Assignment     ;
; I/O Standard             ; mul_slice      ;              ; FMCD_HB_TX_p[2]                        ; 2.5 V                           ; QSF Assignment     ;
; I/O Standard             ; mul_slice      ;              ; FMCD_HB_TX_p[3]                        ; 2.5 V                           ; QSF Assignment     ;
; I/O Standard             ; mul_slice      ;              ; FMCD_HB_TX_p[4]                        ; 2.5 V                           ; QSF Assignment     ;
; I/O Standard             ; mul_slice      ;              ; FMCD_HB_TX_p[5]                        ; 2.5 V                           ; QSF Assignment     ;
; I/O Standard             ; mul_slice      ;              ; FMCD_HB_TX_p[6]                        ; 2.5 V                           ; QSF Assignment     ;
; I/O Standard             ; mul_slice      ;              ; FMCD_HB_TX_p[7]                        ; 2.5 V                           ; QSF Assignment     ;
; I/O Standard             ; mul_slice      ;              ; FMCD_HB_TX_p[8]                        ; 2.5 V                           ; QSF Assignment     ;
; I/O Standard             ; mul_slice      ;              ; FMCD_HB_TX_p[9]                        ; 2.5 V                           ; QSF Assignment     ;
; I/O Standard             ; mul_slice      ;              ; FMCD_LA_RX_CLK_n                       ; 2.5 V                           ; QSF Assignment     ;
; I/O Standard             ; mul_slice      ;              ; FMCD_LA_RX_CLK_p                       ; 2.5 V                           ; QSF Assignment     ;
; I/O Standard             ; mul_slice      ;              ; FMCD_LA_RX_n[0]                        ; 2.5 V                           ; QSF Assignment     ;
; I/O Standard             ; mul_slice      ;              ; FMCD_LA_RX_n[10]                       ; 2.5 V                           ; QSF Assignment     ;
; I/O Standard             ; mul_slice      ;              ; FMCD_LA_RX_n[11]                       ; 2.5 V                           ; QSF Assignment     ;
; I/O Standard             ; mul_slice      ;              ; FMCD_LA_RX_n[12]                       ; 2.5 V                           ; QSF Assignment     ;
; I/O Standard             ; mul_slice      ;              ; FMCD_LA_RX_n[13]                       ; 2.5 V                           ; QSF Assignment     ;
; I/O Standard             ; mul_slice      ;              ; FMCD_LA_RX_n[14]                       ; 2.5 V                           ; QSF Assignment     ;
; I/O Standard             ; mul_slice      ;              ; FMCD_LA_RX_n[1]                        ; 2.5 V                           ; QSF Assignment     ;
; I/O Standard             ; mul_slice      ;              ; FMCD_LA_RX_n[2]                        ; 2.5 V                           ; QSF Assignment     ;
; I/O Standard             ; mul_slice      ;              ; FMCD_LA_RX_n[3]                        ; 2.5 V                           ; QSF Assignment     ;
; I/O Standard             ; mul_slice      ;              ; FMCD_LA_RX_n[4]                        ; 2.5 V                           ; QSF Assignment     ;
; I/O Standard             ; mul_slice      ;              ; FMCD_LA_RX_n[5]                        ; 2.5 V                           ; QSF Assignment     ;
; I/O Standard             ; mul_slice      ;              ; FMCD_LA_RX_n[6]                        ; 2.5 V                           ; QSF Assignment     ;
; I/O Standard             ; mul_slice      ;              ; FMCD_LA_RX_n[7]                        ; 2.5 V                           ; QSF Assignment     ;
; I/O Standard             ; mul_slice      ;              ; FMCD_LA_RX_n[8]                        ; 2.5 V                           ; QSF Assignment     ;
; I/O Standard             ; mul_slice      ;              ; FMCD_LA_RX_n[9]                        ; 2.5 V                           ; QSF Assignment     ;
; I/O Standard             ; mul_slice      ;              ; FMCD_LA_RX_p[0]                        ; 2.5 V                           ; QSF Assignment     ;
; I/O Standard             ; mul_slice      ;              ; FMCD_LA_RX_p[10]                       ; 2.5 V                           ; QSF Assignment     ;
; I/O Standard             ; mul_slice      ;              ; FMCD_LA_RX_p[11]                       ; 2.5 V                           ; QSF Assignment     ;
; I/O Standard             ; mul_slice      ;              ; FMCD_LA_RX_p[12]                       ; 2.5 V                           ; QSF Assignment     ;
; I/O Standard             ; mul_slice      ;              ; FMCD_LA_RX_p[13]                       ; 2.5 V                           ; QSF Assignment     ;
; I/O Standard             ; mul_slice      ;              ; FMCD_LA_RX_p[14]                       ; 2.5 V                           ; QSF Assignment     ;
; I/O Standard             ; mul_slice      ;              ; FMCD_LA_RX_p[1]                        ; 2.5 V                           ; QSF Assignment     ;
; I/O Standard             ; mul_slice      ;              ; FMCD_LA_RX_p[2]                        ; 2.5 V                           ; QSF Assignment     ;
; I/O Standard             ; mul_slice      ;              ; FMCD_LA_RX_p[3]                        ; 2.5 V                           ; QSF Assignment     ;
; I/O Standard             ; mul_slice      ;              ; FMCD_LA_RX_p[4]                        ; 2.5 V                           ; QSF Assignment     ;
; I/O Standard             ; mul_slice      ;              ; FMCD_LA_RX_p[5]                        ; 2.5 V                           ; QSF Assignment     ;
; I/O Standard             ; mul_slice      ;              ; FMCD_LA_RX_p[6]                        ; 2.5 V                           ; QSF Assignment     ;
; I/O Standard             ; mul_slice      ;              ; FMCD_LA_RX_p[7]                        ; 2.5 V                           ; QSF Assignment     ;
; I/O Standard             ; mul_slice      ;              ; FMCD_LA_RX_p[8]                        ; 2.5 V                           ; QSF Assignment     ;
; I/O Standard             ; mul_slice      ;              ; FMCD_LA_RX_p[9]                        ; 2.5 V                           ; QSF Assignment     ;
; I/O Standard             ; mul_slice      ;              ; FMCD_LA_TX_CLK_n                       ; 2.5 V                           ; QSF Assignment     ;
; I/O Standard             ; mul_slice      ;              ; FMCD_LA_TX_CLK_p                       ; 2.5 V                           ; QSF Assignment     ;
; I/O Standard             ; mul_slice      ;              ; FMCD_LA_TX_n[0]                        ; 2.5 V                           ; QSF Assignment     ;
; I/O Standard             ; mul_slice      ;              ; FMCD_LA_TX_n[10]                       ; 2.5 V                           ; QSF Assignment     ;
; I/O Standard             ; mul_slice      ;              ; FMCD_LA_TX_n[11]                       ; 2.5 V                           ; QSF Assignment     ;
; I/O Standard             ; mul_slice      ;              ; FMCD_LA_TX_n[12]                       ; 2.5 V                           ; QSF Assignment     ;
; I/O Standard             ; mul_slice      ;              ; FMCD_LA_TX_n[13]                       ; 2.5 V                           ; QSF Assignment     ;
; I/O Standard             ; mul_slice      ;              ; FMCD_LA_TX_n[14]                       ; 2.5 V                           ; QSF Assignment     ;
; I/O Standard             ; mul_slice      ;              ; FMCD_LA_TX_n[15]                       ; 2.5 V                           ; QSF Assignment     ;
; I/O Standard             ; mul_slice      ;              ; FMCD_LA_TX_n[16]                       ; 2.5 V                           ; QSF Assignment     ;
; I/O Standard             ; mul_slice      ;              ; FMCD_LA_TX_n[1]                        ; 2.5 V                           ; QSF Assignment     ;
; I/O Standard             ; mul_slice      ;              ; FMCD_LA_TX_n[2]                        ; 2.5 V                           ; QSF Assignment     ;
; I/O Standard             ; mul_slice      ;              ; FMCD_LA_TX_n[3]                        ; 2.5 V                           ; QSF Assignment     ;
; I/O Standard             ; mul_slice      ;              ; FMCD_LA_TX_n[4]                        ; 2.5 V                           ; QSF Assignment     ;
; I/O Standard             ; mul_slice      ;              ; FMCD_LA_TX_n[5]                        ; 2.5 V                           ; QSF Assignment     ;
; I/O Standard             ; mul_slice      ;              ; FMCD_LA_TX_n[6]                        ; 2.5 V                           ; QSF Assignment     ;
; I/O Standard             ; mul_slice      ;              ; FMCD_LA_TX_n[7]                        ; 2.5 V                           ; QSF Assignment     ;
; I/O Standard             ; mul_slice      ;              ; FMCD_LA_TX_n[8]                        ; 2.5 V                           ; QSF Assignment     ;
; I/O Standard             ; mul_slice      ;              ; FMCD_LA_TX_n[9]                        ; 2.5 V                           ; QSF Assignment     ;
; I/O Standard             ; mul_slice      ;              ; FMCD_LA_TX_p[0]                        ; 2.5 V                           ; QSF Assignment     ;
; I/O Standard             ; mul_slice      ;              ; FMCD_LA_TX_p[10]                       ; 2.5 V                           ; QSF Assignment     ;
; I/O Standard             ; mul_slice      ;              ; FMCD_LA_TX_p[11]                       ; 2.5 V                           ; QSF Assignment     ;
; I/O Standard             ; mul_slice      ;              ; FMCD_LA_TX_p[12]                       ; 2.5 V                           ; QSF Assignment     ;
; I/O Standard             ; mul_slice      ;              ; FMCD_LA_TX_p[13]                       ; 2.5 V                           ; QSF Assignment     ;
; I/O Standard             ; mul_slice      ;              ; FMCD_LA_TX_p[14]                       ; 2.5 V                           ; QSF Assignment     ;
; I/O Standard             ; mul_slice      ;              ; FMCD_LA_TX_p[15]                       ; 2.5 V                           ; QSF Assignment     ;
; I/O Standard             ; mul_slice      ;              ; FMCD_LA_TX_p[16]                       ; 2.5 V                           ; QSF Assignment     ;
; I/O Standard             ; mul_slice      ;              ; FMCD_LA_TX_p[1]                        ; 2.5 V                           ; QSF Assignment     ;
; I/O Standard             ; mul_slice      ;              ; FMCD_LA_TX_p[2]                        ; 2.5 V                           ; QSF Assignment     ;
; I/O Standard             ; mul_slice      ;              ; FMCD_LA_TX_p[3]                        ; 2.5 V                           ; QSF Assignment     ;
; I/O Standard             ; mul_slice      ;              ; FMCD_LA_TX_p[4]                        ; 2.5 V                           ; QSF Assignment     ;
; I/O Standard             ; mul_slice      ;              ; FMCD_LA_TX_p[5]                        ; 2.5 V                           ; QSF Assignment     ;
; I/O Standard             ; mul_slice      ;              ; FMCD_LA_TX_p[6]                        ; 2.5 V                           ; QSF Assignment     ;
; I/O Standard             ; mul_slice      ;              ; FMCD_LA_TX_p[7]                        ; 2.5 V                           ; QSF Assignment     ;
; I/O Standard             ; mul_slice      ;              ; FMCD_LA_TX_p[8]                        ; 2.5 V                           ; QSF Assignment     ;
; I/O Standard             ; mul_slice      ;              ; FMCD_LA_TX_p[9]                        ; 2.5 V                           ; QSF Assignment     ;
; I/O Standard             ; mul_slice      ;              ; FMCD_ONBOARD_REFCLK_p[0]               ; LVDS                            ; QSF Assignment     ;
; I/O Standard             ; mul_slice      ;              ; FMCD_ONBOARD_REFCLK_p[1]               ; LVDS                            ; QSF Assignment     ;
; I/O Standard             ; mul_slice      ;              ; FMCD_SCL                               ; 2.5 V                           ; QSF Assignment     ;
; I/O Standard             ; mul_slice      ;              ; FMCD_SDA                               ; 2.5 V                           ; QSF Assignment     ;
; I/O Standard             ; mul_slice      ;              ; FPGA_I2C_SCL                           ; 1.5 V                           ; QSF Assignment     ;
; I/O Standard             ; mul_slice      ;              ; FPGA_I2C_SDA                           ; 1.5 V                           ; QSF Assignment     ;
; I/O Standard             ; mul_slice      ;              ; FSM_A[10]                              ; 2.5 V                           ; QSF Assignment     ;
; I/O Standard             ; mul_slice      ;              ; FSM_A[11]                              ; 2.5 V                           ; QSF Assignment     ;
; I/O Standard             ; mul_slice      ;              ; FSM_A[12]                              ; 2.5 V                           ; QSF Assignment     ;
; I/O Standard             ; mul_slice      ;              ; FSM_A[13]                              ; 2.5 V                           ; QSF Assignment     ;
; I/O Standard             ; mul_slice      ;              ; FSM_A[14]                              ; 2.5 V                           ; QSF Assignment     ;
; I/O Standard             ; mul_slice      ;              ; FSM_A[15]                              ; 2.5 V                           ; QSF Assignment     ;
; I/O Standard             ; mul_slice      ;              ; FSM_A[16]                              ; 2.5 V                           ; QSF Assignment     ;
; I/O Standard             ; mul_slice      ;              ; FSM_A[17]                              ; 2.5 V                           ; QSF Assignment     ;
; I/O Standard             ; mul_slice      ;              ; FSM_A[18]                              ; 2.5 V                           ; QSF Assignment     ;
; I/O Standard             ; mul_slice      ;              ; FSM_A[19]                              ; 2.5 V                           ; QSF Assignment     ;
; I/O Standard             ; mul_slice      ;              ; FSM_A[1]                               ; 2.5 V                           ; QSF Assignment     ;
; I/O Standard             ; mul_slice      ;              ; FSM_A[20]                              ; 2.5 V                           ; QSF Assignment     ;
; I/O Standard             ; mul_slice      ;              ; FSM_A[21]                              ; 2.5 V                           ; QSF Assignment     ;
; I/O Standard             ; mul_slice      ;              ; FSM_A[22]                              ; 2.5 V                           ; QSF Assignment     ;
; I/O Standard             ; mul_slice      ;              ; FSM_A[23]                              ; 2.5 V                           ; QSF Assignment     ;
; I/O Standard             ; mul_slice      ;              ; FSM_A[24]                              ; 2.5 V                           ; QSF Assignment     ;
; I/O Standard             ; mul_slice      ;              ; FSM_A[25]                              ; 2.5 V                           ; QSF Assignment     ;
; I/O Standard             ; mul_slice      ;              ; FSM_A[26]                              ; 2.5 V                           ; QSF Assignment     ;
; I/O Standard             ; mul_slice      ;              ; FSM_A[2]                               ; 2.5 V                           ; QSF Assignment     ;
; I/O Standard             ; mul_slice      ;              ; FSM_A[3]                               ; 2.5 V                           ; QSF Assignment     ;
; I/O Standard             ; mul_slice      ;              ; FSM_A[4]                               ; 2.5 V                           ; QSF Assignment     ;
; I/O Standard             ; mul_slice      ;              ; FSM_A[5]                               ; 2.5 V                           ; QSF Assignment     ;
; I/O Standard             ; mul_slice      ;              ; FSM_A[6]                               ; 2.5 V                           ; QSF Assignment     ;
; I/O Standard             ; mul_slice      ;              ; FSM_A[7]                               ; 2.5 V                           ; QSF Assignment     ;
; I/O Standard             ; mul_slice      ;              ; FSM_A[8]                               ; 2.5 V                           ; QSF Assignment     ;
; I/O Standard             ; mul_slice      ;              ; FSM_A[9]                               ; 2.5 V                           ; QSF Assignment     ;
; I/O Standard             ; mul_slice      ;              ; FSM_D[0]                               ; 2.5 V                           ; QSF Assignment     ;
; I/O Standard             ; mul_slice      ;              ; FSM_D[10]                              ; 2.5 V                           ; QSF Assignment     ;
; I/O Standard             ; mul_slice      ;              ; FSM_D[11]                              ; 2.5 V                           ; QSF Assignment     ;
; I/O Standard             ; mul_slice      ;              ; FSM_D[12]                              ; 2.5 V                           ; QSF Assignment     ;
; I/O Standard             ; mul_slice      ;              ; FSM_D[13]                              ; 2.5 V                           ; QSF Assignment     ;
; I/O Standard             ; mul_slice      ;              ; FSM_D[14]                              ; 2.5 V                           ; QSF Assignment     ;
; I/O Standard             ; mul_slice      ;              ; FSM_D[15]                              ; 2.5 V                           ; QSF Assignment     ;
; I/O Standard             ; mul_slice      ;              ; FSM_D[1]                               ; 2.5 V                           ; QSF Assignment     ;
; I/O Standard             ; mul_slice      ;              ; FSM_D[2]                               ; 2.5 V                           ; QSF Assignment     ;
; I/O Standard             ; mul_slice      ;              ; FSM_D[3]                               ; 2.5 V                           ; QSF Assignment     ;
; I/O Standard             ; mul_slice      ;              ; FSM_D[4]                               ; 2.5 V                           ; QSF Assignment     ;
; I/O Standard             ; mul_slice      ;              ; FSM_D[5]                               ; 2.5 V                           ; QSF Assignment     ;
; I/O Standard             ; mul_slice      ;              ; FSM_D[6]                               ; 2.5 V                           ; QSF Assignment     ;
; I/O Standard             ; mul_slice      ;              ; FSM_D[7]                               ; 2.5 V                           ; QSF Assignment     ;
; I/O Standard             ; mul_slice      ;              ; FSM_D[8]                               ; 2.5 V                           ; QSF Assignment     ;
; I/O Standard             ; mul_slice      ;              ; FSM_D[9]                               ; 2.5 V                           ; QSF Assignment     ;
; I/O Standard             ; mul_slice      ;              ; GPIO[0]                                ; 2.5 V                           ; QSF Assignment     ;
; I/O Standard             ; mul_slice      ;              ; GPIO[10]                               ; 2.5 V                           ; QSF Assignment     ;
; I/O Standard             ; mul_slice      ;              ; GPIO[11]                               ; 2.5 V                           ; QSF Assignment     ;
; I/O Standard             ; mul_slice      ;              ; GPIO[12]                               ; 2.5 V                           ; QSF Assignment     ;
; I/O Standard             ; mul_slice      ;              ; GPIO[13]                               ; 2.5 V                           ; QSF Assignment     ;
; I/O Standard             ; mul_slice      ;              ; GPIO[14]                               ; 2.5 V                           ; QSF Assignment     ;
; I/O Standard             ; mul_slice      ;              ; GPIO[15]                               ; 2.5 V                           ; QSF Assignment     ;
; I/O Standard             ; mul_slice      ;              ; GPIO[16]                               ; 2.5 V                           ; QSF Assignment     ;
; I/O Standard             ; mul_slice      ;              ; GPIO[17]                               ; 2.5 V                           ; QSF Assignment     ;
; I/O Standard             ; mul_slice      ;              ; GPIO[18]                               ; 2.5 V                           ; QSF Assignment     ;
; I/O Standard             ; mul_slice      ;              ; GPIO[19]                               ; 2.5 V                           ; QSF Assignment     ;
; I/O Standard             ; mul_slice      ;              ; GPIO[1]                                ; 2.5 V                           ; QSF Assignment     ;
; I/O Standard             ; mul_slice      ;              ; GPIO[20]                               ; 2.5 V                           ; QSF Assignment     ;
; I/O Standard             ; mul_slice      ;              ; GPIO[21]                               ; 2.5 V                           ; QSF Assignment     ;
; I/O Standard             ; mul_slice      ;              ; GPIO[22]                               ; 2.5 V                           ; QSF Assignment     ;
; I/O Standard             ; mul_slice      ;              ; GPIO[23]                               ; 2.5 V                           ; QSF Assignment     ;
; I/O Standard             ; mul_slice      ;              ; GPIO[24]                               ; 2.5 V                           ; QSF Assignment     ;
; I/O Standard             ; mul_slice      ;              ; GPIO[25]                               ; 2.5 V                           ; QSF Assignment     ;
; I/O Standard             ; mul_slice      ;              ; GPIO[26]                               ; 2.5 V                           ; QSF Assignment     ;
; I/O Standard             ; mul_slice      ;              ; GPIO[27]                               ; 2.5 V                           ; QSF Assignment     ;
; I/O Standard             ; mul_slice      ;              ; GPIO[28]                               ; 2.5 V                           ; QSF Assignment     ;
; I/O Standard             ; mul_slice      ;              ; GPIO[29]                               ; 2.5 V                           ; QSF Assignment     ;
; I/O Standard             ; mul_slice      ;              ; GPIO[2]                                ; 2.5 V                           ; QSF Assignment     ;
; I/O Standard             ; mul_slice      ;              ; GPIO[30]                               ; 2.5 V                           ; QSF Assignment     ;
; I/O Standard             ; mul_slice      ;              ; GPIO[31]                               ; 2.5 V                           ; QSF Assignment     ;
; I/O Standard             ; mul_slice      ;              ; GPIO[32]                               ; 2.5 V                           ; QSF Assignment     ;
; I/O Standard             ; mul_slice      ;              ; GPIO[33]                               ; 2.5 V                           ; QSF Assignment     ;
; I/O Standard             ; mul_slice      ;              ; GPIO[34]                               ; 2.5 V                           ; QSF Assignment     ;
; I/O Standard             ; mul_slice      ;              ; GPIO[35]                               ; 2.5 V                           ; QSF Assignment     ;
; I/O Standard             ; mul_slice      ;              ; GPIO[3]                                ; 2.5 V                           ; QSF Assignment     ;
; I/O Standard             ; mul_slice      ;              ; GPIO[4]                                ; 2.5 V                           ; QSF Assignment     ;
; I/O Standard             ; mul_slice      ;              ; GPIO[5]                                ; 2.5 V                           ; QSF Assignment     ;
; I/O Standard             ; mul_slice      ;              ; GPIO[6]                                ; 2.5 V                           ; QSF Assignment     ;
; I/O Standard             ; mul_slice      ;              ; GPIO[7]                                ; 2.5 V                           ; QSF Assignment     ;
; I/O Standard             ; mul_slice      ;              ; GPIO[8]                                ; 2.5 V                           ; QSF Assignment     ;
; I/O Standard             ; mul_slice      ;              ; GPIO[9]                                ; 2.5 V                           ; QSF Assignment     ;
; I/O Standard             ; mul_slice      ;              ; LED[0]                                 ; 1.5 V                           ; QSF Assignment     ;
; I/O Standard             ; mul_slice      ;              ; LED[1]                                 ; 1.5 V                           ; QSF Assignment     ;
; I/O Standard             ; mul_slice      ;              ; LED[2]                                 ; 1.5 V                           ; QSF Assignment     ;
; I/O Standard             ; mul_slice      ;              ; LED[3]                                 ; 1.5 V                           ; QSF Assignment     ;
; I/O Standard             ; mul_slice      ;              ; LMK04906_CLK                           ; 2.5 V                           ; QSF Assignment     ;
; I/O Standard             ; mul_slice      ;              ; LMK04906_DATAIN                        ; 2.5 V                           ; QSF Assignment     ;
; I/O Standard             ; mul_slice      ;              ; LMK04906_DATAOUT                       ; 1.5 V                           ; QSF Assignment     ;
; I/O Standard             ; mul_slice      ;              ; LMK04906_LE                            ; 1.5 V                           ; QSF Assignment     ;
; I/O Standard             ; mul_slice      ;              ; OSC_50_B4A                             ; 1.5 V                           ; QSF Assignment     ;
; I/O Standard             ; mul_slice      ;              ; OSC_50_B4D                             ; 2.5 V                           ; QSF Assignment     ;
; I/O Standard             ; mul_slice      ;              ; OSC_50_B7A                             ; 2.5 V                           ; QSF Assignment     ;
; I/O Standard             ; mul_slice      ;              ; OSC_50_B7D                             ; 2.5 V                           ; QSF Assignment     ;
; I/O Standard             ; mul_slice      ;              ; OSC_50_B8A                             ; 2.5 V                           ; QSF Assignment     ;
; I/O Standard             ; mul_slice      ;              ; OSC_50_B8D                             ; 2.5 V                           ; QSF Assignment     ;
; I/O Standard             ; mul_slice      ;              ; OSC_MAIN                               ; 1.5 V                           ; QSF Assignment     ;
; I/O Standard             ; mul_slice      ;              ; PCIE_ONBOARD_REFCLK_p                  ; LVDS                            ; QSF Assignment     ;
; I/O Standard             ; mul_slice      ;              ; PCIE_PERST_n                           ; 1.5 V                           ; QSF Assignment     ;
; I/O Standard             ; mul_slice      ;              ; PCIE_REFCLK_p                          ; HCSL                            ; QSF Assignment     ;
; I/O Standard             ; mul_slice      ;              ; PCIE_RX_p[0]                           ; 1.4-V PCML                      ; QSF Assignment     ;
; I/O Standard             ; mul_slice      ;              ; PCIE_RX_p[1]                           ; 1.4-V PCML                      ; QSF Assignment     ;
; I/O Standard             ; mul_slice      ;              ; PCIE_RX_p[2]                           ; 1.4-V PCML                      ; QSF Assignment     ;
; I/O Standard             ; mul_slice      ;              ; PCIE_RX_p[3]                           ; 1.4-V PCML                      ; QSF Assignment     ;
; I/O Standard             ; mul_slice      ;              ; PCIE_TX_p[0]                           ; 1.4-V PCML                      ; QSF Assignment     ;
; I/O Standard             ; mul_slice      ;              ; PCIE_TX_p[1]                           ; 1.4-V PCML                      ; QSF Assignment     ;
; I/O Standard             ; mul_slice      ;              ; PCIE_TX_p[2]                           ; 1.4-V PCML                      ; QSF Assignment     ;
; I/O Standard             ; mul_slice      ;              ; PCIE_TX_p[3]                           ; 1.4-V PCML                      ; QSF Assignment     ;
; I/O Standard             ; mul_slice      ;              ; PCIE_WAKE_n                            ; 1.5 V                           ; QSF Assignment     ;
; I/O Standard             ; mul_slice      ;              ; POWER_MONITOR_ALERT                    ; 1.5 V                           ; QSF Assignment     ;
; I/O Standard             ; mul_slice      ;              ; RZQ_DDR3                               ; 1.5 V                           ; QSF Assignment     ;
; I/O Standard             ; mul_slice      ;              ; RZQ_FMC                                ; 2.5 V                           ; QSF Assignment     ;
; I/O Standard             ; mul_slice      ;              ; SATA_DEVICE_REFCLK_p                   ; LVDS                            ; QSF Assignment     ;
; I/O Standard             ; mul_slice      ;              ; SATA_DEVICE_RX_p                       ; 1.4-V PCML                      ; QSF Assignment     ;
; I/O Standard             ; mul_slice      ;              ; SATA_DEVICE_TX_p                       ; 1.4-V PCML                      ; QSF Assignment     ;
; I/O Standard             ; mul_slice      ;              ; SATA_HOST_REFCLK_p                     ; LVDS                            ; QSF Assignment     ;
; I/O Standard             ; mul_slice      ;              ; SATA_HOST_RX_p                         ; 1.4-V PCML                      ; QSF Assignment     ;
; I/O Standard             ; mul_slice      ;              ; SATA_HOST_TX_p                         ; 1.4-V PCML                      ; QSF Assignment     ;
; I/O Standard             ; mul_slice      ;              ; SD_CLK                                 ; 2.5 V                           ; QSF Assignment     ;
; I/O Standard             ; mul_slice      ;              ; SD_CMD                                 ; 2.5 V                           ; QSF Assignment     ;
; I/O Standard             ; mul_slice      ;              ; SD_DATA[0]                             ; 2.5 V                           ; QSF Assignment     ;
; I/O Standard             ; mul_slice      ;              ; SD_DATA[1]                             ; 2.5 V                           ; QSF Assignment     ;
; I/O Standard             ; mul_slice      ;              ; SD_DATA[2]                             ; 2.5 V                           ; QSF Assignment     ;
; I/O Standard             ; mul_slice      ;              ; SD_DATA[3]                             ; 2.5 V                           ; QSF Assignment     ;
; I/O Standard             ; mul_slice      ;              ; SMA_CLKIN_p                            ; 1.5 V                           ; QSF Assignment     ;
; I/O Standard             ; mul_slice      ;              ; SMA_CLKOUT_p                           ; 1.5 V                           ; QSF Assignment     ;
; I/O Standard             ; mul_slice      ;              ; SSRAM_ADV                              ; 2.5 V                           ; QSF Assignment     ;
; I/O Standard             ; mul_slice      ;              ; SSRAM_BWA_n                            ; 2.5 V                           ; QSF Assignment     ;
; I/O Standard             ; mul_slice      ;              ; SSRAM_BWB_n                            ; 2.5 V                           ; QSF Assignment     ;
; I/O Standard             ; mul_slice      ;              ; SSRAM_CE_n                             ; 2.5 V                           ; QSF Assignment     ;
; I/O Standard             ; mul_slice      ;              ; SSRAM_CKE_n                            ; 2.5 V                           ; QSF Assignment     ;
; I/O Standard             ; mul_slice      ;              ; SSRAM_CLK                              ; 2.5 V                           ; QSF Assignment     ;
; I/O Standard             ; mul_slice      ;              ; SSRAM_OE_n                             ; 2.5 V                           ; QSF Assignment     ;
; I/O Standard             ; mul_slice      ;              ; SSRAM_WE_n                             ; 2.5 V                           ; QSF Assignment     ;
; I/O Standard             ; mul_slice      ;              ; SW[0]                                  ; 1.5 V                           ; QSF Assignment     ;
; I/O Standard             ; mul_slice      ;              ; SW[1]                                  ; 1.5 V                           ; QSF Assignment     ;
; I/O Standard             ; mul_slice      ;              ; SW[2]                                  ; 1.5 V                           ; QSF Assignment     ;
; I/O Standard             ; mul_slice      ;              ; SW[3]                                  ; 1.5 V                           ; QSF Assignment     ;
; I/O Standard             ; mul_slice      ;              ; TEMP_INT_n                             ; 1.5 V                           ; QSF Assignment     ;
; I/O Standard             ; mul_slice      ;              ; TEMP_OVERT_n                           ; 1.5 V                           ; QSF Assignment     ;
; I/O Standard             ; mul_slice      ;              ; TPS40422_ALERT                         ; 1.5 V                           ; QSF Assignment     ;
; I/O Standard             ; mul_slice      ;              ; TPS40422_CLK                           ; 1.5 V                           ; QSF Assignment     ;
; I/O Standard             ; mul_slice      ;              ; TPS40422_DATA                          ; 1.5 V                           ; QSF Assignment     ;
; I/O Standard             ; mul_slice      ;              ; UART_RX                                ; 2.5 V                           ; QSF Assignment     ;
; I/O Standard             ; mul_slice      ;              ; UART_TX                                ; 2.5 V                           ; QSF Assignment     ;
+--------------------------+----------------+--------------+----------------------------------------+---------------------------------+--------------------+


+-------------------------------------------------------------------------------------------------------------------+
; Incremental Compilation Preservation Summary                                                                      ;
+--------------------------------------+--------------------+----------------------------+--------------------------+
; Type                                 ; Total [A + B]      ; From Design Partitions [A] ; From Rapid Recompile [B] ;
+--------------------------------------+--------------------+----------------------------+--------------------------+
; Placement (by node)                  ;                    ;                            ;                          ;
;     -- Requested                     ; 0.00 % ( 0 / 456 ) ; 0.00 % ( 0 / 456 )         ; 0.00 % ( 0 / 456 )       ;
;     -- Achieved                      ; 0.00 % ( 0 / 456 ) ; 0.00 % ( 0 / 456 )         ; 0.00 % ( 0 / 456 )       ;
;                                      ;                    ;                            ;                          ;
; Routing (by net)                     ;                    ;                            ;                          ;
;     -- Requested                     ; 0.00 % ( 0 / 0 )   ; 0.00 % ( 0 / 0 )           ; 0.00 % ( 0 / 0 )         ;
;     -- Achieved                      ; 0.00 % ( 0 / 0 )   ; 0.00 % ( 0 / 0 )           ; 0.00 % ( 0 / 0 )         ;
;                                      ;                    ;                            ;                          ;
; Number of Tiles locked to High-Speed ; 0                  ;                            ;                          ;
+--------------------------------------+--------------------+----------------------------+--------------------------+


+----------------------------------------------------------------------------------------------------------------------------------------------------------------------------------------+
; Incremental Compilation Partition Settings                                                                                                                                             ;
+--------------------------------+----------------+-------------------+-------------------------+------------------------+------------------------------+--------------------------------+
; Partition Name                 ; Partition Type ; Netlist Type Used ; Preservation Level Used ; Netlist Type Requested ; Preservation Level Requested ; Contents                       ;
+--------------------------------+----------------+-------------------+-------------------------+------------------------+------------------------------+--------------------------------+
; Top                            ; User-created   ; Source File       ; N/A                     ; Source File            ; N/A                          ;                                ;
; hard_block:auto_generated_inst ; Auto-generated ; Source File       ; N/A                     ; Source File            ; N/A                          ; hard_block:auto_generated_inst ;
+--------------------------------+----------------+-------------------+-------------------------+------------------------+------------------------------+--------------------------------+


+------------------------------------------------------------------------------------------------------------------------------------+
; Incremental Compilation Placement Preservation                                                                                     ;
+--------------------------------+-----------------------+-------------------------+-------------------+---------------------+-------+
; Partition Name                 ; Preservation Achieved ; Preservation Level Used ; Netlist Type Used ; Preservation Method ; Notes ;
+--------------------------------+-----------------------+-------------------------+-------------------+---------------------+-------+
; Top                            ; 0.00 % ( 0 / 454 )    ; N/A                     ; Source File       ; N/A                 ;       ;
; hard_block:auto_generated_inst ; 0.00 % ( 0 / 2 )      ; N/A                     ; Source File       ; N/A                 ;       ;
+--------------------------------+-----------------------+-------------------------+-------------------+---------------------+-------+


+--------------+
; Pin-Out File ;
+--------------+
The pin-out file can be found in C:/new_fpga/QAOAHP/main/Base/Simulators/FPGA/NTU_FPGA2/output_files/Golden_TOP.pin.


+-----------------------------------------------------------------------------------------------+
; Fitter Resource Usage Summary                                                                 ;
+------------------------------------------------------------------+--------------------+-------+
; Resource                                                         ; Usage              ; %     ;
+------------------------------------------------------------------+--------------------+-------+
; Logic utilization (ALMs needed / total ALMs on device)           ; 17 / 359,200       ; < 1 % ;
; ALMs needed [=A-B+C]                                             ; 17                 ;       ;
;     [A] ALMs used in final placement [=a+b+c+d]                  ; 33 / 359,200       ; < 1 % ;
;         [a] ALMs used for LUT logic and registers                ; 0                  ;       ;
;         [b] ALMs used for LUT logic                              ; 1                  ;       ;
;         [c] ALMs used for registers                              ; 32                 ;       ;
;         [d] ALMs used for memory (up to half of total ALMs)      ; 0                  ;       ;
;     [B] Estimate of ALMs recoverable by dense packing            ; 16 / 359,200       ; < 1 % ;
;     [C] Estimate of ALMs unavailable [=a+b+c+d]                  ; 0 / 359,200        ; 0 %   ;
;         [a] Due to location constrained logic                    ; 0                  ;       ;
;         [b] Due to LAB-wide signal conflicts                     ; 0                  ;       ;
;         [c] Due to LAB input limits                              ; 0                  ;       ;
;         [d] Due to virtual I/Os                                  ; 0                  ;       ;
;                                                                  ;                    ;       ;
; Difficulty packing design                                        ; Low                ;       ;
;                                                                  ;                    ;       ;
; Total LABs:  partially or completely used                        ; 17 / 35,920        ; < 1 % ;
;     -- Logic LABs                                                ; 17                 ;       ;
;     -- Memory LABs (up to half of total LABs)                    ; 0                  ;       ;
;                                                                  ;                    ;       ;
; Combinational ALUT usage for logic                               ; 1                  ;       ;
;     -- 7 input functions                                         ; 0                  ;       ;
;     -- 6 input functions                                         ; 0                  ;       ;
;     -- 5 input functions                                         ; 0                  ;       ;
;     -- 4 input functions                                         ; 0                  ;       ;
;     -- <=3 input functions                                       ; 1                  ;       ;
; Combinational ALUT usage for route-throughs                      ; 24                 ;       ;
;                                                                  ;                    ;       ;
; Dedicated logic registers                                        ; 64                 ;       ;
;     -- By type:                                                  ;                    ;       ;
;         -- Primary logic registers                               ; 64 / 718,400       ; < 1 % ;
;         -- Secondary logic registers                             ; 0 / 718,400        ; 0 %   ;
;     -- By function:                                              ;                    ;       ;
;         -- Design implementation registers                       ; 64                 ;       ;
;         -- Routing optimization registers                        ; 0                  ;       ;
;                                                                  ;                    ;       ;
; Virtual pins                                                     ; 0                  ;       ;
; I/O pins                                                         ; 194 / 1,064        ; 18 %  ;
;     -- Clock pins                                                ; 6 / 40             ; 15 %  ;
;     -- Dedicated input pins                                      ; 0 / 109            ; 0 %   ;
;                                                                  ;                    ;       ;
; M20K blocks                                                      ; 0 / 2,640          ; 0 %   ;
; Total MLAB memory bits                                           ; 0                  ;       ;
; Total block memory bits                                          ; 0 / 54,067,200     ; 0 %   ;
; Total block memory implementation bits                           ; 0 / 54,067,200     ; 0 %   ;
;                                                                  ;                    ;       ;
; Total DSP Blocks                                                 ; 0 / 352            ; 0 %   ;
;                                                                  ;                    ;       ;
; Fractional PLLs                                                  ; 0 / 28             ; 0 %   ;
; Global signals                                                   ; 1                  ;       ;
;     -- Global clocks                                             ; 1 / 16             ; 6 %   ;
;     -- Quadrant clocks                                           ; 0 / 92             ; 0 %   ;
;     -- Horizontal periphery clocks and Vertical periphery clocks ; 0 / 342            ; 0 %   ;
; SERDES transmitters                                              ; 0 / 210            ; 0 %   ;
; SERDES receivers                                                 ; 0 / 210            ; 0 %   ;
; JTAGs                                                            ; 0 / 1              ; 0 %   ;
; ASMI blocks                                                      ; 0 / 1              ; 0 %   ;
; CRC blocks                                                       ; 0 / 1              ; 0 %   ;
; Remote update blocks                                             ; 0 / 1              ; 0 %   ;
; Oscillator blocks                                                ; 0 / 1              ; 0 %   ;
; Standard RX PCSs                                                 ; 0 / 48             ; 0 %   ;
; 10G RX PCSs                                                      ; 0 / 48             ; 0 %   ;
; HSSI PMA RX Deserializers                                        ; 0 / 48             ; 0 %   ;
; Standard TX PCSs                                                 ; 0 / 48             ; 0 %   ;
; 10G TX PCSs                                                      ; 0 / 48             ; 0 %   ;
; HSSI PMA TX Serializers                                          ; 0 / 48             ; 0 %   ;
; CHANNEL PLLs                                                     ; 0 / 48             ; 0 %   ;
; HSSI ATX PLL                                                     ; 0 / 22             ; 0 %   ;
; Impedance control blocks                                         ; 0 / 4              ; 0 %   ;
; Average interconnect usage (total/H/V)                           ; 0.0% / 0.0% / 0.0% ;       ;
; Peak interconnect usage (total/H/V)                              ; 0.3% / 0.3% / 0.3% ;       ;
;                                                                  ;                    ;       ;
; Programmable power technology high-speed tiles                   ; 0 / 20,956         ; 0 %   ;
; Programmable power technology low-power tiles                    ; 20,956 / 20,956    ; 100 % ;
;     -- low-power tiles that are used by the design               ; 46 / 20,956        ; < 1 % ;
;     -- unused tiles (low-power)                                  ; 20,910 / 20,956    ; 100 % ;
;                                                                  ;                    ;       ;
; Programmable power technology high-speed LAB tiles               ; 0 / 17,960         ; 0 %   ;
; Programmable power technology low-power LAB tiles                ; 17,960 / 17,960    ; 100 % ;
;     -- low-power LAB tiles that are used by the design           ; 46 / 17,960        ; < 1 % ;
;     -- unused LAB tiles (low-power)                              ; 17,914 / 17,960    ; 100 % ;
;                                                                  ;                    ;       ;
; Maximum fan-out                                                  ; 64                 ;       ;
; Highest non-global fan-out                                       ; 64                 ;       ;
; Total fan-out                                                    ; 476                ;       ;
; Average fan-out                                                  ; 0.99               ;       ;
+------------------------------------------------------------------+--------------------+-------+


+----------------------------------------------------------------------------------------------------------------------+
; Fitter Partition Statistics                                                                                          ;
+-------------------------------------------------------------+-----------------------+--------------------------------+
; Statistic                                                   ; Top                   ; hard_block:auto_generated_inst ;
+-------------------------------------------------------------+-----------------------+--------------------------------+
; Logic utilization (ALMs needed / total ALMs on device)      ; 17 / 359200 ( < 1 % ) ; 0 / 359200 ( 0 % )             ;
; ALMs needed [=A-B+C]                                        ; 17                    ; 0                              ;
;     [A] ALMs used in final placement [=a+b+c+d]             ; 33 / 359200 ( < 1 % ) ; 0 / 359200 ( 0 % )             ;
;         [a] ALMs used for LUT logic and registers           ; 0                     ; 0                              ;
;         [b] ALMs used for LUT logic                         ; 1                     ; 0                              ;
;         [c] ALMs used for registers                         ; 32                    ; 0                              ;
;         [d] ALMs used for memory (up to half of total ALMs) ; 0                     ; 0                              ;
;     [B] Estimate of ALMs recoverable by dense packing       ; 16 / 359200 ( < 1 % ) ; 0 / 359200 ( 0 % )             ;
;     [C] Estimate of ALMs unavailable [=a+b+c+d]             ; 0 / 359200 ( 0 % )    ; 0 / 359200 ( 0 % )             ;
;         [a] Due to location constrained logic               ; 0                     ; 0                              ;
;         [b] Due to LAB-wide signal conflicts                ; 0                     ; 0                              ;
;         [c] Due to LAB input limits                         ; 0                     ; 0                              ;
;         [d] Due to virtual I/Os                             ; 0                     ; 0                              ;
;                                                             ;                       ;                                ;
; Difficulty packing design                                   ; Low                   ; Low                            ;
;                                                             ;                       ;                                ;
; Total LABs:  partially or completely used                   ; 17 / 35920 ( < 1 % )  ; 0 / 35920 ( 0 % )              ;
;     -- Logic LABs                                           ; 17                    ; 0                              ;
;     -- Memory LABs (up to half of total LABs)               ; 0                     ; 0                              ;
;                                                             ;                       ;                                ;
; Combinational ALUT usage for logic                          ; 1                     ; 0                              ;
;     -- 7 input functions                                    ; 0                     ; 0                              ;
;     -- 6 input functions                                    ; 0                     ; 0                              ;
;     -- 5 input functions                                    ; 0                     ; 0                              ;
;     -- 4 input functions                                    ; 0                     ; 0                              ;
;     -- <=3 input functions                                  ; 1                     ; 0                              ;
; Combinational ALUT usage for route-throughs                 ; 24                    ; 0                              ;
; Memory ALUT usage                                           ; 0                     ; 0                              ;
;     -- 64-address deep                                      ; 0                     ; 0                              ;
;     -- 32-address deep                                      ; 0                     ; 0                              ;
;                                                             ;                       ;                                ;
; Dedicated logic registers                                   ; 0                     ; 0                              ;
;     -- By type:                                             ;                       ;                                ;
;         -- Primary logic registers                          ; 64 / 718400 ( < 1 % ) ; 0 / 718400 ( 0 % )             ;
;         -- Secondary logic registers                        ; 0 / 718400 ( 0 % )    ; 0 / 718400 ( 0 % )             ;
;     -- By function:                                         ;                       ;                                ;
;         -- Design implementation registers                  ; 64                    ; 0                              ;
;         -- Routing optimization registers                   ; 0                     ; 0                              ;
;                                                             ;                       ;                                ;
;                                                             ;                       ;                                ;
; Virtual pins                                                ; 0                     ; 0                              ;
; I/O pins                                                    ; 194                   ; 0                              ;
; I/O registers                                               ; 0                     ; 0                              ;
; Total block memory bits                                     ; 0                     ; 0                              ;
; Total block memory implementation bits                      ; 0                     ; 0                              ;
; Clock enable block                                          ; 1 / 450 ( < 1 % )     ; 0 / 450 ( 0 % )                ;
;                                                             ;                       ;                                ;
; Connections                                                 ;                       ;                                ;
;     -- Input Connections                                    ; 0                     ; 0                              ;
;     -- Registered Input Connections                         ; 0                     ; 0                              ;
;     -- Output Connections                                   ; 0                     ; 0                              ;
;     -- Registered Output Connections                        ; 0                     ; 0                              ;
;                                                             ;                       ;                                ;
; Internal Connections                                        ;                       ;                                ;
;     -- Total Connections                                    ; 475                   ; 1                              ;
;     -- Registered Connections                               ; 64                    ; 0                              ;
;                                                             ;                       ;                                ;
; External Connections                                        ;                       ;                                ;
;     -- Top                                                  ; 0                     ; 0                              ;
;     -- hard_block:auto_generated_inst                       ; 0                     ; 0                              ;
;                                                             ;                       ;                                ;
; Partition Interface                                         ;                       ;                                ;
;     -- Input Ports                                          ; 130                   ; 0                              ;
;     -- Output Ports                                         ; 64                    ; 0                              ;
;     -- Bidir Ports                                          ; 0                     ; 0                              ;
;                                                             ;                       ;                                ;
; Registered Ports                                            ;                       ;                                ;
;     -- Registered Input Ports                               ; 0                     ; 0                              ;
;     -- Registered Output Ports                              ; 0                     ; 0                              ;
;                                                             ;                       ;                                ;
; Port Connectivity                                           ;                       ;                                ;
;     -- Input Ports driven by GND                            ; 0                     ; 0                              ;
;     -- Output Ports driven by GND                           ; 0                     ; 0                              ;
;     -- Input Ports driven by VCC                            ; 0                     ; 0                              ;
;     -- Output Ports driven by VCC                           ; 0                     ; 0                              ;
;     -- Input Ports with no Source                           ; 0                     ; 0                              ;
;     -- Output Ports with no Source                          ; 0                     ; 0                              ;
;     -- Input Ports with no Fanout                           ; 0                     ; 0                              ;
;     -- Output Ports with no Fanout                          ; 0                     ; 0                              ;
+-------------------------------------------------------------+-----------------------+--------------------------------+


+---------------------------------------------------------------------------------------------------------------------------------------------------------------------------------------------------------------------------------------------------------------------+
; Input Pins                                                                                                                                                                                                                                                          ;
+--------+-------+----------+--------------+--------------+--------------+-----------------------+--------------------+--------+----------------+----------+--------------+--------------+-------------+---------------------------+----------------------+-----------+
; Name   ; Pin # ; I/O Bank ; X coordinate ; Y coordinate ; Z coordinate ; Combinational Fan-Out ; Registered Fan-Out ; Global ; Input Register ; Bus Hold ; Weak Pull Up ; I/O Standard ; Termination ; Termination Control Block ; Location assigned by ; Slew Rate ;
+--------+-------+----------+--------------+--------------+--------------+-----------------------+--------------------+--------+----------------+----------+--------------+--------------+-------------+---------------------------+----------------------+-----------+
; CLK    ; BA18  ; 4D       ; 168          ; 0            ; 84           ; 64                    ; 0                  ; yes    ; no             ; no       ; Off          ; 2.5 V        ; Off         ; --                        ; Fitter               ; no        ;
; RST    ; AG29  ; 3C       ; 43           ; 0            ; 72           ; 64                    ; 0                  ; no     ; no             ; no       ; Off          ; 2.5 V        ; Off         ; --                        ; Fitter               ; no        ;
; a[0]   ; AL11  ; 4B       ; 222          ; 0            ; 72           ; 0                     ; 0                  ; no     ; no             ; no       ; Off          ; 2.5 V        ; Off         ; --                        ; Fitter               ; no        ;
; a[100] ; AJ31  ; 3C       ; 31           ; 0            ; 100          ; 1                     ; 0                  ; no     ; no             ; no       ; Off          ; 2.5 V        ; Off         ; --                        ; Fitter               ; no        ;
; a[101] ; AJ24  ; 3D       ; 75           ; 0            ; 44           ; 1                     ; 0                  ; no     ; no             ; no       ; Off          ; 2.5 V        ; Off         ; --                        ; Fitter               ; no        ;
; a[102] ; AF34  ; 3B       ; 23           ; 0            ; 100          ; 1                     ; 0                  ; no     ; no             ; no       ; Off          ; 2.5 V        ; Off         ; --                        ; Fitter               ; no        ;
; a[103] ; AU27  ; 3D       ; 84           ; 0            ; 100          ; 1                     ; 0                  ; no     ; no             ; no       ; Off          ; 2.5 V        ; Off         ; --                        ; Fitter               ; no        ;
; a[104] ; AM31  ; 3B       ; 20           ; 0            ; 0            ; 1                     ; 0                  ; no     ; no             ; no       ; Off          ; 2.5 V        ; Off         ; --                        ; Fitter               ; no        ;
; a[105] ; AP24  ; 3E       ; 87           ; 0            ; 44           ; 1                     ; 0                  ; no     ; no             ; no       ; Off          ; 2.5 V        ; Off         ; --                        ; Fitter               ; no        ;
; a[106] ; AR27  ; 3D       ; 56           ; 0            ; 0            ; 1                     ; 0                  ; no     ; no             ; no       ; Off          ; 2.5 V        ; Off         ; --                        ; Fitter               ; no        ;
; a[107] ; AE28  ; 3C       ; 46           ; 0            ; 84           ; 1                     ; 0                  ; no     ; no             ; no       ; Off          ; 2.5 V        ; Off         ; --                        ; Fitter               ; no        ;
; a[108] ; AG26  ; 3C       ; 49           ; 0            ; 100          ; 1                     ; 0                  ; no     ; no             ; no       ; Off          ; 2.5 V        ; Off         ; --                        ; Fitter               ; no        ;
; a[109] ; AL25  ; 3D       ; 82           ; 0            ; 28           ; 1                     ; 0                  ; no     ; no             ; no       ; Off          ; 2.5 V        ; Off         ; --                        ; Fitter               ; no        ;
; a[10]  ; T27   ; 8D       ; 63           ; 177          ; 72           ; 0                     ; 0                  ; no     ; no             ; no       ; Off          ; 2.5 V        ; Off         ; --                        ; Fitter               ; no        ;
; a[110] ; BB30  ; 3C       ; 41           ; 0            ; 128          ; 1                     ; 0                  ; no     ; no             ; no       ; Off          ; 2.5 V        ; Off         ; --                        ; Fitter               ; no        ;
; a[111] ; AU24  ; 3E       ; 87           ; 0            ; 72           ; 1                     ; 0                  ; no     ; no             ; no       ; Off          ; 2.5 V        ; Off         ; --                        ; Fitter               ; no        ;
; a[112] ; AR25  ; 3E       ; 87           ; 0            ; 128          ; 1                     ; 0                  ; no     ; no             ; no       ; Off          ; 2.5 V        ; Off         ; --                        ; Fitter               ; no        ;
; a[113] ; AU25  ; 3E       ; 87           ; 0            ; 100          ; 1                     ; 0                  ; no     ; no             ; no       ; Off          ; 2.5 V        ; Off         ; --                        ; Fitter               ; no        ;
; a[114] ; AJ30  ; 3C       ; 31           ; 0            ; 128          ; 1                     ; 0                  ; no     ; no             ; no       ; Off          ; 2.5 V        ; Off         ; --                        ; Fitter               ; no        ;
; a[115] ; BC31  ; 3C       ; 41           ; 0            ; 72           ; 1                     ; 0                  ; no     ; no             ; no       ; Off          ; 2.5 V        ; Off         ; --                        ; Fitter               ; no        ;
; a[116] ; AE31  ; 3B       ; 26           ; 0            ; 44           ; 1                     ; 0                  ; no     ; no             ; no       ; Off          ; 2.5 V        ; Off         ; --                        ; Fitter               ; no        ;
; a[117] ; AT27  ; 3D       ; 84           ; 0            ; 72           ; 1                     ; 0                  ; no     ; no             ; no       ; Off          ; 2.5 V        ; Off         ; --                        ; Fitter               ; no        ;
; a[118] ; AV28  ; 3D       ; 59           ; 0            ; 100          ; 1                     ; 0                  ; no     ; no             ; no       ; Off          ; 2.5 V        ; Off         ; --                        ; Fitter               ; no        ;
; a[119] ; AJ32  ; 3B       ; 21           ; 0            ; 72           ; 1                     ; 0                  ; no     ; no             ; no       ; Off          ; 2.5 V        ; Off         ; --                        ; Fitter               ; no        ;
; a[11]  ; AT24  ; 3E       ; 98           ; 0            ; 128          ; 0                     ; 0                  ; no     ; no             ; no       ; Off          ; 2.5 V        ; Off         ; --                        ; Fitter               ; no        ;
; a[120] ; AV26  ; 3D       ; 84           ; 0            ; 44           ; 1                     ; 0                  ; no     ; no             ; no       ; Off          ; 2.5 V        ; Off         ; --                        ; Fitter               ; no        ;
; a[121] ; AE30  ; 3B       ; 26           ; 0            ; 100          ; 1                     ; 0                  ; no     ; no             ; no       ; Off          ; 2.5 V        ; Off         ; --                        ; Fitter               ; no        ;
; a[122] ; AH31  ; 3C       ; 31           ; 0            ; 72           ; 1                     ; 0                  ; no     ; no             ; no       ; Off          ; 2.5 V        ; Off         ; --                        ; Fitter               ; no        ;
; a[123] ; BC32  ; 3C       ; 40           ; 0            ; 28           ; 1                     ; 0                  ; no     ; no             ; no       ; Off          ; 2.5 V        ; Off         ; --                        ; Fitter               ; no        ;
; a[124] ; BB17  ; 4D       ; 170          ; 0            ; 128          ; 0                     ; 0                  ; no     ; no             ; no       ; Off          ; 2.5 V        ; Off         ; --                        ; Fitter               ; no        ;
; a[125] ; B34   ; 8B       ; 25           ; 177          ; 84           ; 0                     ; 0                  ; no     ; no             ; no       ; Off          ; 2.5 V        ; Off         ; --                        ; Fitter               ; no        ;
; a[126] ; H13   ; 7C       ; 201          ; 177          ; 128          ; 0                     ; 0                  ; no     ; no             ; no       ; Off          ; 2.5 V        ; Off         ; --                        ; Fitter               ; no        ;
; a[127] ; C10   ; 7B       ; 205          ; 177          ; 56           ; 0                     ; 0                  ; no     ; no             ; no       ; Off          ; 2.5 V        ; Off         ; --                        ; Fitter               ; no        ;
; a[12]  ; BD22  ; 4E       ; 140          ; 0            ; 84           ; 0                     ; 0                  ; no     ; no             ; no       ; Off          ; 2.5 V        ; Off         ; --                        ; Fitter               ; no        ;
; a[13]  ; B11   ; 7B       ; 203          ; 177          ; 44           ; 0                     ; 0                  ; no     ; no             ; no       ; Off          ; 2.5 V        ; Off         ; --                        ; Fitter               ; no        ;
; a[14]  ; AU21  ; 4E       ; 132          ; 0            ; 28           ; 0                     ; 0                  ; no     ; no             ; no       ; Off          ; 2.5 V        ; Off         ; --                        ; Fitter               ; no        ;
; a[15]  ; AW21  ; 4E       ; 140          ; 0            ; 56           ; 0                     ; 0                  ; no     ; no             ; no       ; Off          ; 2.5 V        ; Off         ; --                        ; Fitter               ; no        ;
; a[16]  ; A14   ; 7C       ; 182          ; 177          ; 100          ; 0                     ; 0                  ; no     ; no             ; no       ; Off          ; 2.5 V        ; Off         ; --                        ; Fitter               ; no        ;
; a[17]  ; H9    ; 7A       ; 225          ; 173          ; 47           ; 0                     ; 0                  ; no     ; no             ; no       ; Off          ; 2.5 V        ; Off         ; --                        ; Fitter               ; no        ;
; a[18]  ; AK18  ; 4D       ; 158          ; 0            ; 128          ; 0                     ; 0                  ; no     ; no             ; no       ; Off          ; 2.5 V        ; Off         ; --                        ; Fitter               ; no        ;
; a[19]  ; A28   ; 8D       ; 82           ; 177          ; 56           ; 0                     ; 0                  ; no     ; no             ; no       ; Off          ; 2.5 V        ; Off         ; --                        ; Fitter               ; no        ;
; a[1]   ; F20   ; 7E       ; 132          ; 177          ; 56           ; 0                     ; 0                  ; no     ; no             ; no       ; Off          ; 2.5 V        ; Off         ; --                        ; Fitter               ; no        ;
; a[20]  ; AM13  ; 4B       ; 225          ; 3            ; 81           ; 0                     ; 0                  ; no     ; no             ; no       ; Off          ; 2.5 V        ; Off         ; --                        ; Fitter               ; no        ;
; a[21]  ; BD38  ; 3A       ; 0            ; 6            ; 103          ; 0                     ; 0                  ; no     ; no             ; no       ; Off          ; 2.5 V        ; Off         ; --                        ; Fitter               ; no        ;
; a[22]  ; V28   ; 8C       ; 49           ; 177          ; 100          ; 0                     ; 0                  ; no     ; no             ; no       ; Off          ; 2.5 V        ; Off         ; --                        ; Fitter               ; no        ;
; a[23]  ; K21   ; 7E       ; 133          ; 177          ; 44           ; 0                     ; 0                  ; no     ; no             ; no       ; Off          ; 2.5 V        ; Off         ; --                        ; Fitter               ; no        ;
; a[24]  ; BB20  ; 4E       ; 142          ; 0            ; 44           ; 0                     ; 0                  ; no     ; no             ; no       ; Off          ; 2.5 V        ; Off         ; --                        ; Fitter               ; no        ;
; a[25]  ; J27   ; 8D       ; 71           ; 177          ; 44           ; 0                     ; 0                  ; no     ; no             ; no       ; Off          ; 2.5 V        ; Off         ; --                        ; Fitter               ; no        ;
; a[26]  ; C28   ; 8D       ; 79           ; 177          ; 72           ; 0                     ; 0                  ; no     ; no             ; no       ; Off          ; 2.5 V        ; Off         ; --                        ; Fitter               ; no        ;
; a[27]  ; AH10  ; 4B       ; 221          ; 0            ; 56           ; 0                     ; 0                  ; no     ; no             ; no       ; Off          ; 2.5 V        ; Off         ; --                        ; Fitter               ; no        ;
; a[28]  ; AE36  ; 3A       ; 0            ; 3            ; 137          ; 0                     ; 0                  ; no     ; no             ; no       ; Off          ; 2.5 V        ; Off         ; --                        ; Fitter               ; no        ;
; a[29]  ; A11   ; 7B       ; 203          ; 177          ; 128          ; 0                     ; 0                  ; no     ; no             ; no       ; Off          ; 2.5 V        ; Off         ; --                        ; Fitter               ; no        ;
; a[2]   ; AU34  ; 3B       ; 2            ; 0            ; 44           ; 0                     ; 0                  ; no     ; no             ; no       ; Off          ; 2.5 V        ; Off         ; --                        ; Fitter               ; no        ;
; a[30]  ; T32   ; 8B       ; 20           ; 177          ; 84           ; 0                     ; 0                  ; no     ; no             ; no       ; Off          ; 2.5 V        ; Off         ; --                        ; Fitter               ; no        ;
; a[31]  ; L24   ; 8E       ; 93           ; 177          ; 100          ; 0                     ; 0                  ; no     ; no             ; no       ; Off          ; 2.5 V        ; Off         ; --                        ; Fitter               ; no        ;
; a[32]  ; AN39  ; 3A       ; 0            ; 7            ; 131          ; 0                     ; 0                  ; no     ; no             ; no       ; Off          ; 2.5 V        ; Off         ; --                        ; Fitter               ; no        ;
; a[33]  ; AV17  ; 4D       ; 174          ; 0            ; 100          ; 0                     ; 0                  ; no     ; no             ; no       ; Off          ; 2.5 V        ; Off         ; --                        ; Fitter               ; no        ;
; a[34]  ; BB8   ; 4A       ; 225          ; 8            ; 31           ; 0                     ; 0                  ; no     ; no             ; no       ; Off          ; 2.5 V        ; Off         ; --                        ; Fitter               ; no        ;
; a[35]  ; AL24  ; 3E       ; 96           ; 0            ; 100          ; 0                     ; 0                  ; no     ; no             ; no       ; Off          ; 2.5 V        ; Off         ; --                        ; Fitter               ; no        ;
; a[36]  ; AE18  ; 4C       ; 182          ; 0            ; 128          ; 0                     ; 0                  ; no     ; no             ; no       ; Off          ; 2.5 V        ; Off         ; --                        ; Fitter               ; no        ;
; a[37]  ; U29   ; 8C       ; 43           ; 177          ; 100          ; 0                     ; 0                  ; no     ; no             ; no       ; Off          ; 2.5 V        ; Off         ; --                        ; Fitter               ; no        ;
; a[38]  ; AJ14  ; 4C       ; 186          ; 0            ; 72           ; 0                     ; 0                  ; no     ; no             ; no       ; Off          ; 2.5 V        ; Off         ; --                        ; Fitter               ; no        ;
; a[39]  ; N17   ; 7D       ; 178          ; 177          ; 44           ; 0                     ; 0                  ; no     ; no             ; no       ; Off          ; 2.5 V        ; Off         ; --                        ; Fitter               ; no        ;
; a[3]   ; E20   ; 7E       ; 122          ; 177          ; 100          ; 0                     ; 0                  ; no     ; no             ; no       ; Off          ; 2.5 V        ; Off         ; --                        ; Fitter               ; no        ;
; a[40]  ; H32   ; 8C       ; 36           ; 177          ; 72           ; 0                     ; 0                  ; no     ; no             ; no       ; Off          ; 2.5 V        ; Off         ; --                        ; Fitter               ; no        ;
; a[41]  ; AK23  ; 3E       ; 93           ; 0            ; 100          ; 0                     ; 0                  ; no     ; no             ; no       ; Off          ; 2.5 V        ; Off         ; --                        ; Fitter               ; no        ;
; a[42]  ; M11   ; 7B       ; 222          ; 177          ; 100          ; 0                     ; 0                  ; no     ; no             ; no       ; Off          ; 2.5 V        ; Off         ; --                        ; Fitter               ; no        ;
; a[43]  ; A31   ; 8C       ; 41           ; 177          ; 128          ; 0                     ; 0                  ; no     ; no             ; no       ; Off          ; 2.5 V        ; Off         ; --                        ; Fitter               ; no        ;
; a[44]  ; AG15  ; 4C       ; 185          ; 0            ; 56           ; 0                     ; 0                  ; no     ; no             ; no       ; Off          ; 2.5 V        ; Off         ; --                        ; Fitter               ; no        ;
; a[45]  ; H30   ; 8C       ; 35           ; 177          ; 84           ; 0                     ; 0                  ; no     ; no             ; no       ; Off          ; 2.5 V        ; Off         ; --                        ; Fitter               ; no        ;
; a[46]  ; AT14  ; 4C       ; 200          ; 0            ; 28           ; 0                     ; 0                  ; no     ; no             ; no       ; Off          ; 2.5 V        ; Off         ; --                        ; Fitter               ; no        ;
; a[47]  ; K34   ; 8A       ; 0            ; 171          ; 103          ; 0                     ; 0                  ; no     ; no             ; no       ; Off          ; 2.5 V        ; Off         ; --                        ; Fitter               ; no        ;
; a[48]  ; E14   ; 7C       ; 186          ; 177          ; 128          ; 0                     ; 0                  ; no     ; no             ; no       ; Off          ; 2.5 V        ; Off         ; --                        ; Fitter               ; no        ;
; a[49]  ; H10   ; 7B       ; 222          ; 177          ; 128          ; 0                     ; 0                  ; no     ; no             ; no       ; Off          ; 2.5 V        ; Off         ; --                        ; Fitter               ; no        ;
; a[4]   ; D35   ; 8B       ; 23           ; 177          ; 100          ; 0                     ; 0                  ; no     ; no             ; no       ; Off          ; 2.5 V        ; Off         ; --                        ; Fitter               ; no        ;
; a[50]  ; P38   ; 8A       ; 0            ; 169          ; 59           ; 0                     ; 0                  ; no     ; no             ; no       ; Off          ; 2.5 V        ; Off         ; --                        ; Fitter               ; no        ;
; a[51]  ; G28   ; 8D       ; 75           ; 177          ; 128          ; 0                     ; 0                  ; no     ; no             ; no       ; Off          ; 2.5 V        ; Off         ; --                        ; Fitter               ; no        ;
; a[52]  ; AR32  ; 3B       ; 7            ; 0            ; 128          ; 0                     ; 0                  ; no     ; no             ; no       ; Off          ; 2.5 V        ; Off         ; --                        ; Fitter               ; no        ;
; a[53]  ; L30   ; 8C       ; 35           ; 177          ; 28           ; 0                     ; 0                  ; no     ; no             ; no       ; Off          ; 2.5 V        ; Off         ; --                        ; Fitter               ; no        ;
; a[54]  ; AP12  ; 4B       ; 225          ; 3            ; 53           ; 0                     ; 0                  ; no     ; no             ; no       ; Off          ; 2.5 V        ; Off         ; --                        ; Fitter               ; no        ;
; a[55]  ; C37   ; 8A       ; 0            ; 174          ; 81           ; 0                     ; 0                  ; no     ; no             ; no       ; Off          ; 2.5 V        ; Off         ; --                        ; Fitter               ; no        ;
; a[56]  ; AR16  ; 4C       ; 195          ; 0            ; 84           ; 0                     ; 0                  ; no     ; no             ; no       ; Off          ; 2.5 V        ; Off         ; --                        ; Fitter               ; no        ;
; a[57]  ; D18   ; 7D       ; 158          ; 177          ; 100          ; 0                     ; 0                  ; no     ; no             ; no       ; Off          ; 2.5 V        ; Off         ; --                        ; Fitter               ; no        ;
; a[58]  ; G19   ; 7D       ; 157          ; 177          ; 0            ; 0                     ; 0                  ; no     ; no             ; no       ; Off          ; 2.5 V        ; Off         ; --                        ; Fitter               ; no        ;
; a[59]  ; BC20  ; 4E       ; 142          ; 0            ; 72           ; 0                     ; 0                  ; no     ; no             ; no       ; Off          ; 2.5 V        ; Off         ; --                        ; Fitter               ; no        ;
; a[5]   ; V21   ; 7E       ; 140          ; 177          ; 0            ; 0                     ; 0                  ; no     ; no             ; no       ; Off          ; 2.5 V        ; Off         ; --                        ; Fitter               ; no        ;
; a[60]  ; AW26  ; 3D       ; 84           ; 0            ; 128          ; 1                     ; 0                  ; no     ; no             ; no       ; Off          ; 2.5 V        ; Off         ; --                        ; Fitter               ; no        ;
; a[61]  ; AD32  ; 3B       ; 25           ; 0            ; 0            ; 1                     ; 0                  ; no     ; no             ; no       ; Off          ; 2.5 V        ; Off         ; --                        ; Fitter               ; no        ;
; a[62]  ; AK32  ; 3B       ; 21           ; 0            ; 100          ; 1                     ; 0                  ; no     ; no             ; no       ; Off          ; 2.5 V        ; Off         ; --                        ; Fitter               ; no        ;
; a[63]  ; BA27  ; 3D       ; 66           ; 0            ; 44           ; 1                     ; 0                  ; no     ; no             ; no       ; Off          ; 2.5 V        ; Off         ; --                        ; Fitter               ; no        ;
; a[64]  ; AY27  ; 3D       ; 66           ; 0            ; 100          ; 1                     ; 0                  ; no     ; no             ; no       ; Off          ; 2.5 V        ; Off         ; --                        ; Fitter               ; no        ;
; a[65]  ; AV32  ; 3C       ; 35           ; 0            ; 28           ; 1                     ; 0                  ; no     ; no             ; no       ; Off          ; 2.5 V        ; Off         ; --                        ; Fitter               ; no        ;
; a[66]  ; BB27  ; 3D       ; 66           ; 0            ; 128          ; 1                     ; 0                  ; no     ; no             ; no       ; Off          ; 2.5 V        ; Off         ; --                        ; Fitter               ; no        ;
; a[67]  ; AH33  ; 3B       ; 20           ; 0            ; 28           ; 1                     ; 0                  ; no     ; no             ; no       ; Off          ; 2.5 V        ; Off         ; --                        ; Fitter               ; no        ;
; a[68]  ; AL29  ; 3C       ; 35           ; 0            ; 84           ; 1                     ; 0                  ; no     ; no             ; no       ; Off          ; 2.5 V        ; Off         ; --                        ; Fitter               ; no        ;
; a[69]  ; BA29  ; 3C       ; 40           ; 0            ; 84           ; 1                     ; 0                  ; no     ; no             ; no       ; Off          ; 2.5 V        ; Off         ; --                        ; Fitter               ; no        ;
; a[6]   ; E18   ; 7D       ; 158          ; 177          ; 72           ; 0                     ; 0                  ; no     ; no             ; no       ; Off          ; 2.5 V        ; Off         ; --                        ; Fitter               ; no        ;
; a[70]  ; AW32  ; 3C       ; 35           ; 0            ; 56           ; 1                     ; 0                  ; no     ; no             ; no       ; Off          ; 2.5 V        ; Off         ; --                        ; Fitter               ; no        ;
; a[71]  ; AU31  ; 3C       ; 33           ; 0            ; 72           ; 1                     ; 0                  ; no     ; no             ; no       ; Off          ; 2.5 V        ; Off         ; --                        ; Fitter               ; no        ;
; a[72]  ; BA30  ; 3C       ; 41           ; 0            ; 44           ; 1                     ; 0                  ; no     ; no             ; no       ; Off          ; 2.5 V        ; Off         ; --                        ; Fitter               ; no        ;
; a[73]  ; BC29  ; 3D       ; 63           ; 0            ; 44           ; 1                     ; 0                  ; no     ; no             ; no       ; Off          ; 2.5 V        ; Off         ; --                        ; Fitter               ; no        ;
; a[74]  ; AG32  ; 3B       ; 23           ; 0            ; 128          ; 1                     ; 0                  ; no     ; no             ; no       ; Off          ; 2.5 V        ; Off         ; --                        ; Fitter               ; no        ;
; a[75]  ; AN28  ; 3C       ; 36           ; 0            ; 100          ; 1                     ; 0                  ; no     ; no             ; no       ; Off          ; 2.5 V        ; Off         ; --                        ; Fitter               ; no        ;
; a[76]  ; AH25  ; 3D       ; 75           ; 0            ; 100          ; 1                     ; 0                  ; no     ; no             ; no       ; Off          ; 2.5 V        ; Off         ; --                        ; Fitter               ; no        ;
; a[77]  ; AJ33  ; 3B       ; 18           ; 0            ; 128          ; 1                     ; 0                  ; no     ; no             ; no       ; Off          ; 2.5 V        ; Off         ; --                        ; Fitter               ; no        ;
; a[78]  ; AF32  ; 3B       ; 23           ; 0            ; 44           ; 1                     ; 0                  ; no     ; no             ; no       ; Off          ; 2.5 V        ; Off         ; --                        ; Fitter               ; no        ;
; a[79]  ; AR28  ; 3D       ; 56           ; 0            ; 84           ; 1                     ; 0                  ; no     ; no             ; no       ; Off          ; 2.5 V        ; Off         ; --                        ; Fitter               ; no        ;
; a[7]   ; M30   ; 8C       ; 33           ; 177          ; 100          ; 0                     ; 0                  ; no     ; no             ; no       ; Off          ; 2.5 V        ; Off         ; --                        ; Fitter               ; no        ;
; a[80]  ; AG27  ; 3C       ; 49           ; 0            ; 44           ; 1                     ; 0                  ; no     ; no             ; no       ; Off          ; 2.5 V        ; Off         ; --                        ; Fitter               ; no        ;
; a[81]  ; AU30  ; 3C       ; 33           ; 0            ; 128          ; 1                     ; 0                  ; no     ; no             ; no       ; Off          ; 2.5 V        ; Off         ; --                        ; Fitter               ; no        ;
; a[82]  ; BD32  ; 3C       ; 40           ; 0            ; 56           ; 1                     ; 0                  ; no     ; no             ; no       ; Off          ; 2.5 V        ; Off         ; --                        ; Fitter               ; no        ;
; a[83]  ; AM28  ; 3D       ; 53           ; 0            ; 100          ; 1                     ; 0                  ; no     ; no             ; no       ; Off          ; 2.5 V        ; Off         ; --                        ; Fitter               ; no        ;
; a[84]  ; AD33  ; 3B       ; 25           ; 0            ; 28           ; 1                     ; 0                  ; no     ; no             ; no       ; Off          ; 2.5 V        ; Off         ; --                        ; Fitter               ; no        ;
; a[85]  ; AK30  ; 3C       ; 35           ; 0            ; 0            ; 1                     ; 0                  ; no     ; no             ; no       ; Off          ; 2.5 V        ; Off         ; --                        ; Fitter               ; no        ;
; a[86]  ; AR30  ; 3C       ; 30           ; 0            ; 28           ; 1                     ; 0                  ; no     ; no             ; no       ; Off          ; 2.5 V        ; Off         ; --                        ; Fitter               ; no        ;
; a[87]  ; AH30  ; 3C       ; 31           ; 0            ; 44           ; 1                     ; 0                  ; no     ; no             ; no       ; Off          ; 2.5 V        ; Off         ; --                        ; Fitter               ; no        ;
; a[88]  ; AY30  ; 3C       ; 40           ; 0            ; 0            ; 1                     ; 0                  ; no     ; no             ; no       ; Off          ; 2.5 V        ; Off         ; --                        ; Fitter               ; no        ;
; a[89]  ; AP31  ; 3B       ; 21           ; 0            ; 128          ; 1                     ; 0                  ; no     ; no             ; no       ; Off          ; 2.5 V        ; Off         ; --                        ; Fitter               ; no        ;
; a[8]   ; V33   ; 8B       ; 21           ; 177          ; 100          ; 0                     ; 0                  ; no     ; no             ; no       ; Off          ; 2.5 V        ; Off         ; --                        ; Fitter               ; no        ;
; a[90]  ; AF29  ; 3C       ; 46           ; 0            ; 56           ; 1                     ; 0                  ; no     ; no             ; no       ; Off          ; 2.5 V        ; Off         ; --                        ; Fitter               ; no        ;
; a[91]  ; AN31  ; 3B       ; 21           ; 0            ; 44           ; 1                     ; 0                  ; no     ; no             ; no       ; Off          ; 2.5 V        ; Off         ; --                        ; Fitter               ; no        ;
; a[92]  ; AG33  ; 3B       ; 20           ; 0            ; 56           ; 1                     ; 0                  ; no     ; no             ; no       ; Off          ; 2.5 V        ; Off         ; --                        ; Fitter               ; no        ;
; a[93]  ; AL26  ; 3D       ; 74           ; 0            ; 56           ; 1                     ; 0                  ; no     ; no             ; no       ; Off          ; 2.5 V        ; Off         ; --                        ; Fitter               ; no        ;
; a[94]  ; AJ26  ; 3D       ; 74           ; 0            ; 84           ; 1                     ; 0                  ; no     ; no             ; no       ; Off          ; 2.5 V        ; Off         ; --                        ; Fitter               ; no        ;
; a[95]  ; AL28  ; 3D       ; 53           ; 0            ; 72           ; 1                     ; 0                  ; no     ; no             ; no       ; Off          ; 2.5 V        ; Off         ; --                        ; Fitter               ; no        ;
; a[96]  ; AM32  ; 3B       ; 20           ; 0            ; 84           ; 1                     ; 0                  ; no     ; no             ; no       ; Off          ; 2.5 V        ; Off         ; --                        ; Fitter               ; no        ;
; a[97]  ; AW29  ; 3D       ; 63           ; 0            ; 100          ; 1                     ; 0                  ; no     ; no             ; no       ; Off          ; 2.5 V        ; Off         ; --                        ; Fitter               ; no        ;
; a[98]  ; AL27  ; 3D       ; 56           ; 0            ; 56           ; 1                     ; 0                  ; no     ; no             ; no       ; Off          ; 2.5 V        ; Off         ; --                        ; Fitter               ; no        ;
; a[99]  ; AK27  ; 3D       ; 56           ; 0            ; 28           ; 1                     ; 0                  ; no     ; no             ; no       ; Off          ; 2.5 V        ; Off         ; --                        ; Fitter               ; no        ;
; a[9]   ; N11   ; 7B       ; 222          ; 177          ; 72           ; 0                     ; 0                  ; no     ; no             ; no       ; Off          ; 2.5 V        ; Off         ; --                        ; Fitter               ; no        ;
+--------+-------+----------+--------------+--------------+--------------+-----------------------+--------------------+--------+----------------+----------+--------------+--------------+-------------+---------------------------+----------------------+-----------+


+--------------------------------------------------------------------------------------------------------------------------------------------------------------------------------------------------------------------------------------------------------------------------------------------------------------------------------------------------------------------------------------------------------------------------------------------------------------------------+
; Output Pins                                                                                                                                                                                                                                                                                                                                                                                                                                                              ;
+-------+-------+----------+--------------+--------------+--------------+-----------------+------------------------+-----------+------------+---------------+----------+--------------+--------------+------------------+-----------------------------------+---------------------------+----------------------------+-----------------------------+---------------------+-----------------------------+----------------------+----------------------+---------------------+
; Name  ; Pin # ; I/O Bank ; X coordinate ; Y coordinate ; Z coordinate ; Output Register ; Output Enable Register ; Slew Rate ; Open Drain ; TRI Primitive ; Bus Hold ; Weak Pull Up ; I/O Standard ; Current Strength ; Termination                       ; Termination Control Block ; Output Buffer Pre-emphasis ; Voltage Output Differential ; Output Buffer Delay ; Output Buffer Delay Control ; Location assigned by ; Output Enable Source ; Output Enable Group ;
+-------+-------+----------+--------------+--------------+--------------+-----------------+------------------------+-----------+------------+---------------+----------+--------------+--------------+------------------+-----------------------------------+---------------------------+----------------------------+-----------------------------+---------------------+-----------------------------+----------------------+----------------------+---------------------+
; q[0]  ; AK24  ; 3D       ; 75           ; 0            ; 128          ; no              ; no                     ; 1         ; no         ; no            ; no       ; Off          ; 2.5 V        ; Default          ; Series 50 Ohm without Calibration ; --                        ; no                         ; no                          ; 0                   ; Off                         ; Fitter               ; -                    ; -                   ;
; q[10] ; AP28  ; 3C       ; 36           ; 0            ; 44           ; no              ; no                     ; 1         ; no         ; no            ; no       ; Off          ; 2.5 V        ; Default          ; Series 50 Ohm without Calibration ; --                        ; no                         ; no                          ; 0                   ; Off                         ; Fitter               ; -                    ; -                   ;
; q[11] ; AN30  ; 3C       ; 28           ; 0            ; 72           ; no              ; no                     ; 1         ; no         ; no            ; no       ; Off          ; 2.5 V        ; Default          ; Series 50 Ohm without Calibration ; --                        ; no                         ; no                          ; 0                   ; Off                         ; Fitter               ; -                    ; -                   ;
; q[12] ; AW30  ; 3C       ; 38           ; 0            ; 72           ; no              ; no                     ; 1         ; no         ; no            ; no       ; Off          ; 2.5 V        ; Default          ; Series 50 Ohm without Calibration ; --                        ; no                         ; no                          ; 0                   ; Off                         ; Fitter               ; -                    ; -                   ;
; q[13] ; BD29  ; 3D       ; 63           ; 0            ; 128          ; no              ; no                     ; 1         ; no         ; no            ; no       ; Off          ; 2.5 V        ; Default          ; Series 50 Ohm without Calibration ; --                        ; no                         ; no                          ; 0                   ; Off                         ; Fitter               ; -                    ; -                   ;
; q[14] ; AE34  ; 3B       ; 23           ; 0            ; 72           ; no              ; no                     ; 1         ; no         ; no            ; no       ; Off          ; 2.5 V        ; Default          ; Series 50 Ohm without Calibration ; --                        ; no                         ; no                          ; 0                   ; Off                         ; Fitter               ; -                    ; -                   ;
; q[15] ; AV31  ; 3C       ; 33           ; 0            ; 100          ; no              ; no                     ; 1         ; no         ; no            ; no       ; Off          ; 2.5 V        ; Default          ; Series 50 Ohm without Calibration ; --                        ; no                         ; no                          ; 0                   ; Off                         ; Fitter               ; -                    ; -                   ;
; q[16] ; AH27  ; 3D       ; 71           ; 0            ; 44           ; no              ; no                     ; 1         ; no         ; no            ; no       ; Off          ; 2.5 V        ; Default          ; Series 50 Ohm without Calibration ; --                        ; no                         ; no                          ; 0                   ; Off                         ; Fitter               ; -                    ; -                   ;
; q[17] ; BD35  ; 3B       ; 10           ; 0            ; 100          ; no              ; no                     ; 1         ; no         ; no            ; no       ; Off          ; 2.5 V        ; Default          ; Series 50 Ohm without Calibration ; --                        ; no                         ; no                          ; 0                   ; Off                         ; Fitter               ; -                    ; -                   ;
; q[18] ; AU33  ; 3B       ; 9            ; 0            ; 56           ; no              ; no                     ; 1         ; no         ; no            ; no       ; Off          ; 2.5 V        ; Default          ; Series 50 Ohm without Calibration ; --                        ; no                         ; no                          ; 0                   ; Off                         ; Fitter               ; -                    ; -                   ;
; q[19] ; BA28  ; 3D       ; 65           ; 0            ; 28           ; no              ; no                     ; 1         ; no         ; no            ; no       ; Off          ; 2.5 V        ; Default          ; Series 50 Ohm without Calibration ; --                        ; no                         ; no                          ; 0                   ; Off                         ; Fitter               ; -                    ; -                   ;
; q[1]  ; AE32  ; 3B       ; 25           ; 0            ; 84           ; no              ; no                     ; 1         ; no         ; no            ; no       ; Off          ; 2.5 V        ; Default          ; Series 50 Ohm without Calibration ; --                        ; no                         ; no                          ; 0                   ; Off                         ; Fitter               ; -                    ; -                   ;
; q[20] ; AG25  ; 3C       ; 49           ; 0            ; 72           ; no              ; no                     ; 1         ; no         ; no            ; no       ; Off          ; 2.5 V        ; Default          ; Series 50 Ohm without Calibration ; --                        ; no                         ; no                          ; 0                   ; Off                         ; Fitter               ; -                    ; -                   ;
; q[21] ; AU32  ; 3C       ; 28           ; 0            ; 128          ; no              ; no                     ; 1         ; no         ; no            ; no       ; Off          ; 2.5 V        ; Default          ; Series 50 Ohm without Calibration ; --                        ; no                         ; no                          ; 0                   ; Off                         ; Fitter               ; -                    ; -                   ;
; q[22] ; AG30  ; 3C       ; 43           ; 0            ; 100          ; no              ; no                     ; 1         ; no         ; no            ; no       ; Off          ; 2.5 V        ; Default          ; Series 50 Ohm without Calibration ; --                        ; no                         ; no                          ; 0                   ; Off                         ; Fitter               ; -                    ; -                   ;
; q[23] ; AN27  ; 3D       ; 53           ; 0            ; 44           ; no              ; no                     ; 1         ; no         ; no            ; no       ; Off          ; 2.5 V        ; Default          ; Series 50 Ohm without Calibration ; --                        ; no                         ; no                          ; 0                   ; Off                         ; Fitter               ; -                    ; -                   ;
; q[24] ; AE33  ; 3B       ; 25           ; 0            ; 56           ; no              ; no                     ; 1         ; no         ; no            ; no       ; Off          ; 2.5 V        ; Default          ; Series 50 Ohm without Calibration ; --                        ; no                         ; no                          ; 0                   ; Off                         ; Fitter               ; -                    ; -                   ;
; q[25] ; AT29  ; 3C       ; 33           ; 0            ; 44           ; no              ; no                     ; 1         ; no         ; no            ; no       ; Off          ; 2.5 V        ; Default          ; Series 50 Ohm without Calibration ; --                        ; no                         ; no                          ; 0                   ; Off                         ; Fitter               ; -                    ; -                   ;
; q[26] ; AL31  ; 3C       ; 30           ; 0            ; 84           ; no              ; no                     ; 1         ; no         ; no            ; no       ; Off          ; 2.5 V        ; Default          ; Series 50 Ohm without Calibration ; --                        ; no                         ; no                          ; 0                   ; Off                         ; Fitter               ; -                    ; -                   ;
; q[27] ; AT30  ; 3C       ; 30           ; 0            ; 56           ; no              ; no                     ; 1         ; no         ; no            ; no       ; Off          ; 2.5 V        ; Default          ; Series 50 Ohm without Calibration ; --                        ; no                         ; no                          ; 0                   ; Off                         ; Fitter               ; -                    ; -                   ;
; q[28] ; AY31  ; 3C       ; 38           ; 0            ; 100          ; no              ; no                     ; 1         ; no         ; no            ; no       ; Off          ; 2.5 V        ; Default          ; Series 50 Ohm without Calibration ; --                        ; no                         ; no                          ; 0                   ; Off                         ; Fitter               ; -                    ; -                   ;
; q[29] ; AK33  ; 3B       ; 18           ; 0            ; 44           ; no              ; no                     ; 1         ; no         ; no            ; no       ; Off          ; 2.5 V        ; Default          ; Series 50 Ohm without Calibration ; --                        ; no                         ; no                          ; 0                   ; Off                         ; Fitter               ; -                    ; -                   ;
; q[2]  ; BD34  ; 3B       ; 10           ; 0            ; 72           ; no              ; no                     ; 1         ; no         ; no            ; no       ; Off          ; 2.5 V        ; Default          ; Series 50 Ohm without Calibration ; --                        ; no                         ; no                          ; 0                   ; Off                         ; Fitter               ; -                    ; -                   ;
; q[30] ; AE27  ; 3C       ; 46           ; 0            ; 0            ; no              ; no                     ; 1         ; no         ; no            ; no       ; Off          ; 2.5 V        ; Default          ; Series 50 Ohm without Calibration ; --                        ; no                         ; no                          ; 0                   ; Off                         ; Fitter               ; -                    ; -                   ;
; q[31] ; AT33  ; 3B       ; 9            ; 0            ; 28           ; no              ; no                     ; 1         ; no         ; no            ; no       ; Off          ; 2.5 V        ; Default          ; Series 50 Ohm without Calibration ; --                        ; no                         ; no                          ; 0                   ; Off                         ; Fitter               ; -                    ; -                   ;
; q[32] ; AY33  ; 3B       ; 9            ; 0            ; 0            ; no              ; no                     ; 1         ; no         ; no            ; no       ; Off          ; 2.5 V        ; Default          ; Series 50 Ohm without Calibration ; --                        ; no                         ; no                          ; 0                   ; Off                         ; Fitter               ; -                    ; -                   ;
; q[33] ; AJ25  ; 3D       ; 74           ; 0            ; 0            ; no              ; no                     ; 1         ; no         ; no            ; no       ; Off          ; 2.5 V        ; Default          ; Series 50 Ohm without Calibration ; --                        ; no                         ; no                          ; 0                   ; Off                         ; Fitter               ; -                    ; -                   ;
; q[34] ; AJ28  ; 3D       ; 71           ; 0            ; 100          ; no              ; no                     ; 1         ; no         ; no            ; no       ; Off          ; 2.5 V        ; Default          ; Series 50 Ohm without Calibration ; --                        ; no                         ; no                          ; 0                   ; Off                         ; Fitter               ; -                    ; -                   ;
; q[35] ; AP27  ; 3D       ; 53           ; 0            ; 128          ; no              ; no                     ; 1         ; no         ; no            ; no       ; Off          ; 2.5 V        ; Default          ; Series 50 Ohm without Calibration ; --                        ; no                         ; no                          ; 0                   ; Off                         ; Fitter               ; -                    ; -                   ;
; q[36] ; BC34  ; 3B       ; 10           ; 0            ; 128          ; no              ; no                     ; 1         ; no         ; no            ; no       ; Off          ; 2.5 V        ; Default          ; Series 50 Ohm without Calibration ; --                        ; no                         ; no                          ; 0                   ; Off                         ; Fitter               ; -                    ; -                   ;
; q[37] ; AY28  ; 3D       ; 63           ; 0            ; 72           ; no              ; no                     ; 1         ; no         ; no            ; no       ; Off          ; 2.5 V        ; Default          ; Series 50 Ohm without Calibration ; --                        ; no                         ; no                          ; 0                   ; Off                         ; Fitter               ; -                    ; -                   ;
; q[38] ; AU29  ; 3D       ; 59           ; 0            ; 44           ; no              ; no                     ; 1         ; no         ; no            ; no       ; Off          ; 2.5 V        ; Default          ; Series 50 Ohm without Calibration ; --                        ; no                         ; no                          ; 0                   ; Off                         ; Fitter               ; -                    ; -                   ;
; q[39] ; AU28  ; 3D       ; 59           ; 0            ; 72           ; no              ; no                     ; 1         ; no         ; no            ; no       ; Off          ; 2.5 V        ; Default          ; Series 50 Ohm without Calibration ; --                        ; no                         ; no                          ; 0                   ; Off                         ; Fitter               ; -                    ; -                   ;
; q[3]  ; BB29  ; 3D       ; 65           ; 0            ; 56           ; no              ; no                     ; 1         ; no         ; no            ; no       ; Off          ; 2.5 V        ; Default          ; Series 50 Ohm without Calibration ; --                        ; no                         ; no                          ; 0                   ; Off                         ; Fitter               ; -                    ; -                   ;
; q[40] ; AL30  ; 3C       ; 30           ; 0            ; 0            ; no              ; no                     ; 1         ; no         ; no            ; no       ; Off          ; 2.5 V        ; Default          ; Series 50 Ohm without Calibration ; --                        ; no                         ; no                          ; 0                   ; Off                         ; Fitter               ; -                    ; -                   ;
; q[41] ; AK26  ; 3D       ; 74           ; 0            ; 28           ; no              ; no                     ; 1         ; no         ; no            ; no       ; Off          ; 2.5 V        ; Default          ; Series 50 Ohm without Calibration ; --                        ; no                         ; no                          ; 0                   ; Off                         ; Fitter               ; -                    ; -                   ;
; q[42] ; AP33  ; 3B       ; 18           ; 0            ; 72           ; no              ; no                     ; 1         ; no         ; no            ; no       ; Off          ; 2.5 V        ; Default          ; Series 50 Ohm without Calibration ; --                        ; no                         ; no                          ; 0                   ; Off                         ; Fitter               ; -                    ; -                   ;
; q[43] ; AT26  ; 3D       ; 82           ; 0            ; 0            ; no              ; no                     ; 1         ; no         ; no            ; no       ; Off          ; 2.5 V        ; Default          ; Series 50 Ohm without Calibration ; --                        ; no                         ; no                          ; 0                   ; Off                         ; Fitter               ; -                    ; -                   ;
; q[44] ; BB33  ; 3B       ; 10           ; 0            ; 44           ; no              ; no                     ; 1         ; no         ; no            ; no       ; Off          ; 2.5 V        ; Default          ; Series 50 Ohm without Calibration ; --                        ; no                         ; no                          ; 0                   ; Off                         ; Fitter               ; -                    ; -                   ;
; q[45] ; AP25  ; 3D       ; 79           ; 0            ; 44           ; no              ; no                     ; 1         ; no         ; no            ; no       ; Off          ; 2.5 V        ; Default          ; Series 50 Ohm without Calibration ; --                        ; no                         ; no                          ; 0                   ; Off                         ; Fitter               ; -                    ; -                   ;
; q[46] ; AV29  ; 3D       ; 59           ; 0            ; 128          ; no              ; no                     ; 1         ; no         ; no            ; no       ; Off          ; 2.5 V        ; Default          ; Series 50 Ohm without Calibration ; --                        ; no                         ; no                          ; 0                   ; Off                         ; Fitter               ; -                    ; -                   ;
; q[47] ; AF28  ; 3C       ; 46           ; 0            ; 28           ; no              ; no                     ; 1         ; no         ; no            ; no       ; Off          ; 2.5 V        ; Default          ; Series 50 Ohm without Calibration ; --                        ; no                         ; no                          ; 0                   ; Off                         ; Fitter               ; -                    ; -                   ;
; q[48] ; AG28  ; 3C       ; 49           ; 0            ; 128          ; no              ; no                     ; 1         ; no         ; no            ; no       ; Off          ; 2.5 V        ; Default          ; Series 50 Ohm without Calibration ; --                        ; no                         ; no                          ; 0                   ; Off                         ; Fitter               ; -                    ; -                   ;
; q[49] ; AU26  ; 3D       ; 82           ; 0            ; 84           ; no              ; no                     ; 1         ; no         ; no            ; no       ; Off          ; 2.5 V        ; Default          ; Series 50 Ohm without Calibration ; --                        ; no                         ; no                          ; 0                   ; Off                         ; Fitter               ; -                    ; -                   ;
; q[4]  ; BC28  ; 3D       ; 65           ; 0            ; 0            ; no              ; no                     ; 1         ; no         ; no            ; no       ; Off          ; 2.5 V        ; Default          ; Series 50 Ohm without Calibration ; --                        ; no                         ; no                          ; 0                   ; Off                         ; Fitter               ; -                    ; -                   ;
; q[50] ; AJ29  ; 3C       ; 43           ; 0            ; 44           ; no              ; no                     ; 1         ; no         ; no            ; no       ; Off          ; 2.5 V        ; Default          ; Series 50 Ohm without Calibration ; --                        ; no                         ; no                          ; 0                   ; Off                         ; Fitter               ; -                    ; -                   ;
; q[51] ; AN25  ; 3D       ; 79           ; 0            ; 100          ; no              ; no                     ; 1         ; no         ; no            ; no       ; Off          ; 2.5 V        ; Default          ; Series 50 Ohm without Calibration ; --                        ; no                         ; no                          ; 0                   ; Off                         ; Fitter               ; -                    ; -                   ;
; q[52] ; AH24  ; 3D       ; 75           ; 0            ; 72           ; no              ; no                     ; 1         ; no         ; no            ; no       ; Off          ; 2.5 V        ; Default          ; Series 50 Ohm without Calibration ; --                        ; no                         ; no                          ; 0                   ; Off                         ; Fitter               ; -                    ; -                   ;
; q[53] ; AM26  ; 3D       ; 79           ; 0            ; 72           ; no              ; no                     ; 1         ; no         ; no            ; no       ; Off          ; 2.5 V        ; Default          ; Series 50 Ohm without Calibration ; --                        ; no                         ; no                          ; 0                   ; Off                         ; Fitter               ; -                    ; -                   ;
; q[54] ; AT32  ; 3C       ; 28           ; 0            ; 44           ; no              ; no                     ; 1         ; no         ; no            ; no       ; Off          ; 2.5 V        ; Default          ; Series 50 Ohm without Calibration ; --                        ; no                         ; no                          ; 0                   ; Off                         ; Fitter               ; -                    ; -                   ;
; q[55] ; BD31  ; 3C       ; 41           ; 0            ; 100          ; no              ; no                     ; 1         ; no         ; no            ; no       ; Off          ; 2.5 V        ; Default          ; Series 50 Ohm without Calibration ; --                        ; no                         ; no                          ; 0                   ; Off                         ; Fitter               ; -                    ; -                   ;
; q[56] ; AF31  ; 3B       ; 26           ; 0            ; 128          ; no              ; no                     ; 1         ; no         ; no            ; no       ; Off          ; 2.5 V        ; Default          ; Series 50 Ohm without Calibration ; --                        ; no                         ; no                          ; 0                   ; Off                         ; Fitter               ; -                    ; -                   ;
; q[57] ; AR26  ; 3D       ; 79           ; 0            ; 128          ; no              ; no                     ; 1         ; no         ; no            ; no       ; Off          ; 2.5 V        ; Default          ; Series 50 Ohm without Calibration ; --                        ; no                         ; no                          ; 0                   ; Off                         ; Fitter               ; -                    ; -                   ;
; q[58] ; BD28  ; 3D       ; 65           ; 0            ; 84           ; no              ; no                     ; 1         ; no         ; no            ; no       ; Off          ; 2.5 V        ; Default          ; Series 50 Ohm without Calibration ; --                        ; no                         ; no                          ; 0                   ; Off                         ; Fitter               ; -                    ; -                   ;
; q[59] ; AN33  ; 3B       ; 18           ; 0            ; 100          ; no              ; no                     ; 1         ; no         ; no            ; no       ; Off          ; 2.5 V        ; Default          ; Series 50 Ohm without Calibration ; --                        ; no                         ; no                          ; 0                   ; Off                         ; Fitter               ; -                    ; -                   ;
; q[5]  ; AR29  ; 3C       ; 36           ; 0            ; 128          ; no              ; no                     ; 1         ; no         ; no            ; no       ; Off          ; 2.5 V        ; Default          ; Series 50 Ohm without Calibration ; --                        ; no                         ; no                          ; 0                   ; Off                         ; Fitter               ; -                    ; -                   ;
; q[60] ; AM25  ; 3D       ; 82           ; 0            ; 56           ; no              ; no                     ; 1         ; no         ; no            ; no       ; Off          ; 2.5 V        ; Default          ; Series 50 Ohm without Calibration ; --                        ; no                         ; no                          ; 0                   ; Off                         ; Fitter               ; -                    ; -                   ;
; q[61] ; AE29  ; 3B       ; 26           ; 0            ; 72           ; no              ; no                     ; 1         ; no         ; no            ; no       ; Off          ; 2.5 V        ; Default          ; Series 50 Ohm without Calibration ; --                        ; no                         ; no                          ; 0                   ; Off                         ; Fitter               ; -                    ; -                   ;
; q[62] ; AP30  ; 3C       ; 28           ; 0            ; 100          ; no              ; no                     ; 1         ; no         ; no            ; no       ; Off          ; 2.5 V        ; Default          ; Series 50 Ohm without Calibration ; --                        ; no                         ; no                          ; 0                   ; Off                         ; Fitter               ; -                    ; -                   ;
; q[63] ; AK29  ; 3C       ; 43           ; 0            ; 128          ; no              ; no                     ; 1         ; no         ; no            ; no       ; Off          ; 2.5 V        ; Default          ; Series 50 Ohm without Calibration ; --                        ; no                         ; no                          ; 0                   ; Off                         ; Fitter               ; -                    ; -                   ;
; q[6]  ; AW27  ; 3D       ; 66           ; 0            ; 72           ; no              ; no                     ; 1         ; no         ; no            ; no       ; Off          ; 2.5 V        ; Default          ; Series 50 Ohm without Calibration ; --                        ; no                         ; no                          ; 0                   ; Off                         ; Fitter               ; -                    ; -                   ;
; q[7]  ; BA33  ; 3B       ; 9            ; 0            ; 84           ; no              ; no                     ; 1         ; no         ; no            ; no       ; Off          ; 2.5 V        ; Default          ; Series 50 Ohm without Calibration ; --                        ; no                         ; no                          ; 0                   ; Off                         ; Fitter               ; -                    ; -                   ;
; q[8]  ; AM29  ; 3C       ; 36           ; 0            ; 72           ; no              ; no                     ; 1         ; no         ; no            ; no       ; Off          ; 2.5 V        ; Default          ; Series 50 Ohm without Calibration ; --                        ; no                         ; no                          ; 0                   ; Off                         ; Fitter               ; -                    ; -                   ;
; q[9]  ; BA31  ; 3C       ; 38           ; 0            ; 44           ; no              ; no                     ; 1         ; no         ; no            ; no       ; Off          ; 2.5 V        ; Default          ; Series 50 Ohm without Calibration ; --                        ; no                         ; no                          ; 0                   ; Off                         ; Fitter               ; -                    ; -                   ;
+-------+-------+----------+--------------+--------------+--------------+-----------------+------------------------+-----------+------------+---------------+----------+--------------+--------------+------------------+-----------------------------------+---------------------------+----------------------------+-----------------------------+---------------------+-----------------------------+----------------------+----------------------+---------------------+


+----------------------------------------------------------------------------+
; I/O Bank Usage                                                             ;
+----------+------------------+---------------+--------------+---------------+
; I/O Bank ; Usage            ; VCCIO Voltage ; VREF Voltage ; VCCPD Voltage ;
+----------+------------------+---------------+--------------+---------------+
; B5L      ; 0 / 0 ( -- )     ; --            ; --           ; --            ;
; B4L      ; 0 / 0 ( -- )     ; --            ; --           ; --            ;
; B3L      ; 0 / 28 ( 0 % )   ; --            ; --           ; --            ;
; B2L      ; 0 / 28 ( 0 % )   ; --            ; --           ; --            ;
; B1L      ; 0 / 28 ( 0 % )   ; --            ; --           ; --            ;
; B0L      ; 0 / 28 ( 0 % )   ; --            ; --           ; --            ;
; 3A       ; 4 / 36 ( 11 % )  ; 2.5V          ; --           ; 2.5V          ;
; 3B       ; 34 / 48 ( 71 % ) ; 2.5V          ; --           ; 2.5V          ;
; 3C       ; 47 / 48 ( 98 % ) ; 2.5V          ; --           ; 2.5V          ;
; 3D       ; 46 / 48 ( 96 % ) ; 2.5V          ; --           ; 2.5V          ;
; 3E       ; 7 / 36 ( 19 % )  ; 2.5V          ; --           ; 2.5V          ;
; 4E       ; 5 / 36 ( 14 % )  ; 2.5V          ; --           ; 2.5V          ;
; 4D       ; 4 / 48 ( 8 % )   ; 2.5V          ; --           ; 2.5V          ;
; 4C       ; 5 / 48 ( 10 % )  ; 2.5V          ; --           ; 2.5V          ;
; 4B       ; 4 / 48 ( 8 % )   ; 2.5V          ; --           ; 2.5V          ;
; 4A       ; 1 / 24 ( 4 % )   ; 2.5V          ; --           ; 2.5V          ;
; B0R      ; 0 / 28 ( 0 % )   ; --            ; --           ; --            ;
; B1R      ; 0 / 28 ( 0 % )   ; --            ; --           ; --            ;
; B2R      ; 0 / 28 ( 0 % )   ; --            ; --           ; --            ;
; B3R      ; 0 / 28 ( 0 % )   ; --            ; --           ; --            ;
; B4R      ; 0 / 0 ( -- )     ; --            ; --           ; --            ;
; B5R      ; 0 / 0 ( -- )     ; --            ; --           ; --            ;
; 7A       ; 1 / 24 ( 4 % )   ; 2.5V          ; --           ; 2.5V          ;
; 7B       ; 6 / 48 ( 13 % )  ; 2.5V          ; --           ; 2.5V          ;
; 7C       ; 3 / 48 ( 6 % )   ; 2.5V          ; --           ; 2.5V          ;
; 7D       ; 4 / 48 ( 8 % )   ; 2.5V          ; --           ; 2.5V          ;
; 7E       ; 4 / 36 ( 11 % )  ; 2.5V          ; --           ; 2.5V          ;
; 8E       ; 1 / 36 ( 3 % )   ; 2.5V          ; --           ; 2.5V          ;
; 8D       ; 5 / 48 ( 10 % )  ; 2.5V          ; --           ; 2.5V          ;
; 8C       ; 7 / 48 ( 15 % )  ; 2.5V          ; --           ; 2.5V          ;
; 8B       ; 4 / 48 ( 8 % )   ; 2.5V          ; --           ; 2.5V          ;
; 8A       ; 3 / 36 ( 8 % )   ; 2.5V          ; --           ; 2.5V          ;
+----------+------------------+---------------+--------------+---------------+


+----------------------------------------------------------------------------------------------------------------------------------------------------------------------------------+
; All Package Pins                                                                                                                                                                 ;
+----------+------------+--------------------+---------------------------------+--------+--------------+----------------+--------------+-----------------+----------+--------------+
; Location ; Pad Number ; I/O Bank           ; Pin Name/Usage                  ; Dir.   ; I/O Standard ; Voltage        ; I/O Type     ; User Assignment ; Bus Hold ; Weak Pull Up ;
+----------+------------+--------------------+---------------------------------+--------+--------------+----------------+--------------+-----------------+----------+--------------+
; A2       ;            ;                    ; GND                             ; gnd    ;              ;                ; --           ;                 ; --       ; --           ;
; A3       ;            ;                    ; GND                             ; gnd    ;              ;                ; --           ;                 ; --       ; --           ;
; A4       ;            ;                    ; GND                             ;        ;              ;                ; --           ;                 ; --       ; --           ;
; A5       ;            ;                    ; GND                             ; gnd    ;              ;                ; --           ;                 ; --       ; --           ;
; A6       ;            ;                    ; GND                             ; gnd    ;              ;                ; --           ;                 ; --       ; --           ;
; A7       ; 774        ; 7A                 ; RESERVED_INPUT_WITH_WEAK_PULLUP ;        ;              ;                ; Column I/O   ;                 ; no       ; On           ;
; A8       ; 772        ; 7A                 ; RESERVED_INPUT_WITH_WEAK_PULLUP ;        ;              ;                ; Column I/O   ;                 ; no       ; On           ;
; A9       ;            ;                    ; GND                             ; gnd    ;              ;                ; --           ;                 ; --       ; --           ;
; A10      ; 822        ; 7B                 ; RESERVED_INPUT_WITH_WEAK_PULLUP ;        ;              ;                ; Column I/O   ;                 ; no       ; On           ;
; A11      ; 820        ; 7B                 ; a[29]                           ; input  ; 2.5 V        ;                ; Column I/O   ; N               ; no       ; Off          ;
; A12      ;            ;                    ; GND                             ; gnd    ;              ;                ; --           ;                 ; --       ; --           ;
; A13      ; 866        ; 7C                 ; RESERVED_INPUT_WITH_WEAK_PULLUP ;        ;              ;                ; Column I/O   ;                 ; no       ; On           ;
; A14      ; 870        ; 7C                 ; a[16]                           ; input  ; 2.5 V        ;                ; Column I/O   ; N               ; no       ; Off          ;
; A15      ;            ;                    ; GND                             ; gnd    ;              ;                ; --           ;                 ; --       ; --           ;
; A16      ; 894        ; 7D                 ; RESERVED_INPUT_WITH_WEAK_PULLUP ;        ;              ;                ; Column I/O   ;                 ; no       ; On           ;
; A17      ; 902        ; 7D                 ; RESERVED_INPUT_WITH_WEAK_PULLUP ;        ;              ;                ; Column I/O   ;                 ; no       ; On           ;
; A18      ;            ;                    ; GND                             ; gnd    ;              ;                ; --           ;                 ; --       ; --           ;
; A19      ; 906        ; 7D                 ; RESERVED_INPUT_WITH_WEAK_PULLUP ;        ;              ;                ; Column I/O   ;                 ; no       ; On           ;
; A20      ; 950        ; 7E                 ; RESERVED_INPUT_WITH_WEAK_PULLUP ;        ;              ;                ; Column I/O   ;                 ; no       ; On           ;
; A21      ;            ;                    ; GND                             ; gnd    ;              ;                ; --           ;                 ; --       ; --           ;
; A22      ; 954        ; 7E                 ; RESERVED_INPUT_WITH_WEAK_PULLUP ;        ;              ;                ; Column I/O   ;                 ; no       ; On           ;
; A23      ; 958        ; 8E                 ; RESERVED_INPUT_WITH_WEAK_PULLUP ;        ;              ;                ; Column I/O   ;                 ; no       ; On           ;
; A24      ;            ;                    ; GND                             ; gnd    ;              ;                ; --           ;                 ; --       ; --           ;
; A25      ; 956        ; 8E                 ; RESERVED_INPUT_WITH_WEAK_PULLUP ;        ;              ;                ; Column I/O   ;                 ; no       ; On           ;
; A26      ; 994        ; 8D                 ; RESERVED_INPUT_WITH_WEAK_PULLUP ;        ;              ;                ; Column I/O   ;                 ; no       ; On           ;
; A27      ;            ;                    ; GND                             ; gnd    ;              ;                ; --           ;                 ; --       ; --           ;
; A28      ; 998        ; 8D                 ; a[19]                           ; input  ; 2.5 V        ;                ; Column I/O   ; N               ; no       ; Off          ;
; A29      ; 997        ; 8D                 ; RESERVED_INPUT_WITH_WEAK_PULLUP ;        ;              ;                ; Column I/O   ;                 ; no       ; On           ;
; A30      ;            ;                    ; GND                             ; gnd    ;              ;                ; --           ;                 ; --       ; --           ;
; A31      ; 1052       ; 8C                 ; a[43]                           ; input  ; 2.5 V        ;                ; Column I/O   ; N               ; no       ; Off          ;
; A32      ; 1051       ; 8C                 ; RESERVED_INPUT_WITH_WEAK_PULLUP ;        ;              ;                ; Column I/O   ;                 ; no       ; On           ;
; A33      ;            ;                    ; GND                             ; gnd    ;              ;                ; --           ;                 ; --       ; --           ;
; A34      ; 1088       ; 8B                 ; RESERVED_INPUT_WITH_WEAK_PULLUP ;        ;              ;                ; Column I/O   ;                 ; no       ; On           ;
; A35      ; 1087       ; 8B                 ; RESERVED_INPUT_WITH_WEAK_PULLUP ;        ;              ;                ; Column I/O   ;                 ; no       ; On           ;
; A36      ;            ;                    ; GND                             ; gnd    ;              ;                ; --           ;                 ; --       ; --           ;
; A37      ; 1136       ; 8A                 ; RESERVED_INPUT_WITH_WEAK_PULLUP ;        ;              ;                ; Column I/O   ;                 ; no       ; On           ;
; A38      ; 1140       ; 8A                 ; RESERVED_INPUT_WITH_WEAK_PULLUP ;        ;              ;                ; Column I/O   ;                 ; no       ; On           ;
; A39      ;            ;                    ; GND                             ; gnd    ;              ;                ; --           ;                 ; --       ; --           ;
; A40      ;            ;                    ; GND                             ; gnd    ;              ;                ; --           ;                 ; --       ; --           ;
; A41      ;            ;                    ; GND                             ;        ;              ;                ; --           ;                 ; --       ; --           ;
; A42      ;            ;                    ; GND                             ; gnd    ;              ;                ; --           ;                 ; --       ; --           ;
; A43      ;            ;                    ; GND                             ; gnd    ;              ;                ; --           ;                 ; --       ; --           ;
; AA1      ;            ;                    ; GND                             ; gnd    ;              ;                ; --           ;                 ; --       ; --           ;
; AA2      ;            ;                    ; GND                             ; gnd    ;              ;                ; --           ;                 ; --       ; --           ;
; AA3      ; 649        ; B1R                ; GXB_NC                          ;        ;              ;                ; --           ;                 ; --       ; --           ;
; AA4      ; 648        ; B1R                ; GXB_NC                          ;        ;              ;                ; --           ;                 ; --       ; --           ;
; AA5      ;            ;                    ; GND                             ;        ;              ;                ; --           ;                 ; --       ; --           ;
; AA6      ;            ;                    ; GND                             ; gnd    ;              ;                ; --           ;                 ; --       ; --           ;
; AA7      ;            ;                    ; GND                             ;        ;              ;                ; --           ;                 ; --       ; --           ;
; AA8      ;            ;                    ; GND                             ; gnd    ;              ;                ; --           ;                 ; --       ; --           ;
; AA9      ;            ;                    ; GND                             ; gnd    ;              ;                ; --           ;                 ; --       ; --           ;
; AA10     ;            ;                    ; GND                             ; gnd    ;              ;                ; --           ;                 ; --       ; --           ;
; AA11     ;            ;                    ; GND                             ; gnd    ;              ;                ; --           ;                 ; --       ; --           ;
; AA12     ;            ;                    ; GND                             ; gnd    ;              ;                ; --           ;                 ; --       ; --           ;
; AA13     ;            ;                    ; GND                             ; gnd    ;              ;                ; --           ;                 ; --       ; --           ;
; AA14     ;            ;                    ; GND                             ; gnd    ;              ;                ; --           ;                 ; --       ; --           ;
; AA15     ;            ;                    ; GND                             ; gnd    ;              ;                ; --           ;                 ; --       ; --           ;
; AA16     ;            ;                    ; GND                             ;        ;              ;                ; --           ;                 ; --       ; --           ;
; AA17     ;            ;                    ; GND                             ;        ;              ;                ; --           ;                 ; --       ; --           ;
; AA18     ;            ;                    ; GND                             ; gnd    ;              ;                ; --           ;                 ; --       ; --           ;
; AA19     ;            ; --                 ; VCC                             ; power  ;              ; 0.9V           ; --           ;                 ; --       ; --           ;
; AA20     ;            ;                    ; GND                             ; gnd    ;              ;                ; --           ;                 ; --       ; --           ;
; AA21     ;            ; --                 ; VCC                             ; power  ;              ; 0.9V           ; --           ;                 ; --       ; --           ;
; AA22     ;            ; --                 ; VCC                             ; power  ;              ; 0.9V           ; --           ;                 ; --       ; --           ;
; AA23     ;            ; --                 ; VCC                             ; power  ;              ; 0.9V           ; --           ;                 ; --       ; --           ;
; AA24     ;            ; --                 ; VCC                             ; power  ;              ; 0.9V           ; --           ;                 ; --       ; --           ;
; AA25     ;            ;                    ; GND                             ; gnd    ;              ;                ; --           ;                 ; --       ; --           ;
; AA26     ;            ; --                 ; VCC                             ; power  ;              ; 0.9V           ; --           ;                 ; --       ; --           ;
; AA27     ;            ;                    ; GND                             ; gnd    ;              ;                ; --           ;                 ; --       ; --           ;
; AA28     ;            ;                    ; GND                             ;        ;              ;                ; --           ;                 ; --       ; --           ;
; AA29     ;            ;                    ; GND                             ;        ;              ;                ; --           ;                 ; --       ; --           ;
; AA30     ;            ;                    ; GND                             ; gnd    ;              ;                ; --           ;                 ; --       ; --           ;
; AA31     ;            ;                    ; GND                             ; gnd    ;              ;                ; --           ;                 ; --       ; --           ;
; AA32     ;            ;                    ; GND                             ; gnd    ;              ;                ; --           ;                 ; --       ; --           ;
; AA33     ;            ;                    ; GND                             ; gnd    ;              ;                ; --           ;                 ; --       ; --           ;
; AA34     ;            ;                    ; GND                             ; gnd    ;              ;                ; --           ;                 ; --       ; --           ;
; AA35     ;            ;                    ; GND                             ; gnd    ;              ;                ; --           ;                 ; --       ; --           ;
; AA36     ;            ;                    ; GND                             ; gnd    ;              ;                ; --           ;                 ; --       ; --           ;
; AA37     ;            ;                    ; GND                             ; gnd    ;              ;                ; --           ;                 ; --       ; --           ;
; AA38     ;            ;                    ; GND                             ;        ;              ;                ; --           ;                 ; --       ; --           ;
; AA39     ;            ;                    ; GND                             ; gnd    ;              ;                ; --           ;                 ; --       ; --           ;
; AA40     ;            ;                    ; GND                             ;        ;              ;                ; --           ;                 ; --       ; --           ;
; AA41     ; 101        ; B1L                ; GXB_NC                          ;        ;              ;                ; --           ;                 ; --       ; --           ;
; AA42     ; 100        ; B1L                ; GXB_NC                          ;        ;              ;                ; --           ;                 ; --       ; --           ;
; AA43     ;            ;                    ; GND                             ; gnd    ;              ;                ; --           ;                 ; --       ; --           ;
; AA44     ;            ;                    ; GND                             ; gnd    ;              ;                ; --           ;                 ; --       ; --           ;
; AB1      ; 655        ; B2R                ; GND                             ;        ;              ;                ; --           ;                 ; --       ; --           ;
; AB2      ; 654        ; B2R                ; GND                             ;        ;              ;                ; --           ;                 ; --       ; --           ;
; AB3      ;            ;                    ; GND                             ; gnd    ;              ;                ; --           ;                 ; --       ; --           ;
; AB4      ;            ;                    ; GND                             ; gnd    ;              ;                ; --           ;                 ; --       ; --           ;
; AB5      ; 652        ; B2R                ; GXB_GND*                        ;        ;              ;                ; Row I/O      ;                 ; --       ; --           ;
; AB6      ; 653        ; B2R                ; GXB_GND*                        ;        ;              ;                ; Row I/O      ;                 ; --       ; --           ;
; AB7      ;            ;                    ; GND                             ;        ;              ;                ; --           ;                 ; --       ; --           ;
; AB8      ;            ; --                 ; VCCA_FPLL                       ; power  ;              ; 2.5V           ; --           ;                 ; --       ; --           ;
; AB9      ;            ;                    ; GND                             ; gnd    ;              ;                ; --           ;                 ; --       ; --           ;
; AB10     ;            ;                    ; GND                             ; gnd    ;              ;                ; --           ;                 ; --       ; --           ;
; AB11     ;            ;                    ; GND                             ; gnd    ;              ;                ; --           ;                 ; --       ; --           ;
; AB12     ;            ;                    ; GND                             ; gnd    ;              ;                ; --           ;                 ; --       ; --           ;
; AB13     ;            ;                    ; GND                             ; gnd    ;              ;                ; --           ;                 ; --       ; --           ;
; AB14     ;            ;                    ; GND                             ; gnd    ;              ;                ; --           ;                 ; --       ; --           ;
; AB15     ;            ;                    ; GND                             ;        ;              ;                ; --           ;                 ; --       ; --           ;
; AB16     ;            ;                    ; GND                             ; gnd    ;              ;                ; --           ;                 ; --       ; --           ;
; AB17     ;            ;                    ; GND                             ;        ;              ;                ; --           ;                 ; --       ; --           ;
; AB18     ;            ;                    ; GND                             ;        ;              ;                ; --           ;                 ; --       ; --           ;
; AB19     ;            ; --                 ; VCC                             ; power  ;              ; 0.9V           ; --           ;                 ; --       ; --           ;
; AB20     ;            ; --                 ; VCC                             ; power  ;              ; 0.9V           ; --           ;                 ; --       ; --           ;
; AB21     ;            ; --                 ; VCC                             ; power  ;              ; 0.9V           ; --           ;                 ; --       ; --           ;
; AB22     ;            ; --                 ; VCC                             ; power  ;              ; 0.9V           ; --           ;                 ; --       ; --           ;
; AB23     ;            ;                    ; GND                             ; gnd    ;              ;                ; --           ;                 ; --       ; --           ;
; AB24     ;            ; --                 ; VCC                             ; power  ;              ; 0.9V           ; --           ;                 ; --       ; --           ;
; AB25     ;            ; --                 ; VCC                             ; power  ;              ; 0.9V           ; --           ;                 ; --       ; --           ;
; AB26     ;            ; --                 ; VCC                             ; power  ;              ; 0.9V           ; --           ;                 ; --       ; --           ;
; AB27     ;            ;                    ; GND                             ;        ;              ;                ; --           ;                 ; --       ; --           ;
; AB28     ;            ;                    ; GND                             ;        ;              ;                ; --           ;                 ; --       ; --           ;
; AB29     ;            ;                    ; GND                             ; gnd    ;              ;                ; --           ;                 ; --       ; --           ;
; AB30     ;            ;                    ; GND                             ;        ;              ;                ; --           ;                 ; --       ; --           ;
; AB31     ;            ;                    ; GND                             ; gnd    ;              ;                ; --           ;                 ; --       ; --           ;
; AB32     ;            ;                    ; GND                             ; gnd    ;              ;                ; --           ;                 ; --       ; --           ;
; AB33     ;            ;                    ; GND                             ; gnd    ;              ;                ; --           ;                 ; --       ; --           ;
; AB34     ;            ;                    ; GND                             ; gnd    ;              ;                ; --           ;                 ; --       ; --           ;
; AB35     ;            ;                    ; GND                             ; gnd    ;              ;                ; --           ;                 ; --       ; --           ;
; AB36     ;            ;                    ; GND                             ; gnd    ;              ;                ; --           ;                 ; --       ; --           ;
; AB37     ;            ; --                 ; VCCA_FPLL                       ; power  ;              ; 2.5V           ; --           ;                 ; --       ; --           ;
; AB38     ;            ;                    ; GND                             ;        ;              ;                ; --           ;                 ; --       ; --           ;
; AB39     ; 96         ; B2L                ; GXB_GND*                        ;        ;              ;                ; Row I/O      ;                 ; --       ; --           ;
; AB40     ; 97         ; B2L                ; GXB_GND*                        ;        ;              ;                ; Row I/O      ;                 ; --       ; --           ;
; AB41     ;            ;                    ; GND                             ; gnd    ;              ;                ; --           ;                 ; --       ; --           ;
; AB42     ;            ;                    ; GND                             ; gnd    ;              ;                ; --           ;                 ; --       ; --           ;
; AB43     ; 95         ; B2L                ; GND                             ;        ;              ;                ; --           ;                 ; --       ; --           ;
; AB44     ; 94         ; B2L                ; GND                             ;        ;              ;                ; --           ;                 ; --       ; --           ;
; AC1      ;            ;                    ; GND                             ; gnd    ;              ;                ; --           ;                 ; --       ; --           ;
; AC2      ;            ;                    ; GND                             ; gnd    ;              ;                ; --           ;                 ; --       ; --           ;
; AC3      ; 645        ; B1R                ; GXB_NC                          ;        ;              ;                ; --           ;                 ; --       ; --           ;
; AC4      ; 644        ; B1R                ; GXB_NC                          ;        ;              ;                ; --           ;                 ; --       ; --           ;
; AC5      ;            ;                    ; GND                             ; gnd    ;              ;                ; --           ;                 ; --       ; --           ;
; AC6      ;            ;                    ; GND                             ;        ;              ;                ; --           ;                 ; --       ; --           ;
; AC7      ;            ;                    ; GND                             ; gnd    ;              ;                ; --           ;                 ; --       ; --           ;
; AC8      ;            ; --                 ; VCCD_FPLL                       ; power  ;              ; 1.5V           ; --           ;                 ; --       ; --           ;
; AC9      ;            ;                    ; GND                             ; gnd    ;              ;                ; --           ;                 ; --       ; --           ;
; AC10     ;            ;                    ; GND                             ; gnd    ;              ;                ; --           ;                 ; --       ; --           ;
; AC11     ;            ;                    ; GND                             ; gnd    ;              ;                ; --           ;                 ; --       ; --           ;
; AC12     ;            ;                    ; GND                             ; gnd    ;              ;                ; --           ;                 ; --       ; --           ;
; AC13     ;            ;                    ; GND                             ; gnd    ;              ;                ; --           ;                 ; --       ; --           ;
; AC14     ;            ;                    ; GND                             ;        ;              ;                ; --           ;                 ; --       ; --           ;
; AC15     ;            ;                    ; GND                             ; gnd    ;              ;                ; --           ;                 ; --       ; --           ;
; AC16     ;            ;                    ; GND                             ;        ;              ;                ; --           ;                 ; --       ; --           ;
; AC17     ;            ;                    ; GND                             ;        ;              ;                ; --           ;                 ; --       ; --           ;
; AC18     ;            ;                    ; GND                             ;        ;              ;                ; --           ;                 ; --       ; --           ;
; AC19     ;            ;                    ; GND                             ; gnd    ;              ;                ; --           ;                 ; --       ; --           ;
; AC20     ;            ; --                 ; VCC                             ; power  ;              ; 0.9V           ; --           ;                 ; --       ; --           ;
; AC21     ;            ; --                 ; VCC                             ; power  ;              ; 0.9V           ; --           ;                 ; --       ; --           ;
; AC22     ;            ;                    ; GND                             ; gnd    ;              ;                ; --           ;                 ; --       ; --           ;
; AC23     ;            ;                    ; DNU                             ;        ;              ;                ; --           ;                 ; --       ; --           ;
; AC24     ;            ; --                 ; VCC                             ; power  ;              ; 0.9V           ; --           ;                 ; --       ; --           ;
; AC25     ;            ; --                 ; VCC                             ; power  ;              ; 0.9V           ; --           ;                 ; --       ; --           ;
; AC26     ;            ;                    ; GND                             ; gnd    ;              ;                ; --           ;                 ; --       ; --           ;
; AC27     ;            ;                    ; GND                             ;        ;              ;                ; --           ;                 ; --       ; --           ;
; AC28     ;            ;                    ; GND                             ;        ;              ;                ; --           ;                 ; --       ; --           ;
; AC29     ;            ;                    ; GND                             ;        ;              ;                ; --           ;                 ; --       ; --           ;
; AC30     ;            ;                    ; GND                             ; gnd    ;              ;                ; --           ;                 ; --       ; --           ;
; AC31     ;            ;                    ; GND                             ;        ;              ;                ; --           ;                 ; --       ; --           ;
; AC32     ;            ;                    ; GND                             ; gnd    ;              ;                ; --           ;                 ; --       ; --           ;
; AC33     ;            ;                    ; GND                             ; gnd    ;              ;                ; --           ;                 ; --       ; --           ;
; AC34     ;            ;                    ; GND                             ; gnd    ;              ;                ; --           ;                 ; --       ; --           ;
; AC35     ;            ;                    ; GND                             ; gnd    ;              ;                ; --           ;                 ; --       ; --           ;
; AC36     ;            ;                    ; GND                             ; gnd    ;              ;                ; --           ;                 ; --       ; --           ;
; AC37     ;            ; --                 ; VCCD_FPLL                       ; power  ;              ; 1.5V           ; --           ;                 ; --       ; --           ;
; AC38     ;            ;                    ; GND                             ; gnd    ;              ;                ; --           ;                 ; --       ; --           ;
; AC39     ;            ;                    ; GND                             ;        ;              ;                ; --           ;                 ; --       ; --           ;
; AC40     ;            ;                    ; GND                             ; gnd    ;              ;                ; --           ;                 ; --       ; --           ;
; AC41     ; 105        ; B1L                ; GXB_NC                          ;        ;              ;                ; --           ;                 ; --       ; --           ;
; AC42     ; 104        ; B1L                ; GXB_NC                          ;        ;              ;                ; --           ;                 ; --       ; --           ;
; AC43     ;            ;                    ; GND                             ; gnd    ;              ;                ; --           ;                 ; --       ; --           ;
; AC44     ;            ;                    ; GND                             ; gnd    ;              ;                ; --           ;                 ; --       ; --           ;
; AD1      ; 647        ; B1R                ; GND                             ;        ;              ;                ; --           ;                 ; --       ; --           ;
; AD2      ; 646        ; B1R                ; GND                             ;        ;              ;                ; --           ;                 ; --       ; --           ;
; AD3      ;            ;                    ; GND                             ; gnd    ;              ;                ; --           ;                 ; --       ; --           ;
; AD4      ;            ;                    ; GND                             ; gnd    ;              ;                ; --           ;                 ; --       ; --           ;
; AD5      ; 650        ; B1R                ; GXB_GND*                        ;        ;              ;                ; Row I/O      ;                 ; --       ; --           ;
; AD6      ; 651        ; B1R                ; GXB_GND*                        ;        ;              ;                ; Row I/O      ;                 ; --       ; --           ;
; AD7      ;            ;                    ; GND                             ;        ;              ;                ; --           ;                 ; --       ; --           ;
; AD8      ;            ;                    ; GND                             ; gnd    ;              ;                ; --           ;                 ; --       ; --           ;
; AD9      ;            ;                    ; GND                             ; gnd    ;              ;                ; --           ;                 ; --       ; --           ;
; AD10     ;            ;                    ; GND                             ; gnd    ;              ;                ; --           ;                 ; --       ; --           ;
; AD11     ;            ;                    ; GND                             ; gnd    ;              ;                ; --           ;                 ; --       ; --           ;
; AD12     ;            ;                    ; GND                             ; gnd    ;              ;                ; --           ;                 ; --       ; --           ;
; AD13     ;            ;                    ; GND                             ; gnd    ;              ;                ; --           ;                 ; --       ; --           ;
; AD14     ; 517        ; 4B                 ; RESERVED_INPUT_WITH_WEAK_PULLUP ;        ;              ;                ; Column I/O   ;                 ; no       ; On           ;
; AD15     ;            ;                    ; GND                             ;        ;              ;                ; --           ;                 ; --       ; --           ;
; AD16     ;            ;                    ; GND                             ;        ;              ;                ; --           ;                 ; --       ; --           ;
; AD17     ;            ;                    ; GND                             ; gnd    ;              ;                ; --           ;                 ; --       ; --           ;
; AD18     ;            ;                    ; GND                             ;        ;              ;                ; --           ;                 ; --       ; --           ;
; AD19     ;            ; --                 ; VCC                             ; power  ;              ; 0.9V           ; --           ;                 ; --       ; --           ;
; AD20     ;            ;                    ; GND                             ; gnd    ;              ;                ; --           ;                 ; --       ; --           ;
; AD21     ;            ; --                 ; VCC                             ; power  ;              ; 0.9V           ; --           ;                 ; --       ; --           ;
; AD22     ;            ; --                 ; VCC                             ; power  ;              ; 0.9V           ; --           ;                 ; --       ; --           ;
; AD23     ;            ; --                 ; VCC                             ; power  ;              ; 0.9V           ; --           ;                 ; --       ; --           ;
; AD24     ;            ;                    ; GND                             ; gnd    ;              ;                ; --           ;                 ; --       ; --           ;
; AD25     ;            ; --                 ; VCC                             ; power  ;              ; 0.9V           ; --           ;                 ; --       ; --           ;
; AD26     ;            ; --                 ; VCC                             ; power  ;              ; 0.9V           ; --           ;                 ; --       ; --           ;
; AD27     ;            ;                    ; GND                             ;        ;              ;                ; --           ;                 ; --       ; --           ;
; AD28     ;            ;                    ; GND                             ; gnd    ;              ;                ; --           ;                 ; --       ; --           ;
; AD29     ;            ;                    ; GND                             ;        ;              ;                ; --           ;                 ; --       ; --           ;
; AD30     ;            ;                    ; GND                             ;        ;              ;                ; --           ;                 ; --       ; --           ;
; AD31     ;            ;                    ; GND                             ; gnd    ;              ;                ; --           ;                 ; --       ; --           ;
; AD32     ; 245        ; 3B                 ; a[61]                           ; input  ; 2.5 V        ;                ; Column I/O   ; N               ; no       ; Off          ;
; AD33     ; 243        ; 3B                 ; a[84]                           ; input  ; 2.5 V        ;                ; Column I/O   ; N               ; no       ; Off          ;
; AD34     ;            ;                    ; GND                             ; gnd    ;              ;                ; --           ;                 ; --       ; --           ;
; AD35     ;            ;                    ; GND                             ; gnd    ;              ;                ; --           ;                 ; --       ; --           ;
; AD36     ;            ;                    ; GND                             ; gnd    ;              ;                ; --           ;                 ; --       ; --           ;
; AD37     ;            ;                    ; GND                             ; gnd    ;              ;                ; --           ;                 ; --       ; --           ;
; AD38     ;            ;                    ; GND                             ;        ;              ;                ; --           ;                 ; --       ; --           ;
; AD39     ; 98         ; B1L                ; GXB_GND*                        ;        ;              ;                ; Row I/O      ;                 ; --       ; --           ;
; AD40     ; 99         ; B1L                ; GXB_GND*                        ;        ;              ;                ; Row I/O      ;                 ; --       ; --           ;
; AD41     ;            ;                    ; GND                             ; gnd    ;              ;                ; --           ;                 ; --       ; --           ;
; AD42     ;            ;                    ; GND                             ; gnd    ;              ;                ; --           ;                 ; --       ; --           ;
; AD43     ; 103        ; B1L                ; GND                             ;        ;              ;                ; --           ;                 ; --       ; --           ;
; AD44     ; 102        ; B1L                ; GND                             ;        ;              ;                ; --           ;                 ; --       ; --           ;
; AE1      ;            ;                    ; GND                             ; gnd    ;              ;                ; --           ;                 ; --       ; --           ;
; AE2      ;            ;                    ; GND                             ; gnd    ;              ;                ; --           ;                 ; --       ; --           ;
; AE3      ; 641        ; B1R                ; GXB_NC                          ;        ;              ;                ; --           ;                 ; --       ; --           ;
; AE4      ; 640        ; B1R                ; GXB_NC                          ;        ;              ;                ; --           ;                 ; --       ; --           ;
; AE5      ;            ;                    ; GND                             ;        ;              ;                ; --           ;                 ; --       ; --           ;
; AE6      ;            ;                    ; GND                             ; gnd    ;              ;                ; --           ;                 ; --       ; --           ;
; AE7      ;            ;                    ; GND                             ;        ;              ;                ; --           ;                 ; --       ; --           ;
; AE8      ;            ;                    ; GND                             ; gnd    ;              ;                ; --           ;                 ; --       ; --           ;
; AE9      ; 523        ; 4B                 ; RESERVED_INPUT_WITH_WEAK_PULLUP ;        ;              ;                ; Column I/O   ;                 ; no       ; On           ;
; AE10     ; 522        ; 4B                 ; RESERVED_INPUT_WITH_WEAK_PULLUP ;        ;              ;                ; Column I/O   ;                 ; no       ; On           ;
; AE11     ; 515        ; 4B                 ; RESERVED_INPUT_WITH_WEAK_PULLUP ;        ;              ;                ; Column I/O   ;                 ; no       ; On           ;
; AE12     ; 514        ; 4B                 ; RESERVED_INPUT_WITH_WEAK_PULLUP ;        ;              ;                ; Column I/O   ;                 ; no       ; On           ;
; AE13     ; 519        ; 4B                 ; RESERVED_INPUT_WITH_WEAK_PULLUP ;        ;              ;                ; Column I/O   ;                 ; no       ; On           ;
; AE14     ; 516        ; 4B                 ; RESERVED_INPUT_WITH_WEAK_PULLUP ;        ;              ;                ; Column I/O   ;                 ; no       ; On           ;
; AE15     ; 467        ; 4C                 ; RESERVED_INPUT_WITH_WEAK_PULLUP ;        ;              ;                ; Column I/O   ;                 ; no       ; On           ;
; AE16     ; 466        ; 4C                 ; RESERVED_INPUT_WITH_WEAK_PULLUP ;        ;              ;                ; Column I/O   ;                 ; no       ; On           ;
; AE17     ; 469        ; 4C                 ; RESERVED_INPUT_WITH_WEAK_PULLUP ;        ;              ;                ; Column I/O   ;                 ; no       ; On           ;
; AE18     ; 468        ; 4C                 ; a[36]                           ; input  ; 2.5 V        ;                ; Column I/O   ; N               ; no       ; Off          ;
; AE19     ;            ; --                 ; VCC                             ; power  ;              ; 0.9V           ; --           ;                 ; --       ; --           ;
; AE20     ;            ; --                 ; VCC                             ; power  ;              ; 0.9V           ; --           ;                 ; --       ; --           ;
; AE21     ;            ; --                 ; VCC                             ; power  ;              ; 0.9V           ; --           ;                 ; --       ; --           ;
; AE22     ;            ; --                 ; VCC                             ; power  ;              ; 0.9V           ; --           ;                 ; --       ; --           ;
; AE23     ;            ; --                 ; VCC                             ; power  ;              ; 0.9V           ; --           ;                 ; --       ; --           ;
; AE24     ;            ; --                 ; VCC                             ; power  ;              ; 0.9V           ; --           ;                 ; --       ; --           ;
; AE25     ;            ; --                 ; VCC                             ; power  ;              ; 0.9V           ; --           ;                 ; --       ; --           ;
; AE26     ;            ; --                 ; VCC                             ; power  ;              ; 0.9V           ; --           ;                 ; --       ; --           ;
; AE27     ; 293        ; 3C                 ; q[30]                           ; output ; 2.5 V        ;                ; Column I/O   ; N               ; no       ; Off          ;
; AE28     ; 292        ; 3C                 ; a[107]                          ; input  ; 2.5 V        ;                ; Column I/O   ; N               ; no       ; Off          ;
; AE29     ; 247        ; 3B                 ; q[61]                           ; output ; 2.5 V        ;                ; Column I/O   ; N               ; no       ; Off          ;
; AE30     ; 246        ; 3B                 ; a[121]                          ; input  ; 2.5 V        ;                ; Column I/O   ; N               ; no       ; Off          ;
; AE31     ; 249        ; 3B                 ; a[116]                          ; input  ; 2.5 V        ;                ; Column I/O   ; N               ; no       ; Off          ;
; AE32     ; 244        ; 3B                 ; q[1]                            ; output ; 2.5 V        ;                ; Column I/O   ; N               ; no       ; Off          ;
; AE33     ; 242        ; 3B                 ; q[24]                           ; output ; 2.5 V        ;                ; Column I/O   ; N               ; no       ; Off          ;
; AE34     ; 239        ; 3B                 ; q[14]                           ; output ; 2.5 V        ;                ; Column I/O   ; N               ; no       ; Off          ;
; AE35     ; 201        ; 3A                 ; RESERVED_INPUT_WITH_WEAK_PULLUP ;        ;              ;                ; Column I/O   ;                 ; no       ; On           ;
; AE36     ; 200        ; 3A                 ; a[28]                           ; input  ; 2.5 V        ;                ; Column I/O   ; N               ; no       ; Off          ;
; AE37     ;            ;                    ; GND                             ; gnd    ;              ;                ; --           ;                 ; --       ; --           ;
; AE38     ;            ;                    ; GND                             ;        ;              ;                ; --           ;                 ; --       ; --           ;
; AE39     ;            ;                    ; GND                             ; gnd    ;              ;                ; --           ;                 ; --       ; --           ;
; AE40     ;            ;                    ; GND                             ;        ;              ;                ; --           ;                 ; --       ; --           ;
; AE41     ; 109        ; B1L                ; GXB_NC                          ;        ;              ;                ; --           ;                 ; --       ; --           ;
; AE42     ; 108        ; B1L                ; GXB_NC                          ;        ;              ;                ; --           ;                 ; --       ; --           ;
; AE43     ;            ;                    ; GND                             ; gnd    ;              ;                ; --           ;                 ; --       ; --           ;
; AE44     ;            ;                    ; GND                             ; gnd    ;              ;                ; --           ;                 ; --       ; --           ;
; AF1      ; 643        ; B1R                ; GND                             ;        ;              ;                ; --           ;                 ; --       ; --           ;
; AF2      ; 642        ; B1R                ; GND                             ;        ;              ;                ; --           ;                 ; --       ; --           ;
; AF3      ;            ;                    ; GND                             ; gnd    ;              ;                ; --           ;                 ; --       ; --           ;
; AF4      ;            ;                    ; GND                             ; gnd    ;              ;                ; --           ;                 ; --       ; --           ;
; AF5      ;            ;                    ; GND                             ;        ;              ;                ; --           ;                 ; --       ; --           ;
; AF6      ; 624        ; B1R                ; GXB_GND*                        ;        ;              ;                ; Row I/O      ;                 ; --       ; --           ;
; AF7      ; 625        ; B1R                ; GXB_GND*                        ;        ;              ;                ; Row I/O      ;                 ; --       ; --           ;
; AF8      ;            ;                    ; GND                             ; gnd    ;              ;                ; --           ;                 ; --       ; --           ;
; AF9      ;            ;                    ; GND                             ; gnd    ;              ;                ; --           ;                 ; --       ; --           ;
; AF10     ; 525        ; 4B                 ; RESERVED_INPUT_WITH_WEAK_PULLUP ;        ;              ;                ; Column I/O   ;                 ; no       ; On           ;
; AF11     ; 524        ; 4B                 ; RESERVED_INPUT_WITH_WEAK_PULLUP ;        ;              ;                ; Column I/O   ;                 ; no       ; On           ;
; AF12     ;            ;                    ; GND                             ; gnd    ;              ;                ; --           ;                 ; --       ; --           ;
; AF13     ; 521        ; 4B                 ; RESERVED_INPUT_WITH_WEAK_PULLUP ;        ;              ;                ; Column I/O   ;                 ; no       ; On           ;
; AF14     ; 518        ; 4B                 ; RESERVED_INPUT_WITH_WEAK_PULLUP ;        ;              ;                ; Column I/O   ;                 ; no       ; On           ;
; AF15     ;            ;                    ; GND                             ; gnd    ;              ;                ; --           ;                 ; --       ; --           ;
; AF16     ; 471        ; 4C                 ; RESERVED_INPUT_WITH_WEAK_PULLUP ;        ;              ;                ; Column I/O   ;                 ; no       ; On           ;
; AF17     ; 472        ; 4C                 ; RESERVED_INPUT_WITH_WEAK_PULLUP ;        ;              ;                ; Column I/O   ;                 ; no       ; On           ;
; AF18     ;            ;                    ; GND                             ; gnd    ;              ;                ; --           ;                 ; --       ; --           ;
; AF19     ;            ;                    ; GND                             ; gnd    ;              ;                ; --           ;                 ; --       ; --           ;
; AF20     ;            ; --                 ; VCC                             ; power  ;              ; 0.9V           ; --           ;                 ; --       ; --           ;
; AF21     ;            ;                    ; GND                             ; gnd    ;              ;                ; --           ;                 ; --       ; --           ;
; AF22     ;            ; --                 ; VCC                             ; power  ;              ; 0.9V           ; --           ;                 ; --       ; --           ;
; AF23     ;            ;                    ; GND                             ; gnd    ;              ;                ; --           ;                 ; --       ; --           ;
; AF24     ;            ; --                 ; VCC                             ; power  ;              ; 0.9V           ; --           ;                 ; --       ; --           ;
; AF25     ;            ;                    ; GND                             ; gnd    ;              ;                ; --           ;                 ; --       ; --           ;
; AF26     ;            ; --                 ; VCC                             ; power  ;              ; 0.9V           ; --           ;                 ; --       ; --           ;
; AF27     ;            ;                    ; GND                             ; gnd    ;              ;                ; --           ;                 ; --       ; --           ;
; AF28     ; 291        ; 3C                 ; q[47]                           ; output ; 2.5 V        ;                ; Column I/O   ; N               ; no       ; Off          ;
; AF29     ; 290        ; 3C                 ; a[90]                           ; input  ; 2.5 V        ;                ; Column I/O   ; N               ; no       ; Off          ;
; AF30     ;            ;                    ; GND                             ; gnd    ;              ;                ; --           ;                 ; --       ; --           ;
; AF31     ; 248        ; 3B                 ; q[56]                           ; output ; 2.5 V        ;                ; Column I/O   ; N               ; no       ; Off          ;
; AF32     ; 241        ; 3B                 ; a[78]                           ; input  ; 2.5 V        ;                ; Column I/O   ; N               ; no       ; Off          ;
; AF33     ;            ;                    ; GND                             ; gnd    ;              ;                ; --           ;                 ; --       ; --           ;
; AF34     ; 238        ; 3B                 ; a[102]                          ; input  ; 2.5 V        ;                ; Column I/O   ; N               ; no       ; Off          ;
; AF35     ; 197        ; 3A                 ; RESERVED_INPUT_WITH_WEAK_PULLUP ;        ;              ;                ; Column I/O   ;                 ; no       ; On           ;
; AF36     ;            ;                    ; GND                             ; gnd    ;              ;                ; --           ;                 ; --       ; --           ;
; AF37     ;            ;                    ; DNU                             ;        ;              ;                ; --           ;                 ; --       ; --           ;
; AF38     ; 124        ; B1L                ; GXB_GND*                        ;        ;              ;                ; Row I/O      ;                 ; --       ; --           ;
; AF39     ; 125        ; B1L                ; GXB_GND*                        ;        ;              ;                ; Row I/O      ;                 ; --       ; --           ;
; AF40     ;            ;                    ; GND                             ;        ;              ;                ; --           ;                 ; --       ; --           ;
; AF41     ;            ;                    ; GND                             ; gnd    ;              ;                ; --           ;                 ; --       ; --           ;
; AF42     ;            ;                    ; GND                             ; gnd    ;              ;                ; --           ;                 ; --       ; --           ;
; AF43     ; 107        ; B1L                ; GND                             ;        ;              ;                ; --           ;                 ; --       ; --           ;
; AF44     ; 106        ; B1L                ; GND                             ;        ;              ;                ; --           ;                 ; --       ; --           ;
; AG1      ;            ;                    ; GND                             ; gnd    ;              ;                ; --           ;                 ; --       ; --           ;
; AG2      ;            ;                    ; GND                             ; gnd    ;              ;                ; --           ;                 ; --       ; --           ;
; AG3      ; 637        ; B1R                ; GXB_NC                          ;        ;              ;                ; --           ;                 ; --       ; --           ;
; AG4      ; 636        ; B1R                ; GXB_NC                          ;        ;              ;                ; --           ;                 ; --       ; --           ;
; AG5      ;            ;                    ; GND                             ; gnd    ;              ;                ; --           ;                 ; --       ; --           ;
; AG6      ;            ;                    ; GND                             ;        ;              ;                ; --           ;                 ; --       ; --           ;
; AG7      ;            ;                    ; GND                             ; gnd    ;              ;                ; --           ;                 ; --       ; --           ;
; AG8      ;            ;                    ; GND                             ; gnd    ;              ;                ; --           ;                 ; --       ; --           ;
; AG9      ; 543        ; 4B                 ; RESERVED_INPUT_WITH_WEAK_PULLUP ;        ;              ;                ; Column I/O   ;                 ; no       ; On           ;
; AG10     ; 541        ; 4B                 ; RESERVED_INPUT_WITH_WEAK_PULLUP ;        ;              ;                ; Column I/O   ;                 ; no       ; On           ;
; AG11     ; 540        ; 4B                 ; RESERVED_INPUT_WITH_WEAK_PULLUP ;        ;              ;                ; Column I/O   ;                 ; no       ; On           ;
; AG12     ; 545        ; 4B                 ; RESERVED_INPUT_WITH_WEAK_PULLUP ;        ;              ;                ; Column I/O   ;                 ; no       ; On           ;
; AG13     ; 520        ; 4B                 ; RESERVED_INPUT_WITH_WEAK_PULLUP ;        ;              ;                ; Column I/O   ;                 ; no       ; On           ;
; AG14     ; 477        ; 4C                 ; RESERVED_INPUT_WITH_WEAK_PULLUP ;        ;              ;                ; Column I/O   ;                 ; no       ; On           ;
; AG15     ; 470        ; 4C                 ; a[44]                           ; input  ; 2.5 V        ;                ; Column I/O   ; N               ; no       ; Off          ;
; AG16     ; 473        ; 4C                 ; RESERVED_INPUT_WITH_WEAK_PULLUP ;        ;              ;                ; Column I/O   ;                 ; no       ; On           ;
; AG17     ; 431        ; 4D                 ; RESERVED_INPUT_WITH_WEAK_PULLUP ;        ;              ;                ; Column I/O   ;                 ; no       ; On           ;
; AG18     ; 430        ; 4D                 ; RESERVED_INPUT_WITH_WEAK_PULLUP ;        ;              ;                ; Column I/O   ;                 ; no       ; On           ;
; AG19     ; 393        ; 4E                 ; RESERVED_INPUT_WITH_WEAK_PULLUP ;        ;              ;                ; Column I/O   ;                 ; no       ; On           ;
; AG20     ; 392        ; 4E                 ; RESERVED_INPUT_WITH_WEAK_PULLUP ;        ;              ;                ; Column I/O   ;                 ; no       ; On           ;
; AG21     ; 389        ; 4E                 ; RESERVED_INPUT_WITH_WEAK_PULLUP ;        ;              ;                ; Column I/O   ;                 ; no       ; On           ;
; AG22     ;            ; --                 ; VCCA_FPLL                       ; power  ;              ; 2.5V           ; --           ;                 ; --       ; --           ;
; AG23     ;            ; --                 ; VCCD_FPLL                       ; power  ;              ; 1.5V           ; --           ;                 ; --       ; --           ;
; AG24     ;            ; --                 ; VCCPT                           ; power  ;              ; 1.5V           ; --           ;                 ; --       ; --           ;
; AG25     ; 295        ; 3C                 ; q[20]                           ; output ; 2.5 V        ;                ; Column I/O   ; N               ; no       ; Off          ;
; AG26     ; 294        ; 3C                 ; a[108]                          ; input  ; 2.5 V        ;                ; Column I/O   ; N               ; no       ; Off          ;
; AG27     ; 297        ; 3C                 ; a[80]                           ; input  ; 2.5 V        ;                ; Column I/O   ; N               ; no       ; Off          ;
; AG28     ; 296        ; 3C                 ; q[48]                           ; output ; 2.5 V        ;                ; Column I/O   ; N               ; no       ; Off          ;
; AG29     ; 287        ; 3C                 ; RST                             ; input  ; 2.5 V        ;                ; Column I/O   ; N               ; no       ; Off          ;
; AG30     ; 286        ; 3C                 ; q[22]                           ; output ; 2.5 V        ;                ; Column I/O   ; N               ; no       ; Off          ;
; AG31     ;            ; --                 ; VCCPT                           ; power  ;              ; 1.5V           ; --           ;                 ; --       ; --           ;
; AG32     ; 240        ; 3B                 ; a[74]                           ; input  ; 2.5 V        ;                ; Column I/O   ; N               ; no       ; Off          ;
; AG33     ; 230        ; 3B                 ; a[92]                           ; input  ; 2.5 V        ;                ; Column I/O   ; N               ; no       ; Off          ;
; AG34     ; 196        ; 3A                 ; RESERVED_INPUT_WITH_WEAK_PULLUP ;        ;              ;                ; Column I/O   ;                 ; no       ; On           ;
; AG35     ; 160        ; 3A                 ; ^nCSO                           ;        ;              ;                ; Weak Pull Up ;                 ; --       ; On           ;
; AG36     ; 165        ; 3A                 ; ^DCLK                           ; bidir  ;              ;                ; Weak Pull Up ;                 ; --       ; On           ;
; AG37     ; 155        ; 3A                 ; #TRST                           ; input  ;              ;                ; --           ;                 ; --       ; --           ;
; AG38     ;            ;                    ; GND                             ; gnd    ;              ;                ; --           ;                 ; --       ; --           ;
; AG39     ;            ;                    ; GND                             ;        ;              ;                ; --           ;                 ; --       ; --           ;
; AG40     ;            ;                    ; GND                             ; gnd    ;              ;                ; --           ;                 ; --       ; --           ;
; AG41     ; 113        ; B1L                ; GXB_NC                          ;        ;              ;                ; --           ;                 ; --       ; --           ;
; AG42     ; 112        ; B1L                ; GXB_NC                          ;        ;              ;                ; --           ;                 ; --       ; --           ;
; AG43     ;            ;                    ; GND                             ; gnd    ;              ;                ; --           ;                 ; --       ; --           ;
; AG44     ;            ;                    ; GND                             ; gnd    ;              ;                ; --           ;                 ; --       ; --           ;
; AH1      ; 639        ; B1R                ; GND                             ;        ;              ;                ; --           ;                 ; --       ; --           ;
; AH2      ; 638        ; B1R                ; GND                             ;        ;              ;                ; --           ;                 ; --       ; --           ;
; AH3      ;            ;                    ; GND                             ; gnd    ;              ;                ; --           ;                 ; --       ; --           ;
; AH4      ;            ;                    ; GND                             ; gnd    ;              ;                ; --           ;                 ; --       ; --           ;
; AH5      ; 622        ; B0R                ; GXB_GND*                        ;        ;              ;                ; Row I/O      ;                 ; --       ; --           ;
; AH6      ; 623        ; B0R                ; GXB_GND*                        ;        ;              ;                ; Row I/O      ;                 ; --       ; --           ;
; AH7      ;            ;                    ; GND                             ;        ;              ;                ; --           ;                 ; --       ; --           ;
; AH8      ;            ;                    ; GND                             ; gnd    ;              ;                ; --           ;                 ; --       ; --           ;
; AH9      ; 589        ; 4A                 ; ^CONF_DONE                      ; bidir  ;              ;                ; --           ;                 ; --       ; --           ;
; AH10     ; 542        ; 4B                 ; a[27]                           ; input  ; 2.5 V        ;                ; Column I/O   ; N               ; no       ; Off          ;
; AH11     ;            ;                    ; GND                             ; gnd    ;              ;                ; --           ;                 ; --       ; --           ;
; AH12     ; 544        ; 4B                 ; RESERVED_INPUT_WITH_WEAK_PULLUP ;        ;              ;                ; Column I/O   ;                 ; no       ; On           ;
; AH13     ; 509        ; 4C                 ; RESERVED_INPUT_WITH_WEAK_PULLUP ;        ;              ;                ; Column I/O   ;                 ; no       ; On           ;
; AH14     ;            ;                    ; GND                             ; gnd    ;              ;                ; --           ;                 ; --       ; --           ;
; AH15     ; 476        ; 4C                 ; RESERVED_INPUT_WITH_WEAK_PULLUP ;        ;              ;                ; Column I/O   ;                 ; no       ; On           ;
; AH16     ;            ; --                 ; VCCPT                           ; power  ;              ; 1.5V           ; --           ;                 ; --       ; --           ;
; AH17     ;            ;                    ; GND                             ; gnd    ;              ;                ; --           ;                 ; --       ; --           ;
; AH18     ; 437        ; 4D                 ; RESERVED_INPUT_WITH_WEAK_PULLUP ;        ;              ;                ; Column I/O   ;                 ; no       ; On           ;
; AH19     ; 436        ; 4D                 ; RESERVED_INPUT_WITH_WEAK_PULLUP ;        ;              ;                ; Column I/O   ;                 ; no       ; On           ;
; AH20     ;            ;                    ; GND                             ; gnd    ;              ;                ; --           ;                 ; --       ; --           ;
; AH21     ; 388        ; 4E                 ; RESERVED_INPUT_WITH_WEAK_PULLUP ;        ;              ;                ; Column I/O   ;                 ; no       ; On           ;
; AH22     ; 361        ; 3E                 ; RESERVED_INPUT_WITH_WEAK_PULLUP ;        ;              ;                ; Column I/O   ;                 ; no       ; On           ;
; AH23     ;            ;                    ; GND                             ; gnd    ;              ;                ; --           ;                 ; --       ; --           ;
; AH24     ; 331        ; 3D                 ; q[52]                           ; output ; 2.5 V        ;                ; Column I/O   ; N               ; no       ; Off          ;
; AH25     ; 330        ; 3D                 ; a[76]                           ; input  ; 2.5 V        ;                ; Column I/O   ; N               ; no       ; Off          ;
; AH26     ;            ;                    ; GND                             ; gnd    ;              ;                ; --           ;                 ; --       ; --           ;
; AH27     ; 325        ; 3D                 ; q[16]                           ; output ; 2.5 V        ;                ; Column I/O   ; N               ; no       ; Off          ;
; AH28     ; 323        ; 3D                 ; RESERVED_INPUT_WITH_WEAK_PULLUP ;        ;              ;                ; Column I/O   ;                 ; no       ; On           ;
; AH29     ;            ;                    ; GND                             ; gnd    ;              ;                ; --           ;                 ; --       ; --           ;
; AH30     ; 261        ; 3C                 ; a[87]                           ; input  ; 2.5 V        ;                ; Column I/O   ; N               ; no       ; Off          ;
; AH31     ; 259        ; 3C                 ; a[122]                          ; input  ; 2.5 V        ;                ; Column I/O   ; N               ; no       ; Off          ;
; AH32     ;            ;                    ; GND                             ; gnd    ;              ;                ; --           ;                 ; --       ; --           ;
; AH33     ; 231        ; 3B                 ; a[67]                           ; input  ; 2.5 V        ;                ; Column I/O   ; N               ; no       ; Off          ;
; AH34     ; 199        ; 3A                 ; RESERVED_INPUT_WITH_WEAK_PULLUP ;        ;              ;                ; Column I/O   ;                 ; no       ; On           ;
; AH35     ;            ;                    ; GND                             ; gnd    ;              ;                ; --           ;                 ; --       ; --           ;
; AH36     ; 164        ; 3A                 ; ^AS_DATA0, ASDO                 ;        ;              ;                ; Weak Pull Up ;                 ; --       ; On           ;
; AH37     ;            ;                    ; GND                             ; gnd    ;              ;                ; --           ;                 ; --       ; --           ;
; AH38     ;            ;                    ; GND                             ;        ;              ;                ; --           ;                 ; --       ; --           ;
; AH39     ; 126        ; B0L                ; GXB_GND*                        ;        ;              ;                ; Row I/O      ;                 ; --       ; --           ;
; AH40     ; 127        ; B0L                ; GXB_GND*                        ;        ;              ;                ; Row I/O      ;                 ; --       ; --           ;
; AH41     ;            ;                    ; GND                             ; gnd    ;              ;                ; --           ;                 ; --       ; --           ;
; AH42     ;            ;                    ; GND                             ; gnd    ;              ;                ; --           ;                 ; --       ; --           ;
; AH43     ; 111        ; B1L                ; GND                             ;        ;              ;                ; --           ;                 ; --       ; --           ;
; AH44     ; 110        ; B1L                ; GND                             ;        ;              ;                ; --           ;                 ; --       ; --           ;
; AJ1      ;            ;                    ; GND                             ; gnd    ;              ;                ; --           ;                 ; --       ; --           ;
; AJ2      ;            ;                    ; GND                             ; gnd    ;              ;                ; --           ;                 ; --       ; --           ;
; AJ3      ; 633        ; B1R                ; GXB_NC                          ;        ;              ;                ; --           ;                 ; --       ; --           ;
; AJ4      ; 632        ; B1R                ; GXB_NC                          ;        ;              ;                ; --           ;                 ; --       ; --           ;
; AJ5      ;            ;                    ; GND                             ;        ;              ;                ; --           ;                 ; --       ; --           ;
; AJ6      ;            ;                    ; GND                             ; gnd    ;              ;                ; --           ;                 ; --       ; --           ;
; AJ7      ;            ;                    ; GND                             ;        ;              ;                ; --           ;                 ; --       ; --           ;
; AJ8      ;            ;                    ; GND                             ; gnd    ;              ;                ; --           ;                 ; --       ; --           ;
; AJ9      ; 594        ; 4A                 ; ^MSEL3                          ; input  ;              ;                ; --           ;                 ; --       ; --           ;
; AJ10     ; 539        ; 4B                 ; RESERVED_INPUT_WITH_WEAK_PULLUP ;        ;              ;                ; Column I/O   ;                 ; no       ; On           ;
; AJ11     ; 538        ; 4B                 ; RESERVED_INPUT_WITH_WEAK_PULLUP ;        ;              ;                ; Column I/O   ;                 ; no       ; On           ;
; AJ12     ; 549        ; 4B                 ; RESERVED_INPUT_WITH_WEAK_PULLUP ;        ;              ;                ; Column I/O   ;                 ; no       ; On           ;
; AJ13     ; 508        ; 4C                 ; RESERVED_INPUT_WITH_WEAK_PULLUP ;        ;              ;                ; Column I/O   ;                 ; no       ; On           ;
; AJ14     ; 475        ; 4C                 ; a[38]                           ; input  ; 2.5 V        ;                ; Column I/O   ; N               ; no       ; Off          ;
; AJ15     ; 433        ; 4D                 ; RESERVED_INPUT_WITH_WEAK_PULLUP ;        ;              ;                ; Column I/O   ;                 ; no       ; On           ;
; AJ16     ; 432        ; 4D                 ; RESERVED_INPUT_WITH_WEAK_PULLUP ;        ;              ;                ; Column I/O   ;                 ; no       ; On           ;
; AJ17     ; 435        ; 4D                 ; RESERVED_INPUT_WITH_WEAK_PULLUP ;        ;              ;                ; Column I/O   ;                 ; no       ; On           ;
; AJ18     ; 441        ; 4D                 ; RESERVED_INPUT_WITH_WEAK_PULLUP ;        ;              ;                ; Column I/O   ;                 ; no       ; On           ;
; AJ19     ; 391        ; 4E                 ; RESERVED_INPUT_WITH_WEAK_PULLUP ;        ;              ;                ; Column I/O   ;                 ; no       ; On           ;
; AJ20     ; 390        ; 4E                 ; RESERVED_INPUT_WITH_WEAK_PULLUP ;        ;              ;                ; Column I/O   ;                 ; no       ; On           ;
; AJ21     ; 384        ; 4E                 ; RESERVED_INPUT_WITH_WEAK_PULLUP ;        ;              ;                ; Column I/O   ;                 ; no       ; On           ;
; AJ22     ; 360        ; 3E                 ; RESERVED_INPUT_WITH_WEAK_PULLUP ;        ;              ;                ; Column I/O   ;                 ; no       ; On           ;
; AJ23     ; 359        ; 3E                 ; RESERVED_INPUT_WITH_WEAK_PULLUP ;        ;              ;                ; Column I/O   ;                 ; no       ; On           ;
; AJ24     ; 333        ; 3D                 ; a[101]                          ; input  ; 2.5 V        ;                ; Column I/O   ; N               ; no       ; Off          ;
; AJ25     ; 329        ; 3D                 ; q[33]                           ; output ; 2.5 V        ;                ; Column I/O   ; N               ; no       ; Off          ;
; AJ26     ; 328        ; 3D                 ; a[94]                           ; input  ; 2.5 V        ;                ; Column I/O   ; N               ; no       ; Off          ;
; AJ27     ; 324        ; 3D                 ; RESERVED_INPUT_WITH_WEAK_PULLUP ;        ;              ;                ; Column I/O   ;                 ; no       ; On           ;
; AJ28     ; 322        ; 3D                 ; q[34]                           ; output ; 2.5 V        ;                ; Column I/O   ; N               ; no       ; Off          ;
; AJ29     ; 289        ; 3C                 ; q[50]                           ; output ; 2.5 V        ;                ; Column I/O   ; N               ; no       ; Off          ;
; AJ30     ; 260        ; 3C                 ; a[114]                          ; input  ; 2.5 V        ;                ; Column I/O   ; N               ; no       ; Off          ;
; AJ31     ; 258        ; 3C                 ; a[100]                          ; input  ; 2.5 V        ;                ; Column I/O   ; N               ; no       ; Off          ;
; AJ32     ; 235        ; 3B                 ; a[119]                          ; input  ; 2.5 V        ;                ; Column I/O   ; N               ; no       ; Off          ;
; AJ33     ; 228        ; 3B                 ; a[77]                           ; input  ; 2.5 V        ;                ; Column I/O   ; N               ; no       ; Off          ;
; AJ34     ; 198        ; 3A                 ; RESERVED_INPUT_WITH_WEAK_PULLUP ;        ;              ;                ; Column I/O   ;                 ; no       ; On           ;
; AJ35     ; 162        ; 3A                 ; ^AS_DATA2                       ;        ;              ;                ; Weak Pull Up ;                 ; --       ; On           ;
; AJ36     ; 163        ; 3A                 ; ^AS_DATA1                       ;        ;              ;                ; Weak Pull Up ;                 ; --       ; On           ;
; AJ37     ;            ;                    ; GND                             ; gnd    ;              ;                ; --           ;                 ; --       ; --           ;
; AJ38     ;            ;                    ; GND                             ;        ;              ;                ; --           ;                 ; --       ; --           ;
; AJ39     ;            ;                    ; GND                             ; gnd    ;              ;                ; --           ;                 ; --       ; --           ;
; AJ40     ;            ;                    ; GND                             ;        ;              ;                ; --           ;                 ; --       ; --           ;
; AJ41     ; 117        ; B1L                ; GXB_NC                          ;        ;              ;                ; --           ;                 ; --       ; --           ;
; AJ42     ; 116        ; B1L                ; GXB_NC                          ;        ;              ;                ; --           ;                 ; --       ; --           ;
; AJ43     ;            ;                    ; GND                             ; gnd    ;              ;                ; --           ;                 ; --       ; --           ;
; AJ44     ;            ;                    ; GND                             ; gnd    ;              ;                ; --           ;                 ; --       ; --           ;
; AK1      ; 635        ; B1R                ; GND                             ;        ;              ;                ; --           ;                 ; --       ; --           ;
; AK2      ; 634        ; B1R                ; GND                             ;        ;              ;                ; --           ;                 ; --       ; --           ;
; AK3      ;            ;                    ; GND                             ; gnd    ;              ;                ; --           ;                 ; --       ; --           ;
; AK4      ;            ;                    ; GND                             ; gnd    ;              ;                ; --           ;                 ; --       ; --           ;
; AK5      ;            ;                    ; GND                             ;        ;              ;                ; --           ;                 ; --       ; --           ;
; AK6      ; 596        ; B0R                ; GXB_GND*                        ;        ;              ;                ; Row I/O      ;                 ; --       ; --           ;
; AK7      ; 597        ; B0R                ; GXB_GND*                        ;        ;              ;                ; Row I/O      ;                 ; --       ; --           ;
; AK8      ;            ;                    ; GND                             ; gnd    ;              ;                ; --           ;                 ; --       ; --           ;
; AK9      ; 575        ; 4A                 ; RESERVED_INPUT_WITH_WEAK_PULLUP ;        ;              ;                ; Column I/O   ;                 ; no       ; On           ;
; AK10     ;            ;                    ; GND                             ; gnd    ;              ;                ; --           ;                 ; --       ; --           ;
; AK11     ;            ; --                 ; VCC_AUX                         ; power  ;              ; 2.5V           ; --           ;                 ; --       ; --           ;
; AK12     ; 548        ; 4B                 ; RESERVED_INPUT_WITH_WEAK_PULLUP ;        ;              ;                ; Column I/O   ;                 ; no       ; On           ;
; AK13     ;            ;                    ; GND                             ; gnd    ;              ;                ; --           ;                 ; --       ; --           ;
; AK14     ; 511        ; 4C                 ; RESERVED_INPUT_WITH_WEAK_PULLUP ;        ;              ;                ; Column I/O   ;                 ; no       ; On           ;
; AK15     ; 474        ; 4C                 ; RESERVED_INPUT_WITH_WEAK_PULLUP ;        ;              ;                ; Column I/O   ;                 ; no       ; On           ;
; AK16     ;            ;                    ; GND                             ; gnd    ;              ;                ; --           ;                 ; --       ; --           ;
; AK17     ; 434        ; 4D                 ; RESERVED_INPUT_WITH_WEAK_PULLUP ;        ;              ;                ; Column I/O   ;                 ; no       ; On           ;
; AK18     ; 440        ; 4D                 ; a[18]                           ; input  ; 2.5 V        ;                ; Column I/O   ; N               ; no       ; Off          ;
; AK19     ;            ;                    ; GND                             ; gnd    ;              ;                ; --           ;                 ; --       ; --           ;
; AK20     ; 385        ; 4E                 ; RESERVED_INPUT_WITH_WEAK_PULLUP ;        ;              ;                ; Column I/O   ;                 ; no       ; On           ;
; AK21     ; 363        ; 3E                 ; RESERVED_INPUT_WITH_WEAK_PULLUP ;        ;              ;                ; Column I/O   ;                 ; no       ; On           ;
; AK22     ;            ;                    ; GND                             ; gnd    ;              ;                ; --           ;                 ; --       ; --           ;
; AK23     ; 358        ; 3E                 ; a[41]                           ; input  ; 2.5 V        ;                ; Column I/O   ; N               ; no       ; Off          ;
; AK24     ; 332        ; 3D                 ; q[0]                            ; output ; 2.5 V        ;                ; Column I/O   ; N               ; no       ; Off          ;
; AK25     ;            ;                    ; GND                             ; gnd    ;              ;                ; --           ;                 ; --       ; --           ;
; AK26     ; 327        ; 3D                 ; q[41]                           ; output ; 2.5 V        ;                ; Column I/O   ; N               ; no       ; Off          ;
; AK27     ; 303        ; 3D                 ; a[99]                           ; input  ; 2.5 V        ;                ; Column I/O   ; N               ; no       ; Off          ;
; AK28     ;            ;                    ; GND                             ; gnd    ;              ;                ; --           ;                 ; --       ; --           ;
; AK29     ; 288        ; 3C                 ; q[63]                           ; output ; 2.5 V        ;                ; Column I/O   ; N               ; no       ; Off          ;
; AK30     ; 269        ; 3C                 ; a[85]                           ; input  ; 2.5 V        ;                ; Column I/O   ; N               ; no       ; Off          ;
; AK31     ;            ;                    ; GND                             ; gnd    ;              ;                ; --           ;                 ; --       ; --           ;
; AK32     ; 234        ; 3B                 ; a[62]                           ; input  ; 2.5 V        ;                ; Column I/O   ; N               ; no       ; Off          ;
; AK33     ; 229        ; 3B                 ; q[29]                           ; output ; 2.5 V        ;                ; Column I/O   ; N               ; no       ; Off          ;
; AK34     ;            ;                    ; GND                             ; gnd    ;              ;                ; --           ;                 ; --       ; --           ;
; AK35     ; 195        ; 3A                 ; RESERVED_INPUT_WITH_WEAK_PULLUP ;        ;              ;                ; Column I/O   ;                 ; no       ; On           ;
; AK36     ; 161        ; 3A                 ; ^AS_DATA3                       ;        ;              ;                ; Weak Pull Up ;                 ; --       ; On           ;
; AK37     ;            ;                    ; GND                             ; gnd    ;              ;                ; --           ;                 ; --       ; --           ;
; AK38     ; 152        ; B0L                ; GXB_GND*                        ;        ;              ;                ; Row I/O      ;                 ; --       ; --           ;
; AK39     ; 153        ; B0L                ; GXB_GND*                        ;        ;              ;                ; Row I/O      ;                 ; --       ; --           ;
; AK40     ;            ;                    ; GND                             ;        ;              ;                ; --           ;                 ; --       ; --           ;
; AK41     ;            ;                    ; GND                             ; gnd    ;              ;                ; --           ;                 ; --       ; --           ;
; AK42     ;            ;                    ; GND                             ; gnd    ;              ;                ; --           ;                 ; --       ; --           ;
; AK43     ; 115        ; B1L                ; GND                             ;        ;              ;                ; --           ;                 ; --       ; --           ;
; AK44     ; 114        ; B1L                ; GND                             ;        ;              ;                ; --           ;                 ; --       ; --           ;
; AL1      ;            ;                    ; GND                             ; gnd    ;              ;                ; --           ;                 ; --       ; --           ;
; AL2      ;            ;                    ; GND                             ; gnd    ;              ;                ; --           ;                 ; --       ; --           ;
; AL3      ; 629        ; B1R                ; GXB_NC                          ;        ;              ;                ; --           ;                 ; --       ; --           ;
; AL4      ; 628        ; B1R                ; GXB_NC                          ;        ;              ;                ; --           ;                 ; --       ; --           ;
; AL5      ;            ;                    ; GND                             ; gnd    ;              ;                ; --           ;                 ; --       ; --           ;
; AL6      ;            ;                    ; GND                             ;        ;              ;                ; --           ;                 ; --       ; --           ;
; AL7      ;            ;                    ; GND                             ; gnd    ;              ;                ; --           ;                 ; --       ; --           ;
; AL8      ; 588        ; 4A                 ; ^nSTATUS                        ;        ;              ;                ; --           ;                 ; --       ; --           ;
; AL9      ; 574        ; 4A                 ; RESERVED_INPUT_WITH_WEAK_PULLUP ;        ;              ;                ; Column I/O   ;                 ; no       ; On           ;
; AL10     ;            ; --                 ; VCCPGM                          ; power  ;              ; 1.8V/2.5V/3.0V ; --           ;                 ; --       ; --           ;
; AL11     ; 547        ; 4B                 ; a[0]                            ; input  ; 2.5 V        ;                ; Column I/O   ; N               ; no       ; Off          ;
; AL12     ; 546        ; 4B                 ; RESERVED_INPUT_WITH_WEAK_PULLUP ;        ;              ;                ; Column I/O   ;                 ; no       ; On           ;
; AL13     ;            ; --                 ; VCCBAT                          ; power  ;              ; 3.0V           ; --           ;                 ; --       ; --           ;
; AL14     ; 510        ; 4C                 ; RESERVED_INPUT_WITH_WEAK_PULLUP ;        ;              ;                ; Column I/O   ;                 ; no       ; On           ;
; AL15     ; 501        ; 4C                 ; RESERVED_INPUT_WITH_WEAK_PULLUP ;        ;              ;                ; Column I/O   ;                 ; no       ; On           ;
; AL16     ; 500        ; 4C                 ; RESERVED_INPUT_WITH_WEAK_PULLUP ;        ;              ;                ; Column I/O   ;                 ; no       ; On           ;
; AL17     ; 439        ; 4D                 ; RESERVED_INPUT_WITH_WEAK_PULLUP ;        ;              ;                ; Column I/O   ;                 ; no       ; On           ;
; AL18     ; 419        ; 4D                 ; RESERVED_INPUT_WITH_WEAK_PULLUP ;        ;              ;                ; Column I/O   ;                 ; no       ; On           ;
; AL19     ; 418        ; 4D                 ; RESERVED_INPUT_WITH_WEAK_PULLUP ;        ;              ;                ; Column I/O   ;                 ; no       ; On           ;
; AL20     ; 387        ; 4E                 ; RESERVED_INPUT_WITH_WEAK_PULLUP ;        ;              ;                ; Column I/O   ;                 ; no       ; On           ;
; AL21     ; 362        ; 3E                 ; RESERVED_INPUT_WITH_WEAK_PULLUP ;        ;              ;                ; Column I/O   ;                 ; no       ; On           ;
; AL22     ;            ; --                 ; VCC_AUX                         ; power  ;              ; 2.5V           ; --           ;                 ; --       ; --           ;
; AL23     ; 367        ; 3E                 ; RESERVED_INPUT_WITH_WEAK_PULLUP ;        ;              ;                ; Column I/O   ;                 ; no       ; On           ;
; AL24     ; 366        ; 3E                 ; a[35]                           ; input  ; 2.5 V        ;                ; Column I/O   ; N               ; no       ; Off          ;
; AL25     ; 339        ; 3D                 ; a[109]                          ; input  ; 2.5 V        ;                ; Column I/O   ; N               ; no       ; Off          ;
; AL26     ; 326        ; 3D                 ; a[93]                           ; input  ; 2.5 V        ;                ; Column I/O   ; N               ; no       ; Off          ;
; AL27     ; 302        ; 3D                 ; a[98]                           ; input  ; 2.5 V        ;                ; Column I/O   ; N               ; no       ; Off          ;
; AL28     ; 299        ; 3D                 ; a[95]                           ; input  ; 2.5 V        ;                ; Column I/O   ; N               ; no       ; Off          ;
; AL29     ; 268        ; 3C                 ; a[68]                           ; input  ; 2.5 V        ;                ; Column I/O   ; N               ; no       ; Off          ;
; AL30     ; 257        ; 3C                 ; q[40]                           ; output ; 2.5 V        ;                ; Column I/O   ; N               ; no       ; Off          ;
; AL31     ; 256        ; 3C                 ; q[26]                           ; output ; 2.5 V        ;                ; Column I/O   ; N               ; no       ; Off          ;
; AL32     ;            ; --                 ; VCC_AUX                         ; power  ;              ; 2.5V           ; --           ;                 ; --       ; --           ;
; AL33     ;            ; --                 ; VCCPGM                          ; power  ;              ; 1.8V/2.5V/3.0V ; --           ;                 ; --       ; --           ;
; AL34     ; 157        ; 3A                 ; #TCK                            ; input  ;              ;                ; --           ;                 ; --       ; --           ;
; AL35     ; 194        ; 3A                 ; RESERVED_INPUT_WITH_WEAK_PULLUP ;        ;              ;                ; Column I/O   ;                 ; no       ; On           ;
; AL36     ; 159        ; 3A                 ; #TDO                            ; output ;              ;                ; --           ;                 ; --       ; --           ;
; AL37     ; 156        ; 3A                 ; #TMS                            ; input  ;              ;                ; --           ;                 ; --       ; --           ;
; AL38     ;            ;                    ; GND                             ; gnd    ;              ;                ; --           ;                 ; --       ; --           ;
; AL39     ;            ;                    ; GND                             ;        ;              ;                ; --           ;                 ; --       ; --           ;
; AL40     ;            ;                    ; GND                             ; gnd    ;              ;                ; --           ;                 ; --       ; --           ;
; AL41     ; 121        ; B1L                ; GXB_NC                          ;        ;              ;                ; --           ;                 ; --       ; --           ;
; AL42     ; 120        ; B1L                ; GXB_NC                          ;        ;              ;                ; --           ;                 ; --       ; --           ;
; AL43     ;            ;                    ; GND                             ; gnd    ;              ;                ; --           ;                 ; --       ; --           ;
; AL44     ;            ;                    ; GND                             ; gnd    ;              ;                ; --           ;                 ; --       ; --           ;
; AM1      ; 631        ; B1R                ; GND                             ;        ;              ;                ; --           ;                 ; --       ; --           ;
; AM2      ; 630        ; B1R                ; GND                             ;        ;              ;                ; --           ;                 ; --       ; --           ;
; AM3      ;            ;                    ; GND                             ; gnd    ;              ;                ; --           ;                 ; --       ; --           ;
; AM4      ;            ;                    ; GND                             ; gnd    ;              ;                ; --           ;                 ; --       ; --           ;
; AM5      ; 591        ; 4A                 ; ^MSEL0                          ; input  ;              ;                ; --           ;                 ; --       ; --           ;
; AM6      ;            ;                    ; GND                             ; gnd    ;              ;                ; --           ;                 ; --       ; --           ;
; AM7      ; 593        ; 4A                 ; ^MSEL2                          ; input  ;              ;                ; --           ;                 ; --       ; --           ;
; AM8      ; 592        ; 4A                 ; ^MSEL1                          ; input  ;              ;                ; --           ;                 ; --       ; --           ;
; AM9      ;            ;                    ; GND                             ; gnd    ;              ;                ; --           ;                 ; --       ; --           ;
; AM10     ;            ; --                 ; VCCA_FPLL                       ; power  ;              ; 2.5V           ; --           ;                 ; --       ; --           ;
; AM11     ; 579        ; 4A                 ; RESERVED_INPUT_WITH_WEAK_PULLUP ;        ;              ;                ; Column I/O   ;                 ; no       ; On           ;
; AM12     ;            ;                    ; GND                             ; gnd    ;              ;                ; --           ;                 ; --       ; --           ;
; AM13     ; 551        ; 4B                 ; a[20]                           ; input  ; 2.5 V        ;                ; Column I/O   ; N               ; no       ; Off          ;
; AM14     ; 513        ; 4C                 ; RESERVED_INPUT_WITH_WEAK_PULLUP ;        ;              ;                ; Column I/O   ;                 ; no       ; On           ;
; AM15     ;            ;                    ; GND                             ; gnd    ;              ;                ; --           ;                 ; --       ; --           ;
; AM16     ; 498        ; 4C                 ; RESERVED_INPUT_WITH_WEAK_PULLUP ;        ;              ;                ; Column I/O   ;                 ; no       ; On           ;
; AM17     ; 438        ; 4D                 ; RESERVED_INPUT_WITH_WEAK_PULLUP ;        ;              ;                ; Column I/O   ;                 ; no       ; On           ;
; AM18     ;            ;                    ; GND                             ; gnd    ;              ;                ; --           ;                 ; --       ; --           ;
; AM19     ; 421        ; 4D                 ; RESERVED_INPUT_WITH_WEAK_PULLUP ;        ;              ;                ; Column I/O   ;                 ; no       ; On           ;
; AM20     ; 386        ; 4E                 ; RESERVED_INPUT_WITH_WEAK_PULLUP ;        ;              ;                ; Column I/O   ;                 ; no       ; On           ;
; AM21     ;            ;                    ; GND                             ; gnd    ;              ;                ; --           ;                 ; --       ; --           ;
; AM22     ; 383        ; 4E                 ; RESERVED_INPUT_WITH_WEAK_PULLUP ;        ;              ;                ; Column I/O   ;                 ; no       ; On           ;
; AM23     ; 369        ; 3E                 ; RESERVED_INPUT_WITH_WEAK_PULLUP ;        ;              ;                ; Column I/O   ;                 ; no       ; On           ;
; AM24     ;            ;                    ; GND                             ; gnd    ;              ;                ; --           ;                 ; --       ; --           ;
; AM25     ; 338        ; 3D                 ; q[60]                           ; output ; 2.5 V        ;                ; Column I/O   ; N               ; no       ; Off          ;
; AM26     ; 335        ; 3D                 ; q[53]                           ; output ; 2.5 V        ;                ; Column I/O   ; N               ; no       ; Off          ;
; AM27     ;            ;                    ; GND                             ; gnd    ;              ;                ; --           ;                 ; --       ; --           ;
; AM28     ; 298        ; 3D                 ; a[83]                           ; input  ; 2.5 V        ;                ; Column I/O   ; N               ; no       ; Off          ;
; AM29     ; 271        ; 3C                 ; q[8]                            ; output ; 2.5 V        ;                ; Column I/O   ; N               ; no       ; Off          ;
; AM30     ;            ;                    ; GND                             ; gnd    ;              ;                ; --           ;                 ; --       ; --           ;
; AM31     ; 233        ; 3B                 ; a[104]                          ; input  ; 2.5 V        ;                ; Column I/O   ; N               ; no       ; Off          ;
; AM32     ; 232        ; 3B                 ; a[96]                           ; input  ; 2.5 V        ;                ; Column I/O   ; N               ; no       ; Off          ;
; AM33     ;            ;                    ; GND                             ; gnd    ;              ;                ; --           ;                 ; --       ; --           ;
; AM34     ;            ; --                 ; VCCA_FPLL                       ; power  ;              ; 2.5V           ; --           ;                 ; --       ; --           ;
; AM35     ;            ; --                 ; VCCD_FPLL                       ; power  ;              ; 1.5V           ; --           ;                 ; --       ; --           ;
; AM36     ;            ;                    ; GND                             ; gnd    ;              ;                ; --           ;                 ; --       ; --           ;
; AM37     ; 158        ; 3A                 ; #TDI                            ; input  ;              ;                ; --           ;                 ; --       ; --           ;
; AM38     ; 154        ; 3A                 ; ^nCONFIG                        ; input  ;              ;                ; --           ;                 ; --       ; --           ;
; AM39     ;            ;                    ; GND                             ; gnd    ;              ;                ; --           ;                 ; --       ; --           ;
; AM40     ;            ;                    ; GND                             ; gnd    ;              ;                ; --           ;                 ; --       ; --           ;
; AM41     ;            ;                    ; GND                             ; gnd    ;              ;                ; --           ;                 ; --       ; --           ;
; AM42     ;            ;                    ; GND                             ; gnd    ;              ;                ; --           ;                 ; --       ; --           ;
; AM43     ; 119        ; B1L                ; GND                             ;        ;              ;                ; --           ;                 ; --       ; --           ;
; AM44     ; 118        ; B1L                ; GND                             ;        ;              ;                ; --           ;                 ; --       ; --           ;
; AN1      ;            ;                    ; GND                             ; gnd    ;              ;                ; --           ;                 ; --       ; --           ;
; AN2      ;            ;                    ; GND                             ; gnd    ;              ;                ; --           ;                 ; --       ; --           ;
; AN3      ; 621        ; B0R                ; GXB_NC                          ;        ;              ;                ; --           ;                 ; --       ; --           ;
; AN4      ; 620        ; B0R                ; GXB_NC                          ;        ;              ;                ; --           ;                 ; --       ; --           ;
; AN5      ;            ;                    ; GND                             ; gnd    ;              ;                ; --           ;                 ; --       ; --           ;
; AN6      ; 586        ; 4A                 ; ^GND                            ;        ;              ;                ; --           ;                 ; --       ; --           ;
; AN7      ; 590        ; 4A                 ; ^nIO_PULLUP                     ; input  ;              ;                ; --           ;                 ; --       ; --           ;
; AN8      ; 595        ; 4A                 ; ^MSEL4                          ; input  ;              ;                ; --           ;                 ; --       ; --           ;
; AN9      ;            ; 4A                 ; VREFB4AN0                       ; power  ;              ;                ; --           ;                 ; --       ; --           ;
; AN10     ;            ; --                 ; VCCD_FPLL                       ; power  ;              ; 1.5V           ; --           ;                 ; --       ; --           ;
; AN11     ; 578        ; 4A                 ; RESERVED_INPUT_WITH_WEAK_PULLUP ;        ;              ;                ; Column I/O   ;                 ; no       ; On           ;
; AN12     ; 550        ; 4B                 ; RESERVED_INPUT_WITH_WEAK_PULLUP ;        ;              ;                ; Column I/O   ;                 ; no       ; On           ;
; AN13     ;            ; 4B                 ; VREFB4BN0                       ; power  ;              ;                ; --           ;                 ; --       ; --           ;
; AN14     ; 512        ; 4C                 ; RESERVED_INPUT_WITH_WEAK_PULLUP ;        ;              ;                ; Column I/O   ;                 ; no       ; On           ;
; AN15     ; 499        ; 4C                 ; RESERVED_INPUT_WITH_WEAK_PULLUP ;        ;              ;                ; Column I/O   ;                 ; no       ; On           ;
; AN16     ;            ; 4C                 ; VREFB4CN0                       ; power  ;              ;                ; --           ;                 ; --       ; --           ;
; AN17     ; 461        ; 4D                 ; RESERVED_INPUT_WITH_WEAK_PULLUP ;        ;              ;                ; Column I/O   ;                 ; no       ; On           ;
; AN18     ;            ; 4D                 ; VREFB4DN0                       ; power  ;              ;                ; --           ;                 ; --       ; --           ;
; AN19     ; 423        ; 4D                 ; RESERVED_INPUT_WITH_WEAK_PULLUP ;        ;              ;                ; Column I/O   ;                 ; no       ; On           ;
; AN20     ; 420        ; 4D                 ; RESERVED_INPUT_WITH_WEAK_PULLUP ;        ;              ;                ; Column I/O   ;                 ; no       ; On           ;
; AN21     ;            ; 4E                 ; VREFB4EN0                       ; power  ;              ;                ; --           ;                 ; --       ; --           ;
; AN22     ; 382        ; 4E                 ; RESERVED_INPUT_WITH_WEAK_PULLUP ;        ;              ;                ; Column I/O   ;                 ; no       ; On           ;
; AN23     ; 368        ; 3E                 ; RESERVED_INPUT_WITH_WEAK_PULLUP ;        ;              ;                ; Column I/O   ;                 ; no       ; On           ;
; AN24     ;            ; 3E                 ; VREFB3EN0                       ; power  ;              ;                ; --           ;                 ; --       ; --           ;
; AN25     ; 334        ; 3D                 ; q[51]                           ; output ; 2.5 V        ;                ; Column I/O   ; N               ; no       ; Off          ;
; AN26     ;            ; 3D                 ; VREFB3DN0                       ; power  ;              ;                ; --           ;                 ; --       ; --           ;
; AN27     ; 301        ; 3D                 ; q[23]                           ; output ; 2.5 V        ;                ; Column I/O   ; N               ; no       ; Off          ;
; AN28     ; 270        ; 3C                 ; a[75]                           ; input  ; 2.5 V        ;                ; Column I/O   ; N               ; no       ; Off          ;
; AN29     ;            ; 3C                 ; VREFB3CN0                       ; power  ;              ;                ; --           ;                 ; --       ; --           ;
; AN30     ; 251        ; 3C                 ; q[11]                           ; output ; 2.5 V        ;                ; Column I/O   ; N               ; no       ; Off          ;
; AN31     ; 237        ; 3B                 ; a[91]                           ; input  ; 2.5 V        ;                ; Column I/O   ; N               ; no       ; Off          ;
; AN32     ;            ; 3B                 ; VREFB3BN0                       ; power  ;              ;                ; --           ;                 ; --       ; --           ;
; AN33     ; 226        ; 3B                 ; q[59]                           ; output ; 2.5 V        ;                ; Column I/O   ; N               ; no       ; Off          ;
; AN34     ; 191        ; 3A                 ; RESERVED_INPUT_WITH_WEAK_PULLUP ;        ;              ;                ; Column I/O   ;                 ; no       ; On           ;
; AN35     ;            ; 3A                 ; VREFB3AN0                       ; power  ;              ;                ; --           ;                 ; --       ; --           ;
; AN36     ; 193        ; 3A                 ; RESERVED_INPUT_WITH_WEAK_PULLUP ;        ;              ;                ; Column I/O   ;                 ; no       ; On           ;
; AN37     ; 183        ; 3A                 ; RESERVED_INPUT_WITH_WEAK_PULLUP ;        ;              ;                ; Column I/O   ;                 ; no       ; On           ;
; AN38     ; 182        ; 3A                 ; RESERVED_INPUT_WITH_WEAK_PULLUP ;        ;              ;                ; Column I/O   ;                 ; no       ; On           ;
; AN39     ; 180        ; 3A                 ; a[32]                           ; input  ; 2.5 V        ;                ; Column I/O   ; N               ; no       ; Off          ;
; AN40     ;            ;                    ; GND                             ; gnd    ;              ;                ; --           ;                 ; --       ; --           ;
; AN41     ; 129        ; B0L                ; GXB_NC                          ;        ;              ;                ; --           ;                 ; --       ; --           ;
; AN42     ; 128        ; B0L                ; GXB_NC                          ;        ;              ;                ; --           ;                 ; --       ; --           ;
; AN43     ;            ;                    ; GND                             ; gnd    ;              ;                ; --           ;                 ; --       ; --           ;
; AN44     ;            ;                    ; GND                             ; gnd    ;              ;                ; --           ;                 ; --       ; --           ;
; AP1      ; 627        ; B1R                ; GND                             ;        ;              ;                ; --           ;                 ; --       ; --           ;
; AP2      ; 626        ; B1R                ; GND                             ;        ;              ;                ; --           ;                 ; --       ; --           ;
; AP3      ;            ;                    ; GND                             ; gnd    ;              ;                ; --           ;                 ; --       ; --           ;
; AP4      ;            ;                    ; GND                             ; gnd    ;              ;                ; --           ;                 ; --       ; --           ;
; AP5      ;            ;                    ; GND                             ; gnd    ;              ;                ; --           ;                 ; --       ; --           ;
; AP6      ; 587        ; 4A                 ; ^nCE                            ;        ;              ;                ; --           ;                 ; --       ; --           ;
; AP7      ;            ;                    ; GND                             ; gnd    ;              ;                ; --           ;                 ; --       ; --           ;
; AP8      ;            ;                    ; GND                             ; gnd    ;              ;                ; --           ;                 ; --       ; --           ;
; AP9      ; 583        ; 4A                 ; RESERVED_INPUT_WITH_WEAK_PULLUP ;        ;              ;                ; Column I/O   ;                 ; no       ; On           ;
; AP10     ; 581        ; 4A                 ; RESERVED_INPUT_WITH_WEAK_PULLUP ;        ;              ;                ; Column I/O   ;                 ; no       ; On           ;
; AP11     ;            ;                    ; GND                             ; gnd    ;              ;                ; --           ;                 ; --       ; --           ;
; AP12     ; 553        ; 4B                 ; a[54]                           ; input  ; 2.5 V        ;                ; Column I/O   ; N               ; no       ; Off          ;
; AP13     ; 552        ; 4B                 ; RESERVED_INPUT_WITH_WEAK_PULLUP ;        ;              ;                ; Column I/O   ;                 ; no       ; On           ;
; AP14     ;            ;                    ; GND                             ; gnd    ;              ;                ; --           ;                 ; --       ; --           ;
; AP15     ; 497        ; 4C                 ; RESERVED_INPUT_WITH_WEAK_PULLUP ;        ;              ;                ; Column I/O   ;                 ; no       ; On           ;
; AP16     ; 460        ; 4D                 ; RESERVED_INPUT_WITH_WEAK_PULLUP ;        ;              ;                ; Column I/O   ;                 ; no       ; On           ;
; AP17     ;            ;                    ; GND                             ; gnd    ;              ;                ; --           ;                 ; --       ; --           ;
; AP18     ; 425        ; 4D                 ; RESERVED_INPUT_WITH_WEAK_PULLUP ;        ;              ;                ; Column I/O   ;                 ; no       ; On           ;
; AP19     ; 422        ; 4D                 ; RESERVED_INPUT_WITH_WEAK_PULLUP ;        ;              ;                ; Column I/O   ;                 ; no       ; On           ;
; AP20     ;            ;                    ; GND                             ; gnd    ;              ;                ; --           ;                 ; --       ; --           ;
; AP21     ; 395        ; 4E                 ; RESERVED_INPUT_WITH_WEAK_PULLUP ;        ;              ;                ; Column I/O   ;                 ; no       ; On           ;
; AP22     ;            ;                    ; DNU                             ;        ;              ;                ; --           ;                 ; --       ; --           ;
; AP23     ;            ;                    ; GND                             ; gnd    ;              ;                ; --           ;                 ; --       ; --           ;
; AP24     ; 349        ; 3E                 ; a[105]                          ; input  ; 2.5 V        ;                ; Column I/O   ; N               ; no       ; Off          ;
; AP25     ; 337        ; 3D                 ; q[45]                           ; output ; 2.5 V        ;                ; Column I/O   ; N               ; no       ; Off          ;
; AP26     ;            ;                    ; GND                             ; gnd    ;              ;                ; --           ;                 ; --       ; --           ;
; AP27     ; 300        ; 3D                 ; q[35]                           ; output ; 2.5 V        ;                ; Column I/O   ; N               ; no       ; Off          ;
; AP28     ; 273        ; 3C                 ; q[10]                           ; output ; 2.5 V        ;                ; Column I/O   ; N               ; no       ; Off          ;
; AP29     ;            ;                    ; GND                             ; gnd    ;              ;                ; --           ;                 ; --       ; --           ;
; AP30     ; 250        ; 3C                 ; q[62]                           ; output ; 2.5 V        ;                ; Column I/O   ; N               ; no       ; Off          ;
; AP31     ; 236        ; 3B                 ; a[89]                           ; input  ; 2.5 V        ;                ; Column I/O   ; N               ; no       ; Off          ;
; AP32     ;            ;                    ; GND                             ; gnd    ;              ;                ; --           ;                 ; --       ; --           ;
; AP33     ; 227        ; 3B                 ; q[42]                           ; output ; 2.5 V        ;                ; Column I/O   ; N               ; no       ; Off          ;
; AP34     ; 190        ; 3A                 ; RESERVED_INPUT_WITH_WEAK_PULLUP ;        ;              ;                ; Column I/O   ;                 ; no       ; On           ;
; AP35     ;            ;                    ; GND                             ; gnd    ;              ;                ; --           ;                 ; --       ; --           ;
; AP36     ; 192        ; 3A                 ; RESERVED_INPUT_WITH_WEAK_PULLUP ;        ;              ;                ; Column I/O   ;                 ; no       ; On           ;
; AP37     ; 179        ; 3A                 ; RESERVED_INPUT_WITH_WEAK_PULLUP ;        ;              ;                ; Column I/O   ;                 ; no       ; On           ;
; AP38     ;            ;                    ; GND                             ; gnd    ;              ;                ; --           ;                 ; --       ; --           ;
; AP39     ; 181        ; 3A                 ; RESERVED_INPUT_WITH_WEAK_PULLUP ;        ;              ;                ; Column I/O   ;                 ; no       ; On           ;
; AP40     ;            ;                    ; GND                             ; gnd    ;              ;                ; --           ;                 ; --       ; --           ;
; AP41     ;            ;                    ; GND                             ; gnd    ;              ;                ; --           ;                 ; --       ; --           ;
; AP42     ;            ;                    ; GND                             ; gnd    ;              ;                ; --           ;                 ; --       ; --           ;
; AP43     ; 123        ; B1L                ; GND                             ;        ;              ;                ; --           ;                 ; --       ; --           ;
; AP44     ; 122        ; B1L                ; GND                             ;        ;              ;                ; --           ;                 ; --       ; --           ;
; AR1      ;            ;                    ; GND                             ; gnd    ;              ;                ; --           ;                 ; --       ; --           ;
; AR2      ;            ;                    ; GND                             ; gnd    ;              ;                ; --           ;                 ; --       ; --           ;
; AR3      ; 617        ; B0R                ; GXB_NC                          ;        ;              ;                ; --           ;                 ; --       ; --           ;
; AR4      ; 616        ; B0R                ; GXB_NC                          ;        ;              ;                ; --           ;                 ; --       ; --           ;
; AR5      ;            ;                    ; GND                             ; gnd    ;              ;                ; --           ;                 ; --       ; --           ;
; AR6      ;            ;                    ; GND                             ; gnd    ;              ;                ; --           ;                 ; --       ; --           ;
; AR7      ;            ;                    ; GND                             ; gnd    ;              ;                ; --           ;                 ; --       ; --           ;
; AR8      ; 585        ; 4A                 ; RESERVED_INPUT_WITH_WEAK_PULLUP ;        ;              ;                ; Column I/O   ;                 ; no       ; On           ;
; AR9      ; 582        ; 4A                 ; RESERVED_INPUT_WITH_WEAK_PULLUP ;        ;              ;                ; Column I/O   ;                 ; no       ; On           ;
; AR10     ; 580        ; 4A                 ; RESERVED_INPUT_WITH_WEAK_PULLUP ;        ;              ;                ; Column I/O   ;                 ; no       ; On           ;
; AR11     ; 577        ; 4A                 ; RESERVED_INPUT_WITH_WEAK_PULLUP ;        ;              ;                ; Column I/O   ;                 ; no       ; On           ;
; AR12     ; 555        ; 4B                 ; RESERVED_INPUT_WITH_WEAK_PULLUP ;        ;              ;                ; Column I/O   ;                 ; no       ; On           ;
; AR13     ; 554        ; 4B                 ; RESERVED_INPUT_WITH_WEAK_PULLUP ;        ;              ;                ; Column I/O   ;                 ; no       ; On           ;
; AR14     ; 502        ; 4C                 ; RESERVED_INPUT_WITH_WEAK_PULLUP ;        ;              ;                ; Column I/O   ;                 ; no       ; On           ;
; AR15     ; 503        ; 4C                 ; RESERVED_INPUT_WITH_WEAK_PULLUP ;        ;              ;                ; Column I/O   ;                 ; no       ; On           ;
; AR16     ; 496        ; 4C                 ; a[56]                           ; input  ; 2.5 V        ;                ; Column I/O   ; N               ; no       ; Off          ;
; AR17     ; 463        ; 4D                 ; RESERVED_INPUT_WITH_WEAK_PULLUP ;        ;              ;                ; Column I/O   ;                 ; no       ; On           ;
; AR18     ; 465        ; 4D                 ; RESERVED_INPUT_WITH_WEAK_PULLUP ;        ;              ;                ; Column I/O   ;                 ; no       ; On           ;
; AR19     ; 424        ; 4D                 ; RESERVED_INPUT_WITH_WEAK_PULLUP ;        ;              ;                ; Column I/O   ;                 ; no       ; On           ;
; AR20     ; 409        ; 4E                 ; RESERVED_INPUT_WITH_WEAK_PULLUP ;        ;              ;                ; Column I/O   ;                 ; no       ; On           ;
; AR21     ; 394        ; 4E                 ; RESERVED_INPUT_WITH_WEAK_PULLUP ;        ;              ;                ; Column I/O   ;                 ; no       ; On           ;
; AR22     ; 397        ; 4E                 ; RESERVED_INPUT_WITH_WEAK_PULLUP ;        ;              ;                ; Column I/O   ;                 ; no       ; On           ;
; AR23     ; 365        ; 3E                 ; RESERVED_INPUT_WITH_WEAK_PULLUP ;        ;              ;                ; Column I/O   ;                 ; no       ; On           ;
; AR24     ; 373        ; 3E                 ; RESERVED_INPUT_WITH_WEAK_PULLUP ;        ;              ;                ; Column I/O   ;                 ; no       ; On           ;
; AR25     ; 348        ; 3E                 ; a[112]                          ; input  ; 2.5 V        ;                ; Column I/O   ; N               ; no       ; Off          ;
; AR26     ; 336        ; 3D                 ; q[57]                           ; output ; 2.5 V        ;                ; Column I/O   ; N               ; no       ; Off          ;
; AR27     ; 305        ; 3D                 ; a[106]                          ; input  ; 2.5 V        ;                ; Column I/O   ; N               ; no       ; Off          ;
; AR28     ; 304        ; 3D                 ; a[79]                           ; input  ; 2.5 V        ;                ; Column I/O   ; N               ; no       ; Off          ;
; AR29     ; 272        ; 3C                 ; q[5]                            ; output ; 2.5 V        ;                ; Column I/O   ; N               ; no       ; Off          ;
; AR30     ; 255        ; 3C                 ; a[86]                           ; input  ; 2.5 V        ;                ; Column I/O   ; N               ; no       ; Off          ;
; AR31     ; 217        ; 3B                 ; RESERVED_INPUT_WITH_WEAK_PULLUP ;        ;              ;                ; Column I/O   ;                 ; no       ; On           ;
; AR32     ; 216        ; 3B                 ; a[52]                           ; input  ; 2.5 V        ;                ; Column I/O   ; N               ; no       ; Off          ;
; AR33     ; 202        ; 3B                 ; RESERVED_INPUT_WITH_WEAK_PULLUP ;        ;              ;                ; Column I/O   ;                 ; no       ; On           ;
; AR34     ; 203        ; 3B                 ; RESERVED_INPUT_WITH_WEAK_PULLUP ;        ;              ;                ; Column I/O   ;                 ; no       ; On           ;
; AR35     ; 185        ; 3A                 ; RESERVED_INPUT_WITH_WEAK_PULLUP ;        ;              ;                ; Column I/O   ;                 ; no       ; On           ;
; AR36     ; 184        ; 3A                 ; RESERVED_INPUT_WITH_WEAK_PULLUP ;        ;              ;                ; Column I/O   ;                 ; no       ; On           ;
; AR37     ; 178        ; 3A                 ; RESERVED_INPUT_WITH_WEAK_PULLUP ;        ;              ;                ; Column I/O   ;                 ; no       ; On           ;
; AR38     ;            ;                    ; GND                             ; gnd    ;              ;                ; --           ;                 ; --       ; --           ;
; AR39     ;            ;                    ; GND                             ; gnd    ;              ;                ; --           ;                 ; --       ; --           ;
; AR40     ;            ;                    ; GND                             ; gnd    ;              ;                ; --           ;                 ; --       ; --           ;
; AR41     ; 133        ; B0L                ; GXB_NC                          ;        ;              ;                ; --           ;                 ; --       ; --           ;
; AR42     ; 132        ; B0L                ; GXB_NC                          ;        ;              ;                ; --           ;                 ; --       ; --           ;
; AR43     ;            ;                    ; GND                             ; gnd    ;              ;                ; --           ;                 ; --       ; --           ;
; AR44     ;            ;                    ; GND                             ; gnd    ;              ;                ; --           ;                 ; --       ; --           ;
; AT1      ; 619        ; B0R                ; GND                             ;        ;              ;                ; --           ;                 ; --       ; --           ;
; AT2      ; 618        ; B0R                ; GND                             ;        ;              ;                ; --           ;                 ; --       ; --           ;
; AT3      ;            ;                    ; GND                             ; gnd    ;              ;                ; --           ;                 ; --       ; --           ;
; AT4      ;            ;                    ; GND                             ; gnd    ;              ;                ; --           ;                 ; --       ; --           ;
; AT5      ; 609        ; B0R                ; GXB_NC                          ;        ;              ;                ; --           ;                 ; --       ; --           ;
; AT6      ; 608        ; B0R                ; GXB_NC                          ;        ;              ;                ; --           ;                 ; --       ; --           ;
; AT7      ;            ;                    ; GND                             ; gnd    ;              ;                ; --           ;                 ; --       ; --           ;
; AT8      ; 584        ; 4A                 ; RESERVED_INPUT_WITH_WEAK_PULLUP ;        ;              ;                ; Column I/O   ;                 ; no       ; On           ;
; AT9      ; 573        ; 4A                 ; RESERVED_INPUT_WITH_WEAK_PULLUP ;        ;              ;                ; Column I/O   ;                 ; no       ; On           ;
; AT10     ;            ;                    ; GND                             ; gnd    ;              ;                ; --           ;                 ; --       ; --           ;
; AT11     ; 576        ; 4A                 ; RESERVED_INPUT_WITH_WEAK_PULLUP ;        ;              ;                ; Column I/O   ;                 ; no       ; On           ;
; AT12     ; 561        ; 4B                 ; RESERVED_INPUT_WITH_WEAK_PULLUP ;        ;              ;                ; Column I/O   ;                 ; no       ; On           ;
; AT13     ;            ;                    ; GND                             ; gnd    ;              ;                ; --           ;                 ; --       ; --           ;
; AT14     ; 507        ; 4C                 ; a[46]                           ; input  ; 2.5 V        ;                ; Column I/O   ; N               ; no       ; Off          ;
; AT15     ; 493        ; 4C                 ; RESERVED_INPUT_WITH_WEAK_PULLUP ;        ;              ;                ; Column I/O   ;                 ; no       ; On           ;
; AT16     ;            ;                    ; GND                             ; gnd    ;              ;                ; --           ;                 ; --       ; --           ;
; AT17     ; 462        ; 4D                 ; RESERVED_INPUT_WITH_WEAK_PULLUP ;        ;              ;                ; Column I/O   ;                 ; no       ; On           ;
; AT18     ; 464        ; 4D                 ; RESERVED_INPUT_WITH_WEAK_PULLUP ;        ;              ;                ; Column I/O   ;                 ; no       ; On           ;
; AT19     ;            ;                    ; GND                             ; gnd    ;              ;                ; --           ;                 ; --       ; --           ;
; AT20     ; 408        ; 4E                 ; RESERVED_INPUT_WITH_WEAK_PULLUP ;        ;              ;                ; Column I/O   ;                 ; no       ; On           ;
; AT21     ; 396        ; 4E                 ; RESERVED_INPUT_WITH_WEAK_PULLUP ;        ;              ;                ; Column I/O   ;                 ; no       ; On           ;
; AT22     ;            ;                    ; GND                             ; gnd    ;              ;                ; --           ;                 ; --       ; --           ;
; AT23     ; 364        ; 3E                 ; RESERVED_INPUT_WITH_WEAK_PULLUP ;        ;              ;                ; Column I/O   ;                 ; no       ; On           ;
; AT24     ; 372        ; 3E                 ; a[11]                           ; input  ; 2.5 V        ;                ; Column I/O   ; N               ; no       ; Off          ;
; AT25     ;            ;                    ; GND                             ; gnd    ;              ;                ; --           ;                 ; --       ; --           ;
; AT26     ; 341        ; 3D                 ; q[43]                           ; output ; 2.5 V        ;                ; Column I/O   ; N               ; no       ; Off          ;
; AT27     ; 343        ; 3D                 ; a[117]                          ; input  ; 2.5 V        ;                ; Column I/O   ; N               ; no       ; Off          ;
; AT28     ;            ;                    ; GND                             ; gnd    ;              ;                ; --           ;                 ; --       ; --           ;
; AT29     ; 265        ; 3C                 ; q[25]                           ; output ; 2.5 V        ;                ; Column I/O   ; N               ; no       ; Off          ;
; AT30     ; 254        ; 3C                 ; q[27]                           ; output ; 2.5 V        ;                ; Column I/O   ; N               ; no       ; Off          ;
; AT31     ;            ;                    ; GND                             ; gnd    ;              ;                ; --           ;                 ; --       ; --           ;
; AT32     ; 253        ; 3C                 ; q[54]                           ; output ; 2.5 V        ;                ; Column I/O   ; N               ; no       ; Off          ;
; AT33     ; 219        ; 3B                 ; q[31]                           ; output ; 2.5 V        ;                ; Column I/O   ; N               ; no       ; Off          ;
; AT34     ;            ;                    ; GND                             ; gnd    ;              ;                ; --           ;                 ; --       ; --           ;
; AT35     ; 187        ; 3A                 ; RESERVED_INPUT_WITH_WEAK_PULLUP ;        ;              ;                ; Column I/O   ;                 ; no       ; On           ;
; AT36     ; 186        ; 3A                 ; RESERVED_INPUT_WITH_WEAK_PULLUP ;        ;              ;                ; Column I/O   ;                 ; no       ; On           ;
; AT37     ;            ;                    ; GND                             ; gnd    ;              ;                ; --           ;                 ; --       ; --           ;
; AT38     ;            ;                    ; GND                             ; gnd    ;              ;                ; --           ;                 ; --       ; --           ;
; AT39     ; 141        ; B0L                ; GXB_NC                          ;        ;              ;                ; --           ;                 ; --       ; --           ;
; AT40     ; 140        ; B0L                ; GXB_NC                          ;        ;              ;                ; --           ;                 ; --       ; --           ;
; AT41     ;            ;                    ; GND                             ; gnd    ;              ;                ; --           ;                 ; --       ; --           ;
; AT42     ;            ;                    ; GND                             ; gnd    ;              ;                ; --           ;                 ; --       ; --           ;
; AT43     ; 131        ; B0L                ; GND                             ;        ;              ;                ; --           ;                 ; --       ; --           ;
; AT44     ; 130        ; B0L                ; GND                             ;        ;              ;                ; --           ;                 ; --       ; --           ;
; AU1      ;            ;                    ; GND                             ; gnd    ;              ;                ; --           ;                 ; --       ; --           ;
; AU2      ;            ;                    ; GND                             ; gnd    ;              ;                ; --           ;                 ; --       ; --           ;
; AU3      ; 613        ; B0R                ; GXB_NC                          ;        ;              ;                ; --           ;                 ; --       ; --           ;
; AU4      ; 612        ; B0R                ; GXB_NC                          ;        ;              ;                ; --           ;                 ; --       ; --           ;
; AU5      ;            ;                    ; GND                             ; gnd    ;              ;                ; --           ;                 ; --       ; --           ;
; AU6      ;            ;                    ; GND                             ; gnd    ;              ;                ; --           ;                 ; --       ; --           ;
; AU7      ;            ;                    ; GND                             ; gnd    ;              ;                ; --           ;                 ; --       ; --           ;
; AU8      ; 572        ; 4A                 ; RESERVED_INPUT_WITH_WEAK_PULLUP ;        ;              ;                ; Column I/O   ;                 ; no       ; On           ;
; AU9      ; 559        ; 4B                 ; RESERVED_INPUT_WITH_WEAK_PULLUP ;        ;              ;                ; Column I/O   ;                 ; no       ; On           ;
; AU10     ; 557        ; 4B                 ; RESERVED_INPUT_WITH_WEAK_PULLUP ;        ;              ;                ; Column I/O   ;                 ; no       ; On           ;
; AU11     ; 560        ; 4B                 ; RESERVED_INPUT_WITH_WEAK_PULLUP ;        ;              ;                ; Column I/O   ;                 ; no       ; On           ;
; AU12     ; 505        ; 4C                 ; RESERVED_INPUT_WITH_WEAK_PULLUP ;        ;              ;                ; Column I/O   ;                 ; no       ; On           ;
; AU13     ; 506        ; 4C                 ; RESERVED_INPUT_WITH_WEAK_PULLUP ;        ;              ;                ; Column I/O   ;                 ; no       ; On           ;
; AU14     ; 491        ; 4C                 ; RESERVED_INPUT_WITH_WEAK_PULLUP ;        ;              ;                ; Column I/O   ;                 ; no       ; On           ;
; AU15     ; 492        ; 4C                 ; RESERVED_INPUT_WITH_WEAK_PULLUP ;        ;              ;                ; Column I/O   ;                 ; no       ; On           ;
; AU16     ; 459        ; 4D                 ; RESERVED_INPUT_WITH_WEAK_PULLUP ;        ;              ;                ; Column I/O   ;                 ; no       ; On           ;
; AU17     ; 455        ; 4D                 ; RESERVED_INPUT_WITH_WEAK_PULLUP ;        ;              ;                ; Column I/O   ;                 ; no       ; On           ;
; AU18     ; 429        ; 4D                 ; RESERVED_INPUT_WITH_WEAK_PULLUP ;        ;              ;                ; Column I/O   ;                 ; no       ; On           ;
; AU19     ; 428        ; 4D                 ; RESERVED_INPUT_WITH_WEAK_PULLUP ;        ;              ;                ; Column I/O   ;                 ; no       ; On           ;
; AU20     ; 407        ; 4E                 ; RESERVED_INPUT_WITH_WEAK_PULLUP ;        ;              ;                ; Column I/O   ;                 ; no       ; On           ;
; AU21     ; 399        ; 4E                 ; a[14]                           ; input  ; 2.5 V        ;                ; Column I/O   ; N               ; no       ; Off          ;
; AU22     ; 398        ; 4E                 ; RESERVED_INPUT_WITH_WEAK_PULLUP ;        ;              ;                ; Column I/O   ;                 ; no       ; On           ;
; AU23     ; 371        ; 3E                 ; RESERVED_INPUT_WITH_WEAK_PULLUP ;        ;              ;                ; Column I/O   ;                 ; no       ; On           ;
; AU24     ; 347        ; 3E                 ; a[111]                          ; input  ; 2.5 V        ;                ; Column I/O   ; N               ; no       ; Off          ;
; AU25     ; 346        ; 3E                 ; a[113]                          ; input  ; 2.5 V        ;                ; Column I/O   ; N               ; no       ; Off          ;
; AU26     ; 340        ; 3D                 ; q[49]                           ; output ; 2.5 V        ;                ; Column I/O   ; N               ; no       ; Off          ;
; AU27     ; 342        ; 3D                 ; a[103]                          ; input  ; 2.5 V        ;                ; Column I/O   ; N               ; no       ; Off          ;
; AU28     ; 307        ; 3D                 ; q[39]                           ; output ; 2.5 V        ;                ; Column I/O   ; N               ; no       ; Off          ;
; AU29     ; 309        ; 3D                 ; q[38]                           ; output ; 2.5 V        ;                ; Column I/O   ; N               ; no       ; Off          ;
; AU30     ; 264        ; 3C                 ; a[81]                           ; input  ; 2.5 V        ;                ; Column I/O   ; N               ; no       ; Off          ;
; AU31     ; 263        ; 3C                 ; a[71]                           ; input  ; 2.5 V        ;                ; Column I/O   ; N               ; no       ; Off          ;
; AU32     ; 252        ; 3C                 ; q[21]                           ; output ; 2.5 V        ;                ; Column I/O   ; N               ; no       ; Off          ;
; AU33     ; 218        ; 3B                 ; q[18]                           ; output ; 2.5 V        ;                ; Column I/O   ; N               ; no       ; Off          ;
; AU34     ; 205        ; 3B                 ; a[2]                            ; input  ; 2.5 V        ;                ; Column I/O   ; N               ; no       ; Off          ;
; AU35     ; 204        ; 3B                 ; RESERVED_INPUT_WITH_WEAK_PULLUP ;        ;              ;                ; Column I/O   ;                 ; no       ; On           ;
; AU36     ; 189        ; 3A                 ; RESERVED_INPUT_WITH_WEAK_PULLUP ;        ;              ;                ; Column I/O   ;                 ; no       ; On           ;
; AU37     ; 188        ; 3A                 ; RESERVED_INPUT_WITH_WEAK_PULLUP ;        ;              ;                ; Column I/O   ;                 ; no       ; On           ;
; AU38     ;            ;                    ; GND                             ; gnd    ;              ;                ; --           ;                 ; --       ; --           ;
; AU39     ;            ;                    ; GND                             ; gnd    ;              ;                ; --           ;                 ; --       ; --           ;
; AU40     ;            ;                    ; GND                             ; gnd    ;              ;                ; --           ;                 ; --       ; --           ;
; AU41     ; 137        ; B0L                ; GXB_NC                          ;        ;              ;                ; --           ;                 ; --       ; --           ;
; AU42     ; 136        ; B0L                ; GXB_NC                          ;        ;              ;                ; --           ;                 ; --       ; --           ;
; AU43     ;            ;                    ; GND                             ; gnd    ;              ;                ; --           ;                 ; --       ; --           ;
; AU44     ;            ;                    ; GND                             ; gnd    ;              ;                ; --           ;                 ; --       ; --           ;
; AV1      ; 615        ; B0R                ; GND                             ;        ;              ;                ; --           ;                 ; --       ; --           ;
; AV2      ; 614        ; B0R                ; GND                             ;        ;              ;                ; --           ;                 ; --       ; --           ;
; AV3      ;            ;                    ; GND                             ; gnd    ;              ;                ; --           ;                 ; --       ; --           ;
; AV4      ;            ;                    ; GND                             ; gnd    ;              ;                ; --           ;                 ; --       ; --           ;
; AV5      ; 605        ; B0R                ; GXB_NC                          ;        ;              ;                ; --           ;                 ; --       ; --           ;
; AV6      ; 604        ; B0R                ; GXB_NC                          ;        ;              ;                ; --           ;                 ; --       ; --           ;
; AV7      ;            ;                    ; GND                             ; gnd    ;              ;                ; --           ;                 ; --       ; --           ;
; AV8      ; 571        ; 4A                 ; RESERVED_INPUT_WITH_WEAK_PULLUP ;        ;              ;                ; Column I/O   ;                 ; no       ; On           ;
; AV9      ;            ;                    ; GND                             ; gnd    ;              ;                ; --           ;                 ; --       ; --           ;
; AV10     ; 558        ; 4B                 ; RESERVED_INPUT_WITH_WEAK_PULLUP ;        ;              ;                ; Column I/O   ;                 ; no       ; On           ;
; AV11     ; 556        ; 4B                 ; RESERVED_INPUT_WITH_WEAK_PULLUP ;        ;              ;                ; Column I/O   ;                 ; no       ; On           ;
; AV12     ;            ;                    ; GND                             ; gnd    ;              ;                ; --           ;                 ; --       ; --           ;
; AV13     ; 504        ; 4C                 ; RESERVED_INPUT_WITH_WEAK_PULLUP ;        ;              ;                ; Column I/O   ;                 ; no       ; On           ;
; AV14     ; 490        ; 4C                 ; RESERVED_INPUT_WITH_WEAK_PULLUP ;        ;              ;                ; Column I/O   ;                 ; no       ; On           ;
; AV15     ;            ;                    ; GND                             ; gnd    ;              ;                ; --           ;                 ; --       ; --           ;
; AV16     ; 458        ; 4D                 ; RESERVED_INPUT_WITH_WEAK_PULLUP ;        ;              ;                ; Column I/O   ;                 ; no       ; On           ;
; AV17     ; 454        ; 4D                 ; a[33]                           ; input  ; 2.5 V        ;                ; Column I/O   ; N               ; no       ; Off          ;
; AV18     ;            ;                    ; GND                             ; gnd    ;              ;                ; --           ;                 ; --       ; --           ;
; AV19     ; 427        ; 4D                 ; RESERVED_INPUT_WITH_WEAK_PULLUP ;        ;              ;                ; Column I/O   ;                 ; no       ; On           ;
; AV20     ; 406        ; 4E                 ; RESERVED_INPUT_WITH_WEAK_PULLUP ;        ;              ;                ; Column I/O   ;                 ; no       ; On           ;
; AV21     ;            ;                    ; GND                             ; gnd    ;              ;                ; --           ;                 ; --       ; --           ;
; AV22     ; 401        ; 4E                 ; RESERVED_INPUT_WITH_WEAK_PULLUP ;        ;              ;                ; Column I/O   ;                 ; no       ; On           ;
; AV23     ; 370        ; 3E                 ; RESERVED_INPUT_WITH_WEAK_PULLUP ;        ;              ;                ; Column I/O   ;                 ; no       ; On           ;
; AV24     ;            ;                    ; GND                             ; gnd    ;              ;                ; --           ;                 ; --       ; --           ;
; AV25     ; 351        ; 3E                 ; RESERVED_INPUT_WITH_WEAK_PULLUP ;        ;              ;                ; Column I/O   ;                 ; no       ; On           ;
; AV26     ; 345        ; 3D                 ; a[120]                          ; input  ; 2.5 V        ;                ; Column I/O   ; N               ; no       ; Off          ;
; AV27     ;            ;                    ; GND                             ; gnd    ;              ;                ; --           ;                 ; --       ; --           ;
; AV28     ; 306        ; 3D                 ; a[118]                          ; input  ; 2.5 V        ;                ; Column I/O   ; N               ; no       ; Off          ;
; AV29     ; 308        ; 3D                 ; q[46]                           ; output ; 2.5 V        ;                ; Column I/O   ; N               ; no       ; Off          ;
; AV30     ;            ;                    ; GND                             ; gnd    ;              ;                ; --           ;                 ; --       ; --           ;
; AV31     ; 262        ; 3C                 ; q[15]                           ; output ; 2.5 V        ;                ; Column I/O   ; N               ; no       ; Off          ;
; AV32     ; 267        ; 3C                 ; a[65]                           ; input  ; 2.5 V        ;                ; Column I/O   ; N               ; no       ; Off          ;
; AV33     ;            ;                    ; GND                             ; gnd    ;              ;                ; --           ;                 ; --       ; --           ;
; AV34     ; 215        ; 3B                 ; RESERVED_INPUT_WITH_WEAK_PULLUP ;        ;              ;                ; Column I/O   ;                 ; no       ; On           ;
; AV35     ; 207        ; 3B                 ; RESERVED_INPUT_WITH_WEAK_PULLUP ;        ;              ;                ; Column I/O   ;                 ; no       ; On           ;
; AV36     ;            ;                    ; GND                             ; gnd    ;              ;                ; --           ;                 ; --       ; --           ;
; AV37     ; 167        ; 3A                 ; RESERVED_INPUT_WITH_WEAK_PULLUP ;        ;              ;                ; Column I/O   ;                 ; no       ; On           ;
; AV38     ;            ;                    ; GND                             ; gnd    ;              ;                ; --           ;                 ; --       ; --           ;
; AV39     ; 145        ; B0L                ; GXB_NC                          ;        ;              ;                ; --           ;                 ; --       ; --           ;
; AV40     ; 144        ; B0L                ; GXB_NC                          ;        ;              ;                ; --           ;                 ; --       ; --           ;
; AV41     ;            ;                    ; GND                             ; gnd    ;              ;                ; --           ;                 ; --       ; --           ;
; AV42     ;            ;                    ; GND                             ; gnd    ;              ;                ; --           ;                 ; --       ; --           ;
; AV43     ; 135        ; B0L                ; GND                             ;        ;              ;                ; --           ;                 ; --       ; --           ;
; AV44     ; 134        ; B0L                ; GND                             ;        ;              ;                ; --           ;                 ; --       ; --           ;
; AW1      ;            ;                    ; GND                             ; gnd    ;              ;                ; --           ;                 ; --       ; --           ;
; AW2      ;            ;                    ; GND                             ; gnd    ;              ;                ; --           ;                 ; --       ; --           ;
; AW3      ; 607        ; B0R                ; GND                             ;        ;              ;                ; --           ;                 ; --       ; --           ;
; AW4      ; 606        ; B0R                ; GND                             ;        ;              ;                ; --           ;                 ; --       ; --           ;
; AW5      ;            ;                    ; GND                             ; gnd    ;              ;                ; --           ;                 ; --       ; --           ;
; AW6      ;            ;                    ; GND                             ; gnd    ;              ;                ; --           ;                 ; --       ; --           ;
; AW7      ;            ;                    ; GND                             ; gnd    ;              ;                ; --           ;                 ; --       ; --           ;
; AW8      ;            ;                    ; GND                             ; gnd    ;              ;                ; --           ;                 ; --       ; --           ;
; AW9      ; 570        ; 4A                 ; RESERVED_INPUT_WITH_WEAK_PULLUP ;        ;              ;                ; Column I/O   ;                 ; no       ; On           ;
; AW10     ; 535        ; 4B                 ; RESERVED_INPUT_WITH_WEAK_PULLUP ;        ;              ;                ; Column I/O   ;                 ; no       ; On           ;
; AW11     ; 531        ; 4B                 ; RESERVED_INPUT_WITH_WEAK_PULLUP ;        ;              ;                ; Column I/O   ;                 ; no       ; On           ;
; AW12     ;            ; 4A, 4B, 4C, 4D, 4E ; VCCPD4                          ; power  ;              ; 2.5V           ; --           ;                 ; --       ; --           ;
; AW13     ; 495        ; 4C                 ; RESERVED_INPUT_WITH_WEAK_PULLUP ;        ;              ;                ; Column I/O   ;                 ; no       ; On           ;
; AW14     ; 494        ; 4C                 ; RESERVED_INPUT_WITH_WEAK_PULLUP ;        ;              ;                ; Column I/O   ;                 ; no       ; On           ;
; AW15     ;            ; 4A, 4B, 4C, 4D, 4E ; VCCPD4                          ; power  ;              ; 2.5V           ; --           ;                 ; --       ; --           ;
; AW16     ; 457        ; 4D                 ; RESERVED_INPUT_WITH_WEAK_PULLUP ;        ;              ;                ; Column I/O   ;                 ; no       ; On           ;
; AW17     ; 456        ; 4D                 ; RESERVED_INPUT_WITH_WEAK_PULLUP ;        ;              ;                ; Column I/O   ;                 ; no       ; On           ;
; AW18     ;            ; 4A, 4B, 4C, 4D, 4E ; VCCPD4                          ; power  ;              ; 2.5V           ; --           ;                 ; --       ; --           ;
; AW19     ; 426        ; 4D                 ; RESERVED_INPUT_WITH_WEAK_PULLUP ;        ;              ;                ; Column I/O   ;                 ; no       ; On           ;
; AW20     ; 411        ; 4E                 ; RESERVED_INPUT_WITH_WEAK_PULLUP ;        ;              ;                ; Column I/O   ;                 ; no       ; On           ;
; AW21     ; 410        ; 4E                 ; a[15]                           ; input  ; 2.5 V        ;                ; Column I/O   ; N               ; no       ; Off          ;
; AW22     ; 400        ; 4E                 ; RESERVED_INPUT_WITH_WEAK_PULLUP ;        ;              ;                ; Column I/O   ;                 ; no       ; On           ;
; AW23     ; 375        ; 3E                 ; RESERVED_INPUT_WITH_WEAK_PULLUP ;        ;              ;                ; Column I/O   ;                 ; no       ; On           ;
; AW24     ; 350        ; 3E                 ; RESERVED_INPUT_WITH_WEAK_PULLUP ;        ;              ;                ; Column I/O   ;                 ; no       ; On           ;
; AW25     ;            ; 3C, 3D, 3E         ; VCCPD3CD                        ; power  ;              ; 2.5V           ; --           ;                 ; --       ; --           ;
; AW26     ; 344        ; 3D                 ; a[60]                           ; input  ; 2.5 V        ;                ; Column I/O   ; N               ; no       ; Off          ;
; AW27     ; 319        ; 3D                 ; q[6]                            ; output ; 2.5 V        ;                ; Column I/O   ; N               ; no       ; Off          ;
; AW28     ;            ; 3C, 3D, 3E         ; VCCPD3CD                        ; power  ;              ; 2.5V           ; --           ;                 ; --       ; --           ;
; AW29     ; 310        ; 3D                 ; a[97]                           ; input  ; 2.5 V        ;                ; Column I/O   ; N               ; no       ; Off          ;
; AW30     ; 275        ; 3C                 ; q[12]                           ; output ; 2.5 V        ;                ; Column I/O   ; N               ; no       ; Off          ;
; AW31     ;            ; 3A, 3B             ; VCCPD3AB                        ; power  ;              ; 2.5V           ; --           ;                 ; --       ; --           ;
; AW32     ; 266        ; 3C                 ; a[70]                           ; input  ; 2.5 V        ;                ; Column I/O   ; N               ; no       ; Off          ;
; AW33     ; 214        ; 3B                 ; RESERVED_INPUT_WITH_WEAK_PULLUP ;        ;              ;                ; Column I/O   ;                 ; no       ; On           ;
; AW34     ;            ; 3A, 3B             ; VCCPD3AB                        ; power  ;              ; 2.5V           ; --           ;                 ; --       ; --           ;
; AW35     ; 209        ; 3B                 ; RESERVED_INPUT_WITH_WEAK_PULLUP ;        ;              ;                ; Column I/O   ;                 ; no       ; On           ;
; AW36     ; 206        ; 3B                 ; RESERVED_INPUT_WITH_WEAK_PULLUP ;        ;              ;                ; Column I/O   ;                 ; no       ; On           ;
; AW37     ; 166        ; 3A                 ; RESERVED_INPUT_WITH_WEAK_PULLUP ;        ;              ;                ; Column I/O   ;                 ; no       ; On           ;
; AW38     ;            ;                    ; GND                             ; gnd    ;              ;                ; --           ;                 ; --       ; --           ;
; AW39     ;            ;                    ; GND                             ; gnd    ;              ;                ; --           ;                 ; --       ; --           ;
; AW40     ;            ;                    ; GND                             ; gnd    ;              ;                ; --           ;                 ; --       ; --           ;
; AW41     ; 143        ; B0L                ; GND                             ;        ;              ;                ; --           ;                 ; --       ; --           ;
; AW42     ; 142        ; B0L                ; GND                             ;        ;              ;                ; --           ;                 ; --       ; --           ;
; AW43     ;            ;                    ; GND                             ; gnd    ;              ;                ; --           ;                 ; --       ; --           ;
; AW44     ;            ;                    ; GND                             ; gnd    ;              ;                ; --           ;                 ; --       ; --           ;
; AY1      ; 611        ; B0R                ; GND                             ;        ;              ;                ; --           ;                 ; --       ; --           ;
; AY2      ; 610        ; B0R                ; GND                             ;        ;              ;                ; --           ;                 ; --       ; --           ;
; AY3      ;            ;                    ; GND                             ; gnd    ;              ;                ; --           ;                 ; --       ; --           ;
; AY4      ;            ;                    ; GND                             ; gnd    ;              ;                ; --           ;                 ; --       ; --           ;
; AY5      ; 601        ; B0R                ; GXB_NC                          ;        ;              ;                ; --           ;                 ; --       ; --           ;
; AY6      ; 600        ; B0R                ; GXB_NC                          ;        ;              ;                ; --           ;                 ; --       ; --           ;
; AY7      ;            ;                    ; GND                             ; gnd    ;              ;                ; --           ;                 ; --       ; --           ;
; AY8      ;            ;                    ; GND                             ; gnd    ;              ;                ; --           ;                 ; --       ; --           ;
; AY9      ; 569        ; 4A                 ; RESERVED_INPUT_WITH_WEAK_PULLUP ;        ;              ;                ; Column I/O   ;                 ; no       ; On           ;
; AY10     ; 534        ; 4B                 ; RESERVED_INPUT_WITH_WEAK_PULLUP ;        ;              ;                ; Column I/O   ;                 ; no       ; On           ;
; AY11     ;            ;                    ; GND                             ; gnd    ;              ;                ; --           ;                 ; --       ; --           ;
; AY12     ; 530        ; 4B                 ; RESERVED_INPUT_WITH_WEAK_PULLUP ;        ;              ;                ; Column I/O   ;                 ; no       ; On           ;
; AY13     ; 487        ; 4C                 ; RESERVED_INPUT_WITH_WEAK_PULLUP ;        ;              ;                ; Column I/O   ;                 ; no       ; On           ;
; AY14     ;            ;                    ; GND                             ; gnd    ;              ;                ; --           ;                 ; --       ; --           ;
; AY15     ; 481        ; 4C                 ; RESERVED_INPUT_WITH_WEAK_PULLUP ;        ;              ;                ; Column I/O   ;                 ; no       ; On           ;
; AY16     ; 451        ; 4D                 ; RESERVED_INPUT_WITH_WEAK_PULLUP ;        ;              ;                ; Column I/O   ;                 ; no       ; On           ;
; AY17     ;            ;                    ; GND                             ; gnd    ;              ;                ; --           ;                 ; --       ; --           ;
; AY18     ; 449        ; 4D                 ; RESERVED_INPUT_WITH_WEAK_PULLUP ;        ;              ;                ; Column I/O   ;                 ; no       ; On           ;
; AY19     ; 443        ; 4D                 ; RESERVED_INPUT_WITH_WEAK_PULLUP ;        ;              ;                ; Column I/O   ;                 ; no       ; On           ;
; AY20     ;            ;                    ; GND                             ; gnd    ;              ;                ; --           ;                 ; --       ; --           ;
; AY21     ; 403        ; 4E                 ; RESERVED_INPUT_WITH_WEAK_PULLUP ;        ;              ;                ; Column I/O   ;                 ; no       ; On           ;
; AY22     ; 405        ; 4E                 ; RESERVED_INPUT_WITH_WEAK_PULLUP ;        ;              ;                ; Column I/O   ;                 ; no       ; On           ;
; AY23     ;            ;                    ; GND                             ; gnd    ;              ;                ; --           ;                 ; --       ; --           ;
; AY24     ; 374        ; 3E                 ; RESERVED_INPUT_WITH_WEAK_PULLUP ;        ;              ;                ; Column I/O   ;                 ; no       ; On           ;
; AY25     ; 357        ; 3E                 ; RESERVED_INPUT_WITH_WEAK_PULLUP ;        ;              ;                ; Column I/O   ;                 ; no       ; On           ;
; AY26     ;            ;                    ; GND                             ; gnd    ;              ;                ; --           ;                 ; --       ; --           ;
; AY27     ; 318        ; 3D                 ; a[64]                           ; input  ; 2.5 V        ;                ; Column I/O   ; N               ; no       ; Off          ;
; AY28     ; 311        ; 3D                 ; q[37]                           ; output ; 2.5 V        ;                ; Column I/O   ; N               ; no       ; Off          ;
; AY29     ;            ;                    ; GND                             ; gnd    ;              ;                ; --           ;                 ; --       ; --           ;
; AY30     ; 281        ; 3C                 ; a[88]                           ; input  ; 2.5 V        ;                ; Column I/O   ; N               ; no       ; Off          ;
; AY31     ; 274        ; 3C                 ; q[28]                           ; output ; 2.5 V        ;                ; Column I/O   ; N               ; no       ; Off          ;
; AY32     ;            ;                    ; GND                             ; gnd    ;              ;                ; --           ;                 ; --       ; --           ;
; AY33     ; 221        ; 3B                 ; q[32]                           ; output ; 2.5 V        ;                ; Column I/O   ; N               ; no       ; Off          ;
; AY34     ; 213        ; 3B                 ; RESERVED_INPUT_WITH_WEAK_PULLUP ;        ;              ;                ; Column I/O   ;                 ; no       ; On           ;
; AY35     ;            ;                    ; GND                             ; gnd    ;              ;                ; --           ;                 ; --       ; --           ;
; AY36     ; 208        ; 3B                 ; RESERVED_INPUT_WITH_WEAK_PULLUP ;        ;              ;                ; Column I/O   ;                 ; no       ; On           ;
; AY37     ; 169        ; 3A                 ; RESERVED_INPUT_WITH_WEAK_PULLUP ;        ;              ;                ; Column I/O   ;                 ; no       ; On           ;
; AY38     ;            ;                    ; GND                             ; gnd    ;              ;                ; --           ;                 ; --       ; --           ;
; AY39     ; 149        ; B0L                ; GXB_NC                          ;        ;              ;                ; --           ;                 ; --       ; --           ;
; AY40     ; 148        ; B0L                ; GXB_NC                          ;        ;              ;                ; --           ;                 ; --       ; --           ;
; AY41     ;            ;                    ; GND                             ; gnd    ;              ;                ; --           ;                 ; --       ; --           ;
; AY42     ;            ;                    ; GND                             ; gnd    ;              ;                ; --           ;                 ; --       ; --           ;
; AY43     ; 139        ; B0L                ; GND                             ;        ;              ;                ; --           ;                 ; --       ; --           ;
; AY44     ; 138        ; B0L                ; GND                             ;        ;              ;                ; --           ;                 ; --       ; --           ;
; B1       ; 699        ; B3R                ; GND                             ;        ;              ;                ; --           ;                 ; --       ; --           ;
; B2       ; 698        ; B3R                ; GND                             ;        ;              ;                ; --           ;                 ; --       ; --           ;
; B3       ;            ;                    ; GND                             ; gnd    ;              ;                ; --           ;                 ; --       ; --           ;
; B4       ;            ;                    ; GND                             ; gnd    ;              ;                ; --           ;                 ; --       ; --           ;
; B5       ;            ;                    ; GND                             ; gnd    ;              ;                ; --           ;                 ; --       ; --           ;
; B6       ;            ;                    ; GND                             ; gnd    ;              ;                ; --           ;                 ; --       ; --           ;
; B7       ; 773        ; 7A                 ; RESERVED_INPUT_WITH_WEAK_PULLUP ;        ;              ;                ; Column I/O   ;                 ; no       ; On           ;
; B8       ; 771        ; 7A                 ; RESERVED_INPUT_WITH_WEAK_PULLUP ;        ;              ;                ; Column I/O   ;                 ; no       ; On           ;
; B9       ;            ; 7A                 ; VCCIO7A                         ; power  ;              ; 2.5V           ; --           ;                 ; --       ; --           ;
; B10      ; 821        ; 7B                 ; RESERVED_INPUT_WITH_WEAK_PULLUP ;        ;              ;                ; Column I/O   ;                 ; no       ; On           ;
; B11      ; 819        ; 7B                 ; a[13]                           ; input  ; 2.5 V        ;                ; Column I/O   ; N               ; no       ; Off          ;
; B12      ;            ; 7B                 ; VCCIO7B                         ; power  ;              ; 2.5V           ; --           ;                 ; --       ; --           ;
; B13      ; 865        ; 7C                 ; RESERVED_INPUT_WITH_WEAK_PULLUP ;        ;              ;                ; Column I/O   ;                 ; no       ; On           ;
; B14      ; 869        ; 7C                 ; RESERVED_INPUT_WITH_WEAK_PULLUP ;        ;              ;                ; Column I/O   ;                 ; no       ; On           ;
; B15      ;            ; 7C                 ; VCCIO7C                         ; power  ;              ; 2.5V           ; --           ;                 ; --       ; --           ;
; B16      ; 893        ; 7D                 ; RESERVED_INPUT_WITH_WEAK_PULLUP ;        ;              ;                ; Column I/O   ;                 ; no       ; On           ;
; B17      ; 901        ; 7D                 ; RESERVED_INPUT_WITH_WEAK_PULLUP ;        ;              ;                ; Column I/O   ;                 ; no       ; On           ;
; B18      ;            ; 7D                 ; VCCIO7D                         ; power  ;              ; 2.5V           ; --           ;                 ; --       ; --           ;
; B19      ; 905        ; 7D                 ; RESERVED_INPUT_WITH_WEAK_PULLUP ;        ;              ;                ; Column I/O   ;                 ; no       ; On           ;
; B20      ; 949        ; 7E                 ; RESERVED_INPUT_WITH_WEAK_PULLUP ;        ;              ;                ; Column I/O   ;                 ; no       ; On           ;
; B21      ;            ; 7E                 ; VCCIO7E                         ; power  ;              ; 2.5V           ; --           ;                 ; --       ; --           ;
; B22      ; 953        ; 7E                 ; RESERVED_INPUT_WITH_WEAK_PULLUP ;        ;              ;                ; Column I/O   ;                 ; no       ; On           ;
; B23      ; 957        ; 8E                 ; RESERVED_INPUT_WITH_WEAK_PULLUP ;        ;              ;                ; Column I/O   ;                 ; no       ; On           ;
; B24      ;            ; 8E                 ; VCCIO8E                         ; power  ;              ; 2.5V           ; --           ;                 ; --       ; --           ;
; B25      ; 955        ; 8E                 ; RESERVED_INPUT_WITH_WEAK_PULLUP ;        ;              ;                ; Column I/O   ;                 ; no       ; On           ;
; B26      ; 993        ; 8D                 ; RESERVED_INPUT_WITH_WEAK_PULLUP ;        ;              ;                ; Column I/O   ;                 ; no       ; On           ;
; B27      ;            ; 8D                 ; VCCIO8D                         ; power  ;              ; 2.5V           ; --           ;                 ; --       ; --           ;
; B28      ; 1002       ; 8D                 ; RESERVED_INPUT_WITH_WEAK_PULLUP ;        ;              ;                ; Column I/O   ;                 ; no       ; On           ;
; B29      ; 1054       ; 8C                 ; RESERVED_INPUT_WITH_WEAK_PULLUP ;        ;              ;                ; Column I/O   ;                 ; no       ; On           ;
; B30      ;            ; 8C                 ; VCCIO8C                         ; power  ;              ; 2.5V           ; --           ;                 ; --       ; --           ;
; B31      ; 1056       ; 8C                 ; RESERVED_INPUT_WITH_WEAK_PULLUP ;        ;              ;                ; Column I/O   ;                 ; no       ; On           ;
; B32      ; 1090       ; 8B                 ; RESERVED_INPUT_WITH_WEAK_PULLUP ;        ;              ;                ; Column I/O   ;                 ; no       ; On           ;
; B33      ;            ; 8B                 ; VCCIO8B                         ; power  ;              ; 2.5V           ; --           ;                 ; --       ; --           ;
; B34      ; 1092       ; 8B                 ; a[125]                          ; input  ; 2.5 V        ;                ; Column I/O   ; N               ; no       ; Off          ;
; B35      ; 1096       ; 8B                 ; RESERVED_INPUT_WITH_WEAK_PULLUP ;        ;              ;                ; Column I/O   ;                 ; no       ; On           ;
; B36      ;            ; 8A                 ; VCCIO8A                         ; power  ;              ; 2.5V           ; --           ;                 ; --       ; --           ;
; B37      ; 1135       ; 8A                 ; RESERVED_INPUT_WITH_WEAK_PULLUP ;        ;              ;                ; Column I/O   ;                 ; no       ; On           ;
; B38      ; 1138       ; 8A                 ; RESERVED_INPUT_WITH_WEAK_PULLUP ;        ;              ;                ; Column I/O   ;                 ; no       ; On           ;
; B39      ; 1139       ; 8A                 ; RESERVED_INPUT_WITH_WEAK_PULLUP ;        ;              ;                ; Column I/O   ;                 ; no       ; On           ;
; B40      ;            ;                    ; GND                             ; gnd    ;              ;                ; --           ;                 ; --       ; --           ;
; B41      ;            ;                    ; GND                             ; gnd    ;              ;                ; --           ;                 ; --       ; --           ;
; B42      ;            ;                    ; GND                             ; gnd    ;              ;                ; --           ;                 ; --       ; --           ;
; B43      ; 51         ; B3L                ; GND                             ;        ;              ;                ; --           ;                 ; --       ; --           ;
; B44      ; 50         ; B3L                ; GND                             ;        ;              ;                ; --           ;                 ; --       ; --           ;
; BA1      ;            ;                    ; GND                             ; gnd    ;              ;                ; --           ;                 ; --       ; --           ;
; BA2      ;            ;                    ; GND                             ; gnd    ;              ;                ; --           ;                 ; --       ; --           ;
; BA3      ; 603        ; B0R                ; GND                             ;        ;              ;                ; --           ;                 ; --       ; --           ;
; BA4      ; 602        ; B0R                ; GND                             ;        ;              ;                ; --           ;                 ; --       ; --           ;
; BA5      ;            ;                    ; GND                             ; gnd    ;              ;                ; --           ;                 ; --       ; --           ;
; BA6      ;            ;                    ; GND                             ; gnd    ;              ;                ; --           ;                 ; --       ; --           ;
; BA7      ;            ;                    ; GND                             ; gnd    ;              ;                ; --           ;                 ; --       ; --           ;
; BA8      ;            ;                    ; GND                             ; gnd    ;              ;                ; --           ;                 ; --       ; --           ;
; BA9      ; 568        ; 4A                 ; RESERVED_INPUT_WITH_WEAK_PULLUP ;        ;              ;                ; Column I/O   ;                 ; no       ; On           ;
; BA10     ; 537        ; 4B                 ; RESERVED_INPUT_WITH_WEAK_PULLUP ;        ;              ;                ; Column I/O   ;                 ; no       ; On           ;
; BA11     ;            ; 4B                 ; VCCIO4B                         ; power  ;              ; 2.5V           ; --           ;                 ; --       ; --           ;
; BA12     ; 527        ; 4B                 ; RESERVED_INPUT_WITH_WEAK_PULLUP ;        ;              ;                ; Column I/O   ;                 ; no       ; On           ;
; BA13     ; 486        ; 4C                 ; RESERVED_INPUT_WITH_WEAK_PULLUP ;        ;              ;                ; Column I/O   ;                 ; no       ; On           ;
; BA14     ;            ; 4C                 ; VCCIO4C                         ; power  ;              ; 2.5V           ; --           ;                 ; --       ; --           ;
; BA15     ; 480        ; 4C                 ; RESERVED_INPUT_WITH_WEAK_PULLUP ;        ;              ;                ; Column I/O   ;                 ; no       ; On           ;
; BA16     ; 450        ; 4D                 ; RESERVED_INPUT_WITH_WEAK_PULLUP ;        ;              ;                ; Column I/O   ;                 ; no       ; On           ;
; BA17     ;            ; 4D                 ; VCCIO4D                         ; power  ;              ; 2.5V           ; --           ;                 ; --       ; --           ;
; BA18     ; 448        ; 4D                 ; CLK                             ; input  ; 2.5 V        ;                ; Column I/O   ; N               ; no       ; Off          ;
; BA19     ; 442        ; 4D                 ; RESERVED_INPUT_WITH_WEAK_PULLUP ;        ;              ;                ; Column I/O   ;                 ; no       ; On           ;
; BA20     ;            ; 4E                 ; VCCIO4E                         ; power  ;              ; 2.5V           ; --           ;                 ; --       ; --           ;
; BA21     ; 402        ; 4E                 ; RESERVED_INPUT_WITH_WEAK_PULLUP ;        ;              ;                ; Column I/O   ;                 ; no       ; On           ;
; BA22     ; 404        ; 4E                 ; RESERVED_INPUT_WITH_WEAK_PULLUP ;        ;              ;                ; Column I/O   ;                 ; no       ; On           ;
; BA23     ;            ; 3E                 ; VCCIO3E                         ; power  ;              ; 2.5V           ; --           ;                 ; --       ; --           ;
; BA24     ; 356        ; 3E                 ; RESERVED_INPUT_WITH_WEAK_PULLUP ;        ;              ;                ; Column I/O   ;                 ; no       ; On           ;
; BA25     ; 353        ; 3E                 ; RESERVED_INPUT_WITH_WEAK_PULLUP ;        ;              ;                ; Column I/O   ;                 ; no       ; On           ;
; BA26     ;            ; 3D                 ; VCCIO3D                         ; power  ;              ; 2.5V           ; --           ;                 ; --       ; --           ;
; BA27     ; 321        ; 3D                 ; a[63]                           ; input  ; 2.5 V        ;                ; Column I/O   ; N               ; no       ; Off          ;
; BA28     ; 315        ; 3D                 ; q[19]                           ; output ; 2.5 V        ;                ; Column I/O   ; N               ; no       ; Off          ;
; BA29     ; 280        ; 3C                 ; a[69]                           ; input  ; 2.5 V        ;                ; Column I/O   ; N               ; no       ; Off          ;
; BA30     ; 285        ; 3C                 ; a[72]                           ; input  ; 2.5 V        ;                ; Column I/O   ; N               ; no       ; Off          ;
; BA31     ; 277        ; 3C                 ; q[9]                            ; output ; 2.5 V        ;                ; Column I/O   ; N               ; no       ; Off          ;
; BA32     ;            ; 3C                 ; VCCIO3C                         ; power  ;              ; 2.5V           ; --           ;                 ; --       ; --           ;
; BA33     ; 220        ; 3B                 ; q[7]                            ; output ; 2.5 V        ;                ; Column I/O   ; N               ; no       ; Off          ;
; BA34     ; 212        ; 3B                 ; RESERVED_INPUT_WITH_WEAK_PULLUP ;        ;              ;                ; Column I/O   ;                 ; no       ; On           ;
; BA35     ;            ; 3B                 ; VCCIO3B                         ; power  ;              ; 2.5V           ; --           ;                 ; --       ; --           ;
; BA36     ; 168        ; 3A                 ; RESERVED_INPUT_WITH_WEAK_PULLUP ;        ;              ;                ; Column I/O   ;                 ; no       ; On           ;
; BA37     ;            ; 3A                 ; VCCIO3A                         ; power  ;              ; 2.5V           ; --           ;                 ; --       ; --           ;
; BA38     ;            ;                    ; GND                             ; gnd    ;              ;                ; --           ;                 ; --       ; --           ;
; BA39     ;            ;                    ; GND                             ; gnd    ;              ;                ; --           ;                 ; --       ; --           ;
; BA40     ;            ;                    ; GND                             ; gnd    ;              ;                ; --           ;                 ; --       ; --           ;
; BA41     ; 147        ; B0L                ; GND                             ;        ;              ;                ; --           ;                 ; --       ; --           ;
; BA42     ; 146        ; B0L                ; GND                             ;        ;              ;                ; --           ;                 ; --       ; --           ;
; BA43     ;            ;                    ; GND                             ; gnd    ;              ;                ; --           ;                 ; --       ; --           ;
; BA44     ;            ;                    ; GND                             ; gnd    ;              ;                ; --           ;                 ; --       ; --           ;
; BB1      ; 599        ; B0R                ; GND                             ;        ;              ;                ; --           ;                 ; --       ; --           ;
; BB2      ; 598        ; B0R                ; GND                             ;        ;              ;                ; --           ;                 ; --       ; --           ;
; BB3      ;            ;                    ; GND                             ; gnd    ;              ;                ; --           ;                 ; --       ; --           ;
; BB4      ;            ;                    ; GND                             ; gnd    ;              ;                ; --           ;                 ; --       ; --           ;
; BB5      ;            ;                    ; GND                             ; gnd    ;              ;                ; --           ;                 ; --       ; --           ;
; BB6      ;            ;                    ; GND                             ; gnd    ;              ;                ; --           ;                 ; --       ; --           ;
; BB7      ;            ;                    ; GND                             ; gnd    ;              ;                ; --           ;                 ; --       ; --           ;
; BB8      ; 567        ; 4A                 ; a[34]                           ; input  ; 2.5 V        ;                ; Column I/O   ; N               ; no       ; Off          ;
; BB9      ; 566        ; 4A                 ; RESERVED_INPUT_WITH_WEAK_PULLUP ;        ;              ;                ; Column I/O   ;                 ; no       ; On           ;
; BB10     ;            ;                    ; GND                             ; gnd    ;              ;                ; --           ;                 ; --       ; --           ;
; BB11     ; 536        ; 4B                 ; RESERVED_INPUT_WITH_WEAK_PULLUP ;        ;              ;                ; Column I/O   ;                 ; no       ; On           ;
; BB12     ; 526        ; 4B                 ; RESERVED_INPUT_WITH_WEAK_PULLUP ;        ;              ;                ; Column I/O   ;                 ; no       ; On           ;
; BB13     ;            ;                    ; GND                             ; gnd    ;              ;                ; --           ;                 ; --       ; --           ;
; BB14     ; 483        ; 4C                 ; RESERVED_INPUT_WITH_WEAK_PULLUP ;        ;              ;                ; Column I/O   ;                 ; no       ; On           ;
; BB15     ; 482        ; 4C                 ; RESERVED_INPUT_WITH_WEAK_PULLUP ;        ;              ;                ; Column I/O   ;                 ; no       ; On           ;
; BB16     ;            ;                    ; GND                             ; gnd    ;              ;                ; --           ;                 ; --       ; --           ;
; BB17     ; 452        ; 4D                 ; a[124]                          ; input  ; 2.5 V        ;                ; Column I/O   ; N               ; no       ; Off          ;
; BB18     ; 453        ; 4D                 ; RESERVED_INPUT_WITH_WEAK_PULLUP ;        ;              ;                ; Column I/O   ;                 ; no       ; On           ;
; BB19     ;            ;                    ; GND                             ; gnd    ;              ;                ; --           ;                 ; --       ; --           ;
; BB20     ; 417        ; 4E                 ; a[24]                           ; input  ; 2.5 V        ;                ; Column I/O   ; N               ; no       ; Off          ;
; BB21     ; 416        ; 4E                 ; RESERVED_INPUT_WITH_WEAK_PULLUP ;        ;              ;                ; Column I/O   ;                 ; no       ; On           ;
; BB22     ;            ;                    ; GND                             ; gnd    ;              ;                ; --           ;                 ; --       ; --           ;
; BB23     ; 379        ; 3E                 ; RESERVED_INPUT_WITH_WEAK_PULLUP ;        ;              ;                ; Column I/O   ;                 ; no       ; On           ;
; BB24     ; 378        ; 3E                 ; RESERVED_INPUT_WITH_WEAK_PULLUP ;        ;              ;                ; Column I/O   ;                 ; no       ; On           ;
; BB25     ;            ;                    ; GND                             ; gnd    ;              ;                ; --           ;                 ; --       ; --           ;
; BB26     ; 352        ; 3E                 ; RESERVED_INPUT_WITH_WEAK_PULLUP ;        ;              ;                ; Column I/O   ;                 ; no       ; On           ;
; BB27     ; 320        ; 3D                 ; a[66]                           ; input  ; 2.5 V        ;                ; Column I/O   ; N               ; no       ; Off          ;
; BB28     ;            ;                    ; GND                             ; gnd    ;              ;                ; --           ;                 ; --       ; --           ;
; BB29     ; 314        ; 3D                 ; q[3]                            ; output ; 2.5 V        ;                ; Column I/O   ; N               ; no       ; Off          ;
; BB30     ; 284        ; 3C                 ; a[110]                          ; input  ; 2.5 V        ;                ; Column I/O   ; N               ; no       ; Off          ;
; BB31     ;            ;                    ; GND                             ; gnd    ;              ;                ; --           ;                 ; --       ; --           ;
; BB32     ; 276        ; 3C                 ; RESERVED_INPUT_WITH_WEAK_PULLUP ;        ;              ;                ; Column I/O   ;                 ; no       ; On           ;
; BB33     ; 225        ; 3B                 ; q[44]                           ; output ; 2.5 V        ;                ; Column I/O   ; N               ; no       ; Off          ;
; BB34     ;            ;                    ; GND                             ; gnd    ;              ;                ; --           ;                 ; --       ; --           ;
; BB35     ; 211        ; 3B                 ; RESERVED_INPUT_WITH_WEAK_PULLUP ;        ;              ;                ; Column I/O   ;                 ; no       ; On           ;
; BB36     ; 171        ; 3A                 ; RESERVED_INPUT_WITH_WEAK_PULLUP ;        ;              ;                ; Column I/O   ;                 ; no       ; On           ;
; BB37     ;            ;                    ; GND                             ; gnd    ;              ;                ; --           ;                 ; --       ; --           ;
; BB38     ; 173        ; 3A                 ; ~ALTERA_DATA0~ / RESERVED_INPUT ; input  ; 1.8 V        ;                ; Column I/O   ; N               ; no       ; Off          ;
; BB39     ; 172        ; 3A                 ; RESERVED_INPUT_WITH_WEAK_PULLUP ;        ;              ;                ; Column I/O   ;                 ; no       ; On           ;
; BB40     ;            ;                    ; GND                             ; gnd    ;              ;                ; --           ;                 ; --       ; --           ;
; BB41     ;            ;                    ; GND                             ; gnd    ;              ;                ; --           ;                 ; --       ; --           ;
; BB42     ;            ;                    ; GND                             ; gnd    ;              ;                ; --           ;                 ; --       ; --           ;
; BB43     ; 151        ; B0L                ; GND                             ;        ;              ;                ; --           ;                 ; --       ; --           ;
; BB44     ; 150        ; B0L                ; GND                             ;        ;              ;                ; --           ;                 ; --       ; --           ;
; BC1      ;            ;                    ; GND                             ; gnd    ;              ;                ; --           ;                 ; --       ; --           ;
; BC2      ;            ;                    ; GND                             ; gnd    ;              ;                ; --           ;                 ; --       ; --           ;
; BC3      ;            ;                    ; GND                             ; gnd    ;              ;                ; --           ;                 ; --       ; --           ;
; BC4      ;            ;                    ; GND                             ; gnd    ;              ;                ; --           ;                 ; --       ; --           ;
; BC5      ;            ;                    ; GND                             ; gnd    ;              ;                ; --           ;                 ; --       ; --           ;
; BC6      ;            ;                    ; GND                             ; gnd    ;              ;                ; --           ;                 ; --       ; --           ;
; BC7      ; 563        ; 4A                 ; RESERVED_INPUT_WITH_WEAK_PULLUP ;        ;              ;                ; Column I/O   ;                 ; no       ; On           ;
; BC8      ; 565        ; 4A                 ; RESERVED_INPUT_WITH_WEAK_PULLUP ;        ;              ;                ; Column I/O   ;                 ; no       ; On           ;
; BC9      ;            ; 4A                 ; VCCIO4A                         ; power  ;              ; 2.5V           ; --           ;                 ; --       ; --           ;
; BC10     ; 533        ; 4B                 ; RESERVED_INPUT_WITH_WEAK_PULLUP ;        ;              ;                ; Column I/O   ;                 ; no       ; On           ;
; BC11     ; 529        ; 4B                 ; RESERVED_INPUT_WITH_WEAK_PULLUP ;        ;              ;                ; Column I/O   ;                 ; no       ; On           ;
; BC12     ;            ; 4B                 ; VCCIO4B                         ; power  ;              ; 2.5V           ; --           ;                 ; --       ; --           ;
; BC13     ; 489        ; 4C                 ; RESERVED_INPUT_WITH_WEAK_PULLUP ;        ;              ;                ; Column I/O   ;                 ; no       ; On           ;
; BC14     ; 485        ; 4C                 ; RESERVED_INPUT_WITH_WEAK_PULLUP ;        ;              ;                ; Column I/O   ;                 ; no       ; On           ;
; BC15     ;            ; 4C                 ; VCCIO4C                         ; power  ;              ; 2.5V           ; --           ;                 ; --       ; --           ;
; BC16     ; 479        ; 4C                 ; RESERVED_INPUT_WITH_WEAK_PULLUP ;        ;              ;                ; Column I/O   ;                 ; no       ; On           ;
; BC17     ; 447        ; 4D                 ; RESERVED_INPUT_WITH_WEAK_PULLUP ;        ;              ;                ; Column I/O   ;                 ; no       ; On           ;
; BC18     ;            ; 4D                 ; VCCIO4D                         ; power  ;              ; 2.5V           ; --           ;                 ; --       ; --           ;
; BC19     ; 445        ; 4D                 ; RESERVED_INPUT_WITH_WEAK_PULLUP ;        ;              ;                ; Column I/O   ;                 ; no       ; On           ;
; BC20     ; 415        ; 4E                 ; a[59]                           ; input  ; 2.5 V        ;                ; Column I/O   ; N               ; no       ; Off          ;
; BC21     ;            ; 4E                 ; VCCIO4E                         ; power  ;              ; 2.5V           ; --           ;                 ; --       ; --           ;
; BC22     ; 413        ; 4E                 ; RESERVED_INPUT_WITH_WEAK_PULLUP ;        ;              ;                ; Column I/O   ;                 ; no       ; On           ;
; BC23     ; 381        ; 3E                 ; RESERVED_INPUT_WITH_WEAK_PULLUP ;        ;              ;                ; Column I/O   ;                 ; no       ; On           ;
; BC24     ;            ; 3E                 ; VCCIO3E                         ; power  ;              ; 2.5V           ; --           ;                 ; --       ; --           ;
; BC25     ; 377        ; 3E                 ; RESERVED_INPUT_WITH_WEAK_PULLUP ;        ;              ;                ; Column I/O   ;                 ; no       ; On           ;
; BC26     ; 355        ; 3E                 ; RESERVED_INPUT_WITH_WEAK_PULLUP ;        ;              ;                ; Column I/O   ;                 ; no       ; On           ;
; BC27     ;            ; 3D                 ; VCCIO3D                         ; power  ;              ; 2.5V           ; --           ;                 ; --       ; --           ;
; BC28     ; 317        ; 3D                 ; q[4]                            ; output ; 2.5 V        ;                ; Column I/O   ; N               ; no       ; Off          ;
; BC29     ; 313        ; 3D                 ; a[73]                           ; input  ; 2.5 V        ;                ; Column I/O   ; N               ; no       ; Off          ;
; BC30     ;            ; 3C                 ; VCCIO3C                         ; power  ;              ; 2.5V           ; --           ;                 ; --       ; --           ;
; BC31     ; 283        ; 3C                 ; a[115]                          ; input  ; 2.5 V        ;                ; Column I/O   ; N               ; no       ; Off          ;
; BC32     ; 279        ; 3C                 ; a[123]                          ; input  ; 2.5 V        ;                ; Column I/O   ; N               ; no       ; Off          ;
; BC33     ;            ; 3B                 ; VCCIO3B                         ; power  ;              ; 2.5V           ; --           ;                 ; --       ; --           ;
; BC34     ; 224        ; 3B                 ; q[36]                           ; output ; 2.5 V        ;                ; Column I/O   ; N               ; no       ; Off          ;
; BC35     ; 210        ; 3B                 ; RESERVED_INPUT_WITH_WEAK_PULLUP ;        ;              ;                ; Column I/O   ;                 ; no       ; On           ;
; BC36     ;            ; 3A                 ; VCCIO3A                         ; power  ;              ; 2.5V           ; --           ;                 ; --       ; --           ;
; BC37     ; 170        ; 3A                 ; RESERVED_INPUT_WITH_WEAK_PULLUP ;        ;              ;                ; Column I/O   ;                 ; no       ; On           ;
; BC38     ; 177        ; 3A                 ; RESERVED_INPUT_WITH_WEAK_PULLUP ;        ;              ;                ; Column I/O   ;                 ; no       ; On           ;
; BC39     ; 175        ; 3A                 ; RESERVED_INPUT_WITH_WEAK_PULLUP ;        ;              ;                ; Column I/O   ;                 ; no       ; On           ;
; BC40     ;            ;                    ; GND                             ; gnd    ;              ;                ; --           ;                 ; --       ; --           ;
; BC41     ;            ;                    ; GND                             ; gnd    ;              ;                ; --           ;                 ; --       ; --           ;
; BC42     ;            ;                    ; GND                             ; gnd    ;              ;                ; --           ;                 ; --       ; --           ;
; BC43     ;            ;                    ; GND                             ; gnd    ;              ;                ; --           ;                 ; --       ; --           ;
; BC44     ;            ;                    ; GND                             ; gnd    ;              ;                ; --           ;                 ; --       ; --           ;
; BD2      ;            ;                    ; GND                             ;        ;              ;                ; --           ;                 ; --       ; --           ;
; BD3      ;            ;                    ; DNU                             ;        ;              ;                ; --           ;                 ; --       ; --           ;
; BD4      ;            ;                    ; DNU                             ;        ;              ;                ; --           ;                 ; --       ; --           ;
; BD5      ;            ;                    ; GND                             ; gnd    ;              ;                ; --           ;                 ; --       ; --           ;
; BD6      ;            ;                    ; GND                             ; gnd    ;              ;                ; --           ;                 ; --       ; --           ;
; BD7      ; 562        ; 4A                 ; RESERVED_INPUT_WITH_WEAK_PULLUP ;        ;              ;                ; Column I/O   ;                 ; no       ; On           ;
; BD8      ; 564        ; 4A                 ; RESERVED_INPUT_WITH_WEAK_PULLUP ;        ;              ;                ; Column I/O   ;                 ; no       ; On           ;
; BD9      ;            ;                    ; GND                             ; gnd    ;              ;                ; --           ;                 ; --       ; --           ;
; BD10     ; 532        ; 4B                 ; RESERVED_INPUT_WITH_WEAK_PULLUP ;        ;              ;                ; Column I/O   ;                 ; no       ; On           ;
; BD11     ; 528        ; 4B                 ; RESERVED_INPUT_WITH_WEAK_PULLUP ;        ;              ;                ; Column I/O   ;                 ; no       ; On           ;
; BD12     ;            ;                    ; GND                             ; gnd    ;              ;                ; --           ;                 ; --       ; --           ;
; BD13     ; 488        ; 4C                 ; RESERVED_INPUT_WITH_WEAK_PULLUP ;        ;              ;                ; Column I/O   ;                 ; no       ; On           ;
; BD14     ; 484        ; 4C                 ; RESERVED_INPUT_WITH_WEAK_PULLUP ;        ;              ;                ; Column I/O   ;                 ; no       ; On           ;
; BD15     ;            ;                    ; GND                             ; gnd    ;              ;                ; --           ;                 ; --       ; --           ;
; BD16     ; 478        ; 4C                 ; RESERVED_INPUT_WITH_WEAK_PULLUP ;        ;              ;                ; Column I/O   ;                 ; no       ; On           ;
; BD17     ; 446        ; 4D                 ; RESERVED_INPUT_WITH_WEAK_PULLUP ;        ;              ;                ; Column I/O   ;                 ; no       ; On           ;
; BD18     ;            ;                    ; GND                             ; gnd    ;              ;                ; --           ;                 ; --       ; --           ;
; BD19     ; 444        ; 4D                 ; RESERVED_INPUT_WITH_WEAK_PULLUP ;        ;              ;                ; Column I/O   ;                 ; no       ; On           ;
; BD20     ; 414        ; 4E                 ; RESERVED_INPUT_WITH_WEAK_PULLUP ;        ;              ;                ; Column I/O   ;                 ; no       ; On           ;
; BD21     ;            ;                    ; GND                             ; gnd    ;              ;                ; --           ;                 ; --       ; --           ;
; BD22     ; 412        ; 4E                 ; a[12]                           ; input  ; 2.5 V        ;                ; Column I/O   ; N               ; no       ; Off          ;
; BD23     ; 380        ; 3E                 ; RESERVED_INPUT_WITH_WEAK_PULLUP ;        ;              ;                ; Column I/O   ;                 ; no       ; On           ;
; BD24     ;            ;                    ; GND                             ; gnd    ;              ;                ; --           ;                 ; --       ; --           ;
; BD25     ; 376        ; 3E                 ; RESERVED_INPUT_WITH_WEAK_PULLUP ;        ;              ;                ; Column I/O   ;                 ; no       ; On           ;
; BD26     ; 354        ; 3E                 ; RESERVED_INPUT_WITH_WEAK_PULLUP ;        ;              ;                ; Column I/O   ;                 ; no       ; On           ;
; BD27     ;            ;                    ; GND                             ; gnd    ;              ;                ; --           ;                 ; --       ; --           ;
; BD28     ; 316        ; 3D                 ; q[58]                           ; output ; 2.5 V        ;                ; Column I/O   ; N               ; no       ; Off          ;
; BD29     ; 312        ; 3D                 ; q[13]                           ; output ; 2.5 V        ;                ; Column I/O   ; N               ; no       ; Off          ;
; BD30     ;            ;                    ; GND                             ; gnd    ;              ;                ; --           ;                 ; --       ; --           ;
; BD31     ; 282        ; 3C                 ; q[55]                           ; output ; 2.5 V        ;                ; Column I/O   ; N               ; no       ; Off          ;
; BD32     ; 278        ; 3C                 ; a[82]                           ; input  ; 2.5 V        ;                ; Column I/O   ; N               ; no       ; Off          ;
; BD33     ;            ;                    ; GND                             ; gnd    ;              ;                ; --           ;                 ; --       ; --           ;
; BD34     ; 223        ; 3B                 ; q[2]                            ; output ; 2.5 V        ;                ; Column I/O   ; N               ; no       ; Off          ;
; BD35     ; 222        ; 3B                 ; q[17]                           ; output ; 2.5 V        ;                ; Column I/O   ; N               ; no       ; Off          ;
; BD36     ;            ;                    ; GND                             ; gnd    ;              ;                ; --           ;                 ; --       ; --           ;
; BD37     ; 176        ; 3A                 ; RESERVED_INPUT_WITH_WEAK_PULLUP ;        ;              ;                ; Column I/O   ;                 ; no       ; On           ;
; BD38     ; 174        ; 3A                 ; a[21]                           ; input  ; 2.5 V        ;                ; Column I/O   ; N               ; no       ; Off          ;
; BD39     ;            ;                    ; GND                             ; gnd    ;              ;                ; --           ;                 ; --       ; --           ;
; BD40     ;            ;                    ; GND                             ; gnd    ;              ;                ; --           ;                 ; --       ; --           ;
; BD41     ;            ;                    ; DNU                             ;        ;              ;                ; --           ;                 ; --       ; --           ;
; BD42     ;            ;                    ; DNU                             ;        ;              ;                ; --           ;                 ; --       ; --           ;
; BD43     ;            ;                    ; GND                             ;        ;              ;                ; --           ;                 ; --       ; --           ;
; C1       ;            ;                    ; GND                             ; gnd    ;              ;                ; --           ;                 ; --       ; --           ;
; C2       ;            ;                    ; GND                             ; gnd    ;              ;                ; --           ;                 ; --       ; --           ;
; C3       ; 703        ; B3R                ; GND                             ;        ;              ;                ; --           ;                 ; --       ; --           ;
; C4       ; 702        ; B3R                ; GND                             ;        ;              ;                ; --           ;                 ; --       ; --           ;
; C5       ;            ;                    ; GND                             ; gnd    ;              ;                ; --           ;                 ; --       ; --           ;
; C6       ;            ;                    ; GND                             ; gnd    ;              ;                ; --           ;                 ; --       ; --           ;
; C7       ;            ;                    ; GND                             ; gnd    ;              ;                ; --           ;                 ; --       ; --           ;
; C8       ;            ;                    ; GND                             ; gnd    ;              ;                ; --           ;                 ; --       ; --           ;
; C9       ; 770        ; 7A                 ; RESERVED_INPUT_WITH_WEAK_PULLUP ;        ;              ;                ; Column I/O   ;                 ; no       ; On           ;
; C10      ; 818        ; 7B                 ; a[127]                          ; input  ; 2.5 V        ;                ; Column I/O   ; N               ; no       ; Off          ;
; C11      ;            ;                    ; GND                             ; gnd    ;              ;                ; --           ;                 ; --       ; --           ;
; C12      ; 816        ; 7B                 ; RESERVED_INPUT_WITH_WEAK_PULLUP ;        ;              ;                ; Column I/O   ;                 ; no       ; On           ;
; C13      ; 862        ; 7C                 ; RESERVED_INPUT_WITH_WEAK_PULLUP ;        ;              ;                ; Column I/O   ;                 ; no       ; On           ;
; C14      ;            ;                    ; GND                             ; gnd    ;              ;                ; --           ;                 ; --       ; --           ;
; C15      ; 868        ; 7C                 ; RESERVED_INPUT_WITH_WEAK_PULLUP ;        ;              ;                ; Column I/O   ;                 ; no       ; On           ;
; C16      ; 867        ; 7C                 ; RESERVED_INPUT_WITH_WEAK_PULLUP ;        ;              ;                ; Column I/O   ;                 ; no       ; On           ;
; C17      ;            ;                    ; GND                             ; gnd    ;              ;                ; --           ;                 ; --       ; --           ;
; C18      ; 904        ; 7D                 ; RESERVED_INPUT_WITH_WEAK_PULLUP ;        ;              ;                ; Column I/O   ;                 ; no       ; On           ;
; C19      ; 903        ; 7D                 ; RESERVED_INPUT_WITH_WEAK_PULLUP ;        ;              ;                ; Column I/O   ;                 ; no       ; On           ;
; C20      ;            ;                    ; GND                             ; gnd    ;              ;                ; --           ;                 ; --       ; --           ;
; C21      ; 952        ; 7E                 ; RESERVED_INPUT_WITH_WEAK_PULLUP ;        ;              ;                ; Column I/O   ;                 ; no       ; On           ;
; C22      ; 951        ; 7E                 ; RESERVED_INPUT_WITH_WEAK_PULLUP ;        ;              ;                ; Column I/O   ;                 ; no       ; On           ;
; C23      ;            ;                    ; GND                             ; gnd    ;              ;                ; --           ;                 ; --       ; --           ;
; C24      ; 960        ; 8E                 ; RESERVED_INPUT_WITH_WEAK_PULLUP ;        ;              ;                ; Column I/O   ;                 ; no       ; On           ;
; C25      ; 959        ; 8E                 ; RESERVED_INPUT_WITH_WEAK_PULLUP ;        ;              ;                ; Column I/O   ;                 ; no       ; On           ;
; C26      ;            ;                    ; GND                             ; gnd    ;              ;                ; --           ;                 ; --       ; --           ;
; C27      ; 992        ; 8D                 ; RESERVED_INPUT_WITH_WEAK_PULLUP ;        ;              ;                ; Column I/O   ;                 ; no       ; On           ;
; C28      ; 1001       ; 8D                 ; a[26]                           ; input  ; 2.5 V        ;                ; Column I/O   ; N               ; no       ; Off          ;
; C29      ;            ;                    ; GND                             ; gnd    ;              ;                ; --           ;                 ; --       ; --           ;
; C30      ; 1053       ; 8C                 ; RESERVED_INPUT_WITH_WEAK_PULLUP ;        ;              ;                ; Column I/O   ;                 ; no       ; On           ;
; C31      ; 1055       ; 8C                 ; RESERVED_INPUT_WITH_WEAK_PULLUP ;        ;              ;                ; Column I/O   ;                 ; no       ; On           ;
; C32      ;            ;                    ; GND                             ; gnd    ;              ;                ; --           ;                 ; --       ; --           ;
; C33      ; 1089       ; 8B                 ; RESERVED_INPUT_WITH_WEAK_PULLUP ;        ;              ;                ; Column I/O   ;                 ; no       ; On           ;
; C34      ; 1091       ; 8B                 ; RESERVED_INPUT_WITH_WEAK_PULLUP ;        ;              ;                ; Column I/O   ;                 ; no       ; On           ;
; C35      ;            ;                    ; GND                             ; gnd    ;              ;                ; --           ;                 ; --       ; --           ;
; C36      ; 1095       ; 8B                 ; RESERVED_INPUT_WITH_WEAK_PULLUP ;        ;              ;                ; Column I/O   ;                 ; no       ; On           ;
; C37      ; 1137       ; 8A                 ; a[55]                           ; input  ; 2.5 V        ;                ; Column I/O   ; N               ; no       ; Off          ;
; C38      ;            ;                    ; GND                             ; gnd    ;              ;                ; --           ;                 ; --       ; --           ;
; C39      ;            ;                    ; GND                             ; gnd    ;              ;                ; --           ;                 ; --       ; --           ;
; C40      ;            ;                    ; GND                             ; gnd    ;              ;                ; --           ;                 ; --       ; --           ;
; C41      ; 47         ; B3L                ; GND                             ;        ;              ;                ; --           ;                 ; --       ; --           ;
; C42      ; 46         ; B3L                ; GND                             ;        ;              ;                ; --           ;                 ; --       ; --           ;
; C43      ;            ;                    ; GND                             ; gnd    ;              ;                ; --           ;                 ; --       ; --           ;
; C44      ;            ;                    ; GND                             ; gnd    ;              ;                ; --           ;                 ; --       ; --           ;
; D1       ; 695        ; B3R                ; GND                             ;        ;              ;                ; --           ;                 ; --       ; --           ;
; D2       ; 694        ; B3R                ; GND                             ;        ;              ;                ; --           ;                 ; --       ; --           ;
; D3       ;            ;                    ; GND                             ; gnd    ;              ;                ; --           ;                 ; --       ; --           ;
; D4       ;            ;                    ; GND                             ; gnd    ;              ;                ; --           ;                 ; --       ; --           ;
; D5       ; 705        ; B3R                ; GXB_NC                          ;        ;              ;                ; --           ;                 ; --       ; --           ;
; D6       ; 704        ; B3R                ; GXB_NC                          ;        ;              ;                ; --           ;                 ; --       ; --           ;
; D7       ;            ;                    ; GND                             ; gnd    ;              ;                ; --           ;                 ; --       ; --           ;
; D8       ;            ;                    ; GND                             ; gnd    ;              ;                ; --           ;                 ; --       ; --           ;
; D9       ; 768        ; 7A                 ; RESERVED_INPUT_WITH_WEAK_PULLUP ;        ;              ;                ; Column I/O   ;                 ; no       ; On           ;
; D10      ; 769        ; 7A                 ; RESERVED_INPUT_WITH_WEAK_PULLUP ;        ;              ;                ; Column I/O   ;                 ; no       ; On           ;
; D11      ; 817        ; 7B                 ; RESERVED_INPUT_WITH_WEAK_PULLUP ;        ;              ;                ; Column I/O   ;                 ; no       ; On           ;
; D12      ; 815        ; 7B                 ; RESERVED_INPUT_WITH_WEAK_PULLUP ;        ;              ;                ; Column I/O   ;                 ; no       ; On           ;
; D13      ;            ; 7B                 ; VCCIO7B                         ; power  ;              ; 2.5V           ; --           ;                 ; --       ; --           ;
; D14      ; 861        ; 7C                 ; RESERVED_INPUT_WITH_WEAK_PULLUP ;        ;              ;                ; Column I/O   ;                 ; no       ; On           ;
; D15      ; 864        ; 7C                 ; RESERVED_INPUT_WITH_WEAK_PULLUP ;        ;              ;                ; Column I/O   ;                 ; no       ; On           ;
; D16      ;            ; 7C                 ; VCCIO7C                         ; power  ;              ; 2.5V           ; --           ;                 ; --       ; --           ;
; D17      ; 892        ; 7D                 ; RESERVED_INPUT_WITH_WEAK_PULLUP ;        ;              ;                ; Column I/O   ;                 ; no       ; On           ;
; D18      ; 898        ; 7D                 ; a[57]                           ; input  ; 2.5 V        ;                ; Column I/O   ; N               ; no       ; Off          ;
; D19      ;            ; 7D                 ; VCCIO7D                         ; power  ;              ; 2.5V           ; --           ;                 ; --       ; --           ;
; D20      ; 948        ; 7E                 ; RESERVED_INPUT_WITH_WEAK_PULLUP ;        ;              ;                ; Column I/O   ;                 ; no       ; On           ;
; D21      ; 947        ; 7E                 ; RESERVED_INPUT_WITH_WEAK_PULLUP ;        ;              ;                ; Column I/O   ;                 ; no       ; On           ;
; D22      ;            ; 7E                 ; VCCIO7E                         ; power  ;              ; 2.5V           ; --           ;                 ; --       ; --           ;
; D23      ; 962        ; 8E                 ; RESERVED_INPUT_WITH_WEAK_PULLUP ;        ;              ;                ; Column I/O   ;                 ; no       ; On           ;
; D24      ; 966        ; 8E                 ; RESERVED_INPUT_WITH_WEAK_PULLUP ;        ;              ;                ; Column I/O   ;                 ; no       ; On           ;
; D25      ;            ; 8E                 ; VCCIO8E                         ; power  ;              ; 2.5V           ; --           ;                 ; --       ; --           ;
; D26      ; 990        ; 8E                 ; RESERVED_INPUT_WITH_WEAK_PULLUP ;        ;              ;                ; Column I/O   ;                 ; no       ; On           ;
; D27      ; 991        ; 8D                 ; RESERVED_INPUT_WITH_WEAK_PULLUP ;        ;              ;                ; Column I/O   ;                 ; no       ; On           ;
; D28      ;            ; 8D                 ; VCCIO8D                         ; power  ;              ; 2.5V           ; --           ;                 ; --       ; --           ;
; D29      ; 1000       ; 8D                 ; RESERVED_INPUT_WITH_WEAK_PULLUP ;        ;              ;                ; Column I/O   ;                 ; no       ; On           ;
; D30      ; 1058       ; 8C                 ; RESERVED_INPUT_WITH_WEAK_PULLUP ;        ;              ;                ; Column I/O   ;                 ; no       ; On           ;
; D31      ;            ; 8C                 ; VCCIO8C                         ; power  ;              ; 2.5V           ; --           ;                 ; --       ; --           ;
; D32      ; 1060       ; 8C                 ; RESERVED_INPUT_WITH_WEAK_PULLUP ;        ;              ;                ; Column I/O   ;                 ; no       ; On           ;
; D33      ; 1094       ; 8B                 ; RESERVED_INPUT_WITH_WEAK_PULLUP ;        ;              ;                ; Column I/O   ;                 ; no       ; On           ;
; D34      ;            ; 8B                 ; VCCIO8B                         ; power  ;              ; 2.5V           ; --           ;                 ; --       ; --           ;
; D35      ; 1098       ; 8B                 ; a[4]                            ; input  ; 2.5 V        ;                ; Column I/O   ; N               ; no       ; Off          ;
; D36      ; 1097       ; 8B                 ; RESERVED_INPUT_WITH_WEAK_PULLUP ;        ;              ;                ; Column I/O   ;                 ; no       ; On           ;
; D37      ; 1142       ; 8A                 ; RESERVED_INPUT_WITH_WEAK_PULLUP ;        ;              ;                ; Column I/O   ;                 ; no       ; On           ;
; D38      ;            ;                    ; GND                             ; gnd    ;              ;                ; --           ;                 ; --       ; --           ;
; D39      ; 45         ; B3L                ; GXB_NC                          ;        ;              ;                ; --           ;                 ; --       ; --           ;
; D40      ; 44         ; B3L                ; GXB_NC                          ;        ;              ;                ; --           ;                 ; --       ; --           ;
; D41      ;            ;                    ; GND                             ; gnd    ;              ;                ; --           ;                 ; --       ; --           ;
; D42      ;            ;                    ; GND                             ; gnd    ;              ;                ; --           ;                 ; --       ; --           ;
; D43      ; 55         ; B3L                ; GND                             ;        ;              ;                ; --           ;                 ; --       ; --           ;
; D44      ; 54         ; B3L                ; GND                             ;        ;              ;                ; --           ;                 ; --       ; --           ;
; E1       ;            ;                    ; GND                             ; gnd    ;              ;                ; --           ;                 ; --       ; --           ;
; E2       ;            ;                    ; GND                             ; gnd    ;              ;                ; --           ;                 ; --       ; --           ;
; E3       ; 697        ; B3R                ; GXB_NC                          ;        ;              ;                ; --           ;                 ; --       ; --           ;
; E4       ; 696        ; B3R                ; GXB_NC                          ;        ;              ;                ; --           ;                 ; --       ; --           ;
; E5       ;            ;                    ; GND                             ; gnd    ;              ;                ; --           ;                 ; --       ; --           ;
; E6       ;            ;                    ; GND                             ; gnd    ;              ;                ; --           ;                 ; --       ; --           ;
; E7       ;            ;                    ; GND                             ; gnd    ;              ;                ; --           ;                 ; --       ; --           ;
; E8       ; 767        ; 7A                 ; RESERVED_INPUT_WITH_WEAK_PULLUP ;        ;              ;                ; Column I/O   ;                 ; no       ; On           ;
; E9       ; 766        ; 7A                 ; RESERVED_INPUT_WITH_WEAK_PULLUP ;        ;              ;                ; Column I/O   ;                 ; no       ; On           ;
; E10      ;            ;                    ; GND                             ; gnd    ;              ;                ; --           ;                 ; --       ; --           ;
; E11      ; 814        ; 7B                 ; RESERVED_INPUT_WITH_WEAK_PULLUP ;        ;              ;                ; Column I/O   ;                 ; no       ; On           ;
; E12      ; 813        ; 7B                 ; RESERVED_INPUT_WITH_WEAK_PULLUP ;        ;              ;                ; Column I/O   ;                 ; no       ; On           ;
; E13      ;            ;                    ; GND                             ; gnd    ;              ;                ; --           ;                 ; --       ; --           ;
; E14      ; 860        ; 7C                 ; a[48]                           ; input  ; 2.5 V        ;                ; Column I/O   ; N               ; no       ; Off          ;
; E15      ; 863        ; 7C                 ; RESERVED_INPUT_WITH_WEAK_PULLUP ;        ;              ;                ; Column I/O   ;                 ; no       ; On           ;
; E16      ;            ;                    ; GND                             ; gnd    ;              ;                ; --           ;                 ; --       ; --           ;
; E17      ; 891        ; 7D                 ; RESERVED_INPUT_WITH_WEAK_PULLUP ;        ;              ;                ; Column I/O   ;                 ; no       ; On           ;
; E18      ; 897        ; 7D                 ; a[6]                            ; input  ; 2.5 V        ;                ; Column I/O   ; N               ; no       ; Off          ;
; E19      ;            ;                    ; GND                             ; gnd    ;              ;                ; --           ;                 ; --       ; --           ;
; E20      ; 946        ; 7E                 ; a[3]                            ; input  ; 2.5 V        ;                ; Column I/O   ; N               ; no       ; Off          ;
; E21      ; 945        ; 7E                 ; RESERVED_INPUT_WITH_WEAK_PULLUP ;        ;              ;                ; Column I/O   ;                 ; no       ; On           ;
; E22      ;            ;                    ; GND                             ; gnd    ;              ;                ; --           ;                 ; --       ; --           ;
; E23      ; 961        ; 8E                 ; RESERVED_INPUT_WITH_WEAK_PULLUP ;        ;              ;                ; Column I/O   ;                 ; no       ; On           ;
; E24      ; 965        ; 8E                 ; RESERVED_INPUT_WITH_WEAK_PULLUP ;        ;              ;                ; Column I/O   ;                 ; no       ; On           ;
; E25      ;            ;                    ; GND                             ; gnd    ;              ;                ; --           ;                 ; --       ; --           ;
; E26      ; 989        ; 8E                 ; RESERVED_INPUT_WITH_WEAK_PULLUP ;        ;              ;                ; Column I/O   ;                 ; no       ; On           ;
; E27      ; 996        ; 8D                 ; RESERVED_INPUT_WITH_WEAK_PULLUP ;        ;              ;                ; Column I/O   ;                 ; no       ; On           ;
; E28      ;            ;                    ; GND                             ; gnd    ;              ;                ; --           ;                 ; --       ; --           ;
; E29      ; 999        ; 8D                 ; RESERVED_INPUT_WITH_WEAK_PULLUP ;        ;              ;                ; Column I/O   ;                 ; no       ; On           ;
; E30      ; 1057       ; 8C                 ; RESERVED_INPUT_WITH_WEAK_PULLUP ;        ;              ;                ; Column I/O   ;                 ; no       ; On           ;
; E31      ;            ;                    ; GND                             ; gnd    ;              ;                ; --           ;                 ; --       ; --           ;
; E32      ; 1059       ; 8C                 ; RESERVED_INPUT_WITH_WEAK_PULLUP ;        ;              ;                ; Column I/O   ;                 ; no       ; On           ;
; E33      ; 1093       ; 8B                 ; RESERVED_INPUT_WITH_WEAK_PULLUP ;        ;              ;                ; Column I/O   ;                 ; no       ; On           ;
; E34      ;            ;                    ; GND                             ; gnd    ;              ;                ; --           ;                 ; --       ; --           ;
; E35      ; 1112       ; 8B                 ; RESERVED_INPUT_WITH_WEAK_PULLUP ;        ;              ;                ; Column I/O   ;                 ; no       ; On           ;
; E36      ; 1141       ; 8A                 ; RESERVED_INPUT_WITH_WEAK_PULLUP ;        ;              ;                ; Column I/O   ;                 ; no       ; On           ;
; E37      ;            ;                    ; GND                             ; gnd    ;              ;                ; --           ;                 ; --       ; --           ;
; E38      ;            ;                    ; GND                             ; gnd    ;              ;                ; --           ;                 ; --       ; --           ;
; E39      ;            ;                    ; GND                             ; gnd    ;              ;                ; --           ;                 ; --       ; --           ;
; E40      ;            ;                    ; GND                             ; gnd    ;              ;                ; --           ;                 ; --       ; --           ;
; E41      ; 53         ; B3L                ; GXB_NC                          ;        ;              ;                ; --           ;                 ; --       ; --           ;
; E42      ; 52         ; B3L                ; GXB_NC                          ;        ;              ;                ; --           ;                 ; --       ; --           ;
; E43      ;            ;                    ; GND                             ; gnd    ;              ;                ; --           ;                 ; --       ; --           ;
; E44      ;            ;                    ; GND                             ; gnd    ;              ;                ; --           ;                 ; --       ; --           ;
; F1       ; 691        ; B3R                ; GND                             ;        ;              ;                ; --           ;                 ; --       ; --           ;
; F2       ; 690        ; B3R                ; GND                             ;        ;              ;                ; --           ;                 ; --       ; --           ;
; F3       ;            ;                    ; GND                             ; gnd    ;              ;                ; --           ;                 ; --       ; --           ;
; F4       ;            ;                    ; GND                             ; gnd    ;              ;                ; --           ;                 ; --       ; --           ;
; F5       ; 701        ; B3R                ; GXB_NC                          ;        ;              ;                ; --           ;                 ; --       ; --           ;
; F6       ; 700        ; B3R                ; GXB_NC                          ;        ;              ;                ; --           ;                 ; --       ; --           ;
; F7       ;            ;                    ; GND                             ; gnd    ;              ;                ; --           ;                 ; --       ; --           ;
; F8       ; 764        ; 7A                 ; RESERVED_INPUT_WITH_WEAK_PULLUP ;        ;              ;                ; Column I/O   ;                 ; no       ; On           ;
; F9       ; 765        ; 7A                 ; RESERVED_INPUT_WITH_WEAK_PULLUP ;        ;              ;                ; Column I/O   ;                 ; no       ; On           ;
; F10      ; 796        ; 7B                 ; RESERVED_INPUT_WITH_WEAK_PULLUP ;        ;              ;                ; Column I/O   ;                 ; no       ; On           ;
; F11      ; 812        ; 7B                 ; RESERVED_INPUT_WITH_WEAK_PULLUP ;        ;              ;                ; Column I/O   ;                 ; no       ; On           ;
; F12      ;            ; 7A, 7B, 7C, 7D, 7E ; VCCPD7                          ; power  ;              ; 2.5V           ; --           ;                 ; --       ; --           ;
; F13      ; 830        ; 7C                 ; RESERVED_INPUT_WITH_WEAK_PULLUP ;        ;              ;                ; Column I/O   ;                 ; no       ; On           ;
; F14      ; 859        ; 7C                 ; RESERVED_INPUT_WITH_WEAK_PULLUP ;        ;              ;                ; Column I/O   ;                 ; no       ; On           ;
; F15      ;            ; 7A, 7B, 7C, 7D, 7E ; VCCPD7                          ; power  ;              ; 2.5V           ; --           ;                 ; --       ; --           ;
; F16      ; 884        ; 7D                 ; RESERVED_INPUT_WITH_WEAK_PULLUP ;        ;              ;                ; Column I/O   ;                 ; no       ; On           ;
; F17      ; 890        ; 7D                 ; RESERVED_INPUT_WITH_WEAK_PULLUP ;        ;              ;                ; Column I/O   ;                 ; no       ; On           ;
; F18      ;            ; 7A, 7B, 7C, 7D, 7E ; VCCPD7                          ; power  ;              ; 2.5V           ; --           ;                 ; --       ; --           ;
; F19      ; 900        ; 7D                 ; RESERVED_INPUT_WITH_WEAK_PULLUP ;        ;              ;                ; Column I/O   ;                 ; no       ; On           ;
; F20      ; 938        ; 7E                 ; a[1]                            ; input  ; 2.5 V        ;                ; Column I/O   ; N               ; no       ; Off          ;
; F21      ; 944        ; 7E                 ; RESERVED_INPUT_WITH_WEAK_PULLUP ;        ;              ;                ; Column I/O   ;                 ; no       ; On           ;
; F22      ; 943        ; 7E                 ; RESERVED_INPUT_WITH_WEAK_PULLUP ;        ;              ;                ; Column I/O   ;                 ; no       ; On           ;
; F23      ; 964        ; 8E                 ; RESERVED_INPUT_WITH_WEAK_PULLUP ;        ;              ;                ; Column I/O   ;                 ; no       ; On           ;
; F24      ; 986        ; 8E                 ; RESERVED_INPUT_WITH_WEAK_PULLUP ;        ;              ;                ; Column I/O   ;                 ; no       ; On           ;
; F25      ; 985        ; 8E                 ; RESERVED_INPUT_WITH_WEAK_PULLUP ;        ;              ;                ; Column I/O   ;                 ; no       ; On           ;
; F26      ; 995        ; 8D                 ; RESERVED_INPUT_WITH_WEAK_PULLUP ;        ;              ;                ; Column I/O   ;                 ; no       ; On           ;
; F27      ;            ; 8A, 8B, 8C, 8D, 8E ; VCCPD8                          ; power  ;              ; 2.5V           ; --           ;                 ; --       ; --           ;
; F28      ; 1006       ; 8D                 ; RESERVED_INPUT_WITH_WEAK_PULLUP ;        ;              ;                ; Column I/O   ;                 ; no       ; On           ;
; F29      ; 1005       ; 8D                 ; RESERVED_INPUT_WITH_WEAK_PULLUP ;        ;              ;                ; Column I/O   ;                 ; no       ; On           ;
; F30      ;            ; 8A, 8B, 8C, 8D, 8E ; VCCPD8                          ; power  ;              ; 2.5V           ; --           ;                 ; --       ; --           ;
; F31      ; 1062       ; 8C                 ; RESERVED_INPUT_WITH_WEAK_PULLUP ;        ;              ;                ; Column I/O   ;                 ; no       ; On           ;
; F32      ; 1064       ; 8C                 ; RESERVED_INPUT_WITH_WEAK_PULLUP ;        ;              ;                ; Column I/O   ;                 ; no       ; On           ;
; F33      ;            ; 8A, 8B, 8C, 8D, 8E ; VCCPD8                          ; power  ;              ; 2.5V           ; --           ;                 ; --       ; --           ;
; F34      ; 1114       ; 8B                 ; RESERVED_INPUT_WITH_WEAK_PULLUP ;        ;              ;                ; Column I/O   ;                 ; no       ; On           ;
; F35      ; 1111       ; 8B                 ; RESERVED_INPUT_WITH_WEAK_PULLUP ;        ;              ;                ; Column I/O   ;                 ; no       ; On           ;
; F36      ; 1146       ; 8A                 ; RESERVED_INPUT_WITH_WEAK_PULLUP ;        ;              ;                ; Column I/O   ;                 ; no       ; On           ;
; F37      ;            ; 8A                 ; VCCIO8A                         ; power  ;              ; 2.5V           ; --           ;                 ; --       ; --           ;
; F38      ;            ;                    ; GND                             ; gnd    ;              ;                ; --           ;                 ; --       ; --           ;
; F39      ; 49         ; B3L                ; GXB_NC                          ;        ;              ;                ; --           ;                 ; --       ; --           ;
; F40      ; 48         ; B3L                ; GXB_NC                          ;        ;              ;                ; --           ;                 ; --       ; --           ;
; F41      ;            ;                    ; GND                             ; gnd    ;              ;                ; --           ;                 ; --       ; --           ;
; F42      ;            ;                    ; GND                             ; gnd    ;              ;                ; --           ;                 ; --       ; --           ;
; F43      ; 59         ; B3L                ; GND                             ;        ;              ;                ; --           ;                 ; --       ; --           ;
; F44      ; 58         ; B3L                ; GND                             ;        ;              ;                ; --           ;                 ; --       ; --           ;
; G1       ;            ;                    ; GND                             ; gnd    ;              ;                ; --           ;                 ; --       ; --           ;
; G2       ;            ;                    ; GND                             ; gnd    ;              ;                ; --           ;                 ; --       ; --           ;
; G3       ; 693        ; B3R                ; GXB_NC                          ;        ;              ;                ; --           ;                 ; --       ; --           ;
; G4       ; 692        ; B3R                ; GXB_NC                          ;        ;              ;                ; --           ;                 ; --       ; --           ;
; G5       ;            ;                    ; GND                             ; gnd    ;              ;                ; --           ;                 ; --       ; --           ;
; G6       ;            ;                    ; GND                             ; gnd    ;              ;                ; --           ;                 ; --       ; --           ;
; G7       ;            ;                    ; GND                             ; gnd    ;              ;                ; --           ;                 ; --       ; --           ;
; G8       ; 763        ; 7A                 ; RESERVED_INPUT_WITH_WEAK_PULLUP ;        ;              ;                ; Column I/O   ;                 ; no       ; On           ;
; G9       ;            ;                    ; GND                             ; gnd    ;              ;                ; --           ;                 ; --       ; --           ;
; G10      ; 795        ; 7B                 ; RESERVED_INPUT_WITH_WEAK_PULLUP ;        ;              ;                ; Column I/O   ;                 ; no       ; On           ;
; G11      ; 811        ; 7B                 ; RESERVED_INPUT_WITH_WEAK_PULLUP ;        ;              ;                ; Column I/O   ;                 ; no       ; On           ;
; G12      ;            ;                    ; GND                             ; gnd    ;              ;                ; --           ;                 ; --       ; --           ;
; G13      ; 829        ; 7C                 ; RESERVED_INPUT_WITH_WEAK_PULLUP ;        ;              ;                ; Column I/O   ;                 ; no       ; On           ;
; G14      ; 832        ; 7C                 ; RESERVED_INPUT_WITH_WEAK_PULLUP ;        ;              ;                ; Column I/O   ;                 ; no       ; On           ;
; G15      ;            ;                    ; GND                             ; gnd    ;              ;                ; --           ;                 ; --       ; --           ;
; G16      ; 883        ; 7D                 ; RESERVED_INPUT_WITH_WEAK_PULLUP ;        ;              ;                ; Column I/O   ;                 ; no       ; On           ;
; G17      ; 889        ; 7D                 ; RESERVED_INPUT_WITH_WEAK_PULLUP ;        ;              ;                ; Column I/O   ;                 ; no       ; On           ;
; G18      ;            ;                    ; GND                             ; gnd    ;              ;                ; --           ;                 ; --       ; --           ;
; G19      ; 899        ; 7D                 ; a[58]                           ; input  ; 2.5 V        ;                ; Column I/O   ; N               ; no       ; Off          ;
; G20      ; 937        ; 7E                 ; RESERVED_INPUT_WITH_WEAK_PULLUP ;        ;              ;                ; Column I/O   ;                 ; no       ; On           ;
; G21      ;            ;                    ; GND                             ; gnd    ;              ;                ; --           ;                 ; --       ; --           ;
; G22      ; 940        ; 7E                 ; RESERVED_INPUT_WITH_WEAK_PULLUP ;        ;              ;                ; Column I/O   ;                 ; no       ; On           ;
; G23      ; 963        ; 8E                 ; RESERVED_INPUT_WITH_WEAK_PULLUP ;        ;              ;                ; Column I/O   ;                 ; no       ; On           ;
; G24      ;            ;                    ; GND                             ; gnd    ;              ;                ; --           ;                 ; --       ; --           ;
; G25      ; 988        ; 8E                 ; RESERVED_INPUT_WITH_WEAK_PULLUP ;        ;              ;                ; Column I/O   ;                 ; no       ; On           ;
; G26      ; 1008       ; 8D                 ; RESERVED_INPUT_WITH_WEAK_PULLUP ;        ;              ;                ; Column I/O   ;                 ; no       ; On           ;
; G27      ;            ;                    ; GND                             ; gnd    ;              ;                ; --           ;                 ; --       ; --           ;
; G28      ; 1004       ; 8D                 ; a[51]                           ; input  ; 2.5 V        ;                ; Column I/O   ; N               ; no       ; Off          ;
; G29      ; 1003       ; 8D                 ; RESERVED_INPUT_WITH_WEAK_PULLUP ;        ;              ;                ; Column I/O   ;                 ; no       ; On           ;
; G30      ;            ;                    ; GND                             ; gnd    ;              ;                ; --           ;                 ; --       ; --           ;
; G31      ; 1061       ; 8C                 ; RESERVED_INPUT_WITH_WEAK_PULLUP ;        ;              ;                ; Column I/O   ;                 ; no       ; On           ;
; G32      ; 1063       ; 8C                 ; RESERVED_INPUT_WITH_WEAK_PULLUP ;        ;              ;                ; Column I/O   ;                 ; no       ; On           ;
; G33      ;            ;                    ; GND                             ; gnd    ;              ;                ; --           ;                 ; --       ; --           ;
; G34      ; 1113       ; 8B                 ; RESERVED_INPUT_WITH_WEAK_PULLUP ;        ;              ;                ; Column I/O   ;                 ; no       ; On           ;
; G35      ; 1116       ; 8B                 ; RESERVED_INPUT_WITH_WEAK_PULLUP ;        ;              ;                ; Column I/O   ;                 ; no       ; On           ;
; G36      ;            ;                    ; GND                             ; gnd    ;              ;                ; --           ;                 ; --       ; --           ;
; G37      ; 1145       ; 8A                 ; RESERVED_INPUT_WITH_WEAK_PULLUP ;        ;              ;                ; Column I/O   ;                 ; no       ; On           ;
; G38      ;            ;                    ; GND                             ; gnd    ;              ;                ; --           ;                 ; --       ; --           ;
; G39      ;            ;                    ; GND                             ; gnd    ;              ;                ; --           ;                 ; --       ; --           ;
; G40      ;            ;                    ; GND                             ; gnd    ;              ;                ; --           ;                 ; --       ; --           ;
; G41      ; 57         ; B3L                ; GXB_NC                          ;        ;              ;                ; --           ;                 ; --       ; --           ;
; G42      ; 56         ; B3L                ; GXB_NC                          ;        ;              ;                ; --           ;                 ; --       ; --           ;
; G43      ;            ;                    ; GND                             ; gnd    ;              ;                ; --           ;                 ; --       ; --           ;
; G44      ;            ;                    ; GND                             ; gnd    ;              ;                ; --           ;                 ; --       ; --           ;
; H1       ; 687        ; B3R                ; GND                             ;        ;              ;                ; --           ;                 ; --       ; --           ;
; H2       ; 686        ; B3R                ; GND                             ;        ;              ;                ; --           ;                 ; --       ; --           ;
; H3       ;            ;                    ; GND                             ; gnd    ;              ;                ; --           ;                 ; --       ; --           ;
; H4       ;            ;                    ; GND                             ; gnd    ;              ;                ; --           ;                 ; --       ; --           ;
; H5       ; 689        ; B3R                ; GXB_NC                          ;        ;              ;                ; --           ;                 ; --       ; --           ;
; H6       ; 688        ; B3R                ; GXB_NC                          ;        ;              ;                ; --           ;                 ; --       ; --           ;
; H7       ;            ;                    ; GND                             ; gnd    ;              ;                ; --           ;                 ; --       ; --           ;
; H8       ; 752        ; 7A                 ; RESERVED_INPUT_WITH_WEAK_PULLUP ;        ;              ;                ; Column I/O   ;                 ; no       ; On           ;
; H9       ; 751        ; 7A                 ; a[17]                           ; input  ; 2.5 V        ;                ; Column I/O   ; N               ; no       ; Off          ;
; H10      ; 788        ; 7B                 ; a[49]                           ; input  ; 2.5 V        ;                ; Column I/O   ; N               ; no       ; Off          ;
; H11      ; 794        ; 7B                 ; RESERVED_INPUT_WITH_WEAK_PULLUP ;        ;              ;                ; Column I/O   ;                 ; no       ; On           ;
; H12      ; 793        ; 7B                 ; RESERVED_INPUT_WITH_WEAK_PULLUP ;        ;              ;                ; Column I/O   ;                 ; no       ; On           ;
; H13      ; 824        ; 7C                 ; a[126]                          ; input  ; 2.5 V        ;                ; Column I/O   ; N               ; no       ; Off          ;
; H14      ; 823        ; 7C                 ; RESERVED_INPUT_WITH_WEAK_PULLUP ;        ;              ;                ; Column I/O   ;                 ; no       ; On           ;
; H15      ; 831        ; 7C                 ; RESERVED_INPUT_WITH_WEAK_PULLUP ;        ;              ;                ; Column I/O   ;                 ; no       ; On           ;
; H16      ; 886        ; 7D                 ; RESERVED_INPUT_WITH_WEAK_PULLUP ;        ;              ;                ; Column I/O   ;                 ; no       ; On           ;
; H17      ; 885        ; 7D                 ; RESERVED_INPUT_WITH_WEAK_PULLUP ;        ;              ;                ; Column I/O   ;                 ; no       ; On           ;
; H18      ; 888        ; 7D                 ; RESERVED_INPUT_WITH_WEAK_PULLUP ;        ;              ;                ; Column I/O   ;                 ; no       ; On           ;
; H19      ; 896        ; 7D                 ; RESERVED_INPUT_WITH_WEAK_PULLUP ;        ;              ;                ; Column I/O   ;                 ; no       ; On           ;
; H20      ; 936        ; 7E                 ; RESERVED_INPUT_WITH_WEAK_PULLUP ;        ;              ;                ; Column I/O   ;                 ; no       ; On           ;
; H21      ; 935        ; 7E                 ; RESERVED_INPUT_WITH_WEAK_PULLUP ;        ;              ;                ; Column I/O   ;                 ; no       ; On           ;
; H22      ; 939        ; 7E                 ; RESERVED_INPUT_WITH_WEAK_PULLUP ;        ;              ;                ; Column I/O   ;                 ; no       ; On           ;
; H23      ; 980        ; 8E                 ; RESERVED_INPUT_WITH_WEAK_PULLUP ;        ;              ;                ; Column I/O   ;                 ; no       ; On           ;
; H24      ; 979        ; 8E                 ; RESERVED_INPUT_WITH_WEAK_PULLUP ;        ;              ;                ; Column I/O   ;                 ; no       ; On           ;
; H25      ; 987        ; 8E                 ; RESERVED_INPUT_WITH_WEAK_PULLUP ;        ;              ;                ; Column I/O   ;                 ; no       ; On           ;
; H26      ; 1012       ; 8D                 ; RESERVED_INPUT_WITH_WEAK_PULLUP ;        ;              ;                ; Column I/O   ;                 ; no       ; On           ;
; H27      ; 1007       ; 8D                 ; RESERVED_INPUT_WITH_WEAK_PULLUP ;        ;              ;                ; Column I/O   ;                 ; no       ; On           ;
; H28      ; 1010       ; 8D                 ; RESERVED_INPUT_WITH_WEAK_PULLUP ;        ;              ;                ; Column I/O   ;                 ; no       ; On           ;
; H29      ; 1009       ; 8D                 ; RESERVED_INPUT_WITH_WEAK_PULLUP ;        ;              ;                ; Column I/O   ;                 ; no       ; On           ;
; H30      ; 1068       ; 8C                 ; a[45]                           ; input  ; 2.5 V        ;                ; Column I/O   ; N               ; no       ; Off          ;
; H31      ; 1066       ; 8C                 ; RESERVED_INPUT_WITH_WEAK_PULLUP ;        ;              ;                ; Column I/O   ;                 ; no       ; On           ;
; H32      ; 1065       ; 8C                 ; a[40]                           ; input  ; 2.5 V        ;                ; Column I/O   ; N               ; no       ; Off          ;
; H33      ; 1120       ; 8B                 ; RESERVED_INPUT_WITH_WEAK_PULLUP ;        ;              ;                ; Column I/O   ;                 ; no       ; On           ;
; H34      ; 1119       ; 8B                 ; RESERVED_INPUT_WITH_WEAK_PULLUP ;        ;              ;                ; Column I/O   ;                 ; no       ; On           ;
; H35      ; 1115       ; 8B                 ; RESERVED_INPUT_WITH_WEAK_PULLUP ;        ;              ;                ; Column I/O   ;                 ; no       ; On           ;
; H36      ; 1160       ; 8A                 ; RESERVED_INPUT_WITH_WEAK_PULLUP ;        ;              ;                ; Column I/O   ;                 ; no       ; On           ;
; H37      ; 1144       ; 8A                 ; RESERVED_INPUT_WITH_WEAK_PULLUP ;        ;              ;                ; Column I/O   ;                 ; no       ; On           ;
; H38      ;            ;                    ; GND                             ; gnd    ;              ;                ; --           ;                 ; --       ; --           ;
; H39      ; 61         ; B3L                ; GXB_NC                          ;        ;              ;                ; --           ;                 ; --       ; --           ;
; H40      ; 60         ; B3L                ; GXB_NC                          ;        ;              ;                ; --           ;                 ; --       ; --           ;
; H41      ;            ;                    ; GND                             ; gnd    ;              ;                ; --           ;                 ; --       ; --           ;
; H42      ;            ;                    ; GND                             ; gnd    ;              ;                ; --           ;                 ; --       ; --           ;
; H43      ; 63         ; B3L                ; GND                             ;        ;              ;                ; --           ;                 ; --       ; --           ;
; H44      ; 62         ; B3L                ; GND                             ;        ;              ;                ; --           ;                 ; --       ; --           ;
; J1       ;            ;                    ; GND                             ; gnd    ;              ;                ; --           ;                 ; --       ; --           ;
; J2       ;            ;                    ; GND                             ; gnd    ;              ;                ; --           ;                 ; --       ; --           ;
; J3       ; 677        ; B2R                ; GXB_NC                          ;        ;              ;                ; --           ;                 ; --       ; --           ;
; J4       ; 676        ; B2R                ; GXB_NC                          ;        ;              ;                ; --           ;                 ; --       ; --           ;
; J5       ;            ;                    ; GND                             ; gnd    ;              ;                ; --           ;                 ; --       ; --           ;
; J6       ;            ;                    ; GND                             ; gnd    ;              ;                ; --           ;                 ; --       ; --           ;
; J7       ;            ;                    ; GND                             ; gnd    ;              ;                ; --           ;                 ; --       ; --           ;
; J8       ;            ;                    ; GND                             ; gnd    ;              ;                ; --           ;                 ; --       ; --           ;
; J9       ; 754        ; 7A                 ; RESERVED_INPUT_WITH_WEAK_PULLUP ;        ;              ;                ; Column I/O   ;                 ; no       ; On           ;
; J10      ; 787        ; 7B                 ; RESERVED_INPUT_WITH_WEAK_PULLUP ;        ;              ;                ; Column I/O   ;                 ; no       ; On           ;
; J11      ;            ;                    ; GND                             ; gnd    ;              ;                ; --           ;                 ; --       ; --           ;
; J12      ; 798        ; 7B                 ; RESERVED_INPUT_WITH_WEAK_PULLUP ;        ;              ;                ; Column I/O   ;                 ; no       ; On           ;
; J13      ; 826        ; 7C                 ; RESERVED_INPUT_WITH_WEAK_PULLUP ;        ;              ;                ; Column I/O   ;                 ; no       ; On           ;
; J14      ;            ;                    ; GND                             ; gnd    ;              ;                ; --           ;                 ; --       ; --           ;
; J15      ; 856        ; 7C                 ; RESERVED_INPUT_WITH_WEAK_PULLUP ;        ;              ;                ; Column I/O   ;                 ; no       ; On           ;
; J16      ; 834        ; 7C                 ; RESERVED_INPUT_WITH_WEAK_PULLUP ;        ;              ;                ; Column I/O   ;                 ; no       ; On           ;
; J17      ;            ;                    ; GND                             ; gnd    ;              ;                ; --           ;                 ; --       ; --           ;
; J18      ; 887        ; 7D                 ; RESERVED_INPUT_WITH_WEAK_PULLUP ;        ;              ;                ; Column I/O   ;                 ; no       ; On           ;
; J19      ; 895        ; 7D                 ; RESERVED_INPUT_WITH_WEAK_PULLUP ;        ;              ;                ; Column I/O   ;                 ; no       ; On           ;
; J20      ;            ;                    ; GND                             ; gnd    ;              ;                ; --           ;                 ; --       ; --           ;
; J21      ; 932        ; 7E                 ; RESERVED_INPUT_WITH_WEAK_PULLUP ;        ;              ;                ; Column I/O   ;                 ; no       ; On           ;
; J22      ; 942        ; 7E                 ; RESERVED_INPUT_WITH_WEAK_PULLUP ;        ;              ;                ; Column I/O   ;                 ; no       ; On           ;
; J23      ;            ;                    ; GND                             ; gnd    ;              ;                ; --           ;                 ; --       ; --           ;
; J24      ; 982        ; 8E                 ; RESERVED_INPUT_WITH_WEAK_PULLUP ;        ;              ;                ; Column I/O   ;                 ; no       ; On           ;
; J25      ; 981        ; 8E                 ; RESERVED_INPUT_WITH_WEAK_PULLUP ;        ;              ;                ; Column I/O   ;                 ; no       ; On           ;
; J26      ;            ;                    ; GND                             ; gnd    ;              ;                ; --           ;                 ; --       ; --           ;
; J27      ; 1011       ; 8D                 ; a[25]                           ; input  ; 2.5 V        ;                ; Column I/O   ; N               ; no       ; Off          ;
; J28      ; 1014       ; 8D                 ; RESERVED_INPUT_WITH_WEAK_PULLUP ;        ;              ;                ; Column I/O   ;                 ; no       ; On           ;
; J29      ;            ;                    ; GND                             ; gnd    ;              ;                ; --           ;                 ; --       ; --           ;
; J30      ; 1067       ; 8C                 ; RESERVED_INPUT_WITH_WEAK_PULLUP ;        ;              ;                ; Column I/O   ;                 ; no       ; On           ;
; J31      ; 1118       ; 8B                 ; RESERVED_INPUT_WITH_WEAK_PULLUP ;        ;              ;                ; Column I/O   ;                 ; no       ; On           ;
; J32      ;            ;                    ; GND                             ; gnd    ;              ;                ; --           ;                 ; --       ; --           ;
; J33      ; 1122       ; 8B                 ; RESERVED_INPUT_WITH_WEAK_PULLUP ;        ;              ;                ; Column I/O   ;                 ; no       ; On           ;
; J34      ; 1121       ; 8B                 ; RESERVED_INPUT_WITH_WEAK_PULLUP ;        ;              ;                ; Column I/O   ;                 ; no       ; On           ;
; J35      ;            ;                    ; GND                             ; gnd    ;              ;                ; --           ;                 ; --       ; --           ;
; J36      ; 1159       ; 8A                 ; RESERVED_INPUT_WITH_WEAK_PULLUP ;        ;              ;                ; Column I/O   ;                 ; no       ; On           ;
; J37      ; 1143       ; 8A                 ; RESERVED_INPUT_WITH_WEAK_PULLUP ;        ;              ;                ; Column I/O   ;                 ; no       ; On           ;
; J38      ;            ;                    ; GND                             ; gnd    ;              ;                ; --           ;                 ; --       ; --           ;
; J39      ;            ;                    ; GND                             ; gnd    ;              ;                ; --           ;                 ; --       ; --           ;
; J40      ;            ;                    ; GND                             ; gnd    ;              ;                ; --           ;                 ; --       ; --           ;
; J41      ; 73         ; B2L                ; GXB_NC                          ;        ;              ;                ; --           ;                 ; --       ; --           ;
; J42      ; 72         ; B2L                ; GXB_NC                          ;        ;              ;                ; --           ;                 ; --       ; --           ;
; J43      ;            ;                    ; GND                             ; gnd    ;              ;                ; --           ;                 ; --       ; --           ;
; J44      ;            ;                    ; GND                             ; gnd    ;              ;                ; --           ;                 ; --       ; --           ;
; K1       ; 683        ; B3R                ; GND                             ;        ;              ;                ; --           ;                 ; --       ; --           ;
; K2       ; 682        ; B3R                ; GND                             ;        ;              ;                ; --           ;                 ; --       ; --           ;
; K3       ;            ;                    ; GND                             ; gnd    ;              ;                ; --           ;                 ; --       ; --           ;
; K4       ;            ;                    ; GND                             ; gnd    ;              ;                ; --           ;                 ; --       ; --           ;
; K5       ; 685        ; B3R                ; GXB_NC                          ;        ;              ;                ; --           ;                 ; --       ; --           ;
; K6       ; 684        ; B3R                ; GXB_NC                          ;        ;              ;                ; --           ;                 ; --       ; --           ;
; K7       ;            ;                    ; GND                             ; gnd    ;              ;                ; --           ;                 ; --       ; --           ;
; K8       ; 753        ; 7A                 ; RESERVED_INPUT_WITH_WEAK_PULLUP ;        ;              ;                ; Column I/O   ;                 ; no       ; On           ;
; K9       ; 758        ; 7A                 ; RESERVED_INPUT_WITH_WEAK_PULLUP ;        ;              ;                ; Column I/O   ;                 ; no       ; On           ;
; K10      ; 757        ; 7A                 ; RESERVED_INPUT_WITH_WEAK_PULLUP ;        ;              ;                ; Column I/O   ;                 ; no       ; On           ;
; K11      ; 791        ; 7B                 ; RESERVED_INPUT_WITH_WEAK_PULLUP ;        ;              ;                ; Column I/O   ;                 ; no       ; On           ;
; K12      ; 797        ; 7B                 ; RESERVED_INPUT_WITH_WEAK_PULLUP ;        ;              ;                ; Column I/O   ;                 ; no       ; On           ;
; K13      ; 825        ; 7C                 ; RESERVED_INPUT_WITH_WEAK_PULLUP ;        ;              ;                ; Column I/O   ;                 ; no       ; On           ;
; K14      ; 828        ; 7C                 ; RESERVED_INPUT_WITH_WEAK_PULLUP ;        ;              ;                ; Column I/O   ;                 ; no       ; On           ;
; K15      ; 855        ; 7C                 ; RESERVED_INPUT_WITH_WEAK_PULLUP ;        ;              ;                ; Column I/O   ;                 ; no       ; On           ;
; K16      ; 833        ; 7C                 ; RESERVED_INPUT_WITH_WEAK_PULLUP ;        ;              ;                ; Column I/O   ;                 ; no       ; On           ;
; K17      ; 882        ; 7D                 ; RESERVED_INPUT_WITH_WEAK_PULLUP ;        ;              ;                ; Column I/O   ;                 ; no       ; On           ;
; K18      ; 881        ; 7D                 ; RESERVED_INPUT_WITH_WEAK_PULLUP ;        ;              ;                ; Column I/O   ;                 ; no       ; On           ;
; K19      ; 918        ; 7D                 ; RESERVED_INPUT_WITH_WEAK_PULLUP ;        ;              ;                ; Column I/O   ;                 ; no       ; On           ;
; K20      ; 934        ; 7E                 ; RESERVED_INPUT_WITH_WEAK_PULLUP ;        ;              ;                ; Column I/O   ;                 ; no       ; On           ;
; K21      ; 931        ; 7E                 ; a[23]                           ; input  ; 2.5 V        ;                ; Column I/O   ; N               ; no       ; Off          ;
; K22      ; 941        ; 7E                 ; RESERVED_INPUT_WITH_WEAK_PULLUP ;        ;              ;                ; Column I/O   ;                 ; no       ; On           ;
; K23      ;            ;                    ; DNU                             ;        ;              ;                ; --           ;                 ; --       ; --           ;
; K24      ; 976        ; 8E                 ; RESERVED_INPUT_WITH_WEAK_PULLUP ;        ;              ;                ; Column I/O   ;                 ; no       ; On           ;
; K25      ; 984        ; 8E                 ; RESERVED_INPUT_WITH_WEAK_PULLUP ;        ;              ;                ; Column I/O   ;                 ; no       ; On           ;
; K26      ; 983        ; 8E                 ; RESERVED_INPUT_WITH_WEAK_PULLUP ;        ;              ;                ; Column I/O   ;                 ; no       ; On           ;
; K27      ; 1032       ; 8D                 ; RESERVED_INPUT_WITH_WEAK_PULLUP ;        ;              ;                ; Column I/O   ;                 ; no       ; On           ;
; K28      ; 1013       ; 8D                 ; RESERVED_INPUT_WITH_WEAK_PULLUP ;        ;              ;                ; Column I/O   ;                 ; no       ; On           ;
; K29      ; 1072       ; 8C                 ; RESERVED_INPUT_WITH_WEAK_PULLUP ;        ;              ;                ; Column I/O   ;                 ; no       ; On           ;
; K30      ; 1071       ; 8C                 ; RESERVED_INPUT_WITH_WEAK_PULLUP ;        ;              ;                ; Column I/O   ;                 ; no       ; On           ;
; K31      ; 1117       ; 8B                 ; RESERVED_INPUT_WITH_WEAK_PULLUP ;        ;              ;                ; Column I/O   ;                 ; no       ; On           ;
; K32      ; 1132       ; 8B                 ; RESERVED_INPUT_WITH_WEAK_PULLUP ;        ;              ;                ; Column I/O   ;                 ; no       ; On           ;
; K33      ;            ; 8A                 ; VREFB8AN0                       ; power  ;              ;                ; --           ;                 ; --       ; --           ;
; K34      ; 1162       ; 8A                 ; a[47]                           ; input  ; 2.5 V        ;                ; Column I/O   ; N               ; no       ; Off          ;
; K35      ; 1161       ; 8A                 ; RESERVED_INPUT_WITH_WEAK_PULLUP ;        ;              ;                ; Column I/O   ;                 ; no       ; On           ;
; K36      ; 1164       ; 8A                 ; RESERVED_INPUT_WITH_WEAK_PULLUP ;        ;              ;                ; Column I/O   ;                 ; no       ; On           ;
; K37      ; 1163       ; 8A                 ; RESERVED_INPUT_WITH_WEAK_PULLUP ;        ;              ;                ; Column I/O   ;                 ; no       ; On           ;
; K38      ;            ;                    ; GND                             ; gnd    ;              ;                ; --           ;                 ; --       ; --           ;
; K39      ; 65         ; B3L                ; GXB_NC                          ;        ;              ;                ; --           ;                 ; --       ; --           ;
; K40      ; 64         ; B3L                ; GXB_NC                          ;        ;              ;                ; --           ;                 ; --       ; --           ;
; K41      ;            ;                    ; GND                             ; gnd    ;              ;                ; --           ;                 ; --       ; --           ;
; K42      ;            ;                    ; GND                             ; gnd    ;              ;                ; --           ;                 ; --       ; --           ;
; K43      ; 67         ; B3L                ; GND                             ;        ;              ;                ; --           ;                 ; --       ; --           ;
; K44      ; 66         ; B3L                ; GND                             ;        ;              ;                ; --           ;                 ; --       ; --           ;
; L1       ;            ;                    ; GND                             ; gnd    ;              ;                ; --           ;                 ; --       ; --           ;
; L2       ;            ;                    ; GND                             ; gnd    ;              ;                ; --           ;                 ; --       ; --           ;
; L3       ; 673        ; B2R                ; GXB_NC                          ;        ;              ;                ; --           ;                 ; --       ; --           ;
; L4       ; 672        ; B2R                ; GXB_NC                          ;        ;              ;                ; --           ;                 ; --       ; --           ;
; L5       ;            ;                    ; GND                             ; gnd    ;              ;                ; --           ;                 ; --       ; --           ;
; L6       ;            ;                    ; GND                             ; gnd    ;              ;                ; --           ;                 ; --       ; --           ;
; L7       ;            ;                    ; GND                             ; gnd    ;              ;                ; --           ;                 ; --       ; --           ;
; L8       ; 756        ; 7A                 ; RESERVED_INPUT_WITH_WEAK_PULLUP ;        ;              ;                ; Column I/O   ;                 ; no       ; On           ;
; L9       ; 760        ; 7A                 ; RESERVED_INPUT_WITH_WEAK_PULLUP ;        ;              ;                ; Column I/O   ;                 ; no       ; On           ;
; L10      ;            ;                    ; GND                             ; gnd    ;              ;                ; --           ;                 ; --       ; --           ;
; L11      ; 792        ; 7B                 ; RESERVED_INPUT_WITH_WEAK_PULLUP ;        ;              ;                ; Column I/O   ;                 ; no       ; On           ;
; L12      ; 786        ; 7B                 ; RESERVED_INPUT_WITH_WEAK_PULLUP ;        ;              ;                ; Column I/O   ;                 ; no       ; On           ;
; L13      ;            ;                    ; GND                             ; gnd    ;              ;                ; --           ;                 ; --       ; --           ;
; L14      ; 858        ; 7C                 ; RESERVED_INPUT_WITH_WEAK_PULLUP ;        ;              ;                ; Column I/O   ;                 ; no       ; On           ;
; L15      ; 827        ; 7C                 ; RESERVED_INPUT_WITH_WEAK_PULLUP ;        ;              ;                ; Column I/O   ;                 ; no       ; On           ;
; L16      ;            ;                    ; GND                             ; gnd    ;              ;                ; --           ;                 ; --       ; --           ;
; L17      ; 880        ; 7D                 ; RESERVED_INPUT_WITH_WEAK_PULLUP ;        ;              ;                ; Column I/O   ;                 ; no       ; On           ;
; L18      ; 879        ; 7D                 ; RESERVED_INPUT_WITH_WEAK_PULLUP ;        ;              ;                ; Column I/O   ;                 ; no       ; On           ;
; L19      ;            ;                    ; GND                             ; gnd    ;              ;                ; --           ;                 ; --       ; --           ;
; L20      ; 917        ; 7D                 ; RESERVED_INPUT_WITH_WEAK_PULLUP ;        ;              ;                ; Column I/O   ;                 ; no       ; On           ;
; L21      ; 933        ; 7E                 ; RESERVED_INPUT_WITH_WEAK_PULLUP ;        ;              ;                ; Column I/O   ;                 ; no       ; On           ;
; L22      ;            ;                    ; GND                             ; gnd    ;              ;                ; --           ;                 ; --       ; --           ;
; L23      ; 975        ; 8E                 ; RESERVED_INPUT_WITH_WEAK_PULLUP ;        ;              ;                ; Column I/O   ;                 ; no       ; On           ;
; L24      ; 978        ; 8E                 ; a[31]                           ; input  ; 2.5 V        ;                ; Column I/O   ; N               ; no       ; Off          ;
; L25      ;            ;                    ; GND                             ; gnd    ;              ;                ; --           ;                 ; --       ; --           ;
; L26      ; 1028       ; 8D                 ; RESERVED_INPUT_WITH_WEAK_PULLUP ;        ;              ;                ; Column I/O   ;                 ; no       ; On           ;
; L27      ; 1031       ; 8D                 ; RESERVED_INPUT_WITH_WEAK_PULLUP ;        ;              ;                ; Column I/O   ;                 ; no       ; On           ;
; L28      ;            ;                    ; GND                             ; gnd    ;              ;                ; --           ;                 ; --       ; --           ;
; L29      ; 1070       ; 8C                 ; RESERVED_INPUT_WITH_WEAK_PULLUP ;        ;              ;                ; Column I/O   ;                 ; no       ; On           ;
; L30      ; 1069       ; 8C                 ; a[53]                           ; input  ; 2.5 V        ;                ; Column I/O   ; N               ; no       ; Off          ;
; L31      ;            ;                    ; GND                             ; gnd    ;              ;                ; --           ;                 ; --       ; --           ;
; L32      ; 1131       ; 8B                 ; RESERVED_INPUT_WITH_WEAK_PULLUP ;        ;              ;                ; Column I/O   ;                 ; no       ; On           ;
; L33      ; 1134       ; 8B                 ; RESERVED_INPUT_WITH_WEAK_PULLUP ;        ;              ;                ; Column I/O   ;                 ; no       ; On           ;
; L34      ;            ;                    ; GND                             ; gnd    ;              ;                ; --           ;                 ; --       ; --           ;
; L35      ; 1168       ; 8A                 ; RESERVED_INPUT_WITH_WEAK_PULLUP ;        ;              ;                ; Column I/O   ;                 ; no       ; On           ;
; L36      ; 1167       ; 8A                 ; RESERVED_INPUT_WITH_WEAK_PULLUP ;        ;              ;                ; Column I/O   ;                 ; no       ; On           ;
; L37      ;            ;                    ; GND                             ; gnd    ;              ;                ; --           ;                 ; --       ; --           ;
; L38      ;            ;                    ; GND                             ; gnd    ;              ;                ; --           ;                 ; --       ; --           ;
; L39      ;            ;                    ; GND                             ; gnd    ;              ;                ; --           ;                 ; --       ; --           ;
; L40      ;            ;                    ; GND                             ; gnd    ;              ;                ; --           ;                 ; --       ; --           ;
; L41      ; 77         ; B2L                ; GXB_NC                          ;        ;              ;                ; --           ;                 ; --       ; --           ;
; L42      ; 76         ; B2L                ; GXB_NC                          ;        ;              ;                ; --           ;                 ; --       ; --           ;
; L43      ;            ;                    ; GND                             ; gnd    ;              ;                ; --           ;                 ; --       ; --           ;
; L44      ;            ;                    ; GND                             ; gnd    ;              ;                ; --           ;                 ; --       ; --           ;
; M1       ; 675        ; B2R                ; GND                             ;        ;              ;                ; --           ;                 ; --       ; --           ;
; M2       ; 674        ; B2R                ; GND                             ;        ;              ;                ; --           ;                 ; --       ; --           ;
; M3       ;            ;                    ; GND                             ; gnd    ;              ;                ; --           ;                 ; --       ; --           ;
; M4       ;            ;                    ; GND                             ; gnd    ;              ;                ; --           ;                 ; --       ; --           ;
; M5       ;            ;                    ; GND                             ; gnd    ;              ;                ; --           ;                 ; --       ; --           ;
; M6       ;            ;                    ; GND                             ; gnd    ;              ;                ; --           ;                 ; --       ; --           ;
; M7       ; 750        ; 7A                 ; ^GND                            ;        ;              ;                ; --           ;                 ; --       ; --           ;
; M8       ; 755        ; 7A                 ; RESERVED_INPUT_WITH_WEAK_PULLUP ;        ;              ;                ; Column I/O   ;                 ; no       ; On           ;
; M9       ; 759        ; 7A                 ; RESERVED_INPUT_WITH_WEAK_PULLUP ;        ;              ;                ; Column I/O   ;                 ; no       ; On           ;
; M10      ;            ; 7A                 ; VREFB7AN0                       ; power  ;              ;                ; --           ;                 ; --       ; --           ;
; M11      ; 790        ; 7B                 ; a[42]                           ; input  ; 2.5 V        ;                ; Column I/O   ; N               ; no       ; Off          ;
; M12      ; 785        ; 7B                 ; RESERVED_INPUT_WITH_WEAK_PULLUP ;        ;              ;                ; Column I/O   ;                 ; no       ; On           ;
; M13      ;            ; 7B                 ; VREFB7BN0                       ; power  ;              ;                ; --           ;                 ; --       ; --           ;
; M14      ; 857        ; 7C                 ; RESERVED_INPUT_WITH_WEAK_PULLUP ;        ;              ;                ; Column I/O   ;                 ; no       ; On           ;
; M15      ; 854        ; 7C                 ; RESERVED_INPUT_WITH_WEAK_PULLUP ;        ;              ;                ; Column I/O   ;                 ; no       ; On           ;
; M16      ;            ; 7C                 ; VREFB7CN0                       ; power  ;              ;                ; --           ;                 ; --       ; --           ;
; M17      ; 878        ; 7D                 ; RESERVED_INPUT_WITH_WEAK_PULLUP ;        ;              ;                ; Column I/O   ;                 ; no       ; On           ;
; M18      ; 877        ; 7D                 ; RESERVED_INPUT_WITH_WEAK_PULLUP ;        ;              ;                ; Column I/O   ;                 ; no       ; On           ;
; M19      ;            ; 7D                 ; VREFB7DN0                       ; power  ;              ;                ; --           ;                 ; --       ; --           ;
; M20      ; 916        ; 7D                 ; RESERVED_INPUT_WITH_WEAK_PULLUP ;        ;              ;                ; Column I/O   ;                 ; no       ; On           ;
; M21      ;            ; 7E                 ; VREFB7EN0                       ; power  ;              ;                ; --           ;                 ; --       ; --           ;
; M22      ; 928        ; 7E                 ; RESERVED_INPUT_WITH_WEAK_PULLUP ;        ;              ;                ; Column I/O   ;                 ; no       ; On           ;
; M23      ; 977        ; 8E                 ; RESERVED_INPUT_WITH_WEAK_PULLUP ;        ;              ;                ; Column I/O   ;                 ; no       ; On           ;
; M24      ;            ; 8E                 ; VREFB8EN0                       ; power  ;              ;                ; --           ;                 ; --       ; --           ;
; M25      ; 1016       ; 8D                 ; RESERVED_INPUT_WITH_WEAK_PULLUP ;        ;              ;                ; Column I/O   ;                 ; no       ; On           ;
; M26      ;            ; 8D                 ; VREFB8DN0                       ; power  ;              ;                ; --           ;                 ; --       ; --           ;
; M27      ; 1027       ; 8D                 ; RESERVED_INPUT_WITH_WEAK_PULLUP ;        ;              ;                ; Column I/O   ;                 ; no       ; On           ;
; M28      ; 1030       ; 8D                 ; RESERVED_INPUT_WITH_WEAK_PULLUP ;        ;              ;                ; Column I/O   ;                 ; no       ; On           ;
; M29      ;            ; 8C                 ; VREFB8CN0                       ; power  ;              ;                ; --           ;                 ; --       ; --           ;
; M30      ; 1074       ; 8C                 ; a[7]                            ; input  ; 2.5 V        ;                ; Column I/O   ; N               ; no       ; Off          ;
; M31      ; 1106       ; 8B                 ; RESERVED_INPUT_WITH_WEAK_PULLUP ;        ;              ;                ; Column I/O   ;                 ; no       ; On           ;
; M32      ;            ; 8B                 ; VREFB8BN0                       ; power  ;              ;                ; --           ;                 ; --       ; --           ;
; M33      ; 1108       ; 8B                 ; RESERVED_INPUT_WITH_WEAK_PULLUP ;        ;              ;                ; Column I/O   ;                 ; no       ; On           ;
; M34      ; 1133       ; 8B                 ; RESERVED_INPUT_WITH_WEAK_PULLUP ;        ;              ;                ; Column I/O   ;                 ; no       ; On           ;
; M35      ;            ; --                 ; VCCD_FPLL                       ; power  ;              ; 1.5V           ; --           ;                 ; --       ; --           ;
; M36      ; 1166       ; 8A                 ; RESERVED_INPUT_WITH_WEAK_PULLUP ;        ;              ;                ; Column I/O   ;                 ; no       ; On           ;
; M37      ; 1165       ; 8A                 ; RESERVED_INPUT_WITH_WEAK_PULLUP ;        ;              ;                ; Column I/O   ;                 ; no       ; On           ;
; M38      ; 1170       ; 8A                 ; RESERVED_INPUT_WITH_WEAK_PULLUP ;        ;              ;                ; Column I/O   ;                 ; no       ; On           ;
; M39      ; 1169       ; 8A                 ; RESERVED_INPUT_WITH_WEAK_PULLUP ;        ;              ;                ; Column I/O   ;                 ; no       ; On           ;
; M40      ;            ;                    ; GND                             ; gnd    ;              ;                ; --           ;                 ; --       ; --           ;
; M41      ;            ;                    ; GND                             ; gnd    ;              ;                ; --           ;                 ; --       ; --           ;
; M42      ;            ;                    ; GND                             ; gnd    ;              ;                ; --           ;                 ; --       ; --           ;
; M43      ; 75         ; B2L                ; GND                             ;        ;              ;                ; --           ;                 ; --       ; --           ;
; M44      ; 74         ; B2L                ; GND                             ;        ;              ;                ; --           ;                 ; --       ; --           ;
; N1       ;            ;                    ; GND                             ; gnd    ;              ;                ; --           ;                 ; --       ; --           ;
; N2       ;            ;                    ; GND                             ; gnd    ;              ;                ; --           ;                 ; --       ; --           ;
; N3       ; 669        ; B2R                ; GXB_NC                          ;        ;              ;                ; --           ;                 ; --       ; --           ;
; N4       ; 668        ; B2R                ; GXB_NC                          ;        ;              ;                ; --           ;                 ; --       ; --           ;
; N5       ;            ;                    ; GND                             ; gnd    ;              ;                ; --           ;                 ; --       ; --           ;
; N6       ;            ;                    ; GND                             ; gnd    ;              ;                ; --           ;                 ; --       ; --           ;
; N7       ;            ;                    ; DNU                             ;        ;              ;                ; --           ;                 ; --       ; --           ;
; N8       ; 762        ; 7A                 ; RESERVED_INPUT_WITH_WEAK_PULLUP ;        ;              ;                ; Column I/O   ;                 ; no       ; On           ;
; N9       ;            ;                    ; GND                             ; gnd    ;              ;                ; --           ;                 ; --       ; --           ;
; N10      ;            ; --                 ; VCCD_FPLL                       ; power  ;              ; 1.5V           ; --           ;                 ; --       ; --           ;
; N11      ; 789        ; 7B                 ; a[9]                            ; input  ; 2.5 V        ;                ; Column I/O   ; N               ; no       ; Off          ;
; N12      ;            ;                    ; GND                             ; gnd    ;              ;                ; --           ;                 ; --       ; --           ;
; N13      ; 800        ; 7B                 ; RESERVED_INPUT_WITH_WEAK_PULLUP ;        ;              ;                ; Column I/O   ;                 ; no       ; On           ;
; N14      ; 804        ; 7B                 ; RESERVED_INPUT_WITH_WEAK_PULLUP ;        ;              ;                ; Column I/O   ;                 ; no       ; On           ;
; N15      ;            ;                    ; GND                             ; gnd    ;              ;                ; --           ;                 ; --       ; --           ;
; N16      ; 853        ; 7C                 ; RESERVED_INPUT_WITH_WEAK_PULLUP ;        ;              ;                ; Column I/O   ;                 ; no       ; On           ;
; N17      ; 871        ; 7D                 ; a[39]                           ; input  ; 2.5 V        ;                ; Column I/O   ; N               ; no       ; Off          ;
; N18      ;            ;                    ; GND                             ; gnd    ;              ;                ; --           ;                 ; --       ; --           ;
; N19      ; 915        ; 7D                 ; RESERVED_INPUT_WITH_WEAK_PULLUP ;        ;              ;                ; Column I/O   ;                 ; no       ; On           ;
; N20      ; 914        ; 7D                 ; RESERVED_INPUT_WITH_WEAK_PULLUP ;        ;              ;                ; Column I/O   ;                 ; no       ; On           ;
; N21      ;            ;                    ; GND                             ; gnd    ;              ;                ; --           ;                 ; --       ; --           ;
; N22      ; 927        ; 7E                 ; RESERVED_INPUT_WITH_WEAK_PULLUP ;        ;              ;                ; Column I/O   ;                 ; no       ; On           ;
; N23      ; 974        ; 8E                 ; RESERVED_INPUT_WITH_WEAK_PULLUP ;        ;              ;                ; Column I/O   ;                 ; no       ; On           ;
; N24      ;            ;                    ; GND                             ; gnd    ;              ;                ; --           ;                 ; --       ; --           ;
; N25      ; 1015       ; 8D                 ; RESERVED_INPUT_WITH_WEAK_PULLUP ;        ;              ;                ; Column I/O   ;                 ; no       ; On           ;
; N26      ; 1036       ; 8D                 ; RESERVED_INPUT_WITH_WEAK_PULLUP ;        ;              ;                ; Column I/O   ;                 ; no       ; On           ;
; N27      ;            ;                    ; GND                             ; gnd    ;              ;                ; --           ;                 ; --       ; --           ;
; N28      ; 1029       ; 8D                 ; RESERVED_INPUT_WITH_WEAK_PULLUP ;        ;              ;                ; Column I/O   ;                 ; no       ; On           ;
; N29      ; 1073       ; 8C                 ; RESERVED_INPUT_WITH_WEAK_PULLUP ;        ;              ;                ; Column I/O   ;                 ; no       ; On           ;
; N30      ;            ;                    ; GND                             ; gnd    ;              ;                ; --           ;                 ; --       ; --           ;
; N31      ; 1105       ; 8B                 ; RESERVED_INPUT_WITH_WEAK_PULLUP ;        ;              ;                ; Column I/O   ;                 ; no       ; On           ;
; N32      ; 1107       ; 8B                 ; RESERVED_INPUT_WITH_WEAK_PULLUP ;        ;              ;                ; Column I/O   ;                 ; no       ; On           ;
; N33      ;            ;                    ; GND                             ; gnd    ;              ;                ; --           ;                 ; --       ; --           ;
; N34      ;            ; --                 ; VCC_AUX                         ; power  ;              ; 2.5V           ; --           ;                 ; --       ; --           ;
; N35      ;            ; --                 ; VCCA_FPLL                       ; power  ;              ; 2.5V           ; --           ;                 ; --       ; --           ;
; N36      ;            ;                    ; GND                             ; gnd    ;              ;                ; --           ;                 ; --       ; --           ;
; N37      ; 1158       ; 8A                 ; RESERVED_INPUT_WITH_WEAK_PULLUP ;        ;              ;                ; Column I/O   ;                 ; no       ; On           ;
; N38      ; 1157       ; 8A                 ; RESERVED_INPUT_WITH_WEAK_PULLUP ;        ;              ;                ; Column I/O   ;                 ; no       ; On           ;
; N39      ;            ;                    ; GND                             ; gnd    ;              ;                ; --           ;                 ; --       ; --           ;
; N40      ;            ;                    ; GND                             ; gnd    ;              ;                ; --           ;                 ; --       ; --           ;
; N41      ; 81         ; B2L                ; GXB_NC                          ;        ;              ;                ; --           ;                 ; --       ; --           ;
; N42      ; 80         ; B2L                ; GXB_NC                          ;        ;              ;                ; --           ;                 ; --       ; --           ;
; N43      ;            ;                    ; GND                             ; gnd    ;              ;                ; --           ;                 ; --       ; --           ;
; N44      ;            ;                    ; GND                             ; gnd    ;              ;                ; --           ;                 ; --       ; --           ;
; P1       ; 671        ; B2R                ; GND                             ;        ;              ;                ; --           ;                 ; --       ; --           ;
; P2       ; 670        ; B2R                ; GND                             ;        ;              ;                ; --           ;                 ; --       ; --           ;
; P3       ;            ;                    ; GND                             ; gnd    ;              ;                ; --           ;                 ; --       ; --           ;
; P4       ;            ;                    ; GND                             ; gnd    ;              ;                ; --           ;                 ; --       ; --           ;
; P5       ;            ;                    ; GND                             ; gnd    ;              ;                ; --           ;                 ; --       ; --           ;
; P6       ;            ;                    ; TEMPDIODEp                      ;        ;              ;                ; --           ;                 ; --       ; --           ;
; P7       ;            ;                    ; TEMPDIODEn                      ;        ;              ;                ; --           ;                 ; --       ; --           ;
; P8       ; 761        ; 7A                 ; RESERVED_INPUT_WITH_WEAK_PULLUP ;        ;              ;                ; Column I/O   ;                 ; no       ; On           ;
; P9       ;            ;                    ; GND                             ; gnd    ;              ;                ; --           ;                 ; --       ; --           ;
; P10      ;            ; --                 ; VCCA_FPLL                       ; power  ;              ; 2.5V           ; --           ;                 ; --       ; --           ;
; P11      ;            ; --                 ; VCC_AUX                         ; power  ;              ; 2.5V           ; --           ;                 ; --       ; --           ;
; P12      ; 781        ; 7B                 ; RESERVED_INPUT_WITH_WEAK_PULLUP ;        ;              ;                ; Column I/O   ;                 ; no       ; On           ;
; P13      ; 799        ; 7B                 ; RESERVED_INPUT_WITH_WEAK_PULLUP ;        ;              ;                ; Column I/O   ;                 ; no       ; On           ;
; P14      ; 803        ; 7B                 ; RESERVED_INPUT_WITH_WEAK_PULLUP ;        ;              ;                ; Column I/O   ;                 ; no       ; On           ;
; P15      ; 844        ; 7C                 ; RESERVED_INPUT_WITH_WEAK_PULLUP ;        ;              ;                ; Column I/O   ;                 ; no       ; On           ;
; P16      ; 848        ; 7C                 ; RESERVED_INPUT_WITH_WEAK_PULLUP ;        ;              ;                ; Column I/O   ;                 ; no       ; On           ;
; P17      ; 872        ; 7D                 ; RESERVED_INPUT_WITH_WEAK_PULLUP ;        ;              ;                ; Column I/O   ;                 ; no       ; On           ;
; P18      ; 876        ; 7D                 ; RESERVED_INPUT_WITH_WEAK_PULLUP ;        ;              ;                ; Column I/O   ;                 ; no       ; On           ;
; P19      ; 875        ; 7D                 ; RESERVED_INPUT_WITH_WEAK_PULLUP ;        ;              ;                ; Column I/O   ;                 ; no       ; On           ;
; P20      ; 913        ; 7D                 ; RESERVED_INPUT_WITH_WEAK_PULLUP ;        ;              ;                ; Column I/O   ;                 ; no       ; On           ;
; P21      ; 926        ; 7E                 ; RESERVED_INPUT_WITH_WEAK_PULLUP ;        ;              ;                ; Column I/O   ;                 ; no       ; On           ;
; P22      ;            ; --                 ; VCC_AUX                         ; power  ;              ; 2.5V           ; --           ;                 ; --       ; --           ;
; P23      ; 973        ; 8E                 ; RESERVED_INPUT_WITH_WEAK_PULLUP ;        ;              ;                ; Column I/O   ;                 ; no       ; On           ;
; P24      ; 972        ; 8E                 ; RESERVED_INPUT_WITH_WEAK_PULLUP ;        ;              ;                ; Column I/O   ;                 ; no       ; On           ;
; P25      ; 1020       ; 8D                 ; RESERVED_INPUT_WITH_WEAK_PULLUP ;        ;              ;                ; Column I/O   ;                 ; no       ; On           ;
; P26      ; 1035       ; 8D                 ; RESERVED_INPUT_WITH_WEAK_PULLUP ;        ;              ;                ; Column I/O   ;                 ; no       ; On           ;
; P27      ; 1034       ; 8D                 ; RESERVED_INPUT_WITH_WEAK_PULLUP ;        ;              ;                ; Column I/O   ;                 ; no       ; On           ;
; P28      ; 1037       ; 8D                 ; RESERVED_INPUT_WITH_WEAK_PULLUP ;        ;              ;                ; Column I/O   ;                 ; no       ; On           ;
; P29      ; 1038       ; 8D                 ; RESERVED_INPUT_WITH_WEAK_PULLUP ;        ;              ;                ; Column I/O   ;                 ; no       ; On           ;
; P30      ; 1078       ; 8C                 ; RESERVED_INPUT_WITH_WEAK_PULLUP ;        ;              ;                ; Column I/O   ;                 ; no       ; On           ;
; P31      ; 1077       ; 8C                 ; RESERVED_INPUT_WITH_WEAK_PULLUP ;        ;              ;                ; Column I/O   ;                 ; no       ; On           ;
; P32      ; 1110       ; 8B                 ; RESERVED_INPUT_WITH_WEAK_PULLUP ;        ;              ;                ; Column I/O   ;                 ; no       ; On           ;
; P33      ; 1109       ; 8B                 ; RESERVED_INPUT_WITH_WEAK_PULLUP ;        ;              ;                ; Column I/O   ;                 ; no       ; On           ;
; P34      ; 1130       ; 8B                 ; RESERVED_INPUT_WITH_WEAK_PULLUP ;        ;              ;                ; Column I/O   ;                 ; no       ; On           ;
; P35      ; 1156       ; 8A                 ; RESERVED_INPUT_WITH_WEAK_PULLUP ;        ;              ;                ; Column I/O   ;                 ; no       ; On           ;
; P36      ; 1155       ; 8A                 ; RESERVED_INPUT_WITH_WEAK_PULLUP ;        ;              ;                ; Column I/O   ;                 ; no       ; On           ;
; P37      ; 1152       ; 8A                 ; RESERVED_INPUT_WITH_WEAK_PULLUP ;        ;              ;                ; Column I/O   ;                 ; no       ; On           ;
; P38      ; 1154       ; 8A                 ; a[50]                           ; input  ; 2.5 V        ;                ; Column I/O   ; N               ; no       ; Off          ;
; P39      ; 1153       ; 8A                 ; RESERVED_INPUT_WITH_WEAK_PULLUP ;        ;              ;                ; Column I/O   ;                 ; no       ; On           ;
; P40      ;            ;                    ; GND                             ; gnd    ;              ;                ; --           ;                 ; --       ; --           ;
; P41      ;            ;                    ; GND                             ; gnd    ;              ;                ; --           ;                 ; --       ; --           ;
; P42      ;            ;                    ; GND                             ; gnd    ;              ;                ; --           ;                 ; --       ; --           ;
; P43      ; 79         ; B2L                ; GND                             ;        ;              ;                ; --           ;                 ; --       ; --           ;
; P44      ; 78         ; B2L                ; GND                             ;        ;              ;                ; --           ;                 ; --       ; --           ;
; R1       ;            ;                    ; GND                             ; gnd    ;              ;                ; --           ;                 ; --       ; --           ;
; R2       ;            ;                    ; GND                             ; gnd    ;              ;                ; --           ;                 ; --       ; --           ;
; R3       ; 665        ; B2R                ; GXB_NC                          ;        ;              ;                ; --           ;                 ; --       ; --           ;
; R4       ; 664        ; B2R                ; GXB_NC                          ;        ;              ;                ; --           ;                 ; --       ; --           ;
; R5       ;            ;                    ; GND                             ; gnd    ;              ;                ; --           ;                 ; --       ; --           ;
; R6       ;            ;                    ; GND                             ; gnd    ;              ;                ; --           ;                 ; --       ; --           ;
; R7       ;            ;                    ; GND                             ; gnd    ;              ;                ; --           ;                 ; --       ; --           ;
; R8       ;            ;                    ; GND                             ; gnd    ;              ;                ; --           ;                 ; --       ; --           ;
; R9       ;            ;                    ; GND                             ; gnd    ;              ;                ; --           ;                 ; --       ; --           ;
; R10      ; 778        ; 7B                 ; RESERVED_INPUT_WITH_WEAK_PULLUP ;        ;              ;                ; Column I/O   ;                 ; no       ; On           ;
; R11      ;            ;                    ; GND                             ; gnd    ;              ;                ; --           ;                 ; --       ; --           ;
; R12      ; 782        ; 7B                 ; RESERVED_INPUT_WITH_WEAK_PULLUP ;        ;              ;                ; Column I/O   ;                 ; no       ; On           ;
; R13      ; 802        ; 7B                 ; RESERVED_INPUT_WITH_WEAK_PULLUP ;        ;              ;                ; Column I/O   ;                 ; no       ; On           ;
; R14      ;            ;                    ; GND                             ; gnd    ;              ;                ; --           ;                 ; --       ; --           ;
; R15      ; 843        ; 7C                 ; RESERVED_INPUT_WITH_WEAK_PULLUP ;        ;              ;                ; Column I/O   ;                 ; no       ; On           ;
; R16      ; 847        ; 7C                 ; RESERVED_INPUT_WITH_WEAK_PULLUP ;        ;              ;                ; Column I/O   ;                 ; no       ; On           ;
; R17      ;            ;                    ; GND                             ; gnd    ;              ;                ; --           ;                 ; --       ; --           ;
; R18      ; 874        ; 7D                 ; RESERVED_INPUT_WITH_WEAK_PULLUP ;        ;              ;                ; Column I/O   ;                 ; no       ; On           ;
; R19      ; 873        ; 7D                 ; RESERVED_INPUT_WITH_WEAK_PULLUP ;        ;              ;                ; Column I/O   ;                 ; no       ; On           ;
; R20      ;            ;                    ; GND                             ; gnd    ;              ;                ; --           ;                 ; --       ; --           ;
; R21      ; 925        ; 7E                 ; RESERVED_INPUT_WITH_WEAK_PULLUP ;        ;              ;                ; Column I/O   ;                 ; no       ; On           ;
; R22      ; 930        ; 7E                 ; RESERVED_INPUT_WITH_WEAK_PULLUP ;        ;              ;                ; Column I/O   ;                 ; no       ; On           ;
; R23      ;            ;                    ; GND                             ; gnd    ;              ;                ; --           ;                 ; --       ; --           ;
; R24      ; 971        ; 8E                 ; RESERVED_INPUT_WITH_WEAK_PULLUP ;        ;              ;                ; Column I/O   ;                 ; no       ; On           ;
; R25      ; 1019       ; 8D                 ; RESERVED_INPUT_WITH_WEAK_PULLUP ;        ;              ;                ; Column I/O   ;                 ; no       ; On           ;
; R26      ;            ;                    ; GND                             ; gnd    ;              ;                ; --           ;                 ; --       ; --           ;
; R27      ; 1033       ; 8D                 ; RESERVED_INPUT_WITH_WEAK_PULLUP ;        ;              ;                ; Column I/O   ;                 ; no       ; On           ;
; R28      ; 1048       ; 8C                 ; RESERVED_INPUT_WITH_WEAK_PULLUP ;        ;              ;                ; Column I/O   ;                 ; no       ; On           ;
; R29      ;            ;                    ; GND                             ; gnd    ;              ;                ; --           ;                 ; --       ; --           ;
; R30      ; 1080       ; 8C                 ; RESERVED_INPUT_WITH_WEAK_PULLUP ;        ;              ;                ; Column I/O   ;                 ; no       ; On           ;
; R31      ; 1086       ; 8C                 ; RESERVED_INPUT_WITH_WEAK_PULLUP ;        ;              ;                ; Column I/O   ;                 ; no       ; On           ;
; R32      ;            ;                    ; GND                             ; gnd    ;              ;                ; --           ;                 ; --       ; --           ;
; R33      ; 1129       ; 8B                 ; RESERVED_INPUT_WITH_WEAK_PULLUP ;        ;              ;                ; Column I/O   ;                 ; no       ; On           ;
; R34      ; 1126       ; 8B                 ; RESERVED_INPUT_WITH_WEAK_PULLUP ;        ;              ;                ; Column I/O   ;                 ; no       ; On           ;
; R35      ;            ;                    ; GND                             ; gnd    ;              ;                ; --           ;                 ; --       ; --           ;
; R36      ; 1151       ; 8A                 ; RESERVED_INPUT_WITH_WEAK_PULLUP ;        ;              ;                ; Column I/O   ;                 ; no       ; On           ;
; R37      ;            ;                    ; GND                             ; gnd    ;              ;                ; --           ;                 ; --       ; --           ;
; R38      ;            ;                    ; GND                             ; gnd    ;              ;                ; --           ;                 ; --       ; --           ;
; R39      ;            ;                    ; GND                             ; gnd    ;              ;                ; --           ;                 ; --       ; --           ;
; R40      ;            ;                    ; GND                             ; gnd    ;              ;                ; --           ;                 ; --       ; --           ;
; R41      ; 85         ; B2L                ; GXB_NC                          ;        ;              ;                ; --           ;                 ; --       ; --           ;
; R42      ; 84         ; B2L                ; GXB_NC                          ;        ;              ;                ; --           ;                 ; --       ; --           ;
; R43      ;            ;                    ; GND                             ; gnd    ;              ;                ; --           ;                 ; --       ; --           ;
; R44      ;            ;                    ; GND                             ; gnd    ;              ;                ; --           ;                 ; --       ; --           ;
; T1       ; 667        ; B2R                ; GND                             ;        ;              ;                ; --           ;                 ; --       ; --           ;
; T2       ; 666        ; B2R                ; GND                             ;        ;              ;                ; --           ;                 ; --       ; --           ;
; T3       ;            ;                    ; GND                             ; gnd    ;              ;                ; --           ;                 ; --       ; --           ;
; T4       ;            ;                    ; GND                             ; gnd    ;              ;                ; --           ;                 ; --       ; --           ;
; T5       ;            ;                    ; GND                             ;        ;              ;                ; --           ;                 ; --       ; --           ;
; T6       ; 706        ; B3R                ; GXB_GND*                        ;        ;              ;                ; Row I/O      ;                 ; --       ; --           ;
; T7       ; 707        ; B3R                ; GXB_GND*                        ;        ;              ;                ; Row I/O      ;                 ; --       ; --           ;
; T8       ;            ;                    ; GND                             ; gnd    ;              ;                ; --           ;                 ; --       ; --           ;
; T9       ; 780        ; 7B                 ; RESERVED_INPUT_WITH_WEAK_PULLUP ;        ;              ;                ; Column I/O   ;                 ; no       ; On           ;
; T10      ; 777        ; 7B                 ; RESERVED_INPUT_WITH_WEAK_PULLUP ;        ;              ;                ; Column I/O   ;                 ; no       ; On           ;
; T11      ; 784        ; 7B                 ; RESERVED_INPUT_WITH_WEAK_PULLUP ;        ;              ;                ; Column I/O   ;                 ; no       ; On           ;
; T12      ; 783        ; 7B                 ; RESERVED_INPUT_WITH_WEAK_PULLUP ;        ;              ;                ; Column I/O   ;                 ; no       ; On           ;
; T13      ; 801        ; 7B                 ; RESERVED_INPUT_WITH_WEAK_PULLUP ;        ;              ;                ; Column I/O   ;                 ; no       ; On           ;
; T14      ; 806        ; 7B                 ; RESERVED_INPUT_WITH_WEAK_PULLUP ;        ;              ;                ; Column I/O   ;                 ; no       ; On           ;
; T15      ; 842        ; 7C                 ; RESERVED_INPUT_WITH_WEAK_PULLUP ;        ;              ;                ; Column I/O   ;                 ; no       ; On           ;
; T16      ; 850        ; 7C                 ; RESERVED_INPUT_WITH_WEAK_PULLUP ;        ;              ;                ; Column I/O   ;                 ; no       ; On           ;
; T17      ; 849        ; 7C                 ; RESERVED_INPUT_WITH_WEAK_PULLUP ;        ;              ;                ; Column I/O   ;                 ; no       ; On           ;
; T18      ; 908        ; 7D                 ; RESERVED_INPUT_WITH_WEAK_PULLUP ;        ;              ;                ; Column I/O   ;                 ; no       ; On           ;
; T19      ; 912        ; 7D                 ; RESERVED_INPUT_WITH_WEAK_PULLUP ;        ;              ;                ; Column I/O   ;                 ; no       ; On           ;
; T20      ; 911        ; 7D                 ; RESERVED_INPUT_WITH_WEAK_PULLUP ;        ;              ;                ; Column I/O   ;                 ; no       ; On           ;
; T21      ; 922        ; 7E                 ; RESERVED_INPUT_WITH_WEAK_PULLUP ;        ;              ;                ; Column I/O   ;                 ; no       ; On           ;
; T22      ; 929        ; 7E                 ; RESERVED_INPUT_WITH_WEAK_PULLUP ;        ;              ;                ; Column I/O   ;                 ; no       ; On           ;
; T23      ; 970        ; 8E                 ; RESERVED_INPUT_WITH_WEAK_PULLUP ;        ;              ;                ; Column I/O   ;                 ; no       ; On           ;
; T24      ; 968        ; 8E                 ; RESERVED_INPUT_WITH_WEAK_PULLUP ;        ;              ;                ; Column I/O   ;                 ; no       ; On           ;
; T25      ; 1018       ; 8D                 ; RESERVED_INPUT_WITH_WEAK_PULLUP ;        ;              ;                ; Column I/O   ;                 ; no       ; On           ;
; T26      ; 1017       ; 8D                 ; RESERVED_INPUT_WITH_WEAK_PULLUP ;        ;              ;                ; Column I/O   ;                 ; no       ; On           ;
; T27      ; 1025       ; 8D                 ; a[10]                           ; input  ; 2.5 V        ;                ; Column I/O   ; N               ; no       ; Off          ;
; T28      ; 1047       ; 8C                 ; RESERVED_INPUT_WITH_WEAK_PULLUP ;        ;              ;                ; Column I/O   ;                 ; no       ; On           ;
; T29      ; 1076       ; 8C                 ; RESERVED_INPUT_WITH_WEAK_PULLUP ;        ;              ;                ; Column I/O   ;                 ; no       ; On           ;
; T30      ; 1079       ; 8C                 ; RESERVED_INPUT_WITH_WEAK_PULLUP ;        ;              ;                ; Column I/O   ;                 ; no       ; On           ;
; T31      ; 1085       ; 8C                 ; RESERVED_INPUT_WITH_WEAK_PULLUP ;        ;              ;                ; Column I/O   ;                 ; no       ; On           ;
; T32      ; 1104       ; 8B                 ; a[30]                           ; input  ; 2.5 V        ;                ; Column I/O   ; N               ; no       ; Off          ;
; T33      ; 1103       ; 8B                 ; RESERVED_INPUT_WITH_WEAK_PULLUP ;        ;              ;                ; Column I/O   ;                 ; no       ; On           ;
; T34      ; 1125       ; 8B                 ; RESERVED_INPUT_WITH_WEAK_PULLUP ;        ;              ;                ; Column I/O   ;                 ; no       ; On           ;
; T35      ; 1128       ; 8B                 ; RESERVED_INPUT_WITH_WEAK_PULLUP ;        ;              ;                ; Column I/O   ;                 ; no       ; On           ;
; T36      ; 1148       ; 8A                 ; RESERVED_INPUT_WITH_WEAK_PULLUP ;        ;              ;                ; Column I/O   ;                 ; no       ; On           ;
; T37      ;            ;                    ; GND                             ; gnd    ;              ;                ; --           ;                 ; --       ; --           ;
; T38      ; 42         ; B3L                ; GXB_GND*                        ;        ;              ;                ; Row I/O      ;                 ; --       ; --           ;
; T39      ; 43         ; B3L                ; GXB_GND*                        ;        ;              ;                ; Row I/O      ;                 ; --       ; --           ;
; T40      ;            ;                    ; GND                             ;        ;              ;                ; --           ;                 ; --       ; --           ;
; T41      ;            ;                    ; GND                             ; gnd    ;              ;                ; --           ;                 ; --       ; --           ;
; T42      ;            ;                    ; GND                             ; gnd    ;              ;                ; --           ;                 ; --       ; --           ;
; T43      ; 83         ; B2L                ; GND                             ;        ;              ;                ; --           ;                 ; --       ; --           ;
; T44      ; 82         ; B2L                ; GND                             ;        ;              ;                ; --           ;                 ; --       ; --           ;
; U1       ;            ;                    ; GND                             ; gnd    ;              ;                ; --           ;                 ; --       ; --           ;
; U2       ;            ;                    ; GND                             ; gnd    ;              ;                ; --           ;                 ; --       ; --           ;
; U3       ; 661        ; B2R                ; GXB_NC                          ;        ;              ;                ; --           ;                 ; --       ; --           ;
; U4       ; 660        ; B2R                ; GXB_NC                          ;        ;              ;                ; --           ;                 ; --       ; --           ;
; U5       ;            ;                    ; GND                             ;        ;              ;                ; --           ;                 ; --       ; --           ;
; U6       ;            ;                    ; GND                             ; gnd    ;              ;                ; --           ;                 ; --       ; --           ;
; U7       ;            ;                    ; GND                             ;        ;              ;                ; --           ;                 ; --       ; --           ;
; U8       ;            ;                    ; GND                             ; gnd    ;              ;                ; --           ;                 ; --       ; --           ;
; U9       ; 779        ; 7B                 ; RESERVED_INPUT_WITH_WEAK_PULLUP ;        ;              ;                ; Column I/O   ;                 ; no       ; On           ;
; U10      ;            ;                    ; GND                             ; gnd    ;              ;                ; --           ;                 ; --       ; --           ;
; U11      ; 810        ; 7B                 ; RESERVED_INPUT_WITH_WEAK_PULLUP ;        ;              ;                ; Column I/O   ;                 ; no       ; On           ;
; U12      ; 809        ; 7B                 ; RESERVED_INPUT_WITH_WEAK_PULLUP ;        ;              ;                ; Column I/O   ;                 ; no       ; On           ;
; U13      ;            ;                    ; GND                             ; gnd    ;              ;                ; --           ;                 ; --       ; --           ;
; U14      ; 805        ; 7B                 ; RESERVED_INPUT_WITH_WEAK_PULLUP ;        ;              ;                ; Column I/O   ;                 ; no       ; On           ;
; U15      ; 841        ; 7C                 ; RESERVED_INPUT_WITH_WEAK_PULLUP ;        ;              ;                ; Column I/O   ;                 ; no       ; On           ;
; U16      ;            ;                    ; GND                             ; gnd    ;              ;                ; --           ;                 ; --       ; --           ;
; U17      ; 852        ; 7C                 ; RESERVED_INPUT_WITH_WEAK_PULLUP ;        ;              ;                ; Column I/O   ;                 ; no       ; On           ;
; U18      ; 907        ; 7D                 ; RESERVED_INPUT_WITH_WEAK_PULLUP ;        ;              ;                ; Column I/O   ;                 ; no       ; On           ;
; U19      ;            ;                    ; GND                             ; gnd    ;              ;                ; --           ;                 ; --       ; --           ;
; U20      ; 920        ; 7E                 ; RESERVED_INPUT_WITH_WEAK_PULLUP ;        ;              ;                ; Column I/O   ;                 ; no       ; On           ;
; U21      ; 921        ; 7E                 ; RESERVED_INPUT_WITH_WEAK_PULLUP ;        ;              ;                ; Column I/O   ;                 ; no       ; On           ;
; U22      ;            ;                    ; GND                             ; gnd    ;              ;                ; --           ;                 ; --       ; --           ;
; U23      ; 969        ; 8E                 ; RESERVED_INPUT_WITH_WEAK_PULLUP ;        ;              ;                ; Column I/O   ;                 ; no       ; On           ;
; U24      ; 967        ; 8E                 ; RESERVED_INPUT_WITH_WEAK_PULLUP ;        ;              ;                ; Column I/O   ;                 ; no       ; On           ;
; U25      ;            ;                    ; GND                             ; gnd    ;              ;                ; --           ;                 ; --       ; --           ;
; U26      ; 1024       ; 8D                 ; RESERVED_INPUT_WITH_WEAK_PULLUP ;        ;              ;                ; Column I/O   ;                 ; no       ; On           ;
; U27      ; 1026       ; 8D                 ; RESERVED_INPUT_WITH_WEAK_PULLUP ;        ;              ;                ; Column I/O   ;                 ; no       ; On           ;
; U28      ;            ;                    ; GND                             ; gnd    ;              ;                ; --           ;                 ; --       ; --           ;
; U29      ; 1050       ; 8C                 ; a[37]                           ; input  ; 2.5 V        ;                ; Column I/O   ; N               ; no       ; Off          ;
; U30      ; 1075       ; 8C                 ; RESERVED_INPUT_WITH_WEAK_PULLUP ;        ;              ;                ; Column I/O   ;                 ; no       ; On           ;
; U31      ;            ;                    ; GND                             ; gnd    ;              ;                ; --           ;                 ; --       ; --           ;
; U32      ; 1100       ; 8B                 ; RESERVED_INPUT_WITH_WEAK_PULLUP ;        ;              ;                ; Column I/O   ;                 ; no       ; On           ;
; U33      ; 1099       ; 8B                 ; RESERVED_INPUT_WITH_WEAK_PULLUP ;        ;              ;                ; Column I/O   ;                 ; no       ; On           ;
; U34      ;            ;                    ; GND                             ; gnd    ;              ;                ; --           ;                 ; --       ; --           ;
; U35      ; 1127       ; 8B                 ; RESERVED_INPUT_WITH_WEAK_PULLUP ;        ;              ;                ; Column I/O   ;                 ; no       ; On           ;
; U36      ; 1147       ; 8A                 ; RESERVED_INPUT_WITH_WEAK_PULLUP ;        ;              ;                ; Column I/O   ;                 ; no       ; On           ;
; U37      ;            ;                    ; GND                             ; gnd    ;              ;                ; --           ;                 ; --       ; --           ;
; U38      ;            ;                    ; GND                             ;        ;              ;                ; --           ;                 ; --       ; --           ;
; U39      ;            ;                    ; GND                             ; gnd    ;              ;                ; --           ;                 ; --       ; --           ;
; U40      ;            ;                    ; GND                             ;        ;              ;                ; --           ;                 ; --       ; --           ;
; U41      ; 89         ; B2L                ; GXB_NC                          ;        ;              ;                ; --           ;                 ; --       ; --           ;
; U42      ; 88         ; B2L                ; GXB_NC                          ;        ;              ;                ; --           ;                 ; --       ; --           ;
; U43      ;            ;                    ; GND                             ; gnd    ;              ;                ; --           ;                 ; --       ; --           ;
; U44      ;            ;                    ; GND                             ; gnd    ;              ;                ; --           ;                 ; --       ; --           ;
; V1       ; 663        ; B2R                ; GND                             ;        ;              ;                ; --           ;                 ; --       ; --           ;
; V2       ; 662        ; B2R                ; GND                             ;        ;              ;                ; --           ;                 ; --       ; --           ;
; V3       ;            ;                    ; GND                             ; gnd    ;              ;                ; --           ;                 ; --       ; --           ;
; V4       ;            ;                    ; GND                             ; gnd    ;              ;                ; --           ;                 ; --       ; --           ;
; V5       ; 680        ; B3R                ; GXB_GND*                        ;        ;              ;                ; Row I/O      ;                 ; --       ; --           ;
; V6       ; 681        ; B3R                ; GXB_GND*                        ;        ;              ;                ; Row I/O      ;                 ; --       ; --           ;
; V7       ;            ;                    ; GND                             ;        ;              ;                ; --           ;                 ; --       ; --           ;
; V8       ;            ;                    ; GND                             ; gnd    ;              ;                ; --           ;                 ; --       ; --           ;
; V9       ; 776        ; 7B                 ; RESERVED_INPUT_WITH_WEAK_PULLUP ;        ;              ;                ; Column I/O   ;                 ; no       ; On           ;
; V10      ; 775        ; 7B                 ; RESERVED_INPUT_WITH_WEAK_PULLUP ;        ;              ;                ; Column I/O   ;                 ; no       ; On           ;
; V11      ; 808        ; 7B                 ; RESERVED_INPUT_WITH_WEAK_PULLUP ;        ;              ;                ; Column I/O   ;                 ; no       ; On           ;
; V12      ; 807        ; 7B                 ; RESERVED_INPUT_WITH_WEAK_PULLUP ;        ;              ;                ; Column I/O   ;                 ; no       ; On           ;
; V13      ; 838        ; 7C                 ; RESERVED_INPUT_WITH_WEAK_PULLUP ;        ;              ;                ; Column I/O   ;                 ; no       ; On           ;
; V14      ;            ; --                 ; VCCPT                           ; power  ;              ; 1.5V           ; --           ;                 ; --       ; --           ;
; V15      ; 846        ; 7C                 ; RESERVED_INPUT_WITH_WEAK_PULLUP ;        ;              ;                ; Column I/O   ;                 ; no       ; On           ;
; V16      ; 845        ; 7C                 ; RESERVED_INPUT_WITH_WEAK_PULLUP ;        ;              ;                ; Column I/O   ;                 ; no       ; On           ;
; V17      ; 851        ; 7C                 ; RESERVED_INPUT_WITH_WEAK_PULLUP ;        ;              ;                ; Column I/O   ;                 ; no       ; On           ;
; V18      ; 910        ; 7D                 ; RESERVED_INPUT_WITH_WEAK_PULLUP ;        ;              ;                ; Column I/O   ;                 ; no       ; On           ;
; V19      ; 919        ; 7E                 ; RESERVED_INPUT_WITH_WEAK_PULLUP ;        ;              ;                ; Column I/O   ;                 ; no       ; On           ;
; V20      ; 924        ; 7E                 ; RESERVED_INPUT_WITH_WEAK_PULLUP ;        ;              ;                ; Column I/O   ;                 ; no       ; On           ;
; V21      ; 923        ; 7E                 ; a[5]                            ; input  ; 2.5 V        ;                ; Column I/O   ; N               ; no       ; Off          ;
; V22      ;            ; --                 ; VCCPT                           ; power  ;              ; 1.5V           ; --           ;                 ; --       ; --           ;
; V23      ;            ; --                 ; VCCA_FPLL                       ; power  ;              ; 2.5V           ; --           ;                 ; --       ; --           ;
; V24      ;            ; --                 ; VCCD_FPLL                       ; power  ;              ; 1.5V           ; --           ;                 ; --       ; --           ;
; V25      ; 1023       ; 8D                 ; RESERVED_INPUT_WITH_WEAK_PULLUP ;        ;              ;                ; Column I/O   ;                 ; no       ; On           ;
; V26      ; 1022       ; 8D                 ; RESERVED_INPUT_WITH_WEAK_PULLUP ;        ;              ;                ; Column I/O   ;                 ; no       ; On           ;
; V27      ; 1021       ; 8D                 ; RESERVED_INPUT_WITH_WEAK_PULLUP ;        ;              ;                ; Column I/O   ;                 ; no       ; On           ;
; V28      ; 1042       ; 8C                 ; a[22]                           ; input  ; 2.5 V        ;                ; Column I/O   ; N               ; no       ; Off          ;
; V29      ; 1049       ; 8C                 ; RESERVED_INPUT_WITH_WEAK_PULLUP ;        ;              ;                ; Column I/O   ;                 ; no       ; On           ;
; V30      ; 1046       ; 8C                 ; RESERVED_INPUT_WITH_WEAK_PULLUP ;        ;              ;                ; Column I/O   ;                 ; no       ; On           ;
; V31      ; 1084       ; 8C                 ; RESERVED_INPUT_WITH_WEAK_PULLUP ;        ;              ;                ; Column I/O   ;                 ; no       ; On           ;
; V32      ;            ; --                 ; VCCPT                           ; power  ;              ; 1.5V           ; --           ;                 ; --       ; --           ;
; V33      ; 1102       ; 8B                 ; a[8]                            ; input  ; 2.5 V        ;                ; Column I/O   ; N               ; no       ; Off          ;
; V34      ; 1101       ; 8B                 ; RESERVED_INPUT_WITH_WEAK_PULLUP ;        ;              ;                ; Column I/O   ;                 ; no       ; On           ;
; V35      ; 1124       ; 8B                 ; RESERVED_INPUT_WITH_WEAK_PULLUP ;        ;              ;                ; Column I/O   ;                 ; no       ; On           ;
; V36      ; 1150       ; 8A                 ; RESERVED_INPUT_WITH_WEAK_PULLUP ;        ;              ;                ; Column I/O   ;                 ; no       ; On           ;
; V37      ;            ;                    ; GND                             ; gnd    ;              ;                ; --           ;                 ; --       ; --           ;
; V38      ;            ;                    ; GND                             ;        ;              ;                ; --           ;                 ; --       ; --           ;
; V39      ; 68         ; B3L                ; GXB_GND*                        ;        ;              ;                ; Row I/O      ;                 ; --       ; --           ;
; V40      ; 69         ; B3L                ; GXB_GND*                        ;        ;              ;                ; Row I/O      ;                 ; --       ; --           ;
; V41      ;            ;                    ; GND                             ; gnd    ;              ;                ; --           ;                 ; --       ; --           ;
; V42      ;            ;                    ; GND                             ; gnd    ;              ;                ; --           ;                 ; --       ; --           ;
; V43      ; 87         ; B2L                ; GND                             ;        ;              ;                ; --           ;                 ; --       ; --           ;
; V44      ; 86         ; B2L                ; GND                             ;        ;              ;                ; --           ;                 ; --       ; --           ;
; W1       ;            ;                    ; GND                             ; gnd    ;              ;                ; --           ;                 ; --       ; --           ;
; W2       ;            ;                    ; GND                             ; gnd    ;              ;                ; --           ;                 ; --       ; --           ;
; W3       ; 657        ; B2R                ; GXB_NC                          ;        ;              ;                ; --           ;                 ; --       ; --           ;
; W4       ; 656        ; B2R                ; GXB_NC                          ;        ;              ;                ; --           ;                 ; --       ; --           ;
; W5       ;            ;                    ; GND                             ; gnd    ;              ;                ; --           ;                 ; --       ; --           ;
; W6       ;            ;                    ; GND                             ;        ;              ;                ; --           ;                 ; --       ; --           ;
; W7       ;            ;                    ; GND                             ; gnd    ;              ;                ; --           ;                 ; --       ; --           ;
; W8       ;            ; --                 ; VCCD_FPLL                       ; power  ;              ; 1.5V           ; --           ;                 ; --       ; --           ;
; W9       ;            ;                    ; GND                             ; gnd    ;              ;                ; --           ;                 ; --       ; --           ;
; W10      ;            ;                    ; GND                             ; gnd    ;              ;                ; --           ;                 ; --       ; --           ;
; W11      ;            ;                    ; GND                             ; gnd    ;              ;                ; --           ;                 ; --       ; --           ;
; W12      ;            ;                    ; GND                             ; gnd    ;              ;                ; --           ;                 ; --       ; --           ;
; W13      ;            ;                    ; GND                             ; gnd    ;              ;                ; --           ;                 ; --       ; --           ;
; W14      ; 837        ; 7C                 ; RESERVED_INPUT_WITH_WEAK_PULLUP ;        ;              ;                ; Column I/O   ;                 ; no       ; On           ;
; W15      ;            ;                    ; GND                             ; gnd    ;              ;                ; --           ;                 ; --       ; --           ;
; W16      ; 840        ; 7C                 ; RESERVED_INPUT_WITH_WEAK_PULLUP ;        ;              ;                ; Column I/O   ;                 ; no       ; On           ;
; W17      ; 836        ; 7C                 ; RESERVED_INPUT_WITH_WEAK_PULLUP ;        ;              ;                ; Column I/O   ;                 ; no       ; On           ;
; W18      ; 909        ; 7D                 ; RESERVED_INPUT_WITH_WEAK_PULLUP ;        ;              ;                ; Column I/O   ;                 ; no       ; On           ;
; W19      ;            ;                    ; GND                             ; gnd    ;              ;                ; --           ;                 ; --       ; --           ;
; W20      ;            ; --                 ; VCC                             ; power  ;              ; 0.9V           ; --           ;                 ; --       ; --           ;
; W21      ;            ;                    ; GND                             ; gnd    ;              ;                ; --           ;                 ; --       ; --           ;
; W22      ;            ; --                 ; VCC                             ; power  ;              ; 0.9V           ; --           ;                 ; --       ; --           ;
; W23      ;            ;                    ; GND                             ; gnd    ;              ;                ; --           ;                 ; --       ; --           ;
; W24      ;            ; --                 ; VCC                             ; power  ;              ; 0.9V           ; --           ;                 ; --       ; --           ;
; W25      ;            ;                    ; GND                             ; gnd    ;              ;                ; --           ;                 ; --       ; --           ;
; W26      ;            ; --                 ; VCC                             ; power  ;              ; 0.9V           ; --           ;                 ; --       ; --           ;
; W27      ;            ;                    ; GND                             ; gnd    ;              ;                ; --           ;                 ; --       ; --           ;
; W28      ; 1041       ; 8C                 ; RESERVED_INPUT_WITH_WEAK_PULLUP ;        ;              ;                ; Column I/O   ;                 ; no       ; On           ;
; W29      ; 1045       ; 8C                 ; RESERVED_INPUT_WITH_WEAK_PULLUP ;        ;              ;                ; Column I/O   ;                 ; no       ; On           ;
; W30      ;            ;                    ; GND                             ; gnd    ;              ;                ; --           ;                 ; --       ; --           ;
; W31      ; 1082       ; 8C                 ; RESERVED_INPUT_WITH_WEAK_PULLUP ;        ;              ;                ; Column I/O   ;                 ; no       ; On           ;
; W32      ; 1083       ; 8C                 ; RESERVED_INPUT_WITH_WEAK_PULLUP ;        ;              ;                ; Column I/O   ;                 ; no       ; On           ;
; W33      ;            ;                    ; GND                             ; gnd    ;              ;                ; --           ;                 ; --       ; --           ;
; W34      ; 1123       ; 8B                 ; RESERVED_INPUT_WITH_WEAK_PULLUP ;        ;              ;                ; Column I/O   ;                 ; no       ; On           ;
; W35      ; 1149       ; 8A                 ; RESERVED_INPUT_WITH_WEAK_PULLUP ;        ;              ;                ; Column I/O   ;                 ; no       ; On           ;
; W36      ;            ;                    ; GND                             ; gnd    ;              ;                ; --           ;                 ; --       ; --           ;
; W37      ;            ; --                 ; VCCD_FPLL                       ; power  ;              ; 1.5V           ; --           ;                 ; --       ; --           ;
; W38      ;            ;                    ; GND                             ; gnd    ;              ;                ; --           ;                 ; --       ; --           ;
; W39      ;            ;                    ; GND                             ;        ;              ;                ; --           ;                 ; --       ; --           ;
; W40      ;            ;                    ; GND                             ; gnd    ;              ;                ; --           ;                 ; --       ; --           ;
; W41      ; 93         ; B2L                ; GXB_NC                          ;        ;              ;                ; --           ;                 ; --       ; --           ;
; W42      ; 92         ; B2L                ; GXB_NC                          ;        ;              ;                ; --           ;                 ; --       ; --           ;
; W43      ;            ;                    ; GND                             ; gnd    ;              ;                ; --           ;                 ; --       ; --           ;
; W44      ;            ;                    ; GND                             ; gnd    ;              ;                ; --           ;                 ; --       ; --           ;
; Y1       ; 659        ; B2R                ; GND                             ;        ;              ;                ; --           ;                 ; --       ; --           ;
; Y2       ; 658        ; B2R                ; GND                             ;        ;              ;                ; --           ;                 ; --       ; --           ;
; Y3       ;            ;                    ; GND                             ; gnd    ;              ;                ; --           ;                 ; --       ; --           ;
; Y4       ;            ;                    ; GND                             ; gnd    ;              ;                ; --           ;                 ; --       ; --           ;
; Y5       ;            ;                    ; GND                             ;        ;              ;                ; --           ;                 ; --       ; --           ;
; Y6       ; 678        ; B2R                ; GXB_GND*                        ;        ;              ;                ; Row I/O      ;                 ; --       ; --           ;
; Y7       ; 679        ; B2R                ; GXB_GND*                        ;        ;              ;                ; Row I/O      ;                 ; --       ; --           ;
; Y8       ;            ; --                 ; VCCA_FPLL                       ; power  ;              ; 2.5V           ; --           ;                 ; --       ; --           ;
; Y9       ;            ;                    ; GND                             ; gnd    ;              ;                ; --           ;                 ; --       ; --           ;
; Y10      ;            ;                    ; GND                             ; gnd    ;              ;                ; --           ;                 ; --       ; --           ;
; Y11      ;            ;                    ; GND                             ; gnd    ;              ;                ; --           ;                 ; --       ; --           ;
; Y12      ;            ;                    ; GND                             ; gnd    ;              ;                ; --           ;                 ; --       ; --           ;
; Y13      ;            ;                    ; GND                             ; gnd    ;              ;                ; --           ;                 ; --       ; --           ;
; Y14      ;            ;                    ; GND                             ; gnd    ;              ;                ; --           ;                 ; --       ; --           ;
; Y15      ;            ;                    ; GND                             ; gnd    ;              ;                ; --           ;                 ; --       ; --           ;
; Y16      ; 839        ; 7C                 ; RESERVED_INPUT_WITH_WEAK_PULLUP ;        ;              ;                ; Column I/O   ;                 ; no       ; On           ;
; Y17      ; 835        ; 7C                 ; RESERVED_INPUT_WITH_WEAK_PULLUP ;        ;              ;                ; Column I/O   ;                 ; no       ; On           ;
; Y18      ;            ;                    ; GND                             ; gnd    ;              ;                ; --           ;                 ; --       ; --           ;
; Y19      ;            ; --                 ; VCC                             ; power  ;              ; 0.9V           ; --           ;                 ; --       ; --           ;
; Y20      ;            ; --                 ; VCC                             ; power  ;              ; 0.9V           ; --           ;                 ; --       ; --           ;
; Y21      ;            ; --                 ; VCC                             ; power  ;              ; 0.9V           ; --           ;                 ; --       ; --           ;
; Y22      ;            ;                    ; GND                             ; gnd    ;              ;                ; --           ;                 ; --       ; --           ;
; Y23      ;            ; --                 ; VCC                             ; power  ;              ; 0.9V           ; --           ;                 ; --       ; --           ;
; Y24      ;            ; --                 ; VCC                             ; power  ;              ; 0.9V           ; --           ;                 ; --       ; --           ;
; Y25      ;            ; --                 ; VCC                             ; power  ;              ; 0.9V           ; --           ;                 ; --       ; --           ;
; Y26      ;            ;                    ; GND                             ; gnd    ;              ;                ; --           ;                 ; --       ; --           ;
; Y27      ; 1040       ; 8C                 ; RESERVED_INPUT_WITH_WEAK_PULLUP ;        ;              ;                ; Column I/O   ;                 ; no       ; On           ;
; Y28      ; 1039       ; 8C                 ; RESERVED_INPUT_WITH_WEAK_PULLUP ;        ;              ;                ; Column I/O   ;                 ; no       ; On           ;
; Y29      ; 1044       ; 8C                 ; RESERVED_INPUT_WITH_WEAK_PULLUP ;        ;              ;                ; Column I/O   ;                 ; no       ; On           ;
; Y30      ; 1043       ; 8C                 ; RESERVED_INPUT_WITH_WEAK_PULLUP ;        ;              ;                ; Column I/O   ;                 ; no       ; On           ;
; Y31      ;            ;                    ; GND                             ; gnd    ;              ;                ; --           ;                 ; --       ; --           ;
; Y32      ; 1081       ; 8C                 ; RESERVED_INPUT_WITH_WEAK_PULLUP ;        ;              ;                ; Column I/O   ;                 ; no       ; On           ;
; Y33      ;            ;                    ; GND                             ; gnd    ;              ;                ; --           ;                 ; --       ; --           ;
; Y34      ;            ;                    ; GND                             ; gnd    ;              ;                ; --           ;                 ; --       ; --           ;
; Y35      ;            ;                    ; GND                             ; gnd    ;              ;                ; --           ;                 ; --       ; --           ;
; Y36      ;            ;                    ; GND                             ; gnd    ;              ;                ; --           ;                 ; --       ; --           ;
; Y37      ;            ; --                 ; VCCA_FPLL                       ; power  ;              ; 2.5V           ; --           ;                 ; --       ; --           ;
; Y38      ; 70         ; B2L                ; GXB_GND*                        ;        ;              ;                ; Row I/O      ;                 ; --       ; --           ;
; Y39      ; 71         ; B2L                ; GXB_GND*                        ;        ;              ;                ; Row I/O      ;                 ; --       ; --           ;
; Y40      ;            ;                    ; GND                             ;        ;              ;                ; --           ;                 ; --       ; --           ;
; Y41      ;            ;                    ; GND                             ; gnd    ;              ;                ; --           ;                 ; --       ; --           ;
; Y42      ;            ;                    ; GND                             ; gnd    ;              ;                ; --           ;                 ; --       ; --           ;
; Y43      ; 91         ; B2L                ; GND                             ;        ;              ;                ; --           ;                 ; --       ; --           ;
; Y44      ; 90         ; B2L                ; GND                             ;        ;              ;                ; --           ;                 ; --       ; --           ;
+----------+------------+--------------------+---------------------------------+--------+--------------+----------------+--------------+-----------------+----------+--------------+
Note: Pin directions (input, output or bidir) are based on device operating in user mode.


+-------------------------------------------------+
; I/O Assignment Warnings                         ;
+----------+--------------------------------------+
; Pin Name ; Reason                               ;
+----------+--------------------------------------+
; q[0]     ; Missing drive strength and slew rate ;
; q[1]     ; Missing drive strength and slew rate ;
; q[2]     ; Missing drive strength and slew rate ;
; q[3]     ; Missing drive strength and slew rate ;
; q[4]     ; Missing drive strength and slew rate ;
; q[5]     ; Missing drive strength and slew rate ;
; q[6]     ; Missing drive strength and slew rate ;
; q[7]     ; Missing drive strength and slew rate ;
; q[8]     ; Missing drive strength and slew rate ;
; q[9]     ; Missing drive strength and slew rate ;
; q[10]    ; Missing drive strength and slew rate ;
; q[11]    ; Missing drive strength and slew rate ;
; q[12]    ; Missing drive strength and slew rate ;
; q[13]    ; Missing drive strength and slew rate ;
; q[14]    ; Missing drive strength and slew rate ;
; q[15]    ; Missing drive strength and slew rate ;
; q[16]    ; Missing drive strength and slew rate ;
; q[17]    ; Missing drive strength and slew rate ;
; q[18]    ; Missing drive strength and slew rate ;
; q[19]    ; Missing drive strength and slew rate ;
; q[20]    ; Missing drive strength and slew rate ;
; q[21]    ; Missing drive strength and slew rate ;
; q[22]    ; Missing drive strength and slew rate ;
; q[23]    ; Missing drive strength and slew rate ;
; q[24]    ; Missing drive strength and slew rate ;
; q[25]    ; Missing drive strength and slew rate ;
; q[26]    ; Missing drive strength and slew rate ;
; q[27]    ; Missing drive strength and slew rate ;
; q[28]    ; Missing drive strength and slew rate ;
; q[29]    ; Missing drive strength and slew rate ;
; q[30]    ; Missing drive strength and slew rate ;
; q[31]    ; Missing drive strength and slew rate ;
; q[32]    ; Missing drive strength and slew rate ;
; q[33]    ; Missing drive strength and slew rate ;
; q[34]    ; Missing drive strength and slew rate ;
; q[35]    ; Missing drive strength and slew rate ;
; q[36]    ; Missing drive strength and slew rate ;
; q[37]    ; Missing drive strength and slew rate ;
; q[38]    ; Missing drive strength and slew rate ;
; q[39]    ; Missing drive strength and slew rate ;
; q[40]    ; Missing drive strength and slew rate ;
; q[41]    ; Missing drive strength and slew rate ;
; q[42]    ; Missing drive strength and slew rate ;
; q[43]    ; Missing drive strength and slew rate ;
; q[44]    ; Missing drive strength and slew rate ;
; q[45]    ; Missing drive strength and slew rate ;
; q[46]    ; Missing drive strength and slew rate ;
; q[47]    ; Missing drive strength and slew rate ;
; q[48]    ; Missing drive strength and slew rate ;
; q[49]    ; Missing drive strength and slew rate ;
; q[50]    ; Missing drive strength and slew rate ;
; q[51]    ; Missing drive strength and slew rate ;
; q[52]    ; Missing drive strength and slew rate ;
; q[53]    ; Missing drive strength and slew rate ;
; q[54]    ; Missing drive strength and slew rate ;
; q[55]    ; Missing drive strength and slew rate ;
; q[56]    ; Missing drive strength and slew rate ;
; q[57]    ; Missing drive strength and slew rate ;
; q[58]    ; Missing drive strength and slew rate ;
; q[59]    ; Missing drive strength and slew rate ;
; q[60]    ; Missing drive strength and slew rate ;
; q[61]    ; Missing drive strength and slew rate ;
; q[62]    ; Missing drive strength and slew rate ;
; q[63]    ; Missing drive strength and slew rate ;
; a[0]     ; Missing location assignment          ;
; a[1]     ; Missing location assignment          ;
; a[2]     ; Missing location assignment          ;
; a[3]     ; Missing location assignment          ;
; a[4]     ; Missing location assignment          ;
; a[5]     ; Missing location assignment          ;
; a[6]     ; Missing location assignment          ;
; a[7]     ; Missing location assignment          ;
; a[8]     ; Missing location assignment          ;
; a[9]     ; Missing location assignment          ;
; a[10]    ; Missing location assignment          ;
; a[11]    ; Missing location assignment          ;
; a[12]    ; Missing location assignment          ;
; a[13]    ; Missing location assignment          ;
; a[14]    ; Missing location assignment          ;
; a[15]    ; Missing location assignment          ;
; a[16]    ; Missing location assignment          ;
; a[17]    ; Missing location assignment          ;
; a[18]    ; Missing location assignment          ;
; a[19]    ; Missing location assignment          ;
; a[20]    ; Missing location assignment          ;
; a[21]    ; Missing location assignment          ;
; a[22]    ; Missing location assignment          ;
; a[23]    ; Missing location assignment          ;
; a[24]    ; Missing location assignment          ;
; a[25]    ; Missing location assignment          ;
; a[26]    ; Missing location assignment          ;
; a[27]    ; Missing location assignment          ;
; a[28]    ; Missing location assignment          ;
; a[29]    ; Missing location assignment          ;
; a[30]    ; Missing location assignment          ;
; a[31]    ; Missing location assignment          ;
; a[32]    ; Missing location assignment          ;
; a[33]    ; Missing location assignment          ;
; a[34]    ; Missing location assignment          ;
; a[35]    ; Missing location assignment          ;
; a[36]    ; Missing location assignment          ;
; a[37]    ; Missing location assignment          ;
; a[38]    ; Missing location assignment          ;
; a[39]    ; Missing location assignment          ;
; a[40]    ; Missing location assignment          ;
; a[41]    ; Missing location assignment          ;
; a[42]    ; Missing location assignment          ;
; a[43]    ; Missing location assignment          ;
; a[44]    ; Missing location assignment          ;
; a[45]    ; Missing location assignment          ;
; a[46]    ; Missing location assignment          ;
; a[47]    ; Missing location assignment          ;
; a[48]    ; Missing location assignment          ;
; a[49]    ; Missing location assignment          ;
; a[50]    ; Missing location assignment          ;
; a[51]    ; Missing location assignment          ;
; a[52]    ; Missing location assignment          ;
; a[53]    ; Missing location assignment          ;
; a[54]    ; Missing location assignment          ;
; a[55]    ; Missing location assignment          ;
; a[56]    ; Missing location assignment          ;
; a[57]    ; Missing location assignment          ;
; a[58]    ; Missing location assignment          ;
; a[59]    ; Missing location assignment          ;
; a[124]   ; Missing location assignment          ;
; a[125]   ; Missing location assignment          ;
; a[126]   ; Missing location assignment          ;
; a[127]   ; Missing location assignment          ;
; q[0]     ; Missing location assignment          ;
; q[1]     ; Missing location assignment          ;
; q[2]     ; Missing location assignment          ;
; q[3]     ; Missing location assignment          ;
; q[4]     ; Missing location assignment          ;
; q[5]     ; Missing location assignment          ;
; q[6]     ; Missing location assignment          ;
; q[7]     ; Missing location assignment          ;
; q[8]     ; Missing location assignment          ;
; q[9]     ; Missing location assignment          ;
; q[10]    ; Missing location assignment          ;
; q[11]    ; Missing location assignment          ;
; q[12]    ; Missing location assignment          ;
; q[13]    ; Missing location assignment          ;
; q[14]    ; Missing location assignment          ;
; q[15]    ; Missing location assignment          ;
; q[16]    ; Missing location assignment          ;
; q[17]    ; Missing location assignment          ;
; q[18]    ; Missing location assignment          ;
; q[19]    ; Missing location assignment          ;
; q[20]    ; Missing location assignment          ;
; q[21]    ; Missing location assignment          ;
; q[22]    ; Missing location assignment          ;
; q[23]    ; Missing location assignment          ;
; q[24]    ; Missing location assignment          ;
; q[25]    ; Missing location assignment          ;
; q[26]    ; Missing location assignment          ;
; q[27]    ; Missing location assignment          ;
; q[28]    ; Missing location assignment          ;
; q[29]    ; Missing location assignment          ;
; q[30]    ; Missing location assignment          ;
; q[31]    ; Missing location assignment          ;
; q[32]    ; Missing location assignment          ;
; q[33]    ; Missing location assignment          ;
; q[34]    ; Missing location assignment          ;
; q[35]    ; Missing location assignment          ;
; q[36]    ; Missing location assignment          ;
; q[37]    ; Missing location assignment          ;
; q[38]    ; Missing location assignment          ;
; q[39]    ; Missing location assignment          ;
; q[40]    ; Missing location assignment          ;
; q[41]    ; Missing location assignment          ;
; q[42]    ; Missing location assignment          ;
; q[43]    ; Missing location assignment          ;
; q[44]    ; Missing location assignment          ;
; q[45]    ; Missing location assignment          ;
; q[46]    ; Missing location assignment          ;
; q[47]    ; Missing location assignment          ;
; q[48]    ; Missing location assignment          ;
; q[49]    ; Missing location assignment          ;
; q[50]    ; Missing location assignment          ;
; q[51]    ; Missing location assignment          ;
; q[52]    ; Missing location assignment          ;
; q[53]    ; Missing location assignment          ;
; q[54]    ; Missing location assignment          ;
; q[55]    ; Missing location assignment          ;
; q[56]    ; Missing location assignment          ;
; q[57]    ; Missing location assignment          ;
; q[58]    ; Missing location assignment          ;
; q[59]    ; Missing location assignment          ;
; q[60]    ; Missing location assignment          ;
; q[61]    ; Missing location assignment          ;
; q[62]    ; Missing location assignment          ;
; q[63]    ; Missing location assignment          ;
; CLK      ; Missing location assignment          ;
; a[60]    ; Missing location assignment          ;
; RST      ; Missing location assignment          ;
; a[61]    ; Missing location assignment          ;
; a[62]    ; Missing location assignment          ;
; a[63]    ; Missing location assignment          ;
; a[64]    ; Missing location assignment          ;
; a[65]    ; Missing location assignment          ;
; a[66]    ; Missing location assignment          ;
; a[67]    ; Missing location assignment          ;
; a[68]    ; Missing location assignment          ;
; a[69]    ; Missing location assignment          ;
; a[70]    ; Missing location assignment          ;
; a[71]    ; Missing location assignment          ;
; a[72]    ; Missing location assignment          ;
; a[73]    ; Missing location assignment          ;
; a[74]    ; Missing location assignment          ;
; a[75]    ; Missing location assignment          ;
; a[76]    ; Missing location assignment          ;
; a[77]    ; Missing location assignment          ;
; a[78]    ; Missing location assignment          ;
; a[79]    ; Missing location assignment          ;
; a[80]    ; Missing location assignment          ;
; a[81]    ; Missing location assignment          ;
; a[82]    ; Missing location assignment          ;
; a[83]    ; Missing location assignment          ;
; a[84]    ; Missing location assignment          ;
; a[85]    ; Missing location assignment          ;
; a[86]    ; Missing location assignment          ;
; a[87]    ; Missing location assignment          ;
; a[88]    ; Missing location assignment          ;
; a[89]    ; Missing location assignment          ;
; a[90]    ; Missing location assignment          ;
; a[91]    ; Missing location assignment          ;
; a[92]    ; Missing location assignment          ;
; a[93]    ; Missing location assignment          ;
; a[94]    ; Missing location assignment          ;
; a[95]    ; Missing location assignment          ;
; a[96]    ; Missing location assignment          ;
; a[97]    ; Missing location assignment          ;
; a[98]    ; Missing location assignment          ;
; a[99]    ; Missing location assignment          ;
; a[100]   ; Missing location assignment          ;
; a[101]   ; Missing location assignment          ;
; a[102]   ; Missing location assignment          ;
; a[103]   ; Missing location assignment          ;
; a[104]   ; Missing location assignment          ;
; a[105]   ; Missing location assignment          ;
; a[106]   ; Missing location assignment          ;
; a[107]   ; Missing location assignment          ;
; a[108]   ; Missing location assignment          ;
; a[109]   ; Missing location assignment          ;
; a[110]   ; Missing location assignment          ;
; a[111]   ; Missing location assignment          ;
; a[112]   ; Missing location assignment          ;
; a[113]   ; Missing location assignment          ;
; a[114]   ; Missing location assignment          ;
; a[115]   ; Missing location assignment          ;
; a[116]   ; Missing location assignment          ;
; a[117]   ; Missing location assignment          ;
; a[118]   ; Missing location assignment          ;
; a[119]   ; Missing location assignment          ;
; a[120]   ; Missing location assignment          ;
; a[121]   ; Missing location assignment          ;
; a[122]   ; Missing location assignment          ;
; a[123]   ; Missing location assignment          ;
+----------+--------------------------------------+


+----------------------------------------------------------------------------------------------------------------------------------------------------------------------------------------------------------------------------------------------------------------------------------------------------------------------------------------------------------------------------------------+
; Fitter Resource Utilization by Entity                                                                                                                                                                                                                                                                                                                                                  ;
+----------------------------+----------------------+----------------------------------+---------------------------------------------------+----------------------------------+----------------------+---------------------+---------------------------+---------------+-------------------+-------+------------+------+--------------+---------------------+-------------+--------------+
; Compilation Hierarchy Node ; ALMs needed [=A-B+C] ; [A] ALMs used in final placement ; [B] Estimate of ALMs recoverable by dense packing ; [C] Estimate of ALMs unavailable ; ALMs used for memory ; Combinational ALUTs ; Dedicated Logic Registers ; I/O Registers ; Block Memory Bits ; M20Ks ; DSP Blocks ; Pins ; Virtual Pins ; Full Hierarchy Name ; Entity Name ; Library Name ;
+----------------------------+----------------------+----------------------------------+---------------------------------------------------+----------------------------------+----------------------+---------------------+---------------------------+---------------+-------------------+-------+------------+------+--------------+---------------------+-------------+--------------+
; |mul_slice                 ; 16.5 (16.5)          ; 32.5 (32.5)                      ; 16.0 (16.0)                                       ; 0.0 (0.0)                        ; 0.0 (0.0)            ; 1 (1)               ; 64 (64)                   ; 0 (0)         ; 0                 ; 0     ; 0          ; 194  ; 0            ; |mul_slice          ; mul_slice   ; work         ;
+----------------------------+----------------------+----------------------------------+---------------------------------------------------+----------------------------------+----------------------+---------------------+---------------------------+---------------+-------------------+-------+------------+------+--------------+---------------------+-------------+--------------+
Note: For table entries with two numbers listed, the numbers in parentheses indicate the number of resources of the given type used by the specific entity alone. The numbers listed outside of parentheses indicate the total resources of the given type used by the specific entity and all of its sub-entities in the hierarchy.


+-------------------------------------------------------------------------------------------------------------------------------------------------------+
; Delay Chain Summary                                                                                                                                   ;
+--------+----------+----+------+------+------+---------------+----+------------+-------------+------+------+-------+--------+--------+-----------------+
; Name   ; Pin Type ; D1 ; D2   ; D3_0 ; D3_1 ; T4 (DDIO_MUX) ; D4 ; T8_0 (DQS) ; T8_1 (NDQS) ; D5   ; D6   ; D6 OE ; D5 OCT ; D6 OCT ; T11 (Postamble) ;
+--------+----------+----+------+------+------+---------------+----+------------+-------------+------+------+-------+--------+--------+-----------------+
; a[0]   ; Input    ; -- ; --   ; --   ; --   ; --            ; -- ; --         ; --          ; --   ; --   ; --    ; --     ; --     ; --              ;
; a[1]   ; Input    ; -- ; --   ; --   ; --   ; --            ; -- ; --         ; --          ; --   ; --   ; --    ; --     ; --     ; --              ;
; a[2]   ; Input    ; -- ; --   ; --   ; --   ; --            ; -- ; --         ; --          ; --   ; --   ; --    ; --     ; --     ; --              ;
; a[3]   ; Input    ; -- ; --   ; --   ; --   ; --            ; -- ; --         ; --          ; --   ; --   ; --    ; --     ; --     ; --              ;
; a[4]   ; Input    ; -- ; --   ; --   ; --   ; --            ; -- ; --         ; --          ; --   ; --   ; --    ; --     ; --     ; --              ;
; a[5]   ; Input    ; -- ; --   ; --   ; --   ; --            ; -- ; --         ; --          ; --   ; --   ; --    ; --     ; --     ; --              ;
; a[6]   ; Input    ; -- ; --   ; --   ; --   ; --            ; -- ; --         ; --          ; --   ; --   ; --    ; --     ; --     ; --              ;
; a[7]   ; Input    ; -- ; --   ; --   ; --   ; --            ; -- ; --         ; --          ; --   ; --   ; --    ; --     ; --     ; --              ;
; a[8]   ; Input    ; -- ; --   ; --   ; --   ; --            ; -- ; --         ; --          ; --   ; --   ; --    ; --     ; --     ; --              ;
; a[9]   ; Input    ; -- ; --   ; --   ; --   ; --            ; -- ; --         ; --          ; --   ; --   ; --    ; --     ; --     ; --              ;
; a[10]  ; Input    ; -- ; --   ; --   ; --   ; --            ; -- ; --         ; --          ; --   ; --   ; --    ; --     ; --     ; --              ;
; a[11]  ; Input    ; -- ; --   ; --   ; --   ; --            ; -- ; --         ; --          ; --   ; --   ; --    ; --     ; --     ; --              ;
; a[12]  ; Input    ; -- ; --   ; --   ; --   ; --            ; -- ; --         ; --          ; --   ; --   ; --    ; --     ; --     ; --              ;
; a[13]  ; Input    ; -- ; --   ; --   ; --   ; --            ; -- ; --         ; --          ; --   ; --   ; --    ; --     ; --     ; --              ;
; a[14]  ; Input    ; -- ; --   ; --   ; --   ; --            ; -- ; --         ; --          ; --   ; --   ; --    ; --     ; --     ; --              ;
; a[15]  ; Input    ; -- ; --   ; --   ; --   ; --            ; -- ; --         ; --          ; --   ; --   ; --    ; --     ; --     ; --              ;
; a[16]  ; Input    ; -- ; --   ; --   ; --   ; --            ; -- ; --         ; --          ; --   ; --   ; --    ; --     ; --     ; --              ;
; a[17]  ; Input    ; -- ; --   ; --   ; --   ; --            ; -- ; --         ; --          ; --   ; --   ; --    ; --     ; --     ; --              ;
; a[18]  ; Input    ; -- ; --   ; --   ; --   ; --            ; -- ; --         ; --          ; --   ; --   ; --    ; --     ; --     ; --              ;
; a[19]  ; Input    ; -- ; --   ; --   ; --   ; --            ; -- ; --         ; --          ; --   ; --   ; --    ; --     ; --     ; --              ;
; a[20]  ; Input    ; -- ; --   ; --   ; --   ; --            ; -- ; --         ; --          ; --   ; --   ; --    ; --     ; --     ; --              ;
; a[21]  ; Input    ; -- ; --   ; --   ; --   ; --            ; -- ; --         ; --          ; --   ; --   ; --    ; --     ; --     ; --              ;
; a[22]  ; Input    ; -- ; --   ; --   ; --   ; --            ; -- ; --         ; --          ; --   ; --   ; --    ; --     ; --     ; --              ;
; a[23]  ; Input    ; -- ; --   ; --   ; --   ; --            ; -- ; --         ; --          ; --   ; --   ; --    ; --     ; --     ; --              ;
; a[24]  ; Input    ; -- ; --   ; --   ; --   ; --            ; -- ; --         ; --          ; --   ; --   ; --    ; --     ; --     ; --              ;
; a[25]  ; Input    ; -- ; --   ; --   ; --   ; --            ; -- ; --         ; --          ; --   ; --   ; --    ; --     ; --     ; --              ;
; a[26]  ; Input    ; -- ; --   ; --   ; --   ; --            ; -- ; --         ; --          ; --   ; --   ; --    ; --     ; --     ; --              ;
; a[27]  ; Input    ; -- ; --   ; --   ; --   ; --            ; -- ; --         ; --          ; --   ; --   ; --    ; --     ; --     ; --              ;
; a[28]  ; Input    ; -- ; --   ; --   ; --   ; --            ; -- ; --         ; --          ; --   ; --   ; --    ; --     ; --     ; --              ;
; a[29]  ; Input    ; -- ; --   ; --   ; --   ; --            ; -- ; --         ; --          ; --   ; --   ; --    ; --     ; --     ; --              ;
; a[30]  ; Input    ; -- ; --   ; --   ; --   ; --            ; -- ; --         ; --          ; --   ; --   ; --    ; --     ; --     ; --              ;
; a[31]  ; Input    ; -- ; --   ; --   ; --   ; --            ; -- ; --         ; --          ; --   ; --   ; --    ; --     ; --     ; --              ;
; a[32]  ; Input    ; -- ; --   ; --   ; --   ; --            ; -- ; --         ; --          ; --   ; --   ; --    ; --     ; --     ; --              ;
; a[33]  ; Input    ; -- ; --   ; --   ; --   ; --            ; -- ; --         ; --          ; --   ; --   ; --    ; --     ; --     ; --              ;
; a[34]  ; Input    ; -- ; --   ; --   ; --   ; --            ; -- ; --         ; --          ; --   ; --   ; --    ; --     ; --     ; --              ;
; a[35]  ; Input    ; -- ; --   ; --   ; --   ; --            ; -- ; --         ; --          ; --   ; --   ; --    ; --     ; --     ; --              ;
; a[36]  ; Input    ; -- ; --   ; --   ; --   ; --            ; -- ; --         ; --          ; --   ; --   ; --    ; --     ; --     ; --              ;
; a[37]  ; Input    ; -- ; --   ; --   ; --   ; --            ; -- ; --         ; --          ; --   ; --   ; --    ; --     ; --     ; --              ;
; a[38]  ; Input    ; -- ; --   ; --   ; --   ; --            ; -- ; --         ; --          ; --   ; --   ; --    ; --     ; --     ; --              ;
; a[39]  ; Input    ; -- ; --   ; --   ; --   ; --            ; -- ; --         ; --          ; --   ; --   ; --    ; --     ; --     ; --              ;
; a[40]  ; Input    ; -- ; --   ; --   ; --   ; --            ; -- ; --         ; --          ; --   ; --   ; --    ; --     ; --     ; --              ;
; a[41]  ; Input    ; -- ; --   ; --   ; --   ; --            ; -- ; --         ; --          ; --   ; --   ; --    ; --     ; --     ; --              ;
; a[42]  ; Input    ; -- ; --   ; --   ; --   ; --            ; -- ; --         ; --          ; --   ; --   ; --    ; --     ; --     ; --              ;
; a[43]  ; Input    ; -- ; --   ; --   ; --   ; --            ; -- ; --         ; --          ; --   ; --   ; --    ; --     ; --     ; --              ;
; a[44]  ; Input    ; -- ; --   ; --   ; --   ; --            ; -- ; --         ; --          ; --   ; --   ; --    ; --     ; --     ; --              ;
; a[45]  ; Input    ; -- ; --   ; --   ; --   ; --            ; -- ; --         ; --          ; --   ; --   ; --    ; --     ; --     ; --              ;
; a[46]  ; Input    ; -- ; --   ; --   ; --   ; --            ; -- ; --         ; --          ; --   ; --   ; --    ; --     ; --     ; --              ;
; a[47]  ; Input    ; -- ; --   ; --   ; --   ; --            ; -- ; --         ; --          ; --   ; --   ; --    ; --     ; --     ; --              ;
; a[48]  ; Input    ; -- ; --   ; --   ; --   ; --            ; -- ; --         ; --          ; --   ; --   ; --    ; --     ; --     ; --              ;
; a[49]  ; Input    ; -- ; --   ; --   ; --   ; --            ; -- ; --         ; --          ; --   ; --   ; --    ; --     ; --     ; --              ;
; a[50]  ; Input    ; -- ; --   ; --   ; --   ; --            ; -- ; --         ; --          ; --   ; --   ; --    ; --     ; --     ; --              ;
; a[51]  ; Input    ; -- ; --   ; --   ; --   ; --            ; -- ; --         ; --          ; --   ; --   ; --    ; --     ; --     ; --              ;
; a[52]  ; Input    ; -- ; --   ; --   ; --   ; --            ; -- ; --         ; --          ; --   ; --   ; --    ; --     ; --     ; --              ;
; a[53]  ; Input    ; -- ; --   ; --   ; --   ; --            ; -- ; --         ; --          ; --   ; --   ; --    ; --     ; --     ; --              ;
; a[54]  ; Input    ; -- ; --   ; --   ; --   ; --            ; -- ; --         ; --          ; --   ; --   ; --    ; --     ; --     ; --              ;
; a[55]  ; Input    ; -- ; --   ; --   ; --   ; --            ; -- ; --         ; --          ; --   ; --   ; --    ; --     ; --     ; --              ;
; a[56]  ; Input    ; -- ; --   ; --   ; --   ; --            ; -- ; --         ; --          ; --   ; --   ; --    ; --     ; --     ; --              ;
; a[57]  ; Input    ; -- ; --   ; --   ; --   ; --            ; -- ; --         ; --          ; --   ; --   ; --    ; --     ; --     ; --              ;
; a[58]  ; Input    ; -- ; --   ; --   ; --   ; --            ; -- ; --         ; --          ; --   ; --   ; --    ; --     ; --     ; --              ;
; a[59]  ; Input    ; -- ; --   ; --   ; --   ; --            ; -- ; --         ; --          ; --   ; --   ; --    ; --     ; --     ; --              ;
; a[124] ; Input    ; -- ; --   ; --   ; --   ; --            ; -- ; --         ; --          ; --   ; --   ; --    ; --     ; --     ; --              ;
; a[125] ; Input    ; -- ; --   ; --   ; --   ; --            ; -- ; --         ; --          ; --   ; --   ; --    ; --     ; --     ; --              ;
; a[126] ; Input    ; -- ; --   ; --   ; --   ; --            ; -- ; --         ; --          ; --   ; --   ; --    ; --     ; --     ; --              ;
; a[127] ; Input    ; -- ; --   ; --   ; --   ; --            ; -- ; --         ; --          ; --   ; --   ; --    ; --     ; --     ; --              ;
; q[0]   ; Output   ; -- ; --   ; --   ; --   ; --            ; -- ; --         ; --          ; (0)  ; (0)  ; (31)  ; --     ; --     ; --              ;
; q[1]   ; Output   ; -- ; --   ; --   ; --   ; --            ; -- ; --         ; --          ; (0)  ; (0)  ; (31)  ; --     ; --     ; --              ;
; q[2]   ; Output   ; -- ; --   ; --   ; --   ; --            ; -- ; --         ; --          ; (0)  ; (0)  ; (31)  ; --     ; --     ; --              ;
; q[3]   ; Output   ; -- ; --   ; --   ; --   ; --            ; -- ; --         ; --          ; (0)  ; (0)  ; (31)  ; --     ; --     ; --              ;
; q[4]   ; Output   ; -- ; --   ; --   ; --   ; --            ; -- ; --         ; --          ; (0)  ; (0)  ; (31)  ; --     ; --     ; --              ;
; q[5]   ; Output   ; -- ; --   ; --   ; --   ; --            ; -- ; --         ; --          ; (0)  ; (0)  ; (31)  ; --     ; --     ; --              ;
; q[6]   ; Output   ; -- ; --   ; --   ; --   ; --            ; -- ; --         ; --          ; (0)  ; (0)  ; (31)  ; --     ; --     ; --              ;
; q[7]   ; Output   ; -- ; --   ; --   ; --   ; --            ; -- ; --         ; --          ; (0)  ; (0)  ; (31)  ; --     ; --     ; --              ;
; q[8]   ; Output   ; -- ; --   ; --   ; --   ; --            ; -- ; --         ; --          ; (0)  ; (0)  ; (31)  ; --     ; --     ; --              ;
; q[9]   ; Output   ; -- ; --   ; --   ; --   ; --            ; -- ; --         ; --          ; (0)  ; (0)  ; (31)  ; --     ; --     ; --              ;
; q[10]  ; Output   ; -- ; --   ; --   ; --   ; --            ; -- ; --         ; --          ; (0)  ; (0)  ; (31)  ; --     ; --     ; --              ;
; q[11]  ; Output   ; -- ; --   ; --   ; --   ; --            ; -- ; --         ; --          ; (0)  ; (0)  ; (31)  ; --     ; --     ; --              ;
; q[12]  ; Output   ; -- ; --   ; --   ; --   ; --            ; -- ; --         ; --          ; (0)  ; (0)  ; (31)  ; --     ; --     ; --              ;
; q[13]  ; Output   ; -- ; --   ; --   ; --   ; --            ; -- ; --         ; --          ; (0)  ; (0)  ; (31)  ; --     ; --     ; --              ;
; q[14]  ; Output   ; -- ; --   ; --   ; --   ; --            ; -- ; --         ; --          ; (0)  ; (0)  ; (31)  ; --     ; --     ; --              ;
; q[15]  ; Output   ; -- ; --   ; --   ; --   ; --            ; -- ; --         ; --          ; (0)  ; (0)  ; (31)  ; --     ; --     ; --              ;
; q[16]  ; Output   ; -- ; --   ; --   ; --   ; --            ; -- ; --         ; --          ; (0)  ; (0)  ; (31)  ; --     ; --     ; --              ;
; q[17]  ; Output   ; -- ; --   ; --   ; --   ; --            ; -- ; --         ; --          ; (0)  ; (0)  ; (31)  ; --     ; --     ; --              ;
; q[18]  ; Output   ; -- ; --   ; --   ; --   ; --            ; -- ; --         ; --          ; (0)  ; (0)  ; (31)  ; --     ; --     ; --              ;
; q[19]  ; Output   ; -- ; --   ; --   ; --   ; --            ; -- ; --         ; --          ; (0)  ; (0)  ; (31)  ; --     ; --     ; --              ;
; q[20]  ; Output   ; -- ; --   ; --   ; --   ; --            ; -- ; --         ; --          ; (0)  ; (0)  ; (31)  ; --     ; --     ; --              ;
; q[21]  ; Output   ; -- ; --   ; --   ; --   ; --            ; -- ; --         ; --          ; (0)  ; (0)  ; (31)  ; --     ; --     ; --              ;
; q[22]  ; Output   ; -- ; --   ; --   ; --   ; --            ; -- ; --         ; --          ; (0)  ; (0)  ; (31)  ; --     ; --     ; --              ;
; q[23]  ; Output   ; -- ; --   ; --   ; --   ; --            ; -- ; --         ; --          ; (0)  ; (0)  ; (31)  ; --     ; --     ; --              ;
; q[24]  ; Output   ; -- ; --   ; --   ; --   ; --            ; -- ; --         ; --          ; (0)  ; (0)  ; (31)  ; --     ; --     ; --              ;
; q[25]  ; Output   ; -- ; --   ; --   ; --   ; --            ; -- ; --         ; --          ; (0)  ; (0)  ; (31)  ; --     ; --     ; --              ;
; q[26]  ; Output   ; -- ; --   ; --   ; --   ; --            ; -- ; --         ; --          ; (0)  ; (0)  ; (31)  ; --     ; --     ; --              ;
; q[27]  ; Output   ; -- ; --   ; --   ; --   ; --            ; -- ; --         ; --          ; (0)  ; (0)  ; (31)  ; --     ; --     ; --              ;
; q[28]  ; Output   ; -- ; --   ; --   ; --   ; --            ; -- ; --         ; --          ; (0)  ; (0)  ; (31)  ; --     ; --     ; --              ;
; q[29]  ; Output   ; -- ; --   ; --   ; --   ; --            ; -- ; --         ; --          ; (0)  ; (0)  ; (31)  ; --     ; --     ; --              ;
; q[30]  ; Output   ; -- ; --   ; --   ; --   ; --            ; -- ; --         ; --          ; (0)  ; (0)  ; (31)  ; --     ; --     ; --              ;
; q[31]  ; Output   ; -- ; --   ; --   ; --   ; --            ; -- ; --         ; --          ; (0)  ; (0)  ; (31)  ; --     ; --     ; --              ;
; q[32]  ; Output   ; -- ; --   ; --   ; --   ; --            ; -- ; --         ; --          ; (0)  ; (0)  ; (31)  ; --     ; --     ; --              ;
; q[33]  ; Output   ; -- ; --   ; --   ; --   ; --            ; -- ; --         ; --          ; (0)  ; (0)  ; (31)  ; --     ; --     ; --              ;
; q[34]  ; Output   ; -- ; --   ; --   ; --   ; --            ; -- ; --         ; --          ; (0)  ; (0)  ; (31)  ; --     ; --     ; --              ;
; q[35]  ; Output   ; -- ; --   ; --   ; --   ; --            ; -- ; --         ; --          ; (0)  ; (0)  ; (31)  ; --     ; --     ; --              ;
; q[36]  ; Output   ; -- ; --   ; --   ; --   ; --            ; -- ; --         ; --          ; (0)  ; (0)  ; (31)  ; --     ; --     ; --              ;
; q[37]  ; Output   ; -- ; --   ; --   ; --   ; --            ; -- ; --         ; --          ; (0)  ; (0)  ; (31)  ; --     ; --     ; --              ;
; q[38]  ; Output   ; -- ; --   ; --   ; --   ; --            ; -- ; --         ; --          ; (0)  ; (0)  ; (31)  ; --     ; --     ; --              ;
; q[39]  ; Output   ; -- ; --   ; --   ; --   ; --            ; -- ; --         ; --          ; (0)  ; (0)  ; (31)  ; --     ; --     ; --              ;
; q[40]  ; Output   ; -- ; --   ; --   ; --   ; --            ; -- ; --         ; --          ; (0)  ; (0)  ; (31)  ; --     ; --     ; --              ;
; q[41]  ; Output   ; -- ; --   ; --   ; --   ; --            ; -- ; --         ; --          ; (0)  ; (0)  ; (31)  ; --     ; --     ; --              ;
; q[42]  ; Output   ; -- ; --   ; --   ; --   ; --            ; -- ; --         ; --          ; (0)  ; (0)  ; (31)  ; --     ; --     ; --              ;
; q[43]  ; Output   ; -- ; --   ; --   ; --   ; --            ; -- ; --         ; --          ; (0)  ; (0)  ; (31)  ; --     ; --     ; --              ;
; q[44]  ; Output   ; -- ; --   ; --   ; --   ; --            ; -- ; --         ; --          ; (0)  ; (0)  ; (31)  ; --     ; --     ; --              ;
; q[45]  ; Output   ; -- ; --   ; --   ; --   ; --            ; -- ; --         ; --          ; (0)  ; (0)  ; (31)  ; --     ; --     ; --              ;
; q[46]  ; Output   ; -- ; --   ; --   ; --   ; --            ; -- ; --         ; --          ; (0)  ; (0)  ; (31)  ; --     ; --     ; --              ;
; q[47]  ; Output   ; -- ; --   ; --   ; --   ; --            ; -- ; --         ; --          ; (0)  ; (0)  ; (31)  ; --     ; --     ; --              ;
; q[48]  ; Output   ; -- ; --   ; --   ; --   ; --            ; -- ; --         ; --          ; (0)  ; (0)  ; (31)  ; --     ; --     ; --              ;
; q[49]  ; Output   ; -- ; --   ; --   ; --   ; --            ; -- ; --         ; --          ; (0)  ; (0)  ; (31)  ; --     ; --     ; --              ;
; q[50]  ; Output   ; -- ; --   ; --   ; --   ; --            ; -- ; --         ; --          ; (0)  ; (0)  ; (31)  ; --     ; --     ; --              ;
; q[51]  ; Output   ; -- ; --   ; --   ; --   ; --            ; -- ; --         ; --          ; (0)  ; (0)  ; (31)  ; --     ; --     ; --              ;
; q[52]  ; Output   ; -- ; --   ; --   ; --   ; --            ; -- ; --         ; --          ; (0)  ; (0)  ; (31)  ; --     ; --     ; --              ;
; q[53]  ; Output   ; -- ; --   ; --   ; --   ; --            ; -- ; --         ; --          ; (0)  ; (0)  ; (31)  ; --     ; --     ; --              ;
; q[54]  ; Output   ; -- ; --   ; --   ; --   ; --            ; -- ; --         ; --          ; (0)  ; (0)  ; (31)  ; --     ; --     ; --              ;
; q[55]  ; Output   ; -- ; --   ; --   ; --   ; --            ; -- ; --         ; --          ; (0)  ; (0)  ; (31)  ; --     ; --     ; --              ;
; q[56]  ; Output   ; -- ; --   ; --   ; --   ; --            ; -- ; --         ; --          ; (0)  ; (0)  ; (31)  ; --     ; --     ; --              ;
; q[57]  ; Output   ; -- ; --   ; --   ; --   ; --            ; -- ; --         ; --          ; (0)  ; (0)  ; (31)  ; --     ; --     ; --              ;
; q[58]  ; Output   ; -- ; --   ; --   ; --   ; --            ; -- ; --         ; --          ; (0)  ; (0)  ; (31)  ; --     ; --     ; --              ;
; q[59]  ; Output   ; -- ; --   ; --   ; --   ; --            ; -- ; --         ; --          ; (0)  ; (0)  ; (31)  ; --     ; --     ; --              ;
; q[60]  ; Output   ; -- ; --   ; --   ; --   ; --            ; -- ; --         ; --          ; (0)  ; (0)  ; (31)  ; --     ; --     ; --              ;
; q[61]  ; Output   ; -- ; --   ; --   ; --   ; --            ; -- ; --         ; --          ; (0)  ; (0)  ; (31)  ; --     ; --     ; --              ;
; q[62]  ; Output   ; -- ; --   ; --   ; --   ; --            ; -- ; --         ; --          ; (0)  ; (0)  ; (31)  ; --     ; --     ; --              ;
; q[63]  ; Output   ; -- ; --   ; --   ; --   ; --            ; -- ; --         ; --          ; (0)  ; (0)  ; (31)  ; --     ; --     ; --              ;
; CLK    ; Input    ; -- ; (0)  ; (0)  ; --   ; --            ; -- ; --         ; --          ; --   ; --   ; --    ; --     ; --     ; --              ;
; a[60]  ; Input    ; -- ; (0)  ; (0)  ; --   ; --            ; -- ; --         ; --          ; --   ; --   ; --    ; --     ; --     ; --              ;
; RST    ; Input    ; -- ; (0)  ; (0)  ; --   ; --            ; -- ; --         ; --          ; --   ; --   ; --    ; --     ; --     ; --              ;
; a[61]  ; Input    ; -- ; (0)  ; --   ; (0)  ; --            ; -- ; --         ; --          ; --   ; --   ; --    ; --     ; --     ; --              ;
; a[62]  ; Input    ; -- ; (0)  ; --   ; (0)  ; --            ; -- ; --         ; --          ; --   ; --   ; --    ; --     ; --     ; --              ;
; a[63]  ; Input    ; -- ; (0)  ; --   ; (0)  ; --            ; -- ; --         ; --          ; --   ; --   ; --    ; --     ; --     ; --              ;
; a[64]  ; Input    ; -- ; (0)  ; (0)  ; --   ; --            ; -- ; --         ; --          ; --   ; --   ; --    ; --     ; --     ; --              ;
; a[65]  ; Input    ; -- ; (0)  ; (0)  ; --   ; --            ; -- ; --         ; --          ; --   ; --   ; --    ; --     ; --     ; --              ;
; a[66]  ; Input    ; -- ; (0)  ; (0)  ; --   ; --            ; -- ; --         ; --          ; --   ; --   ; --    ; --     ; --     ; --              ;
; a[67]  ; Input    ; -- ; (0)  ; (0)  ; --   ; --            ; -- ; --         ; --          ; --   ; --   ; --    ; --     ; --     ; --              ;
; a[68]  ; Input    ; -- ; (0)  ; (0)  ; --   ; --            ; -- ; --         ; --          ; --   ; --   ; --    ; --     ; --     ; --              ;
; a[69]  ; Input    ; -- ; (0)  ; --   ; (0)  ; --            ; -- ; --         ; --          ; --   ; --   ; --    ; --     ; --     ; --              ;
; a[70]  ; Input    ; -- ; (0)  ; (0)  ; --   ; --            ; -- ; --         ; --          ; --   ; --   ; --    ; --     ; --     ; --              ;
; a[71]  ; Input    ; -- ; (0)  ; (0)  ; --   ; --            ; -- ; --         ; --          ; --   ; --   ; --    ; --     ; --     ; --              ;
; a[72]  ; Input    ; -- ; (0)  ; --   ; (0)  ; --            ; -- ; --         ; --          ; --   ; --   ; --    ; --     ; --     ; --              ;
; a[73]  ; Input    ; -- ; (0)  ; (0)  ; --   ; --            ; -- ; --         ; --          ; --   ; --   ; --    ; --     ; --     ; --              ;
; a[74]  ; Input    ; -- ; (0)  ; (0)  ; --   ; --            ; -- ; --         ; --          ; --   ; --   ; --    ; --     ; --     ; --              ;
; a[75]  ; Input    ; -- ; (0)  ; (0)  ; --   ; --            ; -- ; --         ; --          ; --   ; --   ; --    ; --     ; --     ; --              ;
; a[76]  ; Input    ; -- ; (0)  ; (0)  ; --   ; --            ; -- ; --         ; --          ; --   ; --   ; --    ; --     ; --     ; --              ;
; a[77]  ; Input    ; -- ; (0)  ; (0)  ; --   ; --            ; -- ; --         ; --          ; --   ; --   ; --    ; --     ; --     ; --              ;
; a[78]  ; Input    ; -- ; (0)  ; --   ; (0)  ; --            ; -- ; --         ; --          ; --   ; --   ; --    ; --     ; --     ; --              ;
; a[79]  ; Input    ; -- ; (0)  ; --   ; (0)  ; --            ; -- ; --         ; --          ; --   ; --   ; --    ; --     ; --     ; --              ;
; a[80]  ; Input    ; -- ; (0)  ; --   ; (0)  ; --            ; -- ; --         ; --          ; --   ; --   ; --    ; --     ; --     ; --              ;
; a[81]  ; Input    ; -- ; (0)  ; (0)  ; --   ; --            ; -- ; --         ; --          ; --   ; --   ; --    ; --     ; --     ; --              ;
; a[82]  ; Input    ; -- ; (0)  ; --   ; (0)  ; --            ; -- ; --         ; --          ; --   ; --   ; --    ; --     ; --     ; --              ;
; a[83]  ; Input    ; -- ; (0)  ; (0)  ; --   ; --            ; -- ; --         ; --          ; --   ; --   ; --    ; --     ; --     ; --              ;
; a[84]  ; Input    ; -- ; (0)  ; --   ; (0)  ; --            ; -- ; --         ; --          ; --   ; --   ; --    ; --     ; --     ; --              ;
; a[85]  ; Input    ; -- ; (0)  ; (0)  ; --   ; --            ; -- ; --         ; --          ; --   ; --   ; --    ; --     ; --     ; --              ;
; a[86]  ; Input    ; -- ; (0)  ; --   ; (0)  ; --            ; -- ; --         ; --          ; --   ; --   ; --    ; --     ; --     ; --              ;
; a[87]  ; Input    ; -- ; (0)  ; --   ; (0)  ; --            ; -- ; --         ; --          ; --   ; --   ; --    ; --     ; --     ; --              ;
; a[88]  ; Input    ; -- ; (0)  ; --   ; (0)  ; --            ; -- ; --         ; --          ; --   ; --   ; --    ; --     ; --     ; --              ;
; a[89]  ; Input    ; -- ; (0)  ; --   ; (0)  ; --            ; -- ; --         ; --          ; --   ; --   ; --    ; --     ; --     ; --              ;
; a[90]  ; Input    ; -- ; (0)  ; --   ; (0)  ; --            ; -- ; --         ; --          ; --   ; --   ; --    ; --     ; --     ; --              ;
; a[91]  ; Input    ; -- ; (0)  ; --   ; (0)  ; --            ; -- ; --         ; --          ; --   ; --   ; --    ; --     ; --     ; --              ;
; a[92]  ; Input    ; -- ; (0)  ; (0)  ; --   ; --            ; -- ; --         ; --          ; --   ; --   ; --    ; --     ; --     ; --              ;
; a[93]  ; Input    ; -- ; (0)  ; (0)  ; --   ; --            ; -- ; --         ; --          ; --   ; --   ; --    ; --     ; --     ; --              ;
; a[94]  ; Input    ; -- ; (0)  ; (0)  ; --   ; --            ; -- ; --         ; --          ; --   ; --   ; --    ; --     ; --     ; --              ;
; a[95]  ; Input    ; -- ; (0)  ; (0)  ; --   ; --            ; -- ; --         ; --          ; --   ; --   ; --    ; --     ; --     ; --              ;
; a[96]  ; Input    ; -- ; (0)  ; (0)  ; --   ; --            ; -- ; --         ; --          ; --   ; --   ; --    ; --     ; --     ; --              ;
; a[97]  ; Input    ; -- ; (0)  ; (0)  ; --   ; --            ; -- ; --         ; --          ; --   ; --   ; --    ; --     ; --     ; --              ;
; a[98]  ; Input    ; -- ; (0)  ; --   ; (0)  ; --            ; -- ; --         ; --          ; --   ; --   ; --    ; --     ; --     ; --              ;
; a[99]  ; Input    ; -- ; (0)  ; (0)  ; --   ; --            ; -- ; --         ; --          ; --   ; --   ; --    ; --     ; --     ; --              ;
; a[100] ; Input    ; -- ; (0)  ; --   ; (0)  ; --            ; -- ; --         ; --          ; --   ; --   ; --    ; --     ; --     ; --              ;
; a[101] ; Input    ; -- ; (0)  ; --   ; (0)  ; --            ; -- ; --         ; --          ; --   ; --   ; --    ; --     ; --     ; --              ;
; a[102] ; Input    ; -- ; (0)  ; (0)  ; --   ; --            ; -- ; --         ; --          ; --   ; --   ; --    ; --     ; --     ; --              ;
; a[103] ; Input    ; -- ; (0)  ; (0)  ; --   ; --            ; -- ; --         ; --          ; --   ; --   ; --    ; --     ; --     ; --              ;
; a[104] ; Input    ; -- ; (0)  ; --   ; (0)  ; --            ; -- ; --         ; --          ; --   ; --   ; --    ; --     ; --     ; --              ;
; a[105] ; Input    ; -- ; (0)  ; --   ; (0)  ; --            ; -- ; --         ; --          ; --   ; --   ; --    ; --     ; --     ; --              ;
; a[106] ; Input    ; -- ; (0)  ; --   ; (0)  ; --            ; -- ; --         ; --          ; --   ; --   ; --    ; --     ; --     ; --              ;
; a[107] ; Input    ; -- ; (0)  ; --   ; (0)  ; --            ; -- ; --         ; --          ; --   ; --   ; --    ; --     ; --     ; --              ;
; a[108] ; Input    ; -- ; (0)  ; (0)  ; --   ; --            ; -- ; --         ; --          ; --   ; --   ; --    ; --     ; --     ; --              ;
; a[109] ; Input    ; -- ; (0)  ; (0)  ; --   ; --            ; -- ; --         ; --          ; --   ; --   ; --    ; --     ; --     ; --              ;
; a[110] ; Input    ; -- ; (0)  ; (0)  ; --   ; --            ; -- ; --         ; --          ; --   ; --   ; --    ; --     ; --     ; --              ;
; a[111] ; Input    ; -- ; (0)  ; (0)  ; --   ; --            ; -- ; --         ; --          ; --   ; --   ; --    ; --     ; --     ; --              ;
; a[112] ; Input    ; -- ; (0)  ; (0)  ; --   ; --            ; -- ; --         ; --          ; --   ; --   ; --    ; --     ; --     ; --              ;
; a[113] ; Input    ; -- ; (0)  ; (0)  ; --   ; --            ; -- ; --         ; --          ; --   ; --   ; --    ; --     ; --     ; --              ;
; a[114] ; Input    ; -- ; (0)  ; --   ; (0)  ; --            ; -- ; --         ; --          ; --   ; --   ; --    ; --     ; --     ; --              ;
; a[115] ; Input    ; -- ; (0)  ; (0)  ; --   ; --            ; -- ; --         ; --          ; --   ; --   ; --    ; --     ; --     ; --              ;
; a[116] ; Input    ; -- ; (0)  ; --   ; (0)  ; --            ; -- ; --         ; --          ; --   ; --   ; --    ; --     ; --     ; --              ;
; a[117] ; Input    ; -- ; (0)  ; (0)  ; --   ; --            ; -- ; --         ; --          ; --   ; --   ; --    ; --     ; --     ; --              ;
; a[118] ; Input    ; -- ; (0)  ; (0)  ; --   ; --            ; -- ; --         ; --          ; --   ; --   ; --    ; --     ; --     ; --              ;
; a[119] ; Input    ; -- ; (0)  ; (0)  ; --   ; --            ; -- ; --         ; --          ; --   ; --   ; --    ; --     ; --     ; --              ;
; a[120] ; Input    ; -- ; (0)  ; (0)  ; --   ; --            ; -- ; --         ; --          ; --   ; --   ; --    ; --     ; --     ; --              ;
; a[121] ; Input    ; -- ; (0)  ; --   ; (0)  ; --            ; -- ; --         ; --          ; --   ; --   ; --    ; --     ; --     ; --              ;
; a[122] ; Input    ; -- ; (0)  ; (0)  ; --   ; --            ; -- ; --         ; --          ; --   ; --   ; --    ; --     ; --     ; --              ;
; a[123] ; Input    ; -- ; (0)  ; (0)  ; --   ; --            ; -- ; --         ; --          ; --   ; --   ; --    ; --     ; --     ; --              ;
+--------+----------+----+------+------+------+---------------+----+------------+-------------+------+------+-------+--------+--------+-----------------+


+------------------------------------------------------+
; Pad To Core Delay Chain Fanout                       ;
+------------------------+-------------------+---------+
; Source Pin / Fanout    ; Pad To Core Index ; Setting ;
+------------------------+-------------------+---------+
; a[0]                   ;                   ;         ;
; a[1]                   ;                   ;         ;
; a[2]                   ;                   ;         ;
; a[3]                   ;                   ;         ;
; a[4]                   ;                   ;         ;
; a[5]                   ;                   ;         ;
; a[6]                   ;                   ;         ;
; a[7]                   ;                   ;         ;
; a[8]                   ;                   ;         ;
; a[9]                   ;                   ;         ;
; a[10]                  ;                   ;         ;
; a[11]                  ;                   ;         ;
; a[12]                  ;                   ;         ;
; a[13]                  ;                   ;         ;
; a[14]                  ;                   ;         ;
; a[15]                  ;                   ;         ;
; a[16]                  ;                   ;         ;
; a[17]                  ;                   ;         ;
; a[18]                  ;                   ;         ;
; a[19]                  ;                   ;         ;
; a[20]                  ;                   ;         ;
; a[21]                  ;                   ;         ;
; a[22]                  ;                   ;         ;
; a[23]                  ;                   ;         ;
; a[24]                  ;                   ;         ;
; a[25]                  ;                   ;         ;
; a[26]                  ;                   ;         ;
; a[27]                  ;                   ;         ;
; a[28]                  ;                   ;         ;
; a[29]                  ;                   ;         ;
; a[30]                  ;                   ;         ;
; a[31]                  ;                   ;         ;
; a[32]                  ;                   ;         ;
; a[33]                  ;                   ;         ;
; a[34]                  ;                   ;         ;
; a[35]                  ;                   ;         ;
; a[36]                  ;                   ;         ;
; a[37]                  ;                   ;         ;
; a[38]                  ;                   ;         ;
; a[39]                  ;                   ;         ;
; a[40]                  ;                   ;         ;
; a[41]                  ;                   ;         ;
; a[42]                  ;                   ;         ;
; a[43]                  ;                   ;         ;
; a[44]                  ;                   ;         ;
; a[45]                  ;                   ;         ;
; a[46]                  ;                   ;         ;
; a[47]                  ;                   ;         ;
; a[48]                  ;                   ;         ;
; a[49]                  ;                   ;         ;
; a[50]                  ;                   ;         ;
; a[51]                  ;                   ;         ;
; a[52]                  ;                   ;         ;
; a[53]                  ;                   ;         ;
; a[54]                  ;                   ;         ;
; a[55]                  ;                   ;         ;
; a[56]                  ;                   ;         ;
; a[57]                  ;                   ;         ;
; a[58]                  ;                   ;         ;
; a[59]                  ;                   ;         ;
; a[124]                 ;                   ;         ;
; a[125]                 ;                   ;         ;
; a[126]                 ;                   ;         ;
; a[127]                 ;                   ;         ;
; CLK                    ;                   ;         ;
; a[60]                  ;                   ;         ;
;      - qreg[0]~feeder  ; 0                 ; 0       ;
; RST                    ;                   ;         ;
;      - qreg[0]         ; 0                 ; 0       ;
;      - qreg[1]         ; 0                 ; 0       ;
;      - qreg[2]         ; 0                 ; 0       ;
;      - qreg[3]         ; 0                 ; 0       ;
;      - qreg[4]         ; 0                 ; 0       ;
;      - qreg[5]         ; 0                 ; 0       ;
;      - qreg[6]         ; 0                 ; 0       ;
;      - qreg[7]         ; 0                 ; 0       ;
;      - qreg[8]         ; 0                 ; 0       ;
;      - qreg[9]         ; 0                 ; 0       ;
;      - qreg[10]        ; 0                 ; 0       ;
;      - qreg[11]        ; 0                 ; 0       ;
;      - qreg[12]        ; 0                 ; 0       ;
;      - qreg[13]        ; 0                 ; 0       ;
;      - qreg[14]        ; 0                 ; 0       ;
;      - qreg[15]        ; 0                 ; 0       ;
;      - qreg[16]        ; 0                 ; 0       ;
;      - qreg[17]        ; 0                 ; 0       ;
;      - qreg[18]        ; 0                 ; 0       ;
;      - qreg[19]        ; 0                 ; 0       ;
;      - qreg[20]        ; 0                 ; 0       ;
;      - qreg[21]        ; 0                 ; 0       ;
;      - qreg[22]        ; 0                 ; 0       ;
;      - qreg[23]        ; 0                 ; 0       ;
;      - qreg[24]        ; 0                 ; 0       ;
;      - qreg[25]        ; 0                 ; 0       ;
;      - qreg[26]        ; 0                 ; 0       ;
;      - qreg[27]        ; 0                 ; 0       ;
;      - qreg[28]        ; 0                 ; 0       ;
;      - qreg[29]        ; 0                 ; 0       ;
;      - qreg[30]        ; 0                 ; 0       ;
;      - qreg[31]        ; 0                 ; 0       ;
;      - qreg[32]        ; 0                 ; 0       ;
;      - qreg[33]        ; 0                 ; 0       ;
;      - qreg[34]        ; 0                 ; 0       ;
;      - qreg[35]        ; 0                 ; 0       ;
;      - qreg[36]        ; 0                 ; 0       ;
;      - qreg[37]        ; 0                 ; 0       ;
;      - qreg[38]        ; 0                 ; 0       ;
;      - qreg[39]        ; 0                 ; 0       ;
;      - qreg[40]        ; 0                 ; 0       ;
;      - qreg[41]        ; 0                 ; 0       ;
;      - qreg[42]        ; 0                 ; 0       ;
;      - qreg[43]        ; 0                 ; 0       ;
;      - qreg[44]        ; 0                 ; 0       ;
;      - qreg[45]        ; 0                 ; 0       ;
;      - qreg[46]        ; 0                 ; 0       ;
;      - qreg[47]        ; 0                 ; 0       ;
;      - qreg[48]        ; 0                 ; 0       ;
;      - qreg[49]        ; 0                 ; 0       ;
;      - qreg[50]        ; 0                 ; 0       ;
;      - qreg[51]        ; 0                 ; 0       ;
;      - qreg[52]        ; 0                 ; 0       ;
;      - qreg[53]        ; 0                 ; 0       ;
;      - qreg[54]        ; 0                 ; 0       ;
;      - qreg[55]        ; 0                 ; 0       ;
;      - qreg[56]        ; 0                 ; 0       ;
;      - qreg[57]        ; 0                 ; 0       ;
;      - qreg[58]        ; 0                 ; 0       ;
;      - qreg[59]        ; 0                 ; 0       ;
;      - qreg[60]        ; 0                 ; 0       ;
;      - qreg[61]        ; 0                 ; 0       ;
;      - qreg[62]        ; 0                 ; 0       ;
;      - qreg[63]        ; 0                 ; 0       ;
; a[61]                  ;                   ;         ;
;      - qreg[1]         ; 1                 ; 0       ;
; a[62]                  ;                   ;         ;
;      - qreg[2]~feeder  ; 1                 ; 0       ;
; a[63]                  ;                   ;         ;
;      - qreg[3]         ; 1                 ; 0       ;
; a[64]                  ;                   ;         ;
;      - qreg[4]         ; 0                 ; 0       ;
; a[65]                  ;                   ;         ;
;      - qreg[5]~feeder  ; 0                 ; 0       ;
; a[66]                  ;                   ;         ;
;      - qreg[6]         ; 0                 ; 0       ;
; a[67]                  ;                   ;         ;
;      - qreg[7]~feeder  ; 0                 ; 0       ;
; a[68]                  ;                   ;         ;
;      - qreg[8]         ; 0                 ; 0       ;
; a[69]                  ;                   ;         ;
;      - qreg[9]         ; 1                 ; 0       ;
; a[70]                  ;                   ;         ;
;      - qreg[10]        ; 0                 ; 0       ;
; a[71]                  ;                   ;         ;
;      - qreg[11]~feeder ; 0                 ; 0       ;
; a[72]                  ;                   ;         ;
;      - qreg[12]        ; 1                 ; 0       ;
; a[73]                  ;                   ;         ;
;      - qreg[13]~feeder ; 0                 ; 0       ;
; a[74]                  ;                   ;         ;
;      - qreg[14]~feeder ; 0                 ; 0       ;
; a[75]                  ;                   ;         ;
;      - qreg[15]        ; 0                 ; 0       ;
; a[76]                  ;                   ;         ;
;      - qreg[16]~feeder ; 0                 ; 0       ;
; a[77]                  ;                   ;         ;
;      - qreg[17]        ; 0                 ; 0       ;
; a[78]                  ;                   ;         ;
;      - qreg[18]        ; 1                 ; 0       ;
; a[79]                  ;                   ;         ;
;      - qreg[19]~feeder ; 1                 ; 0       ;
; a[80]                  ;                   ;         ;
;      - qreg[20]        ; 1                 ; 0       ;
; a[81]                  ;                   ;         ;
;      - qreg[21]        ; 0                 ; 0       ;
; a[82]                  ;                   ;         ;
;      - qreg[22]        ; 1                 ; 0       ;
; a[83]                  ;                   ;         ;
;      - qreg[23]        ; 0                 ; 0       ;
; a[84]                  ;                   ;         ;
;      - qreg[24]        ; 1                 ; 0       ;
; a[85]                  ;                   ;         ;
;      - qreg[25]        ; 0                 ; 0       ;
; a[86]                  ;                   ;         ;
;      - qreg[26]        ; 1                 ; 0       ;
; a[87]                  ;                   ;         ;
;      - qreg[27]~feeder ; 1                 ; 0       ;
; a[88]                  ;                   ;         ;
;      - qreg[28]        ; 1                 ; 0       ;
; a[89]                  ;                   ;         ;
;      - qreg[29]        ; 1                 ; 0       ;
; a[90]                  ;                   ;         ;
;      - qreg[30]        ; 1                 ; 0       ;
; a[91]                  ;                   ;         ;
;      - qreg[31]~feeder ; 1                 ; 0       ;
; a[92]                  ;                   ;         ;
;      - qreg[32]        ; 0                 ; 0       ;
; a[93]                  ;                   ;         ;
;      - qreg[33]        ; 0                 ; 0       ;
; a[94]                  ;                   ;         ;
;      - qreg[34]        ; 0                 ; 0       ;
; a[95]                  ;                   ;         ;
;      - qreg[35]~feeder ; 0                 ; 0       ;
; a[96]                  ;                   ;         ;
;      - qreg[36]        ; 0                 ; 0       ;
; a[97]                  ;                   ;         ;
;      - qreg[37]        ; 0                 ; 0       ;
; a[98]                  ;                   ;         ;
;      - qreg[38]~feeder ; 1                 ; 0       ;
; a[99]                  ;                   ;         ;
;      - qreg[39]        ; 0                 ; 0       ;
; a[100]                 ;                   ;         ;
;      - qreg[40]~feeder ; 1                 ; 0       ;
; a[101]                 ;                   ;         ;
;      - qreg[41]~feeder ; 1                 ; 0       ;
; a[102]                 ;                   ;         ;
;      - qreg[42]~feeder ; 0                 ; 0       ;
; a[103]                 ;                   ;         ;
;      - qreg[43]~feeder ; 0                 ; 0       ;
; a[104]                 ;                   ;         ;
;      - qreg[44]        ; 1                 ; 0       ;
; a[105]                 ;                   ;         ;
;      - qreg[45]~feeder ; 1                 ; 0       ;
; a[106]                 ;                   ;         ;
;      - qreg[46]        ; 1                 ; 0       ;
; a[107]                 ;                   ;         ;
;      - qreg[47]        ; 1                 ; 0       ;
; a[108]                 ;                   ;         ;
;      - qreg[48]        ; 0                 ; 0       ;
; a[109]                 ;                   ;         ;
;      - qreg[49]~feeder ; 0                 ; 0       ;
; a[110]                 ;                   ;         ;
;      - qreg[50]        ; 0                 ; 0       ;
; a[111]                 ;                   ;         ;
;      - qreg[51]        ; 0                 ; 0       ;
; a[112]                 ;                   ;         ;
;      - qreg[52]        ; 0                 ; 0       ;
; a[113]                 ;                   ;         ;
;      - qreg[53]~feeder ; 0                 ; 0       ;
; a[114]                 ;                   ;         ;
;      - qreg[54]~feeder ; 1                 ; 0       ;
; a[115]                 ;                   ;         ;
;      - qreg[55]~feeder ; 0                 ; 0       ;
; a[116]                 ;                   ;         ;
;      - qreg[56]        ; 1                 ; 0       ;
; a[117]                 ;                   ;         ;
;      - qreg[57]        ; 0                 ; 0       ;
; a[118]                 ;                   ;         ;
;      - qreg[58]        ; 0                 ; 0       ;
; a[119]                 ;                   ;         ;
;      - qreg[59]~feeder ; 0                 ; 0       ;
; a[120]                 ;                   ;         ;
;      - qreg[60]        ; 0                 ; 0       ;
; a[121]                 ;                   ;         ;
;      - qreg[61]        ; 1                 ; 0       ;
; a[122]                 ;                   ;         ;
;      - qreg[62]        ; 0                 ; 0       ;
; a[123]                 ;                   ;         ;
;      - qreg[63]~feeder ; 0                 ; 0       ;
+------------------------+-------------------+---------+


+------------------------------------------------------------------------------------------------------------------------+
; Control Signals                                                                                                        ;
+------+----------+---------+-------------+--------+----------------------+------------------+---------------------------+
; Name ; Location ; Fan-Out ; Usage       ; Global ; Global Resource Used ; Global Line Name ; Enable Signal Source Name ;
+------+----------+---------+-------------+--------+----------------------+------------------+---------------------------+
; CLK  ; PIN_BA18 ; 64      ; Clock       ; yes    ; Global Clock         ; GCLK4            ; --                        ;
; RST  ; PIN_AG29 ; 64      ; Sync. clear ; no     ; --                   ; --               ; --                        ;
+------+----------+---------+-------------+--------+----------------------+------------------+---------------------------+


+-------------------------------------------------------------------------------------------------+
; Global & Other Fast Signals                                                                     ;
+------+----------+---------+----------------------+------------------+---------------------------+
; Name ; Location ; Fan-Out ; Global Resource Used ; Global Line Name ; Enable Signal Source Name ;
+------+----------+---------+----------------------+------------------+---------------------------+
; CLK  ; PIN_BA18 ; 64      ; Global Clock         ; GCLK4            ; --                        ;
+------+----------+---------+----------------------+------------------+---------------------------+


+----------------------------------------------------------+
; Routing Usage Summary                                    ;
+------------------------------+---------------------------+
; Routing Resource Type        ; Usage                     ;
+------------------------------+---------------------------+
; Block interconnects          ; 144 / 2,277,264 ( < 1 % ) ;
; C14 interconnects            ; 1 / 84,844 ( < 1 % )      ;
; C4 interconnects             ; 137 / 1,446,192 ( < 1 % ) ;
; DQS bus muxes                ; 0 / 140 ( 0 % )           ;
; DQS-18 I/O buses             ; 0 / 32 ( 0 % )            ;
; DQS-36 I/O buses             ; 0 / 12 ( 0 % )            ;
; DQS-4 I/O buses              ; 0 / 140 ( 0 % )           ;
; DQS-9 I/O buses              ; 0 / 70 ( 0 % )            ;
; Direct links                 ; 0 / 2,277,264 ( 0 % )     ;
; Global clocks                ; 1 / 16 ( 6 % )            ;
; Horizontal periphery clocks  ; 0 / 672 ( 0 % )           ;
; Local interconnects          ; 0 / 718,560 ( 0 % )       ;
; NDQS bus muxes               ; 0 / 140 ( 0 % )           ;
; NDQS-18 I/O buses            ; 0 / 32 ( 0 % )            ;
; NDQS-36 I/O buses            ; 0 / 12 ( 0 % )            ;
; NDQS-4 I/O buses             ; 0 / 140 ( 0 % )           ;
; NDQS-9 I/O buses             ; 0 / 70 ( 0 % )            ;
; Quadrant clocks              ; 0 / 92 ( 0 % )            ;
; R24 interconnects            ; 3 / 87,648 ( < 1 % )      ;
; R24/C14 interconnect drivers ; 1 / 157,244 ( < 1 % )     ;
; R3 interconnects             ; 34 / 1,437,228 ( < 1 % )  ;
; R6 interconnects             ; 54 / 1,536,696 ( < 1 % )  ;
; Spine clocks                 ; 2 / 528 ( < 1 % )         ;
; Vertical periphery clocks    ; 0 / 1,218 ( 0 % )         ;
; Wire stub REs                ; 0 / 684 ( 0 % )           ;
+------------------------------+---------------------------+


+----------------------------------------------------------------------------------+
; Fitter HSLP Summary                                                              ;
+--------------------------------------------------------+-----------------+-------+
; Resource                                               ; Usage           ; %     ;
+--------------------------------------------------------+-----------------+-------+
;                                                        ;                 ;       ;
; Programmable power technology high-speed tiles         ; 0 / 20,956      ; 0 %   ;
; Programmable power technology low-power tiles          ; 20,956 / 20,956 ; 100 % ;
;     -- low-power tiles that are used by the design     ; 46 / 20,956     ; < 1 % ;
;     -- unused tiles (low-power)                        ; 20,910 / 20,956 ; 100 % ;
;                                                        ;                 ;       ;
; Programmable power technology high-speed LAB tiles     ; 0 / 17,960      ; 0 %   ;
; Programmable power technology low-power LAB tiles      ; 17,960 / 17,960 ; 100 % ;
;     -- low-power LAB tiles that are used by the design ; 46 / 17,960     ; < 1 % ;
;     -- unused LAB tiles (low-power)                    ; 17,914 / 17,960 ; 100 % ;
;                                                        ;                 ;       ;
+--------------------------------------------------------+-----------------+-------+


+------------------------------------------+
; I/O Rules Summary                        ;
+----------------------------------+-------+
; I/O Rules Statistic              ; Total ;
+----------------------------------+-------+
; Total I/O Rules                  ; 28    ;
; Number of I/O Rules Passed       ; 6     ;
; Number of I/O Rules Failed       ; 0     ;
; Number of I/O Rules Unchecked    ; 0     ;
; Number of I/O Rules Inapplicable ; 22    ;
+----------------------------------+-------+


+-----------------------------------------------------------------------------------------------------------------------------------------------------------------------------------------------------------------------------------------------------------------------------------+
; I/O Rules Details                                                                                                                                                                                                                                                                 ;
+--------------+-----------+-----------------------------------+------------------------------------------------------------------------------------+----------+--------------------------------------------------------------------------+---------------------+-------------------+
; Status       ; ID        ; Category                          ; Rule Description                                                                   ; Severity ; Information                                                              ; Area                ; Extra Information ;
+--------------+-----------+-----------------------------------+------------------------------------------------------------------------------------+----------+--------------------------------------------------------------------------+---------------------+-------------------+
; Inapplicable ; IO_000001 ; Capacity Checks                   ; Number of pins in an I/O bank should not exceed the number of locations available. ; Critical ; No Location assignments found.                                           ; I/O                 ;                   ;
; Inapplicable ; IO_000002 ; Capacity Checks                   ; Number of clocks in an I/O bank should not exceed the number of clocks available.  ; Critical ; No Global Signal assignments found.                                      ; I/O                 ;                   ;
; Inapplicable ; IO_000003 ; Capacity Checks                   ; Number of pins in a Vrefgroup should not exceed the number of locations available. ; Critical ; No Location assignments found.                                           ; I/O                 ;                   ;
; Inapplicable ; IO_000004 ; Voltage Compatibility Checks      ; The I/O bank should support the requested VCCIO.                                   ; Critical ; No IOBANK_VCCIO assignments found.                                       ; I/O                 ;                   ;
; Inapplicable ; IO_000005 ; Voltage Compatibility Checks      ; The I/O bank should not have competing VREF values.                                ; Critical ; No VREF I/O Standard assignments found.                                  ; I/O                 ;                   ;
; Pass         ; IO_000006 ; Voltage Compatibility Checks      ; The I/O bank should not have competing VCCIO values.                               ; Critical ; 0 such failures found.                                                   ; I/O                 ;                   ;
; Inapplicable ; IO_000007 ; Valid Location Checks             ; Checks for unavailable locations.                                                  ; Critical ; No Location assignments found.                                           ; I/O                 ;                   ;
; Inapplicable ; IO_000008 ; Valid Location Checks             ; Checks for reserved locations.                                                     ; Critical ; No reserved LogicLock region found.                                      ; I/O                 ;                   ;
; Pass         ; IO_000009 ; I/O Properties Checks for One I/O ; The location should support the requested I/O standard.                            ; Critical ; 0 such failures found.                                                   ; I/O                 ;                   ;
; Pass         ; IO_000010 ; I/O Properties Checks for One I/O ; The location should support the requested I/O direction.                           ; Critical ; 0 such failures found.                                                   ; I/O                 ;                   ;
; Inapplicable ; IO_000011 ; I/O Properties Checks for One I/O ; The location should support the requested Current Strength.                        ; Critical ; No Current Strength assignments found.                                   ; I/O                 ;                   ;
; Pass         ; IO_000012 ; I/O Properties Checks for One I/O ; The location should support the requested On Chip Termination value.               ; Critical ; 0 such failures found.                                                   ; I/O                 ;                   ;
; Inapplicable ; IO_000013 ; I/O Properties Checks for One I/O ; The location should support the requested Bus Hold value.                          ; Critical ; No Enable Bus-Hold Circuitry assignments found.                          ; I/O                 ;                   ;
; Inapplicable ; IO_000014 ; I/O Properties Checks for One I/O ; The location should support the requested Weak Pull Up value.                      ; Critical ; No Weak Pull-Up Resistor assignments found.                              ; I/O                 ;                   ;
; Inapplicable ; IO_000015 ; I/O Properties Checks for One I/O ; The location should support the requested PCI Clamp Diode.                         ; Critical ; No PCI I/O assignments found.                                            ; I/O                 ;                   ;
; Inapplicable ; IO_000018 ; I/O Properties Checks for One I/O ; The I/O standard should support the requested Current Strength.                    ; Critical ; No Current Strength assignments found.                                   ; I/O                 ;                   ;
; Pass         ; IO_000019 ; I/O Properties Checks for One I/O ; The I/O standard should support the requested On Chip Termination value.           ; Critical ; 0 such failures found.                                                   ; I/O                 ;                   ;
; Inapplicable ; IO_000020 ; I/O Properties Checks for One I/O ; The I/O standard should support the requested PCI Clamp Diode.                     ; Critical ; No PCI I/O assignments found.                                            ; I/O                 ;                   ;
; Inapplicable ; IO_000021 ; I/O Properties Checks for One I/O ; The I/O standard should support the requested Weak Pull Up value.                  ; Critical ; No Weak Pull-Up Resistor assignments found.                              ; I/O                 ;                   ;
; Inapplicable ; IO_000022 ; I/O Properties Checks for One I/O ; The I/O standard should support the requested Bus Hold value.                      ; Critical ; No Enable Bus-Hold Circuitry assignments found.                          ; I/O                 ;                   ;
; Inapplicable ; IO_000023 ; I/O Properties Checks for One I/O ; The I/O standard should support the Open Drain value.                              ; Critical ; No open drain assignments found.                                         ; I/O                 ;                   ;
; Pass         ; IO_000024 ; I/O Properties Checks for One I/O ; The I/O direction should support the On Chip Termination value.                    ; Critical ; 0 such failures found.                                                   ; I/O                 ;                   ;
; Inapplicable ; IO_000026 ; I/O Properties Checks for One I/O ; On Chip Termination and Current Strength should not be used at the same time.      ; Critical ; No Current Strength assignments found.                                   ; I/O                 ;                   ;
; Inapplicable ; IO_000027 ; I/O Properties Checks for One I/O ; Weak Pull Up and Bus Hold should not be used at the same time.                     ; Critical ; No Enable Bus-Hold Circuitry or Weak Pull-Up Resistor assignments found. ; I/O                 ;                   ;
; Inapplicable ; IO_000045 ; I/O Properties Checks for One I/O ; The I/O standard should support the requested Slew Rate value.                     ; Critical ; No Slew Rate assignments found.                                          ; I/O                 ;                   ;
; Inapplicable ; IO_000046 ; I/O Properties Checks for One I/O ; The location should support the requested Slew Rate value.                         ; Critical ; No Slew Rate assignments found.                                          ; I/O                 ;                   ;
; Inapplicable ; IO_000047 ; I/O Properties Checks for One I/O ; On Chip Termination and Slew Rate should not be used at the same time.             ; Critical ; No Slew Rate assignments found.                                          ; I/O                 ;                   ;
; Inapplicable ; IO_000034 ; SI Related Distance Checks        ; Single-ended outputs should be 0 LAB row(s) away from a differential I/O.          ; High     ; No Differential I/O Standard assignments found.                          ; I/O                 ;                   ;
; ----         ; ----      ; Disclaimer                        ; OCT rules are checked but not reported.                                            ; None     ; ----                                                                     ; On Chip Termination ;                   ;
+--------------+-----------+-----------------------------------+------------------------------------------------------------------------------------+----------+--------------------------------------------------------------------------+---------------------+-------------------+


+-----------------------------------------------------------------------------------------------------------------------------------------------------------------------------------------------------------------------------------------------------------------------------------------------------------------------------------------------------------------------------------------------------------------------------------------------+
; I/O Rules Matrix                                                                                                                                                                                                                                                                                                                                                                                                                              ;
+--------------------+--------------+--------------+--------------+--------------+--------------+-----------+--------------+--------------+-----------+-----------+--------------+--------------+--------------+--------------+--------------+--------------+--------------+--------------+--------------+--------------+--------------+--------------+--------------+--------------+--------------+--------------+--------------+--------------+
; Pin/Rules          ; IO_000001    ; IO_000002    ; IO_000003    ; IO_000004    ; IO_000005    ; IO_000006 ; IO_000007    ; IO_000008    ; IO_000009 ; IO_000010 ; IO_000011    ; IO_000012    ; IO_000013    ; IO_000014    ; IO_000015    ; IO_000018    ; IO_000019    ; IO_000020    ; IO_000021    ; IO_000022    ; IO_000023    ; IO_000024    ; IO_000026    ; IO_000027    ; IO_000045    ; IO_000046    ; IO_000047    ; IO_000034    ;
+--------------------+--------------+--------------+--------------+--------------+--------------+-----------+--------------+--------------+-----------+-----------+--------------+--------------+--------------+--------------+--------------+--------------+--------------+--------------+--------------+--------------+--------------+--------------+--------------+--------------+--------------+--------------+--------------+--------------+
; Total Pass         ; 0            ; 0            ; 0            ; 0            ; 0            ; 194       ; 0            ; 0            ; 194       ; 194       ; 0            ; 64           ; 0            ; 0            ; 0            ; 0            ; 64           ; 0            ; 0            ; 0            ; 0            ; 64           ; 0            ; 0            ; 0            ; 0            ; 0            ; 0            ;
; Total Unchecked    ; 0            ; 0            ; 0            ; 0            ; 0            ; 0         ; 0            ; 0            ; 0         ; 0         ; 0            ; 0            ; 0            ; 0            ; 0            ; 0            ; 0            ; 0            ; 0            ; 0            ; 0            ; 0            ; 0            ; 0            ; 0            ; 0            ; 0            ; 0            ;
; Total Inapplicable ; 194          ; 194          ; 194          ; 194          ; 194          ; 0         ; 194          ; 194          ; 0         ; 0         ; 194          ; 130          ; 194          ; 194          ; 194          ; 194          ; 130          ; 194          ; 194          ; 194          ; 194          ; 130          ; 194          ; 194          ; 194          ; 194          ; 194          ; 194          ;
; Total Fail         ; 0            ; 0            ; 0            ; 0            ; 0            ; 0         ; 0            ; 0            ; 0         ; 0         ; 0            ; 0            ; 0            ; 0            ; 0            ; 0            ; 0            ; 0            ; 0            ; 0            ; 0            ; 0            ; 0            ; 0            ; 0            ; 0            ; 0            ; 0            ;
; a[0]               ; Inapplicable ; Inapplicable ; Inapplicable ; Inapplicable ; Inapplicable ; Pass      ; Inapplicable ; Inapplicable ; Pass      ; Pass      ; Inapplicable ; Inapplicable ; Inapplicable ; Inapplicable ; Inapplicable ; Inapplicable ; Inapplicable ; Inapplicable ; Inapplicable ; Inapplicable ; Inapplicable ; Inapplicable ; Inapplicable ; Inapplicable ; Inapplicable ; Inapplicable ; Inapplicable ; Inapplicable ;
; a[1]               ; Inapplicable ; Inapplicable ; Inapplicable ; Inapplicable ; Inapplicable ; Pass      ; Inapplicable ; Inapplicable ; Pass      ; Pass      ; Inapplicable ; Inapplicable ; Inapplicable ; Inapplicable ; Inapplicable ; Inapplicable ; Inapplicable ; Inapplicable ; Inapplicable ; Inapplicable ; Inapplicable ; Inapplicable ; Inapplicable ; Inapplicable ; Inapplicable ; Inapplicable ; Inapplicable ; Inapplicable ;
; a[2]               ; Inapplicable ; Inapplicable ; Inapplicable ; Inapplicable ; Inapplicable ; Pass      ; Inapplicable ; Inapplicable ; Pass      ; Pass      ; Inapplicable ; Inapplicable ; Inapplicable ; Inapplicable ; Inapplicable ; Inapplicable ; Inapplicable ; Inapplicable ; Inapplicable ; Inapplicable ; Inapplicable ; Inapplicable ; Inapplicable ; Inapplicable ; Inapplicable ; Inapplicable ; Inapplicable ; Inapplicable ;
; a[3]               ; Inapplicable ; Inapplicable ; Inapplicable ; Inapplicable ; Inapplicable ; Pass      ; Inapplicable ; Inapplicable ; Pass      ; Pass      ; Inapplicable ; Inapplicable ; Inapplicable ; Inapplicable ; Inapplicable ; Inapplicable ; Inapplicable ; Inapplicable ; Inapplicable ; Inapplicable ; Inapplicable ; Inapplicable ; Inapplicable ; Inapplicable ; Inapplicable ; Inapplicable ; Inapplicable ; Inapplicable ;
; a[4]               ; Inapplicable ; Inapplicable ; Inapplicable ; Inapplicable ; Inapplicable ; Pass      ; Inapplicable ; Inapplicable ; Pass      ; Pass      ; Inapplicable ; Inapplicable ; Inapplicable ; Inapplicable ; Inapplicable ; Inapplicable ; Inapplicable ; Inapplicable ; Inapplicable ; Inapplicable ; Inapplicable ; Inapplicable ; Inapplicable ; Inapplicable ; Inapplicable ; Inapplicable ; Inapplicable ; Inapplicable ;
; a[5]               ; Inapplicable ; Inapplicable ; Inapplicable ; Inapplicable ; Inapplicable ; Pass      ; Inapplicable ; Inapplicable ; Pass      ; Pass      ; Inapplicable ; Inapplicable ; Inapplicable ; Inapplicable ; Inapplicable ; Inapplicable ; Inapplicable ; Inapplicable ; Inapplicable ; Inapplicable ; Inapplicable ; Inapplicable ; Inapplicable ; Inapplicable ; Inapplicable ; Inapplicable ; Inapplicable ; Inapplicable ;
; a[6]               ; Inapplicable ; Inapplicable ; Inapplicable ; Inapplicable ; Inapplicable ; Pass      ; Inapplicable ; Inapplicable ; Pass      ; Pass      ; Inapplicable ; Inapplicable ; Inapplicable ; Inapplicable ; Inapplicable ; Inapplicable ; Inapplicable ; Inapplicable ; Inapplicable ; Inapplicable ; Inapplicable ; Inapplicable ; Inapplicable ; Inapplicable ; Inapplicable ; Inapplicable ; Inapplicable ; Inapplicable ;
; a[7]               ; Inapplicable ; Inapplicable ; Inapplicable ; Inapplicable ; Inapplicable ; Pass      ; Inapplicable ; Inapplicable ; Pass      ; Pass      ; Inapplicable ; Inapplicable ; Inapplicable ; Inapplicable ; Inapplicable ; Inapplicable ; Inapplicable ; Inapplicable ; Inapplicable ; Inapplicable ; Inapplicable ; Inapplicable ; Inapplicable ; Inapplicable ; Inapplicable ; Inapplicable ; Inapplicable ; Inapplicable ;
; a[8]               ; Inapplicable ; Inapplicable ; Inapplicable ; Inapplicable ; Inapplicable ; Pass      ; Inapplicable ; Inapplicable ; Pass      ; Pass      ; Inapplicable ; Inapplicable ; Inapplicable ; Inapplicable ; Inapplicable ; Inapplicable ; Inapplicable ; Inapplicable ; Inapplicable ; Inapplicable ; Inapplicable ; Inapplicable ; Inapplicable ; Inapplicable ; Inapplicable ; Inapplicable ; Inapplicable ; Inapplicable ;
; a[9]               ; Inapplicable ; Inapplicable ; Inapplicable ; Inapplicable ; Inapplicable ; Pass      ; Inapplicable ; Inapplicable ; Pass      ; Pass      ; Inapplicable ; Inapplicable ; Inapplicable ; Inapplicable ; Inapplicable ; Inapplicable ; Inapplicable ; Inapplicable ; Inapplicable ; Inapplicable ; Inapplicable ; Inapplicable ; Inapplicable ; Inapplicable ; Inapplicable ; Inapplicable ; Inapplicable ; Inapplicable ;
; a[10]              ; Inapplicable ; Inapplicable ; Inapplicable ; Inapplicable ; Inapplicable ; Pass      ; Inapplicable ; Inapplicable ; Pass      ; Pass      ; Inapplicable ; Inapplicable ; Inapplicable ; Inapplicable ; Inapplicable ; Inapplicable ; Inapplicable ; Inapplicable ; Inapplicable ; Inapplicable ; Inapplicable ; Inapplicable ; Inapplicable ; Inapplicable ; Inapplicable ; Inapplicable ; Inapplicable ; Inapplicable ;
; a[11]              ; Inapplicable ; Inapplicable ; Inapplicable ; Inapplicable ; Inapplicable ; Pass      ; Inapplicable ; Inapplicable ; Pass      ; Pass      ; Inapplicable ; Inapplicable ; Inapplicable ; Inapplicable ; Inapplicable ; Inapplicable ; Inapplicable ; Inapplicable ; Inapplicable ; Inapplicable ; Inapplicable ; Inapplicable ; Inapplicable ; Inapplicable ; Inapplicable ; Inapplicable ; Inapplicable ; Inapplicable ;
; a[12]              ; Inapplicable ; Inapplicable ; Inapplicable ; Inapplicable ; Inapplicable ; Pass      ; Inapplicable ; Inapplicable ; Pass      ; Pass      ; Inapplicable ; Inapplicable ; Inapplicable ; Inapplicable ; Inapplicable ; Inapplicable ; Inapplicable ; Inapplicable ; Inapplicable ; Inapplicable ; Inapplicable ; Inapplicable ; Inapplicable ; Inapplicable ; Inapplicable ; Inapplicable ; Inapplicable ; Inapplicable ;
; a[13]              ; Inapplicable ; Inapplicable ; Inapplicable ; Inapplicable ; Inapplicable ; Pass      ; Inapplicable ; Inapplicable ; Pass      ; Pass      ; Inapplicable ; Inapplicable ; Inapplicable ; Inapplicable ; Inapplicable ; Inapplicable ; Inapplicable ; Inapplicable ; Inapplicable ; Inapplicable ; Inapplicable ; Inapplicable ; Inapplicable ; Inapplicable ; Inapplicable ; Inapplicable ; Inapplicable ; Inapplicable ;
; a[14]              ; Inapplicable ; Inapplicable ; Inapplicable ; Inapplicable ; Inapplicable ; Pass      ; Inapplicable ; Inapplicable ; Pass      ; Pass      ; Inapplicable ; Inapplicable ; Inapplicable ; Inapplicable ; Inapplicable ; Inapplicable ; Inapplicable ; Inapplicable ; Inapplicable ; Inapplicable ; Inapplicable ; Inapplicable ; Inapplicable ; Inapplicable ; Inapplicable ; Inapplicable ; Inapplicable ; Inapplicable ;
; a[15]              ; Inapplicable ; Inapplicable ; Inapplicable ; Inapplicable ; Inapplicable ; Pass      ; Inapplicable ; Inapplicable ; Pass      ; Pass      ; Inapplicable ; Inapplicable ; Inapplicable ; Inapplicable ; Inapplicable ; Inapplicable ; Inapplicable ; Inapplicable ; Inapplicable ; Inapplicable ; Inapplicable ; Inapplicable ; Inapplicable ; Inapplicable ; Inapplicable ; Inapplicable ; Inapplicable ; Inapplicable ;
; a[16]              ; Inapplicable ; Inapplicable ; Inapplicable ; Inapplicable ; Inapplicable ; Pass      ; Inapplicable ; Inapplicable ; Pass      ; Pass      ; Inapplicable ; Inapplicable ; Inapplicable ; Inapplicable ; Inapplicable ; Inapplicable ; Inapplicable ; Inapplicable ; Inapplicable ; Inapplicable ; Inapplicable ; Inapplicable ; Inapplicable ; Inapplicable ; Inapplicable ; Inapplicable ; Inapplicable ; Inapplicable ;
; a[17]              ; Inapplicable ; Inapplicable ; Inapplicable ; Inapplicable ; Inapplicable ; Pass      ; Inapplicable ; Inapplicable ; Pass      ; Pass      ; Inapplicable ; Inapplicable ; Inapplicable ; Inapplicable ; Inapplicable ; Inapplicable ; Inapplicable ; Inapplicable ; Inapplicable ; Inapplicable ; Inapplicable ; Inapplicable ; Inapplicable ; Inapplicable ; Inapplicable ; Inapplicable ; Inapplicable ; Inapplicable ;
; a[18]              ; Inapplicable ; Inapplicable ; Inapplicable ; Inapplicable ; Inapplicable ; Pass      ; Inapplicable ; Inapplicable ; Pass      ; Pass      ; Inapplicable ; Inapplicable ; Inapplicable ; Inapplicable ; Inapplicable ; Inapplicable ; Inapplicable ; Inapplicable ; Inapplicable ; Inapplicable ; Inapplicable ; Inapplicable ; Inapplicable ; Inapplicable ; Inapplicable ; Inapplicable ; Inapplicable ; Inapplicable ;
; a[19]              ; Inapplicable ; Inapplicable ; Inapplicable ; Inapplicable ; Inapplicable ; Pass      ; Inapplicable ; Inapplicable ; Pass      ; Pass      ; Inapplicable ; Inapplicable ; Inapplicable ; Inapplicable ; Inapplicable ; Inapplicable ; Inapplicable ; Inapplicable ; Inapplicable ; Inapplicable ; Inapplicable ; Inapplicable ; Inapplicable ; Inapplicable ; Inapplicable ; Inapplicable ; Inapplicable ; Inapplicable ;
; a[20]              ; Inapplicable ; Inapplicable ; Inapplicable ; Inapplicable ; Inapplicable ; Pass      ; Inapplicable ; Inapplicable ; Pass      ; Pass      ; Inapplicable ; Inapplicable ; Inapplicable ; Inapplicable ; Inapplicable ; Inapplicable ; Inapplicable ; Inapplicable ; Inapplicable ; Inapplicable ; Inapplicable ; Inapplicable ; Inapplicable ; Inapplicable ; Inapplicable ; Inapplicable ; Inapplicable ; Inapplicable ;
; a[21]              ; Inapplicable ; Inapplicable ; Inapplicable ; Inapplicable ; Inapplicable ; Pass      ; Inapplicable ; Inapplicable ; Pass      ; Pass      ; Inapplicable ; Inapplicable ; Inapplicable ; Inapplicable ; Inapplicable ; Inapplicable ; Inapplicable ; Inapplicable ; Inapplicable ; Inapplicable ; Inapplicable ; Inapplicable ; Inapplicable ; Inapplicable ; Inapplicable ; Inapplicable ; Inapplicable ; Inapplicable ;
; a[22]              ; Inapplicable ; Inapplicable ; Inapplicable ; Inapplicable ; Inapplicable ; Pass      ; Inapplicable ; Inapplicable ; Pass      ; Pass      ; Inapplicable ; Inapplicable ; Inapplicable ; Inapplicable ; Inapplicable ; Inapplicable ; Inapplicable ; Inapplicable ; Inapplicable ; Inapplicable ; Inapplicable ; Inapplicable ; Inapplicable ; Inapplicable ; Inapplicable ; Inapplicable ; Inapplicable ; Inapplicable ;
; a[23]              ; Inapplicable ; Inapplicable ; Inapplicable ; Inapplicable ; Inapplicable ; Pass      ; Inapplicable ; Inapplicable ; Pass      ; Pass      ; Inapplicable ; Inapplicable ; Inapplicable ; Inapplicable ; Inapplicable ; Inapplicable ; Inapplicable ; Inapplicable ; Inapplicable ; Inapplicable ; Inapplicable ; Inapplicable ; Inapplicable ; Inapplicable ; Inapplicable ; Inapplicable ; Inapplicable ; Inapplicable ;
; a[24]              ; Inapplicable ; Inapplicable ; Inapplicable ; Inapplicable ; Inapplicable ; Pass      ; Inapplicable ; Inapplicable ; Pass      ; Pass      ; Inapplicable ; Inapplicable ; Inapplicable ; Inapplicable ; Inapplicable ; Inapplicable ; Inapplicable ; Inapplicable ; Inapplicable ; Inapplicable ; Inapplicable ; Inapplicable ; Inapplicable ; Inapplicable ; Inapplicable ; Inapplicable ; Inapplicable ; Inapplicable ;
; a[25]              ; Inapplicable ; Inapplicable ; Inapplicable ; Inapplicable ; Inapplicable ; Pass      ; Inapplicable ; Inapplicable ; Pass      ; Pass      ; Inapplicable ; Inapplicable ; Inapplicable ; Inapplicable ; Inapplicable ; Inapplicable ; Inapplicable ; Inapplicable ; Inapplicable ; Inapplicable ; Inapplicable ; Inapplicable ; Inapplicable ; Inapplicable ; Inapplicable ; Inapplicable ; Inapplicable ; Inapplicable ;
; a[26]              ; Inapplicable ; Inapplicable ; Inapplicable ; Inapplicable ; Inapplicable ; Pass      ; Inapplicable ; Inapplicable ; Pass      ; Pass      ; Inapplicable ; Inapplicable ; Inapplicable ; Inapplicable ; Inapplicable ; Inapplicable ; Inapplicable ; Inapplicable ; Inapplicable ; Inapplicable ; Inapplicable ; Inapplicable ; Inapplicable ; Inapplicable ; Inapplicable ; Inapplicable ; Inapplicable ; Inapplicable ;
; a[27]              ; Inapplicable ; Inapplicable ; Inapplicable ; Inapplicable ; Inapplicable ; Pass      ; Inapplicable ; Inapplicable ; Pass      ; Pass      ; Inapplicable ; Inapplicable ; Inapplicable ; Inapplicable ; Inapplicable ; Inapplicable ; Inapplicable ; Inapplicable ; Inapplicable ; Inapplicable ; Inapplicable ; Inapplicable ; Inapplicable ; Inapplicable ; Inapplicable ; Inapplicable ; Inapplicable ; Inapplicable ;
; a[28]              ; Inapplicable ; Inapplicable ; Inapplicable ; Inapplicable ; Inapplicable ; Pass      ; Inapplicable ; Inapplicable ; Pass      ; Pass      ; Inapplicable ; Inapplicable ; Inapplicable ; Inapplicable ; Inapplicable ; Inapplicable ; Inapplicable ; Inapplicable ; Inapplicable ; Inapplicable ; Inapplicable ; Inapplicable ; Inapplicable ; Inapplicable ; Inapplicable ; Inapplicable ; Inapplicable ; Inapplicable ;
; a[29]              ; Inapplicable ; Inapplicable ; Inapplicable ; Inapplicable ; Inapplicable ; Pass      ; Inapplicable ; Inapplicable ; Pass      ; Pass      ; Inapplicable ; Inapplicable ; Inapplicable ; Inapplicable ; Inapplicable ; Inapplicable ; Inapplicable ; Inapplicable ; Inapplicable ; Inapplicable ; Inapplicable ; Inapplicable ; Inapplicable ; Inapplicable ; Inapplicable ; Inapplicable ; Inapplicable ; Inapplicable ;
; a[30]              ; Inapplicable ; Inapplicable ; Inapplicable ; Inapplicable ; Inapplicable ; Pass      ; Inapplicable ; Inapplicable ; Pass      ; Pass      ; Inapplicable ; Inapplicable ; Inapplicable ; Inapplicable ; Inapplicable ; Inapplicable ; Inapplicable ; Inapplicable ; Inapplicable ; Inapplicable ; Inapplicable ; Inapplicable ; Inapplicable ; Inapplicable ; Inapplicable ; Inapplicable ; Inapplicable ; Inapplicable ;
; a[31]              ; Inapplicable ; Inapplicable ; Inapplicable ; Inapplicable ; Inapplicable ; Pass      ; Inapplicable ; Inapplicable ; Pass      ; Pass      ; Inapplicable ; Inapplicable ; Inapplicable ; Inapplicable ; Inapplicable ; Inapplicable ; Inapplicable ; Inapplicable ; Inapplicable ; Inapplicable ; Inapplicable ; Inapplicable ; Inapplicable ; Inapplicable ; Inapplicable ; Inapplicable ; Inapplicable ; Inapplicable ;
; a[32]              ; Inapplicable ; Inapplicable ; Inapplicable ; Inapplicable ; Inapplicable ; Pass      ; Inapplicable ; Inapplicable ; Pass      ; Pass      ; Inapplicable ; Inapplicable ; Inapplicable ; Inapplicable ; Inapplicable ; Inapplicable ; Inapplicable ; Inapplicable ; Inapplicable ; Inapplicable ; Inapplicable ; Inapplicable ; Inapplicable ; Inapplicable ; Inapplicable ; Inapplicable ; Inapplicable ; Inapplicable ;
; a[33]              ; Inapplicable ; Inapplicable ; Inapplicable ; Inapplicable ; Inapplicable ; Pass      ; Inapplicable ; Inapplicable ; Pass      ; Pass      ; Inapplicable ; Inapplicable ; Inapplicable ; Inapplicable ; Inapplicable ; Inapplicable ; Inapplicable ; Inapplicable ; Inapplicable ; Inapplicable ; Inapplicable ; Inapplicable ; Inapplicable ; Inapplicable ; Inapplicable ; Inapplicable ; Inapplicable ; Inapplicable ;
; a[34]              ; Inapplicable ; Inapplicable ; Inapplicable ; Inapplicable ; Inapplicable ; Pass      ; Inapplicable ; Inapplicable ; Pass      ; Pass      ; Inapplicable ; Inapplicable ; Inapplicable ; Inapplicable ; Inapplicable ; Inapplicable ; Inapplicable ; Inapplicable ; Inapplicable ; Inapplicable ; Inapplicable ; Inapplicable ; Inapplicable ; Inapplicable ; Inapplicable ; Inapplicable ; Inapplicable ; Inapplicable ;
; a[35]              ; Inapplicable ; Inapplicable ; Inapplicable ; Inapplicable ; Inapplicable ; Pass      ; Inapplicable ; Inapplicable ; Pass      ; Pass      ; Inapplicable ; Inapplicable ; Inapplicable ; Inapplicable ; Inapplicable ; Inapplicable ; Inapplicable ; Inapplicable ; Inapplicable ; Inapplicable ; Inapplicable ; Inapplicable ; Inapplicable ; Inapplicable ; Inapplicable ; Inapplicable ; Inapplicable ; Inapplicable ;
; a[36]              ; Inapplicable ; Inapplicable ; Inapplicable ; Inapplicable ; Inapplicable ; Pass      ; Inapplicable ; Inapplicable ; Pass      ; Pass      ; Inapplicable ; Inapplicable ; Inapplicable ; Inapplicable ; Inapplicable ; Inapplicable ; Inapplicable ; Inapplicable ; Inapplicable ; Inapplicable ; Inapplicable ; Inapplicable ; Inapplicable ; Inapplicable ; Inapplicable ; Inapplicable ; Inapplicable ; Inapplicable ;
; a[37]              ; Inapplicable ; Inapplicable ; Inapplicable ; Inapplicable ; Inapplicable ; Pass      ; Inapplicable ; Inapplicable ; Pass      ; Pass      ; Inapplicable ; Inapplicable ; Inapplicable ; Inapplicable ; Inapplicable ; Inapplicable ; Inapplicable ; Inapplicable ; Inapplicable ; Inapplicable ; Inapplicable ; Inapplicable ; Inapplicable ; Inapplicable ; Inapplicable ; Inapplicable ; Inapplicable ; Inapplicable ;
; a[38]              ; Inapplicable ; Inapplicable ; Inapplicable ; Inapplicable ; Inapplicable ; Pass      ; Inapplicable ; Inapplicable ; Pass      ; Pass      ; Inapplicable ; Inapplicable ; Inapplicable ; Inapplicable ; Inapplicable ; Inapplicable ; Inapplicable ; Inapplicable ; Inapplicable ; Inapplicable ; Inapplicable ; Inapplicable ; Inapplicable ; Inapplicable ; Inapplicable ; Inapplicable ; Inapplicable ; Inapplicable ;
; a[39]              ; Inapplicable ; Inapplicable ; Inapplicable ; Inapplicable ; Inapplicable ; Pass      ; Inapplicable ; Inapplicable ; Pass      ; Pass      ; Inapplicable ; Inapplicable ; Inapplicable ; Inapplicable ; Inapplicable ; Inapplicable ; Inapplicable ; Inapplicable ; Inapplicable ; Inapplicable ; Inapplicable ; Inapplicable ; Inapplicable ; Inapplicable ; Inapplicable ; Inapplicable ; Inapplicable ; Inapplicable ;
; a[40]              ; Inapplicable ; Inapplicable ; Inapplicable ; Inapplicable ; Inapplicable ; Pass      ; Inapplicable ; Inapplicable ; Pass      ; Pass      ; Inapplicable ; Inapplicable ; Inapplicable ; Inapplicable ; Inapplicable ; Inapplicable ; Inapplicable ; Inapplicable ; Inapplicable ; Inapplicable ; Inapplicable ; Inapplicable ; Inapplicable ; Inapplicable ; Inapplicable ; Inapplicable ; Inapplicable ; Inapplicable ;
; a[41]              ; Inapplicable ; Inapplicable ; Inapplicable ; Inapplicable ; Inapplicable ; Pass      ; Inapplicable ; Inapplicable ; Pass      ; Pass      ; Inapplicable ; Inapplicable ; Inapplicable ; Inapplicable ; Inapplicable ; Inapplicable ; Inapplicable ; Inapplicable ; Inapplicable ; Inapplicable ; Inapplicable ; Inapplicable ; Inapplicable ; Inapplicable ; Inapplicable ; Inapplicable ; Inapplicable ; Inapplicable ;
; a[42]              ; Inapplicable ; Inapplicable ; Inapplicable ; Inapplicable ; Inapplicable ; Pass      ; Inapplicable ; Inapplicable ; Pass      ; Pass      ; Inapplicable ; Inapplicable ; Inapplicable ; Inapplicable ; Inapplicable ; Inapplicable ; Inapplicable ; Inapplicable ; Inapplicable ; Inapplicable ; Inapplicable ; Inapplicable ; Inapplicable ; Inapplicable ; Inapplicable ; Inapplicable ; Inapplicable ; Inapplicable ;
; a[43]              ; Inapplicable ; Inapplicable ; Inapplicable ; Inapplicable ; Inapplicable ; Pass      ; Inapplicable ; Inapplicable ; Pass      ; Pass      ; Inapplicable ; Inapplicable ; Inapplicable ; Inapplicable ; Inapplicable ; Inapplicable ; Inapplicable ; Inapplicable ; Inapplicable ; Inapplicable ; Inapplicable ; Inapplicable ; Inapplicable ; Inapplicable ; Inapplicable ; Inapplicable ; Inapplicable ; Inapplicable ;
; a[44]              ; Inapplicable ; Inapplicable ; Inapplicable ; Inapplicable ; Inapplicable ; Pass      ; Inapplicable ; Inapplicable ; Pass      ; Pass      ; Inapplicable ; Inapplicable ; Inapplicable ; Inapplicable ; Inapplicable ; Inapplicable ; Inapplicable ; Inapplicable ; Inapplicable ; Inapplicable ; Inapplicable ; Inapplicable ; Inapplicable ; Inapplicable ; Inapplicable ; Inapplicable ; Inapplicable ; Inapplicable ;
; a[45]              ; Inapplicable ; Inapplicable ; Inapplicable ; Inapplicable ; Inapplicable ; Pass      ; Inapplicable ; Inapplicable ; Pass      ; Pass      ; Inapplicable ; Inapplicable ; Inapplicable ; Inapplicable ; Inapplicable ; Inapplicable ; Inapplicable ; Inapplicable ; Inapplicable ; Inapplicable ; Inapplicable ; Inapplicable ; Inapplicable ; Inapplicable ; Inapplicable ; Inapplicable ; Inapplicable ; Inapplicable ;
; a[46]              ; Inapplicable ; Inapplicable ; Inapplicable ; Inapplicable ; Inapplicable ; Pass      ; Inapplicable ; Inapplicable ; Pass      ; Pass      ; Inapplicable ; Inapplicable ; Inapplicable ; Inapplicable ; Inapplicable ; Inapplicable ; Inapplicable ; Inapplicable ; Inapplicable ; Inapplicable ; Inapplicable ; Inapplicable ; Inapplicable ; Inapplicable ; Inapplicable ; Inapplicable ; Inapplicable ; Inapplicable ;
; a[47]              ; Inapplicable ; Inapplicable ; Inapplicable ; Inapplicable ; Inapplicable ; Pass      ; Inapplicable ; Inapplicable ; Pass      ; Pass      ; Inapplicable ; Inapplicable ; Inapplicable ; Inapplicable ; Inapplicable ; Inapplicable ; Inapplicable ; Inapplicable ; Inapplicable ; Inapplicable ; Inapplicable ; Inapplicable ; Inapplicable ; Inapplicable ; Inapplicable ; Inapplicable ; Inapplicable ; Inapplicable ;
; a[48]              ; Inapplicable ; Inapplicable ; Inapplicable ; Inapplicable ; Inapplicable ; Pass      ; Inapplicable ; Inapplicable ; Pass      ; Pass      ; Inapplicable ; Inapplicable ; Inapplicable ; Inapplicable ; Inapplicable ; Inapplicable ; Inapplicable ; Inapplicable ; Inapplicable ; Inapplicable ; Inapplicable ; Inapplicable ; Inapplicable ; Inapplicable ; Inapplicable ; Inapplicable ; Inapplicable ; Inapplicable ;
; a[49]              ; Inapplicable ; Inapplicable ; Inapplicable ; Inapplicable ; Inapplicable ; Pass      ; Inapplicable ; Inapplicable ; Pass      ; Pass      ; Inapplicable ; Inapplicable ; Inapplicable ; Inapplicable ; Inapplicable ; Inapplicable ; Inapplicable ; Inapplicable ; Inapplicable ; Inapplicable ; Inapplicable ; Inapplicable ; Inapplicable ; Inapplicable ; Inapplicable ; Inapplicable ; Inapplicable ; Inapplicable ;
; a[50]              ; Inapplicable ; Inapplicable ; Inapplicable ; Inapplicable ; Inapplicable ; Pass      ; Inapplicable ; Inapplicable ; Pass      ; Pass      ; Inapplicable ; Inapplicable ; Inapplicable ; Inapplicable ; Inapplicable ; Inapplicable ; Inapplicable ; Inapplicable ; Inapplicable ; Inapplicable ; Inapplicable ; Inapplicable ; Inapplicable ; Inapplicable ; Inapplicable ; Inapplicable ; Inapplicable ; Inapplicable ;
; a[51]              ; Inapplicable ; Inapplicable ; Inapplicable ; Inapplicable ; Inapplicable ; Pass      ; Inapplicable ; Inapplicable ; Pass      ; Pass      ; Inapplicable ; Inapplicable ; Inapplicable ; Inapplicable ; Inapplicable ; Inapplicable ; Inapplicable ; Inapplicable ; Inapplicable ; Inapplicable ; Inapplicable ; Inapplicable ; Inapplicable ; Inapplicable ; Inapplicable ; Inapplicable ; Inapplicable ; Inapplicable ;
; a[52]              ; Inapplicable ; Inapplicable ; Inapplicable ; Inapplicable ; Inapplicable ; Pass      ; Inapplicable ; Inapplicable ; Pass      ; Pass      ; Inapplicable ; Inapplicable ; Inapplicable ; Inapplicable ; Inapplicable ; Inapplicable ; Inapplicable ; Inapplicable ; Inapplicable ; Inapplicable ; Inapplicable ; Inapplicable ; Inapplicable ; Inapplicable ; Inapplicable ; Inapplicable ; Inapplicable ; Inapplicable ;
; a[53]              ; Inapplicable ; Inapplicable ; Inapplicable ; Inapplicable ; Inapplicable ; Pass      ; Inapplicable ; Inapplicable ; Pass      ; Pass      ; Inapplicable ; Inapplicable ; Inapplicable ; Inapplicable ; Inapplicable ; Inapplicable ; Inapplicable ; Inapplicable ; Inapplicable ; Inapplicable ; Inapplicable ; Inapplicable ; Inapplicable ; Inapplicable ; Inapplicable ; Inapplicable ; Inapplicable ; Inapplicable ;
; a[54]              ; Inapplicable ; Inapplicable ; Inapplicable ; Inapplicable ; Inapplicable ; Pass      ; Inapplicable ; Inapplicable ; Pass      ; Pass      ; Inapplicable ; Inapplicable ; Inapplicable ; Inapplicable ; Inapplicable ; Inapplicable ; Inapplicable ; Inapplicable ; Inapplicable ; Inapplicable ; Inapplicable ; Inapplicable ; Inapplicable ; Inapplicable ; Inapplicable ; Inapplicable ; Inapplicable ; Inapplicable ;
; a[55]              ; Inapplicable ; Inapplicable ; Inapplicable ; Inapplicable ; Inapplicable ; Pass      ; Inapplicable ; Inapplicable ; Pass      ; Pass      ; Inapplicable ; Inapplicable ; Inapplicable ; Inapplicable ; Inapplicable ; Inapplicable ; Inapplicable ; Inapplicable ; Inapplicable ; Inapplicable ; Inapplicable ; Inapplicable ; Inapplicable ; Inapplicable ; Inapplicable ; Inapplicable ; Inapplicable ; Inapplicable ;
; a[56]              ; Inapplicable ; Inapplicable ; Inapplicable ; Inapplicable ; Inapplicable ; Pass      ; Inapplicable ; Inapplicable ; Pass      ; Pass      ; Inapplicable ; Inapplicable ; Inapplicable ; Inapplicable ; Inapplicable ; Inapplicable ; Inapplicable ; Inapplicable ; Inapplicable ; Inapplicable ; Inapplicable ; Inapplicable ; Inapplicable ; Inapplicable ; Inapplicable ; Inapplicable ; Inapplicable ; Inapplicable ;
; a[57]              ; Inapplicable ; Inapplicable ; Inapplicable ; Inapplicable ; Inapplicable ; Pass      ; Inapplicable ; Inapplicable ; Pass      ; Pass      ; Inapplicable ; Inapplicable ; Inapplicable ; Inapplicable ; Inapplicable ; Inapplicable ; Inapplicable ; Inapplicable ; Inapplicable ; Inapplicable ; Inapplicable ; Inapplicable ; Inapplicable ; Inapplicable ; Inapplicable ; Inapplicable ; Inapplicable ; Inapplicable ;
; a[58]              ; Inapplicable ; Inapplicable ; Inapplicable ; Inapplicable ; Inapplicable ; Pass      ; Inapplicable ; Inapplicable ; Pass      ; Pass      ; Inapplicable ; Inapplicable ; Inapplicable ; Inapplicable ; Inapplicable ; Inapplicable ; Inapplicable ; Inapplicable ; Inapplicable ; Inapplicable ; Inapplicable ; Inapplicable ; Inapplicable ; Inapplicable ; Inapplicable ; Inapplicable ; Inapplicable ; Inapplicable ;
; a[59]              ; Inapplicable ; Inapplicable ; Inapplicable ; Inapplicable ; Inapplicable ; Pass      ; Inapplicable ; Inapplicable ; Pass      ; Pass      ; Inapplicable ; Inapplicable ; Inapplicable ; Inapplicable ; Inapplicable ; Inapplicable ; Inapplicable ; Inapplicable ; Inapplicable ; Inapplicable ; Inapplicable ; Inapplicable ; Inapplicable ; Inapplicable ; Inapplicable ; Inapplicable ; Inapplicable ; Inapplicable ;
; a[124]             ; Inapplicable ; Inapplicable ; Inapplicable ; Inapplicable ; Inapplicable ; Pass      ; Inapplicable ; Inapplicable ; Pass      ; Pass      ; Inapplicable ; Inapplicable ; Inapplicable ; Inapplicable ; Inapplicable ; Inapplicable ; Inapplicable ; Inapplicable ; Inapplicable ; Inapplicable ; Inapplicable ; Inapplicable ; Inapplicable ; Inapplicable ; Inapplicable ; Inapplicable ; Inapplicable ; Inapplicable ;
; a[125]             ; Inapplicable ; Inapplicable ; Inapplicable ; Inapplicable ; Inapplicable ; Pass      ; Inapplicable ; Inapplicable ; Pass      ; Pass      ; Inapplicable ; Inapplicable ; Inapplicable ; Inapplicable ; Inapplicable ; Inapplicable ; Inapplicable ; Inapplicable ; Inapplicable ; Inapplicable ; Inapplicable ; Inapplicable ; Inapplicable ; Inapplicable ; Inapplicable ; Inapplicable ; Inapplicable ; Inapplicable ;
; a[126]             ; Inapplicable ; Inapplicable ; Inapplicable ; Inapplicable ; Inapplicable ; Pass      ; Inapplicable ; Inapplicable ; Pass      ; Pass      ; Inapplicable ; Inapplicable ; Inapplicable ; Inapplicable ; Inapplicable ; Inapplicable ; Inapplicable ; Inapplicable ; Inapplicable ; Inapplicable ; Inapplicable ; Inapplicable ; Inapplicable ; Inapplicable ; Inapplicable ; Inapplicable ; Inapplicable ; Inapplicable ;
; a[127]             ; Inapplicable ; Inapplicable ; Inapplicable ; Inapplicable ; Inapplicable ; Pass      ; Inapplicable ; Inapplicable ; Pass      ; Pass      ; Inapplicable ; Inapplicable ; Inapplicable ; Inapplicable ; Inapplicable ; Inapplicable ; Inapplicable ; Inapplicable ; Inapplicable ; Inapplicable ; Inapplicable ; Inapplicable ; Inapplicable ; Inapplicable ; Inapplicable ; Inapplicable ; Inapplicable ; Inapplicable ;
; q[0]               ; Inapplicable ; Inapplicable ; Inapplicable ; Inapplicable ; Inapplicable ; Pass      ; Inapplicable ; Inapplicable ; Pass      ; Pass      ; Inapplicable ; Pass         ; Inapplicable ; Inapplicable ; Inapplicable ; Inapplicable ; Pass         ; Inapplicable ; Inapplicable ; Inapplicable ; Inapplicable ; Pass         ; Inapplicable ; Inapplicable ; Inapplicable ; Inapplicable ; Inapplicable ; Inapplicable ;
; q[1]               ; Inapplicable ; Inapplicable ; Inapplicable ; Inapplicable ; Inapplicable ; Pass      ; Inapplicable ; Inapplicable ; Pass      ; Pass      ; Inapplicable ; Pass         ; Inapplicable ; Inapplicable ; Inapplicable ; Inapplicable ; Pass         ; Inapplicable ; Inapplicable ; Inapplicable ; Inapplicable ; Pass         ; Inapplicable ; Inapplicable ; Inapplicable ; Inapplicable ; Inapplicable ; Inapplicable ;
; q[2]               ; Inapplicable ; Inapplicable ; Inapplicable ; Inapplicable ; Inapplicable ; Pass      ; Inapplicable ; Inapplicable ; Pass      ; Pass      ; Inapplicable ; Pass         ; Inapplicable ; Inapplicable ; Inapplicable ; Inapplicable ; Pass         ; Inapplicable ; Inapplicable ; Inapplicable ; Inapplicable ; Pass         ; Inapplicable ; Inapplicable ; Inapplicable ; Inapplicable ; Inapplicable ; Inapplicable ;
; q[3]               ; Inapplicable ; Inapplicable ; Inapplicable ; Inapplicable ; Inapplicable ; Pass      ; Inapplicable ; Inapplicable ; Pass      ; Pass      ; Inapplicable ; Pass         ; Inapplicable ; Inapplicable ; Inapplicable ; Inapplicable ; Pass         ; Inapplicable ; Inapplicable ; Inapplicable ; Inapplicable ; Pass         ; Inapplicable ; Inapplicable ; Inapplicable ; Inapplicable ; Inapplicable ; Inapplicable ;
; q[4]               ; Inapplicable ; Inapplicable ; Inapplicable ; Inapplicable ; Inapplicable ; Pass      ; Inapplicable ; Inapplicable ; Pass      ; Pass      ; Inapplicable ; Pass         ; Inapplicable ; Inapplicable ; Inapplicable ; Inapplicable ; Pass         ; Inapplicable ; Inapplicable ; Inapplicable ; Inapplicable ; Pass         ; Inapplicable ; Inapplicable ; Inapplicable ; Inapplicable ; Inapplicable ; Inapplicable ;
; q[5]               ; Inapplicable ; Inapplicable ; Inapplicable ; Inapplicable ; Inapplicable ; Pass      ; Inapplicable ; Inapplicable ; Pass      ; Pass      ; Inapplicable ; Pass         ; Inapplicable ; Inapplicable ; Inapplicable ; Inapplicable ; Pass         ; Inapplicable ; Inapplicable ; Inapplicable ; Inapplicable ; Pass         ; Inapplicable ; Inapplicable ; Inapplicable ; Inapplicable ; Inapplicable ; Inapplicable ;
; q[6]               ; Inapplicable ; Inapplicable ; Inapplicable ; Inapplicable ; Inapplicable ; Pass      ; Inapplicable ; Inapplicable ; Pass      ; Pass      ; Inapplicable ; Pass         ; Inapplicable ; Inapplicable ; Inapplicable ; Inapplicable ; Pass         ; Inapplicable ; Inapplicable ; Inapplicable ; Inapplicable ; Pass         ; Inapplicable ; Inapplicable ; Inapplicable ; Inapplicable ; Inapplicable ; Inapplicable ;
; q[7]               ; Inapplicable ; Inapplicable ; Inapplicable ; Inapplicable ; Inapplicable ; Pass      ; Inapplicable ; Inapplicable ; Pass      ; Pass      ; Inapplicable ; Pass         ; Inapplicable ; Inapplicable ; Inapplicable ; Inapplicable ; Pass         ; Inapplicable ; Inapplicable ; Inapplicable ; Inapplicable ; Pass         ; Inapplicable ; Inapplicable ; Inapplicable ; Inapplicable ; Inapplicable ; Inapplicable ;
; q[8]               ; Inapplicable ; Inapplicable ; Inapplicable ; Inapplicable ; Inapplicable ; Pass      ; Inapplicable ; Inapplicable ; Pass      ; Pass      ; Inapplicable ; Pass         ; Inapplicable ; Inapplicable ; Inapplicable ; Inapplicable ; Pass         ; Inapplicable ; Inapplicable ; Inapplicable ; Inapplicable ; Pass         ; Inapplicable ; Inapplicable ; Inapplicable ; Inapplicable ; Inapplicable ; Inapplicable ;
; q[9]               ; Inapplicable ; Inapplicable ; Inapplicable ; Inapplicable ; Inapplicable ; Pass      ; Inapplicable ; Inapplicable ; Pass      ; Pass      ; Inapplicable ; Pass         ; Inapplicable ; Inapplicable ; Inapplicable ; Inapplicable ; Pass         ; Inapplicable ; Inapplicable ; Inapplicable ; Inapplicable ; Pass         ; Inapplicable ; Inapplicable ; Inapplicable ; Inapplicable ; Inapplicable ; Inapplicable ;
; q[10]              ; Inapplicable ; Inapplicable ; Inapplicable ; Inapplicable ; Inapplicable ; Pass      ; Inapplicable ; Inapplicable ; Pass      ; Pass      ; Inapplicable ; Pass         ; Inapplicable ; Inapplicable ; Inapplicable ; Inapplicable ; Pass         ; Inapplicable ; Inapplicable ; Inapplicable ; Inapplicable ; Pass         ; Inapplicable ; Inapplicable ; Inapplicable ; Inapplicable ; Inapplicable ; Inapplicable ;
; q[11]              ; Inapplicable ; Inapplicable ; Inapplicable ; Inapplicable ; Inapplicable ; Pass      ; Inapplicable ; Inapplicable ; Pass      ; Pass      ; Inapplicable ; Pass         ; Inapplicable ; Inapplicable ; Inapplicable ; Inapplicable ; Pass         ; Inapplicable ; Inapplicable ; Inapplicable ; Inapplicable ; Pass         ; Inapplicable ; Inapplicable ; Inapplicable ; Inapplicable ; Inapplicable ; Inapplicable ;
; q[12]              ; Inapplicable ; Inapplicable ; Inapplicable ; Inapplicable ; Inapplicable ; Pass      ; Inapplicable ; Inapplicable ; Pass      ; Pass      ; Inapplicable ; Pass         ; Inapplicable ; Inapplicable ; Inapplicable ; Inapplicable ; Pass         ; Inapplicable ; Inapplicable ; Inapplicable ; Inapplicable ; Pass         ; Inapplicable ; Inapplicable ; Inapplicable ; Inapplicable ; Inapplicable ; Inapplicable ;
; q[13]              ; Inapplicable ; Inapplicable ; Inapplicable ; Inapplicable ; Inapplicable ; Pass      ; Inapplicable ; Inapplicable ; Pass      ; Pass      ; Inapplicable ; Pass         ; Inapplicable ; Inapplicable ; Inapplicable ; Inapplicable ; Pass         ; Inapplicable ; Inapplicable ; Inapplicable ; Inapplicable ; Pass         ; Inapplicable ; Inapplicable ; Inapplicable ; Inapplicable ; Inapplicable ; Inapplicable ;
; q[14]              ; Inapplicable ; Inapplicable ; Inapplicable ; Inapplicable ; Inapplicable ; Pass      ; Inapplicable ; Inapplicable ; Pass      ; Pass      ; Inapplicable ; Pass         ; Inapplicable ; Inapplicable ; Inapplicable ; Inapplicable ; Pass         ; Inapplicable ; Inapplicable ; Inapplicable ; Inapplicable ; Pass         ; Inapplicable ; Inapplicable ; Inapplicable ; Inapplicable ; Inapplicable ; Inapplicable ;
; q[15]              ; Inapplicable ; Inapplicable ; Inapplicable ; Inapplicable ; Inapplicable ; Pass      ; Inapplicable ; Inapplicable ; Pass      ; Pass      ; Inapplicable ; Pass         ; Inapplicable ; Inapplicable ; Inapplicable ; Inapplicable ; Pass         ; Inapplicable ; Inapplicable ; Inapplicable ; Inapplicable ; Pass         ; Inapplicable ; Inapplicable ; Inapplicable ; Inapplicable ; Inapplicable ; Inapplicable ;
; q[16]              ; Inapplicable ; Inapplicable ; Inapplicable ; Inapplicable ; Inapplicable ; Pass      ; Inapplicable ; Inapplicable ; Pass      ; Pass      ; Inapplicable ; Pass         ; Inapplicable ; Inapplicable ; Inapplicable ; Inapplicable ; Pass         ; Inapplicable ; Inapplicable ; Inapplicable ; Inapplicable ; Pass         ; Inapplicable ; Inapplicable ; Inapplicable ; Inapplicable ; Inapplicable ; Inapplicable ;
; q[17]              ; Inapplicable ; Inapplicable ; Inapplicable ; Inapplicable ; Inapplicable ; Pass      ; Inapplicable ; Inapplicable ; Pass      ; Pass      ; Inapplicable ; Pass         ; Inapplicable ; Inapplicable ; Inapplicable ; Inapplicable ; Pass         ; Inapplicable ; Inapplicable ; Inapplicable ; Inapplicable ; Pass         ; Inapplicable ; Inapplicable ; Inapplicable ; Inapplicable ; Inapplicable ; Inapplicable ;
; q[18]              ; Inapplicable ; Inapplicable ; Inapplicable ; Inapplicable ; Inapplicable ; Pass      ; Inapplicable ; Inapplicable ; Pass      ; Pass      ; Inapplicable ; Pass         ; Inapplicable ; Inapplicable ; Inapplicable ; Inapplicable ; Pass         ; Inapplicable ; Inapplicable ; Inapplicable ; Inapplicable ; Pass         ; Inapplicable ; Inapplicable ; Inapplicable ; Inapplicable ; Inapplicable ; Inapplicable ;
; q[19]              ; Inapplicable ; Inapplicable ; Inapplicable ; Inapplicable ; Inapplicable ; Pass      ; Inapplicable ; Inapplicable ; Pass      ; Pass      ; Inapplicable ; Pass         ; Inapplicable ; Inapplicable ; Inapplicable ; Inapplicable ; Pass         ; Inapplicable ; Inapplicable ; Inapplicable ; Inapplicable ; Pass         ; Inapplicable ; Inapplicable ; Inapplicable ; Inapplicable ; Inapplicable ; Inapplicable ;
; q[20]              ; Inapplicable ; Inapplicable ; Inapplicable ; Inapplicable ; Inapplicable ; Pass      ; Inapplicable ; Inapplicable ; Pass      ; Pass      ; Inapplicable ; Pass         ; Inapplicable ; Inapplicable ; Inapplicable ; Inapplicable ; Pass         ; Inapplicable ; Inapplicable ; Inapplicable ; Inapplicable ; Pass         ; Inapplicable ; Inapplicable ; Inapplicable ; Inapplicable ; Inapplicable ; Inapplicable ;
; q[21]              ; Inapplicable ; Inapplicable ; Inapplicable ; Inapplicable ; Inapplicable ; Pass      ; Inapplicable ; Inapplicable ; Pass      ; Pass      ; Inapplicable ; Pass         ; Inapplicable ; Inapplicable ; Inapplicable ; Inapplicable ; Pass         ; Inapplicable ; Inapplicable ; Inapplicable ; Inapplicable ; Pass         ; Inapplicable ; Inapplicable ; Inapplicable ; Inapplicable ; Inapplicable ; Inapplicable ;
; q[22]              ; Inapplicable ; Inapplicable ; Inapplicable ; Inapplicable ; Inapplicable ; Pass      ; Inapplicable ; Inapplicable ; Pass      ; Pass      ; Inapplicable ; Pass         ; Inapplicable ; Inapplicable ; Inapplicable ; Inapplicable ; Pass         ; Inapplicable ; Inapplicable ; Inapplicable ; Inapplicable ; Pass         ; Inapplicable ; Inapplicable ; Inapplicable ; Inapplicable ; Inapplicable ; Inapplicable ;
; q[23]              ; Inapplicable ; Inapplicable ; Inapplicable ; Inapplicable ; Inapplicable ; Pass      ; Inapplicable ; Inapplicable ; Pass      ; Pass      ; Inapplicable ; Pass         ; Inapplicable ; Inapplicable ; Inapplicable ; Inapplicable ; Pass         ; Inapplicable ; Inapplicable ; Inapplicable ; Inapplicable ; Pass         ; Inapplicable ; Inapplicable ; Inapplicable ; Inapplicable ; Inapplicable ; Inapplicable ;
; q[24]              ; Inapplicable ; Inapplicable ; Inapplicable ; Inapplicable ; Inapplicable ; Pass      ; Inapplicable ; Inapplicable ; Pass      ; Pass      ; Inapplicable ; Pass         ; Inapplicable ; Inapplicable ; Inapplicable ; Inapplicable ; Pass         ; Inapplicable ; Inapplicable ; Inapplicable ; Inapplicable ; Pass         ; Inapplicable ; Inapplicable ; Inapplicable ; Inapplicable ; Inapplicable ; Inapplicable ;
; q[25]              ; Inapplicable ; Inapplicable ; Inapplicable ; Inapplicable ; Inapplicable ; Pass      ; Inapplicable ; Inapplicable ; Pass      ; Pass      ; Inapplicable ; Pass         ; Inapplicable ; Inapplicable ; Inapplicable ; Inapplicable ; Pass         ; Inapplicable ; Inapplicable ; Inapplicable ; Inapplicable ; Pass         ; Inapplicable ; Inapplicable ; Inapplicable ; Inapplicable ; Inapplicable ; Inapplicable ;
; q[26]              ; Inapplicable ; Inapplicable ; Inapplicable ; Inapplicable ; Inapplicable ; Pass      ; Inapplicable ; Inapplicable ; Pass      ; Pass      ; Inapplicable ; Pass         ; Inapplicable ; Inapplicable ; Inapplicable ; Inapplicable ; Pass         ; Inapplicable ; Inapplicable ; Inapplicable ; Inapplicable ; Pass         ; Inapplicable ; Inapplicable ; Inapplicable ; Inapplicable ; Inapplicable ; Inapplicable ;
; q[27]              ; Inapplicable ; Inapplicable ; Inapplicable ; Inapplicable ; Inapplicable ; Pass      ; Inapplicable ; Inapplicable ; Pass      ; Pass      ; Inapplicable ; Pass         ; Inapplicable ; Inapplicable ; Inapplicable ; Inapplicable ; Pass         ; Inapplicable ; Inapplicable ; Inapplicable ; Inapplicable ; Pass         ; Inapplicable ; Inapplicable ; Inapplicable ; Inapplicable ; Inapplicable ; Inapplicable ;
; q[28]              ; Inapplicable ; Inapplicable ; Inapplicable ; Inapplicable ; Inapplicable ; Pass      ; Inapplicable ; Inapplicable ; Pass      ; Pass      ; Inapplicable ; Pass         ; Inapplicable ; Inapplicable ; Inapplicable ; Inapplicable ; Pass         ; Inapplicable ; Inapplicable ; Inapplicable ; Inapplicable ; Pass         ; Inapplicable ; Inapplicable ; Inapplicable ; Inapplicable ; Inapplicable ; Inapplicable ;
; q[29]              ; Inapplicable ; Inapplicable ; Inapplicable ; Inapplicable ; Inapplicable ; Pass      ; Inapplicable ; Inapplicable ; Pass      ; Pass      ; Inapplicable ; Pass         ; Inapplicable ; Inapplicable ; Inapplicable ; Inapplicable ; Pass         ; Inapplicable ; Inapplicable ; Inapplicable ; Inapplicable ; Pass         ; Inapplicable ; Inapplicable ; Inapplicable ; Inapplicable ; Inapplicable ; Inapplicable ;
; q[30]              ; Inapplicable ; Inapplicable ; Inapplicable ; Inapplicable ; Inapplicable ; Pass      ; Inapplicable ; Inapplicable ; Pass      ; Pass      ; Inapplicable ; Pass         ; Inapplicable ; Inapplicable ; Inapplicable ; Inapplicable ; Pass         ; Inapplicable ; Inapplicable ; Inapplicable ; Inapplicable ; Pass         ; Inapplicable ; Inapplicable ; Inapplicable ; Inapplicable ; Inapplicable ; Inapplicable ;
; q[31]              ; Inapplicable ; Inapplicable ; Inapplicable ; Inapplicable ; Inapplicable ; Pass      ; Inapplicable ; Inapplicable ; Pass      ; Pass      ; Inapplicable ; Pass         ; Inapplicable ; Inapplicable ; Inapplicable ; Inapplicable ; Pass         ; Inapplicable ; Inapplicable ; Inapplicable ; Inapplicable ; Pass         ; Inapplicable ; Inapplicable ; Inapplicable ; Inapplicable ; Inapplicable ; Inapplicable ;
; q[32]              ; Inapplicable ; Inapplicable ; Inapplicable ; Inapplicable ; Inapplicable ; Pass      ; Inapplicable ; Inapplicable ; Pass      ; Pass      ; Inapplicable ; Pass         ; Inapplicable ; Inapplicable ; Inapplicable ; Inapplicable ; Pass         ; Inapplicable ; Inapplicable ; Inapplicable ; Inapplicable ; Pass         ; Inapplicable ; Inapplicable ; Inapplicable ; Inapplicable ; Inapplicable ; Inapplicable ;
; q[33]              ; Inapplicable ; Inapplicable ; Inapplicable ; Inapplicable ; Inapplicable ; Pass      ; Inapplicable ; Inapplicable ; Pass      ; Pass      ; Inapplicable ; Pass         ; Inapplicable ; Inapplicable ; Inapplicable ; Inapplicable ; Pass         ; Inapplicable ; Inapplicable ; Inapplicable ; Inapplicable ; Pass         ; Inapplicable ; Inapplicable ; Inapplicable ; Inapplicable ; Inapplicable ; Inapplicable ;
; q[34]              ; Inapplicable ; Inapplicable ; Inapplicable ; Inapplicable ; Inapplicable ; Pass      ; Inapplicable ; Inapplicable ; Pass      ; Pass      ; Inapplicable ; Pass         ; Inapplicable ; Inapplicable ; Inapplicable ; Inapplicable ; Pass         ; Inapplicable ; Inapplicable ; Inapplicable ; Inapplicable ; Pass         ; Inapplicable ; Inapplicable ; Inapplicable ; Inapplicable ; Inapplicable ; Inapplicable ;
; q[35]              ; Inapplicable ; Inapplicable ; Inapplicable ; Inapplicable ; Inapplicable ; Pass      ; Inapplicable ; Inapplicable ; Pass      ; Pass      ; Inapplicable ; Pass         ; Inapplicable ; Inapplicable ; Inapplicable ; Inapplicable ; Pass         ; Inapplicable ; Inapplicable ; Inapplicable ; Inapplicable ; Pass         ; Inapplicable ; Inapplicable ; Inapplicable ; Inapplicable ; Inapplicable ; Inapplicable ;
; q[36]              ; Inapplicable ; Inapplicable ; Inapplicable ; Inapplicable ; Inapplicable ; Pass      ; Inapplicable ; Inapplicable ; Pass      ; Pass      ; Inapplicable ; Pass         ; Inapplicable ; Inapplicable ; Inapplicable ; Inapplicable ; Pass         ; Inapplicable ; Inapplicable ; Inapplicable ; Inapplicable ; Pass         ; Inapplicable ; Inapplicable ; Inapplicable ; Inapplicable ; Inapplicable ; Inapplicable ;
; q[37]              ; Inapplicable ; Inapplicable ; Inapplicable ; Inapplicable ; Inapplicable ; Pass      ; Inapplicable ; Inapplicable ; Pass      ; Pass      ; Inapplicable ; Pass         ; Inapplicable ; Inapplicable ; Inapplicable ; Inapplicable ; Pass         ; Inapplicable ; Inapplicable ; Inapplicable ; Inapplicable ; Pass         ; Inapplicable ; Inapplicable ; Inapplicable ; Inapplicable ; Inapplicable ; Inapplicable ;
; q[38]              ; Inapplicable ; Inapplicable ; Inapplicable ; Inapplicable ; Inapplicable ; Pass      ; Inapplicable ; Inapplicable ; Pass      ; Pass      ; Inapplicable ; Pass         ; Inapplicable ; Inapplicable ; Inapplicable ; Inapplicable ; Pass         ; Inapplicable ; Inapplicable ; Inapplicable ; Inapplicable ; Pass         ; Inapplicable ; Inapplicable ; Inapplicable ; Inapplicable ; Inapplicable ; Inapplicable ;
; q[39]              ; Inapplicable ; Inapplicable ; Inapplicable ; Inapplicable ; Inapplicable ; Pass      ; Inapplicable ; Inapplicable ; Pass      ; Pass      ; Inapplicable ; Pass         ; Inapplicable ; Inapplicable ; Inapplicable ; Inapplicable ; Pass         ; Inapplicable ; Inapplicable ; Inapplicable ; Inapplicable ; Pass         ; Inapplicable ; Inapplicable ; Inapplicable ; Inapplicable ; Inapplicable ; Inapplicable ;
; q[40]              ; Inapplicable ; Inapplicable ; Inapplicable ; Inapplicable ; Inapplicable ; Pass      ; Inapplicable ; Inapplicable ; Pass      ; Pass      ; Inapplicable ; Pass         ; Inapplicable ; Inapplicable ; Inapplicable ; Inapplicable ; Pass         ; Inapplicable ; Inapplicable ; Inapplicable ; Inapplicable ; Pass         ; Inapplicable ; Inapplicable ; Inapplicable ; Inapplicable ; Inapplicable ; Inapplicable ;
; q[41]              ; Inapplicable ; Inapplicable ; Inapplicable ; Inapplicable ; Inapplicable ; Pass      ; Inapplicable ; Inapplicable ; Pass      ; Pass      ; Inapplicable ; Pass         ; Inapplicable ; Inapplicable ; Inapplicable ; Inapplicable ; Pass         ; Inapplicable ; Inapplicable ; Inapplicable ; Inapplicable ; Pass         ; Inapplicable ; Inapplicable ; Inapplicable ; Inapplicable ; Inapplicable ; Inapplicable ;
; q[42]              ; Inapplicable ; Inapplicable ; Inapplicable ; Inapplicable ; Inapplicable ; Pass      ; Inapplicable ; Inapplicable ; Pass      ; Pass      ; Inapplicable ; Pass         ; Inapplicable ; Inapplicable ; Inapplicable ; Inapplicable ; Pass         ; Inapplicable ; Inapplicable ; Inapplicable ; Inapplicable ; Pass         ; Inapplicable ; Inapplicable ; Inapplicable ; Inapplicable ; Inapplicable ; Inapplicable ;
; q[43]              ; Inapplicable ; Inapplicable ; Inapplicable ; Inapplicable ; Inapplicable ; Pass      ; Inapplicable ; Inapplicable ; Pass      ; Pass      ; Inapplicable ; Pass         ; Inapplicable ; Inapplicable ; Inapplicable ; Inapplicable ; Pass         ; Inapplicable ; Inapplicable ; Inapplicable ; Inapplicable ; Pass         ; Inapplicable ; Inapplicable ; Inapplicable ; Inapplicable ; Inapplicable ; Inapplicable ;
; q[44]              ; Inapplicable ; Inapplicable ; Inapplicable ; Inapplicable ; Inapplicable ; Pass      ; Inapplicable ; Inapplicable ; Pass      ; Pass      ; Inapplicable ; Pass         ; Inapplicable ; Inapplicable ; Inapplicable ; Inapplicable ; Pass         ; Inapplicable ; Inapplicable ; Inapplicable ; Inapplicable ; Pass         ; Inapplicable ; Inapplicable ; Inapplicable ; Inapplicable ; Inapplicable ; Inapplicable ;
; q[45]              ; Inapplicable ; Inapplicable ; Inapplicable ; Inapplicable ; Inapplicable ; Pass      ; Inapplicable ; Inapplicable ; Pass      ; Pass      ; Inapplicable ; Pass         ; Inapplicable ; Inapplicable ; Inapplicable ; Inapplicable ; Pass         ; Inapplicable ; Inapplicable ; Inapplicable ; Inapplicable ; Pass         ; Inapplicable ; Inapplicable ; Inapplicable ; Inapplicable ; Inapplicable ; Inapplicable ;
; q[46]              ; Inapplicable ; Inapplicable ; Inapplicable ; Inapplicable ; Inapplicable ; Pass      ; Inapplicable ; Inapplicable ; Pass      ; Pass      ; Inapplicable ; Pass         ; Inapplicable ; Inapplicable ; Inapplicable ; Inapplicable ; Pass         ; Inapplicable ; Inapplicable ; Inapplicable ; Inapplicable ; Pass         ; Inapplicable ; Inapplicable ; Inapplicable ; Inapplicable ; Inapplicable ; Inapplicable ;
; q[47]              ; Inapplicable ; Inapplicable ; Inapplicable ; Inapplicable ; Inapplicable ; Pass      ; Inapplicable ; Inapplicable ; Pass      ; Pass      ; Inapplicable ; Pass         ; Inapplicable ; Inapplicable ; Inapplicable ; Inapplicable ; Pass         ; Inapplicable ; Inapplicable ; Inapplicable ; Inapplicable ; Pass         ; Inapplicable ; Inapplicable ; Inapplicable ; Inapplicable ; Inapplicable ; Inapplicable ;
; q[48]              ; Inapplicable ; Inapplicable ; Inapplicable ; Inapplicable ; Inapplicable ; Pass      ; Inapplicable ; Inapplicable ; Pass      ; Pass      ; Inapplicable ; Pass         ; Inapplicable ; Inapplicable ; Inapplicable ; Inapplicable ; Pass         ; Inapplicable ; Inapplicable ; Inapplicable ; Inapplicable ; Pass         ; Inapplicable ; Inapplicable ; Inapplicable ; Inapplicable ; Inapplicable ; Inapplicable ;
; q[49]              ; Inapplicable ; Inapplicable ; Inapplicable ; Inapplicable ; Inapplicable ; Pass      ; Inapplicable ; Inapplicable ; Pass      ; Pass      ; Inapplicable ; Pass         ; Inapplicable ; Inapplicable ; Inapplicable ; Inapplicable ; Pass         ; Inapplicable ; Inapplicable ; Inapplicable ; Inapplicable ; Pass         ; Inapplicable ; Inapplicable ; Inapplicable ; Inapplicable ; Inapplicable ; Inapplicable ;
; q[50]              ; Inapplicable ; Inapplicable ; Inapplicable ; Inapplicable ; Inapplicable ; Pass      ; Inapplicable ; Inapplicable ; Pass      ; Pass      ; Inapplicable ; Pass         ; Inapplicable ; Inapplicable ; Inapplicable ; Inapplicable ; Pass         ; Inapplicable ; Inapplicable ; Inapplicable ; Inapplicable ; Pass         ; Inapplicable ; Inapplicable ; Inapplicable ; Inapplicable ; Inapplicable ; Inapplicable ;
; q[51]              ; Inapplicable ; Inapplicable ; Inapplicable ; Inapplicable ; Inapplicable ; Pass      ; Inapplicable ; Inapplicable ; Pass      ; Pass      ; Inapplicable ; Pass         ; Inapplicable ; Inapplicable ; Inapplicable ; Inapplicable ; Pass         ; Inapplicable ; Inapplicable ; Inapplicable ; Inapplicable ; Pass         ; Inapplicable ; Inapplicable ; Inapplicable ; Inapplicable ; Inapplicable ; Inapplicable ;
; q[52]              ; Inapplicable ; Inapplicable ; Inapplicable ; Inapplicable ; Inapplicable ; Pass      ; Inapplicable ; Inapplicable ; Pass      ; Pass      ; Inapplicable ; Pass         ; Inapplicable ; Inapplicable ; Inapplicable ; Inapplicable ; Pass         ; Inapplicable ; Inapplicable ; Inapplicable ; Inapplicable ; Pass         ; Inapplicable ; Inapplicable ; Inapplicable ; Inapplicable ; Inapplicable ; Inapplicable ;
; q[53]              ; Inapplicable ; Inapplicable ; Inapplicable ; Inapplicable ; Inapplicable ; Pass      ; Inapplicable ; Inapplicable ; Pass      ; Pass      ; Inapplicable ; Pass         ; Inapplicable ; Inapplicable ; Inapplicable ; Inapplicable ; Pass         ; Inapplicable ; Inapplicable ; Inapplicable ; Inapplicable ; Pass         ; Inapplicable ; Inapplicable ; Inapplicable ; Inapplicable ; Inapplicable ; Inapplicable ;
; q[54]              ; Inapplicable ; Inapplicable ; Inapplicable ; Inapplicable ; Inapplicable ; Pass      ; Inapplicable ; Inapplicable ; Pass      ; Pass      ; Inapplicable ; Pass         ; Inapplicable ; Inapplicable ; Inapplicable ; Inapplicable ; Pass         ; Inapplicable ; Inapplicable ; Inapplicable ; Inapplicable ; Pass         ; Inapplicable ; Inapplicable ; Inapplicable ; Inapplicable ; Inapplicable ; Inapplicable ;
; q[55]              ; Inapplicable ; Inapplicable ; Inapplicable ; Inapplicable ; Inapplicable ; Pass      ; Inapplicable ; Inapplicable ; Pass      ; Pass      ; Inapplicable ; Pass         ; Inapplicable ; Inapplicable ; Inapplicable ; Inapplicable ; Pass         ; Inapplicable ; Inapplicable ; Inapplicable ; Inapplicable ; Pass         ; Inapplicable ; Inapplicable ; Inapplicable ; Inapplicable ; Inapplicable ; Inapplicable ;
; q[56]              ; Inapplicable ; Inapplicable ; Inapplicable ; Inapplicable ; Inapplicable ; Pass      ; Inapplicable ; Inapplicable ; Pass      ; Pass      ; Inapplicable ; Pass         ; Inapplicable ; Inapplicable ; Inapplicable ; Inapplicable ; Pass         ; Inapplicable ; Inapplicable ; Inapplicable ; Inapplicable ; Pass         ; Inapplicable ; Inapplicable ; Inapplicable ; Inapplicable ; Inapplicable ; Inapplicable ;
; q[57]              ; Inapplicable ; Inapplicable ; Inapplicable ; Inapplicable ; Inapplicable ; Pass      ; Inapplicable ; Inapplicable ; Pass      ; Pass      ; Inapplicable ; Pass         ; Inapplicable ; Inapplicable ; Inapplicable ; Inapplicable ; Pass         ; Inapplicable ; Inapplicable ; Inapplicable ; Inapplicable ; Pass         ; Inapplicable ; Inapplicable ; Inapplicable ; Inapplicable ; Inapplicable ; Inapplicable ;
; q[58]              ; Inapplicable ; Inapplicable ; Inapplicable ; Inapplicable ; Inapplicable ; Pass      ; Inapplicable ; Inapplicable ; Pass      ; Pass      ; Inapplicable ; Pass         ; Inapplicable ; Inapplicable ; Inapplicable ; Inapplicable ; Pass         ; Inapplicable ; Inapplicable ; Inapplicable ; Inapplicable ; Pass         ; Inapplicable ; Inapplicable ; Inapplicable ; Inapplicable ; Inapplicable ; Inapplicable ;
; q[59]              ; Inapplicable ; Inapplicable ; Inapplicable ; Inapplicable ; Inapplicable ; Pass      ; Inapplicable ; Inapplicable ; Pass      ; Pass      ; Inapplicable ; Pass         ; Inapplicable ; Inapplicable ; Inapplicable ; Inapplicable ; Pass         ; Inapplicable ; Inapplicable ; Inapplicable ; Inapplicable ; Pass         ; Inapplicable ; Inapplicable ; Inapplicable ; Inapplicable ; Inapplicable ; Inapplicable ;
; q[60]              ; Inapplicable ; Inapplicable ; Inapplicable ; Inapplicable ; Inapplicable ; Pass      ; Inapplicable ; Inapplicable ; Pass      ; Pass      ; Inapplicable ; Pass         ; Inapplicable ; Inapplicable ; Inapplicable ; Inapplicable ; Pass         ; Inapplicable ; Inapplicable ; Inapplicable ; Inapplicable ; Pass         ; Inapplicable ; Inapplicable ; Inapplicable ; Inapplicable ; Inapplicable ; Inapplicable ;
; q[61]              ; Inapplicable ; Inapplicable ; Inapplicable ; Inapplicable ; Inapplicable ; Pass      ; Inapplicable ; Inapplicable ; Pass      ; Pass      ; Inapplicable ; Pass         ; Inapplicable ; Inapplicable ; Inapplicable ; Inapplicable ; Pass         ; Inapplicable ; Inapplicable ; Inapplicable ; Inapplicable ; Pass         ; Inapplicable ; Inapplicable ; Inapplicable ; Inapplicable ; Inapplicable ; Inapplicable ;
; q[62]              ; Inapplicable ; Inapplicable ; Inapplicable ; Inapplicable ; Inapplicable ; Pass      ; Inapplicable ; Inapplicable ; Pass      ; Pass      ; Inapplicable ; Pass         ; Inapplicable ; Inapplicable ; Inapplicable ; Inapplicable ; Pass         ; Inapplicable ; Inapplicable ; Inapplicable ; Inapplicable ; Pass         ; Inapplicable ; Inapplicable ; Inapplicable ; Inapplicable ; Inapplicable ; Inapplicable ;
; q[63]              ; Inapplicable ; Inapplicable ; Inapplicable ; Inapplicable ; Inapplicable ; Pass      ; Inapplicable ; Inapplicable ; Pass      ; Pass      ; Inapplicable ; Pass         ; Inapplicable ; Inapplicable ; Inapplicable ; Inapplicable ; Pass         ; Inapplicable ; Inapplicable ; Inapplicable ; Inapplicable ; Pass         ; Inapplicable ; Inapplicable ; Inapplicable ; Inapplicable ; Inapplicable ; Inapplicable ;
; CLK                ; Inapplicable ; Inapplicable ; Inapplicable ; Inapplicable ; Inapplicable ; Pass      ; Inapplicable ; Inapplicable ; Pass      ; Pass      ; Inapplicable ; Inapplicable ; Inapplicable ; Inapplicable ; Inapplicable ; Inapplicable ; Inapplicable ; Inapplicable ; Inapplicable ; Inapplicable ; Inapplicable ; Inapplicable ; Inapplicable ; Inapplicable ; Inapplicable ; Inapplicable ; Inapplicable ; Inapplicable ;
; a[60]              ; Inapplicable ; Inapplicable ; Inapplicable ; Inapplicable ; Inapplicable ; Pass      ; Inapplicable ; Inapplicable ; Pass      ; Pass      ; Inapplicable ; Inapplicable ; Inapplicable ; Inapplicable ; Inapplicable ; Inapplicable ; Inapplicable ; Inapplicable ; Inapplicable ; Inapplicable ; Inapplicable ; Inapplicable ; Inapplicable ; Inapplicable ; Inapplicable ; Inapplicable ; Inapplicable ; Inapplicable ;
; RST                ; Inapplicable ; Inapplicable ; Inapplicable ; Inapplicable ; Inapplicable ; Pass      ; Inapplicable ; Inapplicable ; Pass      ; Pass      ; Inapplicable ; Inapplicable ; Inapplicable ; Inapplicable ; Inapplicable ; Inapplicable ; Inapplicable ; Inapplicable ; Inapplicable ; Inapplicable ; Inapplicable ; Inapplicable ; Inapplicable ; Inapplicable ; Inapplicable ; Inapplicable ; Inapplicable ; Inapplicable ;
; a[61]              ; Inapplicable ; Inapplicable ; Inapplicable ; Inapplicable ; Inapplicable ; Pass      ; Inapplicable ; Inapplicable ; Pass      ; Pass      ; Inapplicable ; Inapplicable ; Inapplicable ; Inapplicable ; Inapplicable ; Inapplicable ; Inapplicable ; Inapplicable ; Inapplicable ; Inapplicable ; Inapplicable ; Inapplicable ; Inapplicable ; Inapplicable ; Inapplicable ; Inapplicable ; Inapplicable ; Inapplicable ;
; a[62]              ; Inapplicable ; Inapplicable ; Inapplicable ; Inapplicable ; Inapplicable ; Pass      ; Inapplicable ; Inapplicable ; Pass      ; Pass      ; Inapplicable ; Inapplicable ; Inapplicable ; Inapplicable ; Inapplicable ; Inapplicable ; Inapplicable ; Inapplicable ; Inapplicable ; Inapplicable ; Inapplicable ; Inapplicable ; Inapplicable ; Inapplicable ; Inapplicable ; Inapplicable ; Inapplicable ; Inapplicable ;
; a[63]              ; Inapplicable ; Inapplicable ; Inapplicable ; Inapplicable ; Inapplicable ; Pass      ; Inapplicable ; Inapplicable ; Pass      ; Pass      ; Inapplicable ; Inapplicable ; Inapplicable ; Inapplicable ; Inapplicable ; Inapplicable ; Inapplicable ; Inapplicable ; Inapplicable ; Inapplicable ; Inapplicable ; Inapplicable ; Inapplicable ; Inapplicable ; Inapplicable ; Inapplicable ; Inapplicable ; Inapplicable ;
; a[64]              ; Inapplicable ; Inapplicable ; Inapplicable ; Inapplicable ; Inapplicable ; Pass      ; Inapplicable ; Inapplicable ; Pass      ; Pass      ; Inapplicable ; Inapplicable ; Inapplicable ; Inapplicable ; Inapplicable ; Inapplicable ; Inapplicable ; Inapplicable ; Inapplicable ; Inapplicable ; Inapplicable ; Inapplicable ; Inapplicable ; Inapplicable ; Inapplicable ; Inapplicable ; Inapplicable ; Inapplicable ;
; a[65]              ; Inapplicable ; Inapplicable ; Inapplicable ; Inapplicable ; Inapplicable ; Pass      ; Inapplicable ; Inapplicable ; Pass      ; Pass      ; Inapplicable ; Inapplicable ; Inapplicable ; Inapplicable ; Inapplicable ; Inapplicable ; Inapplicable ; Inapplicable ; Inapplicable ; Inapplicable ; Inapplicable ; Inapplicable ; Inapplicable ; Inapplicable ; Inapplicable ; Inapplicable ; Inapplicable ; Inapplicable ;
; a[66]              ; Inapplicable ; Inapplicable ; Inapplicable ; Inapplicable ; Inapplicable ; Pass      ; Inapplicable ; Inapplicable ; Pass      ; Pass      ; Inapplicable ; Inapplicable ; Inapplicable ; Inapplicable ; Inapplicable ; Inapplicable ; Inapplicable ; Inapplicable ; Inapplicable ; Inapplicable ; Inapplicable ; Inapplicable ; Inapplicable ; Inapplicable ; Inapplicable ; Inapplicable ; Inapplicable ; Inapplicable ;
; a[67]              ; Inapplicable ; Inapplicable ; Inapplicable ; Inapplicable ; Inapplicable ; Pass      ; Inapplicable ; Inapplicable ; Pass      ; Pass      ; Inapplicable ; Inapplicable ; Inapplicable ; Inapplicable ; Inapplicable ; Inapplicable ; Inapplicable ; Inapplicable ; Inapplicable ; Inapplicable ; Inapplicable ; Inapplicable ; Inapplicable ; Inapplicable ; Inapplicable ; Inapplicable ; Inapplicable ; Inapplicable ;
; a[68]              ; Inapplicable ; Inapplicable ; Inapplicable ; Inapplicable ; Inapplicable ; Pass      ; Inapplicable ; Inapplicable ; Pass      ; Pass      ; Inapplicable ; Inapplicable ; Inapplicable ; Inapplicable ; Inapplicable ; Inapplicable ; Inapplicable ; Inapplicable ; Inapplicable ; Inapplicable ; Inapplicable ; Inapplicable ; Inapplicable ; Inapplicable ; Inapplicable ; Inapplicable ; Inapplicable ; Inapplicable ;
; a[69]              ; Inapplicable ; Inapplicable ; Inapplicable ; Inapplicable ; Inapplicable ; Pass      ; Inapplicable ; Inapplicable ; Pass      ; Pass      ; Inapplicable ; Inapplicable ; Inapplicable ; Inapplicable ; Inapplicable ; Inapplicable ; Inapplicable ; Inapplicable ; Inapplicable ; Inapplicable ; Inapplicable ; Inapplicable ; Inapplicable ; Inapplicable ; Inapplicable ; Inapplicable ; Inapplicable ; Inapplicable ;
; a[70]              ; Inapplicable ; Inapplicable ; Inapplicable ; Inapplicable ; Inapplicable ; Pass      ; Inapplicable ; Inapplicable ; Pass      ; Pass      ; Inapplicable ; Inapplicable ; Inapplicable ; Inapplicable ; Inapplicable ; Inapplicable ; Inapplicable ; Inapplicable ; Inapplicable ; Inapplicable ; Inapplicable ; Inapplicable ; Inapplicable ; Inapplicable ; Inapplicable ; Inapplicable ; Inapplicable ; Inapplicable ;
; a[71]              ; Inapplicable ; Inapplicable ; Inapplicable ; Inapplicable ; Inapplicable ; Pass      ; Inapplicable ; Inapplicable ; Pass      ; Pass      ; Inapplicable ; Inapplicable ; Inapplicable ; Inapplicable ; Inapplicable ; Inapplicable ; Inapplicable ; Inapplicable ; Inapplicable ; Inapplicable ; Inapplicable ; Inapplicable ; Inapplicable ; Inapplicable ; Inapplicable ; Inapplicable ; Inapplicable ; Inapplicable ;
; a[72]              ; Inapplicable ; Inapplicable ; Inapplicable ; Inapplicable ; Inapplicable ; Pass      ; Inapplicable ; Inapplicable ; Pass      ; Pass      ; Inapplicable ; Inapplicable ; Inapplicable ; Inapplicable ; Inapplicable ; Inapplicable ; Inapplicable ; Inapplicable ; Inapplicable ; Inapplicable ; Inapplicable ; Inapplicable ; Inapplicable ; Inapplicable ; Inapplicable ; Inapplicable ; Inapplicable ; Inapplicable ;
; a[73]              ; Inapplicable ; Inapplicable ; Inapplicable ; Inapplicable ; Inapplicable ; Pass      ; Inapplicable ; Inapplicable ; Pass      ; Pass      ; Inapplicable ; Inapplicable ; Inapplicable ; Inapplicable ; Inapplicable ; Inapplicable ; Inapplicable ; Inapplicable ; Inapplicable ; Inapplicable ; Inapplicable ; Inapplicable ; Inapplicable ; Inapplicable ; Inapplicable ; Inapplicable ; Inapplicable ; Inapplicable ;
; a[74]              ; Inapplicable ; Inapplicable ; Inapplicable ; Inapplicable ; Inapplicable ; Pass      ; Inapplicable ; Inapplicable ; Pass      ; Pass      ; Inapplicable ; Inapplicable ; Inapplicable ; Inapplicable ; Inapplicable ; Inapplicable ; Inapplicable ; Inapplicable ; Inapplicable ; Inapplicable ; Inapplicable ; Inapplicable ; Inapplicable ; Inapplicable ; Inapplicable ; Inapplicable ; Inapplicable ; Inapplicable ;
; a[75]              ; Inapplicable ; Inapplicable ; Inapplicable ; Inapplicable ; Inapplicable ; Pass      ; Inapplicable ; Inapplicable ; Pass      ; Pass      ; Inapplicable ; Inapplicable ; Inapplicable ; Inapplicable ; Inapplicable ; Inapplicable ; Inapplicable ; Inapplicable ; Inapplicable ; Inapplicable ; Inapplicable ; Inapplicable ; Inapplicable ; Inapplicable ; Inapplicable ; Inapplicable ; Inapplicable ; Inapplicable ;
; a[76]              ; Inapplicable ; Inapplicable ; Inapplicable ; Inapplicable ; Inapplicable ; Pass      ; Inapplicable ; Inapplicable ; Pass      ; Pass      ; Inapplicable ; Inapplicable ; Inapplicable ; Inapplicable ; Inapplicable ; Inapplicable ; Inapplicable ; Inapplicable ; Inapplicable ; Inapplicable ; Inapplicable ; Inapplicable ; Inapplicable ; Inapplicable ; Inapplicable ; Inapplicable ; Inapplicable ; Inapplicable ;
; a[77]              ; Inapplicable ; Inapplicable ; Inapplicable ; Inapplicable ; Inapplicable ; Pass      ; Inapplicable ; Inapplicable ; Pass      ; Pass      ; Inapplicable ; Inapplicable ; Inapplicable ; Inapplicable ; Inapplicable ; Inapplicable ; Inapplicable ; Inapplicable ; Inapplicable ; Inapplicable ; Inapplicable ; Inapplicable ; Inapplicable ; Inapplicable ; Inapplicable ; Inapplicable ; Inapplicable ; Inapplicable ;
; a[78]              ; Inapplicable ; Inapplicable ; Inapplicable ; Inapplicable ; Inapplicable ; Pass      ; Inapplicable ; Inapplicable ; Pass      ; Pass      ; Inapplicable ; Inapplicable ; Inapplicable ; Inapplicable ; Inapplicable ; Inapplicable ; Inapplicable ; Inapplicable ; Inapplicable ; Inapplicable ; Inapplicable ; Inapplicable ; Inapplicable ; Inapplicable ; Inapplicable ; Inapplicable ; Inapplicable ; Inapplicable ;
; a[79]              ; Inapplicable ; Inapplicable ; Inapplicable ; Inapplicable ; Inapplicable ; Pass      ; Inapplicable ; Inapplicable ; Pass      ; Pass      ; Inapplicable ; Inapplicable ; Inapplicable ; Inapplicable ; Inapplicable ; Inapplicable ; Inapplicable ; Inapplicable ; Inapplicable ; Inapplicable ; Inapplicable ; Inapplicable ; Inapplicable ; Inapplicable ; Inapplicable ; Inapplicable ; Inapplicable ; Inapplicable ;
; a[80]              ; Inapplicable ; Inapplicable ; Inapplicable ; Inapplicable ; Inapplicable ; Pass      ; Inapplicable ; Inapplicable ; Pass      ; Pass      ; Inapplicable ; Inapplicable ; Inapplicable ; Inapplicable ; Inapplicable ; Inapplicable ; Inapplicable ; Inapplicable ; Inapplicable ; Inapplicable ; Inapplicable ; Inapplicable ; Inapplicable ; Inapplicable ; Inapplicable ; Inapplicable ; Inapplicable ; Inapplicable ;
; a[81]              ; Inapplicable ; Inapplicable ; Inapplicable ; Inapplicable ; Inapplicable ; Pass      ; Inapplicable ; Inapplicable ; Pass      ; Pass      ; Inapplicable ; Inapplicable ; Inapplicable ; Inapplicable ; Inapplicable ; Inapplicable ; Inapplicable ; Inapplicable ; Inapplicable ; Inapplicable ; Inapplicable ; Inapplicable ; Inapplicable ; Inapplicable ; Inapplicable ; Inapplicable ; Inapplicable ; Inapplicable ;
; a[82]              ; Inapplicable ; Inapplicable ; Inapplicable ; Inapplicable ; Inapplicable ; Pass      ; Inapplicable ; Inapplicable ; Pass      ; Pass      ; Inapplicable ; Inapplicable ; Inapplicable ; Inapplicable ; Inapplicable ; Inapplicable ; Inapplicable ; Inapplicable ; Inapplicable ; Inapplicable ; Inapplicable ; Inapplicable ; Inapplicable ; Inapplicable ; Inapplicable ; Inapplicable ; Inapplicable ; Inapplicable ;
; a[83]              ; Inapplicable ; Inapplicable ; Inapplicable ; Inapplicable ; Inapplicable ; Pass      ; Inapplicable ; Inapplicable ; Pass      ; Pass      ; Inapplicable ; Inapplicable ; Inapplicable ; Inapplicable ; Inapplicable ; Inapplicable ; Inapplicable ; Inapplicable ; Inapplicable ; Inapplicable ; Inapplicable ; Inapplicable ; Inapplicable ; Inapplicable ; Inapplicable ; Inapplicable ; Inapplicable ; Inapplicable ;
; a[84]              ; Inapplicable ; Inapplicable ; Inapplicable ; Inapplicable ; Inapplicable ; Pass      ; Inapplicable ; Inapplicable ; Pass      ; Pass      ; Inapplicable ; Inapplicable ; Inapplicable ; Inapplicable ; Inapplicable ; Inapplicable ; Inapplicable ; Inapplicable ; Inapplicable ; Inapplicable ; Inapplicable ; Inapplicable ; Inapplicable ; Inapplicable ; Inapplicable ; Inapplicable ; Inapplicable ; Inapplicable ;
; a[85]              ; Inapplicable ; Inapplicable ; Inapplicable ; Inapplicable ; Inapplicable ; Pass      ; Inapplicable ; Inapplicable ; Pass      ; Pass      ; Inapplicable ; Inapplicable ; Inapplicable ; Inapplicable ; Inapplicable ; Inapplicable ; Inapplicable ; Inapplicable ; Inapplicable ; Inapplicable ; Inapplicable ; Inapplicable ; Inapplicable ; Inapplicable ; Inapplicable ; Inapplicable ; Inapplicable ; Inapplicable ;
; a[86]              ; Inapplicable ; Inapplicable ; Inapplicable ; Inapplicable ; Inapplicable ; Pass      ; Inapplicable ; Inapplicable ; Pass      ; Pass      ; Inapplicable ; Inapplicable ; Inapplicable ; Inapplicable ; Inapplicable ; Inapplicable ; Inapplicable ; Inapplicable ; Inapplicable ; Inapplicable ; Inapplicable ; Inapplicable ; Inapplicable ; Inapplicable ; Inapplicable ; Inapplicable ; Inapplicable ; Inapplicable ;
; a[87]              ; Inapplicable ; Inapplicable ; Inapplicable ; Inapplicable ; Inapplicable ; Pass      ; Inapplicable ; Inapplicable ; Pass      ; Pass      ; Inapplicable ; Inapplicable ; Inapplicable ; Inapplicable ; Inapplicable ; Inapplicable ; Inapplicable ; Inapplicable ; Inapplicable ; Inapplicable ; Inapplicable ; Inapplicable ; Inapplicable ; Inapplicable ; Inapplicable ; Inapplicable ; Inapplicable ; Inapplicable ;
; a[88]              ; Inapplicable ; Inapplicable ; Inapplicable ; Inapplicable ; Inapplicable ; Pass      ; Inapplicable ; Inapplicable ; Pass      ; Pass      ; Inapplicable ; Inapplicable ; Inapplicable ; Inapplicable ; Inapplicable ; Inapplicable ; Inapplicable ; Inapplicable ; Inapplicable ; Inapplicable ; Inapplicable ; Inapplicable ; Inapplicable ; Inapplicable ; Inapplicable ; Inapplicable ; Inapplicable ; Inapplicable ;
; a[89]              ; Inapplicable ; Inapplicable ; Inapplicable ; Inapplicable ; Inapplicable ; Pass      ; Inapplicable ; Inapplicable ; Pass      ; Pass      ; Inapplicable ; Inapplicable ; Inapplicable ; Inapplicable ; Inapplicable ; Inapplicable ; Inapplicable ; Inapplicable ; Inapplicable ; Inapplicable ; Inapplicable ; Inapplicable ; Inapplicable ; Inapplicable ; Inapplicable ; Inapplicable ; Inapplicable ; Inapplicable ;
; a[90]              ; Inapplicable ; Inapplicable ; Inapplicable ; Inapplicable ; Inapplicable ; Pass      ; Inapplicable ; Inapplicable ; Pass      ; Pass      ; Inapplicable ; Inapplicable ; Inapplicable ; Inapplicable ; Inapplicable ; Inapplicable ; Inapplicable ; Inapplicable ; Inapplicable ; Inapplicable ; Inapplicable ; Inapplicable ; Inapplicable ; Inapplicable ; Inapplicable ; Inapplicable ; Inapplicable ; Inapplicable ;
; a[91]              ; Inapplicable ; Inapplicable ; Inapplicable ; Inapplicable ; Inapplicable ; Pass      ; Inapplicable ; Inapplicable ; Pass      ; Pass      ; Inapplicable ; Inapplicable ; Inapplicable ; Inapplicable ; Inapplicable ; Inapplicable ; Inapplicable ; Inapplicable ; Inapplicable ; Inapplicable ; Inapplicable ; Inapplicable ; Inapplicable ; Inapplicable ; Inapplicable ; Inapplicable ; Inapplicable ; Inapplicable ;
; a[92]              ; Inapplicable ; Inapplicable ; Inapplicable ; Inapplicable ; Inapplicable ; Pass      ; Inapplicable ; Inapplicable ; Pass      ; Pass      ; Inapplicable ; Inapplicable ; Inapplicable ; Inapplicable ; Inapplicable ; Inapplicable ; Inapplicable ; Inapplicable ; Inapplicable ; Inapplicable ; Inapplicable ; Inapplicable ; Inapplicable ; Inapplicable ; Inapplicable ; Inapplicable ; Inapplicable ; Inapplicable ;
; a[93]              ; Inapplicable ; Inapplicable ; Inapplicable ; Inapplicable ; Inapplicable ; Pass      ; Inapplicable ; Inapplicable ; Pass      ; Pass      ; Inapplicable ; Inapplicable ; Inapplicable ; Inapplicable ; Inapplicable ; Inapplicable ; Inapplicable ; Inapplicable ; Inapplicable ; Inapplicable ; Inapplicable ; Inapplicable ; Inapplicable ; Inapplicable ; Inapplicable ; Inapplicable ; Inapplicable ; Inapplicable ;
; a[94]              ; Inapplicable ; Inapplicable ; Inapplicable ; Inapplicable ; Inapplicable ; Pass      ; Inapplicable ; Inapplicable ; Pass      ; Pass      ; Inapplicable ; Inapplicable ; Inapplicable ; Inapplicable ; Inapplicable ; Inapplicable ; Inapplicable ; Inapplicable ; Inapplicable ; Inapplicable ; Inapplicable ; Inapplicable ; Inapplicable ; Inapplicable ; Inapplicable ; Inapplicable ; Inapplicable ; Inapplicable ;
; a[95]              ; Inapplicable ; Inapplicable ; Inapplicable ; Inapplicable ; Inapplicable ; Pass      ; Inapplicable ; Inapplicable ; Pass      ; Pass      ; Inapplicable ; Inapplicable ; Inapplicable ; Inapplicable ; Inapplicable ; Inapplicable ; Inapplicable ; Inapplicable ; Inapplicable ; Inapplicable ; Inapplicable ; Inapplicable ; Inapplicable ; Inapplicable ; Inapplicable ; Inapplicable ; Inapplicable ; Inapplicable ;
; a[96]              ; Inapplicable ; Inapplicable ; Inapplicable ; Inapplicable ; Inapplicable ; Pass      ; Inapplicable ; Inapplicable ; Pass      ; Pass      ; Inapplicable ; Inapplicable ; Inapplicable ; Inapplicable ; Inapplicable ; Inapplicable ; Inapplicable ; Inapplicable ; Inapplicable ; Inapplicable ; Inapplicable ; Inapplicable ; Inapplicable ; Inapplicable ; Inapplicable ; Inapplicable ; Inapplicable ; Inapplicable ;
; a[97]              ; Inapplicable ; Inapplicable ; Inapplicable ; Inapplicable ; Inapplicable ; Pass      ; Inapplicable ; Inapplicable ; Pass      ; Pass      ; Inapplicable ; Inapplicable ; Inapplicable ; Inapplicable ; Inapplicable ; Inapplicable ; Inapplicable ; Inapplicable ; Inapplicable ; Inapplicable ; Inapplicable ; Inapplicable ; Inapplicable ; Inapplicable ; Inapplicable ; Inapplicable ; Inapplicable ; Inapplicable ;
; a[98]              ; Inapplicable ; Inapplicable ; Inapplicable ; Inapplicable ; Inapplicable ; Pass      ; Inapplicable ; Inapplicable ; Pass      ; Pass      ; Inapplicable ; Inapplicable ; Inapplicable ; Inapplicable ; Inapplicable ; Inapplicable ; Inapplicable ; Inapplicable ; Inapplicable ; Inapplicable ; Inapplicable ; Inapplicable ; Inapplicable ; Inapplicable ; Inapplicable ; Inapplicable ; Inapplicable ; Inapplicable ;
; a[99]              ; Inapplicable ; Inapplicable ; Inapplicable ; Inapplicable ; Inapplicable ; Pass      ; Inapplicable ; Inapplicable ; Pass      ; Pass      ; Inapplicable ; Inapplicable ; Inapplicable ; Inapplicable ; Inapplicable ; Inapplicable ; Inapplicable ; Inapplicable ; Inapplicable ; Inapplicable ; Inapplicable ; Inapplicable ; Inapplicable ; Inapplicable ; Inapplicable ; Inapplicable ; Inapplicable ; Inapplicable ;
; a[100]             ; Inapplicable ; Inapplicable ; Inapplicable ; Inapplicable ; Inapplicable ; Pass      ; Inapplicable ; Inapplicable ; Pass      ; Pass      ; Inapplicable ; Inapplicable ; Inapplicable ; Inapplicable ; Inapplicable ; Inapplicable ; Inapplicable ; Inapplicable ; Inapplicable ; Inapplicable ; Inapplicable ; Inapplicable ; Inapplicable ; Inapplicable ; Inapplicable ; Inapplicable ; Inapplicable ; Inapplicable ;
; a[101]             ; Inapplicable ; Inapplicable ; Inapplicable ; Inapplicable ; Inapplicable ; Pass      ; Inapplicable ; Inapplicable ; Pass      ; Pass      ; Inapplicable ; Inapplicable ; Inapplicable ; Inapplicable ; Inapplicable ; Inapplicable ; Inapplicable ; Inapplicable ; Inapplicable ; Inapplicable ; Inapplicable ; Inapplicable ; Inapplicable ; Inapplicable ; Inapplicable ; Inapplicable ; Inapplicable ; Inapplicable ;
; a[102]             ; Inapplicable ; Inapplicable ; Inapplicable ; Inapplicable ; Inapplicable ; Pass      ; Inapplicable ; Inapplicable ; Pass      ; Pass      ; Inapplicable ; Inapplicable ; Inapplicable ; Inapplicable ; Inapplicable ; Inapplicable ; Inapplicable ; Inapplicable ; Inapplicable ; Inapplicable ; Inapplicable ; Inapplicable ; Inapplicable ; Inapplicable ; Inapplicable ; Inapplicable ; Inapplicable ; Inapplicable ;
; a[103]             ; Inapplicable ; Inapplicable ; Inapplicable ; Inapplicable ; Inapplicable ; Pass      ; Inapplicable ; Inapplicable ; Pass      ; Pass      ; Inapplicable ; Inapplicable ; Inapplicable ; Inapplicable ; Inapplicable ; Inapplicable ; Inapplicable ; Inapplicable ; Inapplicable ; Inapplicable ; Inapplicable ; Inapplicable ; Inapplicable ; Inapplicable ; Inapplicable ; Inapplicable ; Inapplicable ; Inapplicable ;
; a[104]             ; Inapplicable ; Inapplicable ; Inapplicable ; Inapplicable ; Inapplicable ; Pass      ; Inapplicable ; Inapplicable ; Pass      ; Pass      ; Inapplicable ; Inapplicable ; Inapplicable ; Inapplicable ; Inapplicable ; Inapplicable ; Inapplicable ; Inapplicable ; Inapplicable ; Inapplicable ; Inapplicable ; Inapplicable ; Inapplicable ; Inapplicable ; Inapplicable ; Inapplicable ; Inapplicable ; Inapplicable ;
; a[105]             ; Inapplicable ; Inapplicable ; Inapplicable ; Inapplicable ; Inapplicable ; Pass      ; Inapplicable ; Inapplicable ; Pass      ; Pass      ; Inapplicable ; Inapplicable ; Inapplicable ; Inapplicable ; Inapplicable ; Inapplicable ; Inapplicable ; Inapplicable ; Inapplicable ; Inapplicable ; Inapplicable ; Inapplicable ; Inapplicable ; Inapplicable ; Inapplicable ; Inapplicable ; Inapplicable ; Inapplicable ;
; a[106]             ; Inapplicable ; Inapplicable ; Inapplicable ; Inapplicable ; Inapplicable ; Pass      ; Inapplicable ; Inapplicable ; Pass      ; Pass      ; Inapplicable ; Inapplicable ; Inapplicable ; Inapplicable ; Inapplicable ; Inapplicable ; Inapplicable ; Inapplicable ; Inapplicable ; Inapplicable ; Inapplicable ; Inapplicable ; Inapplicable ; Inapplicable ; Inapplicable ; Inapplicable ; Inapplicable ; Inapplicable ;
; a[107]             ; Inapplicable ; Inapplicable ; Inapplicable ; Inapplicable ; Inapplicable ; Pass      ; Inapplicable ; Inapplicable ; Pass      ; Pass      ; Inapplicable ; Inapplicable ; Inapplicable ; Inapplicable ; Inapplicable ; Inapplicable ; Inapplicable ; Inapplicable ; Inapplicable ; Inapplicable ; Inapplicable ; Inapplicable ; Inapplicable ; Inapplicable ; Inapplicable ; Inapplicable ; Inapplicable ; Inapplicable ;
; a[108]             ; Inapplicable ; Inapplicable ; Inapplicable ; Inapplicable ; Inapplicable ; Pass      ; Inapplicable ; Inapplicable ; Pass      ; Pass      ; Inapplicable ; Inapplicable ; Inapplicable ; Inapplicable ; Inapplicable ; Inapplicable ; Inapplicable ; Inapplicable ; Inapplicable ; Inapplicable ; Inapplicable ; Inapplicable ; Inapplicable ; Inapplicable ; Inapplicable ; Inapplicable ; Inapplicable ; Inapplicable ;
; a[109]             ; Inapplicable ; Inapplicable ; Inapplicable ; Inapplicable ; Inapplicable ; Pass      ; Inapplicable ; Inapplicable ; Pass      ; Pass      ; Inapplicable ; Inapplicable ; Inapplicable ; Inapplicable ; Inapplicable ; Inapplicable ; Inapplicable ; Inapplicable ; Inapplicable ; Inapplicable ; Inapplicable ; Inapplicable ; Inapplicable ; Inapplicable ; Inapplicable ; Inapplicable ; Inapplicable ; Inapplicable ;
; a[110]             ; Inapplicable ; Inapplicable ; Inapplicable ; Inapplicable ; Inapplicable ; Pass      ; Inapplicable ; Inapplicable ; Pass      ; Pass      ; Inapplicable ; Inapplicable ; Inapplicable ; Inapplicable ; Inapplicable ; Inapplicable ; Inapplicable ; Inapplicable ; Inapplicable ; Inapplicable ; Inapplicable ; Inapplicable ; Inapplicable ; Inapplicable ; Inapplicable ; Inapplicable ; Inapplicable ; Inapplicable ;
; a[111]             ; Inapplicable ; Inapplicable ; Inapplicable ; Inapplicable ; Inapplicable ; Pass      ; Inapplicable ; Inapplicable ; Pass      ; Pass      ; Inapplicable ; Inapplicable ; Inapplicable ; Inapplicable ; Inapplicable ; Inapplicable ; Inapplicable ; Inapplicable ; Inapplicable ; Inapplicable ; Inapplicable ; Inapplicable ; Inapplicable ; Inapplicable ; Inapplicable ; Inapplicable ; Inapplicable ; Inapplicable ;
; a[112]             ; Inapplicable ; Inapplicable ; Inapplicable ; Inapplicable ; Inapplicable ; Pass      ; Inapplicable ; Inapplicable ; Pass      ; Pass      ; Inapplicable ; Inapplicable ; Inapplicable ; Inapplicable ; Inapplicable ; Inapplicable ; Inapplicable ; Inapplicable ; Inapplicable ; Inapplicable ; Inapplicable ; Inapplicable ; Inapplicable ; Inapplicable ; Inapplicable ; Inapplicable ; Inapplicable ; Inapplicable ;
; a[113]             ; Inapplicable ; Inapplicable ; Inapplicable ; Inapplicable ; Inapplicable ; Pass      ; Inapplicable ; Inapplicable ; Pass      ; Pass      ; Inapplicable ; Inapplicable ; Inapplicable ; Inapplicable ; Inapplicable ; Inapplicable ; Inapplicable ; Inapplicable ; Inapplicable ; Inapplicable ; Inapplicable ; Inapplicable ; Inapplicable ; Inapplicable ; Inapplicable ; Inapplicable ; Inapplicable ; Inapplicable ;
; a[114]             ; Inapplicable ; Inapplicable ; Inapplicable ; Inapplicable ; Inapplicable ; Pass      ; Inapplicable ; Inapplicable ; Pass      ; Pass      ; Inapplicable ; Inapplicable ; Inapplicable ; Inapplicable ; Inapplicable ; Inapplicable ; Inapplicable ; Inapplicable ; Inapplicable ; Inapplicable ; Inapplicable ; Inapplicable ; Inapplicable ; Inapplicable ; Inapplicable ; Inapplicable ; Inapplicable ; Inapplicable ;
; a[115]             ; Inapplicable ; Inapplicable ; Inapplicable ; Inapplicable ; Inapplicable ; Pass      ; Inapplicable ; Inapplicable ; Pass      ; Pass      ; Inapplicable ; Inapplicable ; Inapplicable ; Inapplicable ; Inapplicable ; Inapplicable ; Inapplicable ; Inapplicable ; Inapplicable ; Inapplicable ; Inapplicable ; Inapplicable ; Inapplicable ; Inapplicable ; Inapplicable ; Inapplicable ; Inapplicable ; Inapplicable ;
; a[116]             ; Inapplicable ; Inapplicable ; Inapplicable ; Inapplicable ; Inapplicable ; Pass      ; Inapplicable ; Inapplicable ; Pass      ; Pass      ; Inapplicable ; Inapplicable ; Inapplicable ; Inapplicable ; Inapplicable ; Inapplicable ; Inapplicable ; Inapplicable ; Inapplicable ; Inapplicable ; Inapplicable ; Inapplicable ; Inapplicable ; Inapplicable ; Inapplicable ; Inapplicable ; Inapplicable ; Inapplicable ;
; a[117]             ; Inapplicable ; Inapplicable ; Inapplicable ; Inapplicable ; Inapplicable ; Pass      ; Inapplicable ; Inapplicable ; Pass      ; Pass      ; Inapplicable ; Inapplicable ; Inapplicable ; Inapplicable ; Inapplicable ; Inapplicable ; Inapplicable ; Inapplicable ; Inapplicable ; Inapplicable ; Inapplicable ; Inapplicable ; Inapplicable ; Inapplicable ; Inapplicable ; Inapplicable ; Inapplicable ; Inapplicable ;
; a[118]             ; Inapplicable ; Inapplicable ; Inapplicable ; Inapplicable ; Inapplicable ; Pass      ; Inapplicable ; Inapplicable ; Pass      ; Pass      ; Inapplicable ; Inapplicable ; Inapplicable ; Inapplicable ; Inapplicable ; Inapplicable ; Inapplicable ; Inapplicable ; Inapplicable ; Inapplicable ; Inapplicable ; Inapplicable ; Inapplicable ; Inapplicable ; Inapplicable ; Inapplicable ; Inapplicable ; Inapplicable ;
; a[119]             ; Inapplicable ; Inapplicable ; Inapplicable ; Inapplicable ; Inapplicable ; Pass      ; Inapplicable ; Inapplicable ; Pass      ; Pass      ; Inapplicable ; Inapplicable ; Inapplicable ; Inapplicable ; Inapplicable ; Inapplicable ; Inapplicable ; Inapplicable ; Inapplicable ; Inapplicable ; Inapplicable ; Inapplicable ; Inapplicable ; Inapplicable ; Inapplicable ; Inapplicable ; Inapplicable ; Inapplicable ;
; a[120]             ; Inapplicable ; Inapplicable ; Inapplicable ; Inapplicable ; Inapplicable ; Pass      ; Inapplicable ; Inapplicable ; Pass      ; Pass      ; Inapplicable ; Inapplicable ; Inapplicable ; Inapplicable ; Inapplicable ; Inapplicable ; Inapplicable ; Inapplicable ; Inapplicable ; Inapplicable ; Inapplicable ; Inapplicable ; Inapplicable ; Inapplicable ; Inapplicable ; Inapplicable ; Inapplicable ; Inapplicable ;
; a[121]             ; Inapplicable ; Inapplicable ; Inapplicable ; Inapplicable ; Inapplicable ; Pass      ; Inapplicable ; Inapplicable ; Pass      ; Pass      ; Inapplicable ; Inapplicable ; Inapplicable ; Inapplicable ; Inapplicable ; Inapplicable ; Inapplicable ; Inapplicable ; Inapplicable ; Inapplicable ; Inapplicable ; Inapplicable ; Inapplicable ; Inapplicable ; Inapplicable ; Inapplicable ; Inapplicable ; Inapplicable ;
; a[122]             ; Inapplicable ; Inapplicable ; Inapplicable ; Inapplicable ; Inapplicable ; Pass      ; Inapplicable ; Inapplicable ; Pass      ; Pass      ; Inapplicable ; Inapplicable ; Inapplicable ; Inapplicable ; Inapplicable ; Inapplicable ; Inapplicable ; Inapplicable ; Inapplicable ; Inapplicable ; Inapplicable ; Inapplicable ; Inapplicable ; Inapplicable ; Inapplicable ; Inapplicable ; Inapplicable ; Inapplicable ;
; a[123]             ; Inapplicable ; Inapplicable ; Inapplicable ; Inapplicable ; Inapplicable ; Pass      ; Inapplicable ; Inapplicable ; Pass      ; Pass      ; Inapplicable ; Inapplicable ; Inapplicable ; Inapplicable ; Inapplicable ; Inapplicable ; Inapplicable ; Inapplicable ; Inapplicable ; Inapplicable ; Inapplicable ; Inapplicable ; Inapplicable ; Inapplicable ; Inapplicable ; Inapplicable ; Inapplicable ; Inapplicable ;
+--------------------+--------------+--------------+--------------+--------------+--------------+-----------+--------------+--------------+-----------+-----------+--------------+--------------+--------------+--------------+--------------+--------------+--------------+--------------+--------------+--------------+--------------+--------------+--------------+--------------+--------------+--------------+--------------+--------------+


+------------------------------------------------------------------------------------------------+
; Fitter Device Options                                                                          ;
+------------------------------------------------------------------+-----------------------------+
; Option                                                           ; Setting                     ;
+------------------------------------------------------------------+-----------------------------+
; Enable user-supplied start-up clock (CLKUSR)                     ; Off                         ;
; Enable device-wide reset (DEV_CLRn)                              ; Off                         ;
; Enable device-wide output enable (DEV_OE)                        ; Off                         ;
; Enable INIT_DONE output                                          ; Off                         ;
; Configuration scheme                                             ; Passive Serial              ;
; Enable Error Detection CRC_ERROR pin                             ; Off                         ;
; Enable CvP_CONFDONE pin                                          ; Off                         ;
; Enable open drain on CRC_ERROR pin                               ; On                          ;
; Enable open drain on CvP_CONFDONE pin                            ; On                          ;
; Enable open drain on INIT_DONE pin                               ; On                          ;
; Enable open drain on Partial Reconfiguration pins                ; Off                         ;
; Enable open drain on nCEO pin                                    ; On                          ;
; Enable Partial Reconfiguration pins                              ; Off                         ;
; Enable input tri-state on active configuration pins in user mode ; Off                         ;
; Enable internal scrubbing                                        ; Off                         ;
; Active Serial clock source                                       ; 100 MHz Internal Oscillator ;
; Device initialization clock source                               ; Internal Oscillator         ;
; Configuration via Protocol                                       ; Off                         ;
; Configuration Voltage Level                                      ; Auto                        ;
; Force Configuration Voltage Level                                ; Off                         ;
; Enable nCEO output                                               ; Off                         ;
; Data[7..1]                                                       ; Unreserved                  ;
; Data[0]                                                          ; As input tri-stated         ;
; Data[31..16]                                                     ; Unreserved                  ;
; Data[15..8]                                                      ; Unreserved                  ;
; Base pin-out file on sameframe device                            ; Off                         ;
+------------------------------------------------------------------+-----------------------------+


+------------------------------------+
; Operating Settings and Conditions  ;
+---------------------------+--------+
; Setting                   ; Value  ;
+---------------------------+--------+
; Nominal Core Voltage      ; 0.90 V ;
; Low Junction Temperature  ; -40 °C ;
; High Junction Temperature ; 100 °C ;
+---------------------------+--------+


+-----------------+
; Fitter Messages ;
+-----------------+
Info (20030): Parallel compilation is enabled and will use 4 of the 4 processors detected
Info (119006): Selected device 5SGXEABN3F45I3YY for design "Golden_TOP"
Info (21077): Low junction temperature is -40 degrees C
Info (21077): High junction temperature is 100 degrees C
Info (171003): Fitter is performing an Auto Fit compilation, which may decrease Fitter effort to reduce compilation time
Info (169124): Fitter converted 1 user pins into dedicated programming pins
    Info (169125): Pin ~ALTERA_DATA0~ is reserved at location BB38
Warning (15714): Some pins have incomplete I/O assignments. Refer to the I/O Assignment Warnings report for details
Critical Warning (169085): No exact pin location assignment(s) for 194 pins of 194 total pins. For the list of pins please refer to the I/O Assignment Warnings table in the fitter report.
Info (184020): Starting Fitter periphery placement operations
Info (11191): Automatically promoted 1 clock (1 global)
    Info (11162): CLK~inputCLKENA0 with 64 fanout uses global clock CLKCTRL_G4
Info (184021): Fitter periphery placement operations ending: elapsed time is 00:00:01
Info (176233): Starting register packing
Info (332104): Reading SDC File: 'Golden_TOP.sdc'
Warning (332174): Ignored filter at Golden_TOP.sdc(10): OSC_MAIN could not be matched with a port File: C:/new_fpga/QAOAHP/main/Base/Simulators/FPGA/NTU_FPGA2/Golden_TOP.sdc Line: 10
Warning (332049): Ignored create_clock at Golden_TOP.sdc(10): Argument <targets> is an empty collection File: C:/new_fpga/QAOAHP/main/Base/Simulators/FPGA/NTU_FPGA2/Golden_TOP.sdc Line: 10
    Info (332050): create_clock -period 20.000ns  [get_ports OSC_MAIN] File: C:/new_fpga/QAOAHP/main/Base/Simulators/FPGA/NTU_FPGA2/Golden_TOP.sdc Line: 10
Warning (332174): Ignored filter at Golden_TOP.sdc(11): OSC_50_B4A could not be matched with a port File: C:/new_fpga/QAOAHP/main/Base/Simulators/FPGA/NTU_FPGA2/Golden_TOP.sdc Line: 11
Warning (332049): Ignored create_clock at Golden_TOP.sdc(11): Argument <targets> is an empty collection File: C:/new_fpga/QAOAHP/main/Base/Simulators/FPGA/NTU_FPGA2/Golden_TOP.sdc Line: 11
    Info (332050): create_clock -period 20.000ns [get_ports OSC_50_B4A] File: C:/new_fpga/QAOAHP/main/Base/Simulators/FPGA/NTU_FPGA2/Golden_TOP.sdc Line: 11
Warning (332174): Ignored filter at Golden_TOP.sdc(12): OSC_50_B4D could not be matched with a port File: C:/new_fpga/QAOAHP/main/Base/Simulators/FPGA/NTU_FPGA2/Golden_TOP.sdc Line: 12
Warning (332049): Ignored create_clock at Golden_TOP.sdc(12): Argument <targets> is an empty collection File: C:/new_fpga/QAOAHP/main/Base/Simulators/FPGA/NTU_FPGA2/Golden_TOP.sdc Line: 12
    Info (332050): create_clock -period 20.000ns [get_ports OSC_50_B4D] File: C:/new_fpga/QAOAHP/main/Base/Simulators/FPGA/NTU_FPGA2/Golden_TOP.sdc Line: 12
Warning (332174): Ignored filter at Golden_TOP.sdc(13): OSC_50_B7A could not be matched with a port File: C:/new_fpga/QAOAHP/main/Base/Simulators/FPGA/NTU_FPGA2/Golden_TOP.sdc Line: 13
Warning (332049): Ignored create_clock at Golden_TOP.sdc(13): Argument <targets> is an empty collection File: C:/new_fpga/QAOAHP/main/Base/Simulators/FPGA/NTU_FPGA2/Golden_TOP.sdc Line: 13
    Info (332050): create_clock -period 20.000ns [get_ports OSC_50_B7A] File: C:/new_fpga/QAOAHP/main/Base/Simulators/FPGA/NTU_FPGA2/Golden_TOP.sdc Line: 13
Warning (332174): Ignored filter at Golden_TOP.sdc(14): OSC_50_B7D could not be matched with a port File: C:/new_fpga/QAOAHP/main/Base/Simulators/FPGA/NTU_FPGA2/Golden_TOP.sdc Line: 14
Warning (332049): Ignored create_clock at Golden_TOP.sdc(14): Argument <targets> is an empty collection File: C:/new_fpga/QAOAHP/main/Base/Simulators/FPGA/NTU_FPGA2/Golden_TOP.sdc Line: 14
    Info (332050): create_clock -period 20.000ns [get_ports OSC_50_B7D] File: C:/new_fpga/QAOAHP/main/Base/Simulators/FPGA/NTU_FPGA2/Golden_TOP.sdc Line: 14
Warning (332174): Ignored filter at Golden_TOP.sdc(15): OSC_50_B8A could not be matched with a port File: C:/new_fpga/QAOAHP/main/Base/Simulators/FPGA/NTU_FPGA2/Golden_TOP.sdc Line: 15
Warning (332049): Ignored create_clock at Golden_TOP.sdc(15): Argument <targets> is an empty collection File: C:/new_fpga/QAOAHP/main/Base/Simulators/FPGA/NTU_FPGA2/Golden_TOP.sdc Line: 15
    Info (332050): create_clock -period 20.000ns [get_ports OSC_50_B8A] File: C:/new_fpga/QAOAHP/main/Base/Simulators/FPGA/NTU_FPGA2/Golden_TOP.sdc Line: 15
Warning (332174): Ignored filter at Golden_TOP.sdc(16): OSC_50_B8D could not be matched with a port File: C:/new_fpga/QAOAHP/main/Base/Simulators/FPGA/NTU_FPGA2/Golden_TOP.sdc Line: 16
Warning (332049): Ignored create_clock at Golden_TOP.sdc(16): Argument <targets> is an empty collection File: C:/new_fpga/QAOAHP/main/Base/Simulators/FPGA/NTU_FPGA2/Golden_TOP.sdc Line: 16
    Info (332050): create_clock -period 20.000ns [get_ports OSC_50_B8D] File: C:/new_fpga/QAOAHP/main/Base/Simulators/FPGA/NTU_FPGA2/Golden_TOP.sdc Line: 16
Info (332151): Clock uncertainty is not calculated until you update the timing netlist.
Info (332144): No user constrained base clocks found in the design
Info (332123): Deriving Clock Uncertainty. Please refer to report_sdc in the Timing Analyzer to see clock uncertainties.
Info (332130): Timing requirements not specified -- quality metrics such as performance may be sacrificed to reduce compilation time.
Info (176235): Finished register packing
    Extra Info (176219): No registers were packed into other blocks
Info (128000): Starting physical synthesis optimizations for speed
Info (128002): Starting physical synthesis algorithm register retiming
Info (128003): Physical synthesis algorithm register retiming complete: estimated slack improvement of 0 ps
Info (128002): Starting physical synthesis algorithm combinational resynthesis using boolean division
Info (128003): Physical synthesis algorithm combinational resynthesis using boolean division complete: estimated slack improvement of 0 ps
Info (128002): Starting physical synthesis algorithm register retiming
Info (128003): Physical synthesis algorithm register retiming complete: estimated slack improvement of 0 ps
Info (128002): Starting physical synthesis algorithm combinational resynthesis using boolean division
Info (128003): Physical synthesis algorithm combinational resynthesis using boolean division complete: estimated slack improvement of 0 ps
Info (128001): Physical synthesis optimizations for speed complete: elapsed time is 00:00:01
Info (176233): Starting register packing
Info (176235): Finished register packing
    Extra Info (176219): No registers were packed into other blocks
Warning (15705): Ignored locations or region assignments to the following nodes
    Warning (15706): Node "BUTTON[0]" is assigned to location or region, but does not exist in design
    Warning (15706): Node "BUTTON[1]" is assigned to location or region, but does not exist in design
    Warning (15706): Node "BUTTON[2]" is assigned to location or region, but does not exist in design
    Warning (15706): Node "BUTTON[3]" is assigned to location or region, but does not exist in design
    Warning (15706): Node "CLOCK_SCL" is assigned to location or region, but does not exist in design
    Warning (15706): Node "CLOCK_SDA" is assigned to location or region, but does not exist in design
    Warning (15706): Node "CPU_RESET_n" is assigned to location or region, but does not exist in design
    Warning (15706): Node "DDR3_A[0]" is assigned to location or region, but does not exist in design
    Warning (15706): Node "DDR3_A[10]" is assigned to location or region, but does not exist in design
    Warning (15706): Node "DDR3_A[11]" is assigned to location or region, but does not exist in design
    Warning (15706): Node "DDR3_A[12]" is assigned to location or region, but does not exist in design
    Warning (15706): Node "DDR3_A[13]" is assigned to location or region, but does not exist in design
    Warning (15706): Node "DDR3_A[14]" is assigned to location or region, but does not exist in design
    Warning (15706): Node "DDR3_A[15]" is assigned to location or region, but does not exist in design
    Warning (15706): Node "DDR3_A[1]" is assigned to location or region, but does not exist in design
    Warning (15706): Node "DDR3_A[2]" is assigned to location or region, but does not exist in design
    Warning (15706): Node "DDR3_A[3]" is assigned to location or region, but does not exist in design
    Warning (15706): Node "DDR3_A[4]" is assigned to location or region, but does not exist in design
    Warning (15706): Node "DDR3_A[5]" is assigned to location or region, but does not exist in design
    Warning (15706): Node "DDR3_A[6]" is assigned to location or region, but does not exist in design
    Warning (15706): Node "DDR3_A[7]" is assigned to location or region, but does not exist in design
    Warning (15706): Node "DDR3_A[8]" is assigned to location or region, but does not exist in design
    Warning (15706): Node "DDR3_A[9]" is assigned to location or region, but does not exist in design
    Warning (15706): Node "DDR3_BA[0]" is assigned to location or region, but does not exist in design
    Warning (15706): Node "DDR3_BA[1]" is assigned to location or region, but does not exist in design
    Warning (15706): Node "DDR3_BA[2]" is assigned to location or region, but does not exist in design
    Warning (15706): Node "DDR3_CAS_n" is assigned to location or region, but does not exist in design
    Warning (15706): Node "DDR3_CKE[0]" is assigned to location or region, but does not exist in design
    Warning (15706): Node "DDR3_CKE[1]" is assigned to location or region, but does not exist in design
    Warning (15706): Node "DDR3_CK[0]" is assigned to location or region, but does not exist in design
    Warning (15706): Node "DDR3_CK[1]" is assigned to location or region, but does not exist in design
    Warning (15706): Node "DDR3_CK_n[0]" is assigned to location or region, but does not exist in design
    Warning (15706): Node "DDR3_CK_n[1]" is assigned to location or region, but does not exist in design
    Warning (15706): Node "DDR3_CS_n[0]" is assigned to location or region, but does not exist in design
    Warning (15706): Node "DDR3_CS_n[1]" is assigned to location or region, but does not exist in design
    Warning (15706): Node "DDR3_DM[0]" is assigned to location or region, but does not exist in design
    Warning (15706): Node "DDR3_DM[1]" is assigned to location or region, but does not exist in design
    Warning (15706): Node "DDR3_DM[2]" is assigned to location or region, but does not exist in design
    Warning (15706): Node "DDR3_DM[3]" is assigned to location or region, but does not exist in design
    Warning (15706): Node "DDR3_DM[4]" is assigned to location or region, but does not exist in design
    Warning (15706): Node "DDR3_DM[5]" is assigned to location or region, but does not exist in design
    Warning (15706): Node "DDR3_DM[6]" is assigned to location or region, but does not exist in design
    Warning (15706): Node "DDR3_DM[7]" is assigned to location or region, but does not exist in design
    Warning (15706): Node "DDR3_DQS[0]" is assigned to location or region, but does not exist in design
    Warning (15706): Node "DDR3_DQS[1]" is assigned to location or region, but does not exist in design
    Warning (15706): Node "DDR3_DQS[2]" is assigned to location or region, but does not exist in design
    Warning (15706): Node "DDR3_DQS[3]" is assigned to location or region, but does not exist in design
    Warning (15706): Node "DDR3_DQS[4]" is assigned to location or region, but does not exist in design
    Warning (15706): Node "DDR3_DQS[5]" is assigned to location or region, but does not exist in design
    Warning (15706): Node "DDR3_DQS[6]" is assigned to location or region, but does not exist in design
    Warning (15706): Node "DDR3_DQS[7]" is assigned to location or region, but does not exist in design
    Warning (15706): Node "DDR3_DQS_n[0]" is assigned to location or region, but does not exist in design
    Warning (15706): Node "DDR3_DQS_n[1]" is assigned to location or region, but does not exist in design
    Warning (15706): Node "DDR3_DQS_n[2]" is assigned to location or region, but does not exist in design
    Warning (15706): Node "DDR3_DQS_n[3]" is assigned to location or region, but does not exist in design
    Warning (15706): Node "DDR3_DQS_n[4]" is assigned to location or region, but does not exist in design
    Warning (15706): Node "DDR3_DQS_n[5]" is assigned to location or region, but does not exist in design
    Warning (15706): Node "DDR3_DQS_n[6]" is assigned to location or region, but does not exist in design
    Warning (15706): Node "DDR3_DQS_n[7]" is assigned to location or region, but does not exist in design
    Warning (15706): Node "DDR3_DQ[0]" is assigned to location or region, but does not exist in design
    Warning (15706): Node "DDR3_DQ[10]" is assigned to location or region, but does not exist in design
    Warning (15706): Node "DDR3_DQ[11]" is assigned to location or region, but does not exist in design
    Warning (15706): Node "DDR3_DQ[12]" is assigned to location or region, but does not exist in design
    Warning (15706): Node "DDR3_DQ[13]" is assigned to location or region, but does not exist in design
    Warning (15706): Node "DDR3_DQ[14]" is assigned to location or region, but does not exist in design
    Warning (15706): Node "DDR3_DQ[15]" is assigned to location or region, but does not exist in design
    Warning (15706): Node "DDR3_DQ[16]" is assigned to location or region, but does not exist in design
    Warning (15706): Node "DDR3_DQ[17]" is assigned to location or region, but does not exist in design
    Warning (15706): Node "DDR3_DQ[18]" is assigned to location or region, but does not exist in design
    Warning (15706): Node "DDR3_DQ[19]" is assigned to location or region, but does not exist in design
    Warning (15706): Node "DDR3_DQ[1]" is assigned to location or region, but does not exist in design
    Warning (15706): Node "DDR3_DQ[20]" is assigned to location or region, but does not exist in design
    Warning (15706): Node "DDR3_DQ[21]" is assigned to location or region, but does not exist in design
    Warning (15706): Node "DDR3_DQ[22]" is assigned to location or region, but does not exist in design
    Warning (15706): Node "DDR3_DQ[23]" is assigned to location or region, but does not exist in design
    Warning (15706): Node "DDR3_DQ[24]" is assigned to location or region, but does not exist in design
    Warning (15706): Node "DDR3_DQ[25]" is assigned to location or region, but does not exist in design
    Warning (15706): Node "DDR3_DQ[26]" is assigned to location or region, but does not exist in design
    Warning (15706): Node "DDR3_DQ[27]" is assigned to location or region, but does not exist in design
    Warning (15706): Node "DDR3_DQ[28]" is assigned to location or region, but does not exist in design
    Warning (15706): Node "DDR3_DQ[29]" is assigned to location or region, but does not exist in design
    Warning (15706): Node "DDR3_DQ[2]" is assigned to location or region, but does not exist in design
    Warning (15706): Node "DDR3_DQ[30]" is assigned to location or region, but does not exist in design
    Warning (15706): Node "DDR3_DQ[31]" is assigned to location or region, but does not exist in design
    Warning (15706): Node "DDR3_DQ[32]" is assigned to location or region, but does not exist in design
    Warning (15706): Node "DDR3_DQ[33]" is assigned to location or region, but does not exist in design
    Warning (15706): Node "DDR3_DQ[34]" is assigned to location or region, but does not exist in design
    Warning (15706): Node "DDR3_DQ[35]" is assigned to location or region, but does not exist in design
    Warning (15706): Node "DDR3_DQ[36]" is assigned to location or region, but does not exist in design
    Warning (15706): Node "DDR3_DQ[37]" is assigned to location or region, but does not exist in design
    Warning (15706): Node "DDR3_DQ[38]" is assigned to location or region, but does not exist in design
    Warning (15706): Node "DDR3_DQ[39]" is assigned to location or region, but does not exist in design
    Warning (15706): Node "DDR3_DQ[3]" is assigned to location or region, but does not exist in design
    Warning (15706): Node "DDR3_DQ[40]" is assigned to location or region, but does not exist in design
    Warning (15706): Node "DDR3_DQ[41]" is assigned to location or region, but does not exist in design
    Warning (15706): Node "DDR3_DQ[42]" is assigned to location or region, but does not exist in design
    Warning (15706): Node "DDR3_DQ[43]" is assigned to location or region, but does not exist in design
    Warning (15706): Node "DDR3_DQ[44]" is assigned to location or region, but does not exist in design
    Warning (15706): Node "DDR3_DQ[45]" is assigned to location or region, but does not exist in design
    Warning (15706): Node "DDR3_DQ[46]" is assigned to location or region, but does not exist in design
    Warning (15706): Node "DDR3_DQ[47]" is assigned to location or region, but does not exist in design
    Warning (15706): Node "DDR3_DQ[48]" is assigned to location or region, but does not exist in design
    Warning (15706): Node "DDR3_DQ[49]" is assigned to location or region, but does not exist in design
    Warning (15706): Node "DDR3_DQ[4]" is assigned to location or region, but does not exist in design
    Warning (15706): Node "DDR3_DQ[50]" is assigned to location or region, but does not exist in design
    Warning (15706): Node "DDR3_DQ[51]" is assigned to location or region, but does not exist in design
    Warning (15706): Node "DDR3_DQ[52]" is assigned to location or region, but does not exist in design
    Warning (15706): Node "DDR3_DQ[53]" is assigned to location or region, but does not exist in design
    Warning (15706): Node "DDR3_DQ[54]" is assigned to location or region, but does not exist in design
    Warning (15706): Node "DDR3_DQ[55]" is assigned to location or region, but does not exist in design
    Warning (15706): Node "DDR3_DQ[56]" is assigned to location or region, but does not exist in design
    Warning (15706): Node "DDR3_DQ[57]" is assigned to location or region, but does not exist in design
    Warning (15706): Node "DDR3_DQ[58]" is assigned to location or region, but does not exist in design
    Warning (15706): Node "DDR3_DQ[59]" is assigned to location or region, but does not exist in design
    Warning (15706): Node "DDR3_DQ[5]" is assigned to location or region, but does not exist in design
    Warning (15706): Node "DDR3_DQ[60]" is assigned to location or region, but does not exist in design
    Warning (15706): Node "DDR3_DQ[61]" is assigned to location or region, but does not exist in design
    Warning (15706): Node "DDR3_DQ[62]" is assigned to location or region, but does not exist in design
    Warning (15706): Node "DDR3_DQ[63]" is assigned to location or region, but does not exist in design
    Warning (15706): Node "DDR3_DQ[6]" is assigned to location or region, but does not exist in design
    Warning (15706): Node "DDR3_DQ[7]" is assigned to location or region, but does not exist in design
    Warning (15706): Node "DDR3_DQ[8]" is assigned to location or region, but does not exist in design
    Warning (15706): Node "DDR3_DQ[9]" is assigned to location or region, but does not exist in design
    Warning (15706): Node "DDR3_EVENT_n" is assigned to location or region, but does not exist in design
    Warning (15706): Node "DDR3_ODT[0]" is assigned to location or region, but does not exist in design
    Warning (15706): Node "DDR3_ODT[1]" is assigned to location or region, but does not exist in design
    Warning (15706): Node "DDR3_RAS_n" is assigned to location or region, but does not exist in design
    Warning (15706): Node "DDR3_REFCLK_p" is assigned to location or region, but does not exist in design
    Warning (15706): Node "DDR3_RESET_n" is assigned to location or region, but does not exist in design
    Warning (15706): Node "DDR3_SCL" is assigned to location or region, but does not exist in design
    Warning (15706): Node "DDR3_SDA" is assigned to location or region, but does not exist in design
    Warning (15706): Node "DDR3_WE_n" is assigned to location or region, but does not exist in design
    Warning (15706): Node "FAN_ALERT_n" is assigned to location or region, but does not exist in design
    Warning (15706): Node "FLASH_ADV_n" is assigned to location or region, but does not exist in design
    Warning (15706): Node "FLASH_CE_n" is assigned to location or region, but does not exist in design
    Warning (15706): Node "FLASH_CLK" is assigned to location or region, but does not exist in design
    Warning (15706): Node "FLASH_OE_n" is assigned to location or region, but does not exist in design
    Warning (15706): Node "FLASH_RDY_BSY_n" is assigned to location or region, but does not exist in design
    Warning (15706): Node "FLASH_RESET_n" is assigned to location or region, but does not exist in design
    Warning (15706): Node "FLASH_WE_n" is assigned to location or region, but does not exist in design
    Warning (15706): Node "FMCA_CLK_M2C_n[0]" is assigned to location or region, but does not exist in design
    Warning (15706): Node "FMCA_CLK_M2C_n[1]" is assigned to location or region, but does not exist in design
    Warning (15706): Node "FMCA_CLK_M2C_p[0]" is assigned to location or region, but does not exist in design
    Warning (15706): Node "FMCA_CLK_M2C_p[1]" is assigned to location or region, but does not exist in design
    Warning (15706): Node "FMCA_DP_C2M_p[0]" is assigned to location or region, but does not exist in design
    Warning (15706): Node "FMCA_DP_C2M_p[1]" is assigned to location or region, but does not exist in design
    Warning (15706): Node "FMCA_DP_C2M_p[2]" is assigned to location or region, but does not exist in design
    Warning (15706): Node "FMCA_DP_C2M_p[3]" is assigned to location or region, but does not exist in design
    Warning (15706): Node "FMCA_DP_C2M_p[4]" is assigned to location or region, but does not exist in design
    Warning (15706): Node "FMCA_DP_C2M_p[5]" is assigned to location or region, but does not exist in design
    Warning (15706): Node "FMCA_DP_C2M_p[6]" is assigned to location or region, but does not exist in design
    Warning (15706): Node "FMCA_DP_C2M_p[7]" is assigned to location or region, but does not exist in design
    Warning (15706): Node "FMCA_DP_C2M_p[8]" is assigned to location or region, but does not exist in design
    Warning (15706): Node "FMCA_DP_C2M_p[9]" is assigned to location or region, but does not exist in design
    Warning (15706): Node "FMCA_DP_M2C_p[0]" is assigned to location or region, but does not exist in design
    Warning (15706): Node "FMCA_DP_M2C_p[1]" is assigned to location or region, but does not exist in design
    Warning (15706): Node "FMCA_DP_M2C_p[2]" is assigned to location or region, but does not exist in design
    Warning (15706): Node "FMCA_DP_M2C_p[3]" is assigned to location or region, but does not exist in design
    Warning (15706): Node "FMCA_DP_M2C_p[4]" is assigned to location or region, but does not exist in design
    Warning (15706): Node "FMCA_DP_M2C_p[5]" is assigned to location or region, but does not exist in design
    Warning (15706): Node "FMCA_DP_M2C_p[6]" is assigned to location or region, but does not exist in design
    Warning (15706): Node "FMCA_DP_M2C_p[7]" is assigned to location or region, but does not exist in design
    Warning (15706): Node "FMCA_DP_M2C_p[8]" is assigned to location or region, but does not exist in design
    Warning (15706): Node "FMCA_DP_M2C_p[9]" is assigned to location or region, but does not exist in design
    Warning (15706): Node "FMCA_GA[0]" is assigned to location or region, but does not exist in design
    Warning (15706): Node "FMCA_GA[1]" is assigned to location or region, but does not exist in design
    Warning (15706): Node "FMCA_GBTCLK_M2C_p[0]" is assigned to location or region, but does not exist in design
    Warning (15706): Node "FMCA_GBTCLK_M2C_p[1]" is assigned to location or region, but does not exist in design
    Warning (15706): Node "FMCA_HA_RX_CLK_n" is assigned to location or region, but does not exist in design
    Warning (15706): Node "FMCA_HA_RX_CLK_p" is assigned to location or region, but does not exist in design
    Warning (15706): Node "FMCA_HA_RX_n[0]" is assigned to location or region, but does not exist in design
    Warning (15706): Node "FMCA_HA_RX_n[10]" is assigned to location or region, but does not exist in design
    Warning (15706): Node "FMCA_HA_RX_n[1]" is assigned to location or region, but does not exist in design
    Warning (15706): Node "FMCA_HA_RX_n[2]" is assigned to location or region, but does not exist in design
    Warning (15706): Node "FMCA_HA_RX_n[3]" is assigned to location or region, but does not exist in design
    Warning (15706): Node "FMCA_HA_RX_n[4]" is assigned to location or region, but does not exist in design
    Warning (15706): Node "FMCA_HA_RX_n[5]" is assigned to location or region, but does not exist in design
    Warning (15706): Node "FMCA_HA_RX_n[6]" is assigned to location or region, but does not exist in design
    Warning (15706): Node "FMCA_HA_RX_n[7]" is assigned to location or region, but does not exist in design
    Warning (15706): Node "FMCA_HA_RX_n[8]" is assigned to location or region, but does not exist in design
    Warning (15706): Node "FMCA_HA_RX_n[9]" is assigned to location or region, but does not exist in design
    Warning (15706): Node "FMCA_HA_RX_p[0]" is assigned to location or region, but does not exist in design
    Warning (15706): Node "FMCA_HA_RX_p[10]" is assigned to location or region, but does not exist in design
    Warning (15706): Node "FMCA_HA_RX_p[1]" is assigned to location or region, but does not exist in design
    Warning (15706): Node "FMCA_HA_RX_p[2]" is assigned to location or region, but does not exist in design
    Warning (15706): Node "FMCA_HA_RX_p[3]" is assigned to location or region, but does not exist in design
    Warning (15706): Node "FMCA_HA_RX_p[4]" is assigned to location or region, but does not exist in design
    Warning (15706): Node "FMCA_HA_RX_p[5]" is assigned to location or region, but does not exist in design
    Warning (15706): Node "FMCA_HA_RX_p[6]" is assigned to location or region, but does not exist in design
    Warning (15706): Node "FMCA_HA_RX_p[7]" is assigned to location or region, but does not exist in design
    Warning (15706): Node "FMCA_HA_RX_p[8]" is assigned to location or region, but does not exist in design
    Warning (15706): Node "FMCA_HA_RX_p[9]" is assigned to location or region, but does not exist in design
    Warning (15706): Node "FMCA_HA_TX_CLK_n" is assigned to location or region, but does not exist in design
    Warning (15706): Node "FMCA_HA_TX_CLK_p" is assigned to location or region, but does not exist in design
    Warning (15706): Node "FMCA_HA_TX_n[0]" is assigned to location or region, but does not exist in design
    Warning (15706): Node "FMCA_HA_TX_n[10]" is assigned to location or region, but does not exist in design
    Warning (15706): Node "FMCA_HA_TX_n[1]" is assigned to location or region, but does not exist in design
    Warning (15706): Node "FMCA_HA_TX_n[2]" is assigned to location or region, but does not exist in design
    Warning (15706): Node "FMCA_HA_TX_n[3]" is assigned to location or region, but does not exist in design
    Warning (15706): Node "FMCA_HA_TX_n[4]" is assigned to location or region, but does not exist in design
    Warning (15706): Node "FMCA_HA_TX_n[5]" is assigned to location or region, but does not exist in design
    Warning (15706): Node "FMCA_HA_TX_n[6]" is assigned to location or region, but does not exist in design
    Warning (15706): Node "FMCA_HA_TX_n[7]" is assigned to location or region, but does not exist in design
    Warning (15706): Node "FMCA_HA_TX_n[8]" is assigned to location or region, but does not exist in design
    Warning (15706): Node "FMCA_HA_TX_n[9]" is assigned to location or region, but does not exist in design
    Warning (15706): Node "FMCA_HA_TX_p[0]" is assigned to location or region, but does not exist in design
    Warning (15706): Node "FMCA_HA_TX_p[10]" is assigned to location or region, but does not exist in design
    Warning (15706): Node "FMCA_HA_TX_p[1]" is assigned to location or region, but does not exist in design
    Warning (15706): Node "FMCA_HA_TX_p[2]" is assigned to location or region, but does not exist in design
    Warning (15706): Node "FMCA_HA_TX_p[3]" is assigned to location or region, but does not exist in design
    Warning (15706): Node "FMCA_HA_TX_p[4]" is assigned to location or region, but does not exist in design
    Warning (15706): Node "FMCA_HA_TX_p[5]" is assigned to location or region, but does not exist in design
    Warning (15706): Node "FMCA_HA_TX_p[6]" is assigned to location or region, but does not exist in design
    Warning (15706): Node "FMCA_HA_TX_p[7]" is assigned to location or region, but does not exist in design
    Warning (15706): Node "FMCA_HA_TX_p[8]" is assigned to location or region, but does not exist in design
    Warning (15706): Node "FMCA_HA_TX_p[9]" is assigned to location or region, but does not exist in design
    Warning (15706): Node "FMCA_HB_RX_CLK_n" is assigned to location or region, but does not exist in design
    Warning (15706): Node "FMCA_HB_RX_CLK_p" is assigned to location or region, but does not exist in design
    Warning (15706): Node "FMCA_HB_RX_n[0]" is assigned to location or region, but does not exist in design
    Warning (15706): Node "FMCA_HB_RX_n[10]" is assigned to location or region, but does not exist in design
    Warning (15706): Node "FMCA_HB_RX_n[1]" is assigned to location or region, but does not exist in design
    Warning (15706): Node "FMCA_HB_RX_n[2]" is assigned to location or region, but does not exist in design
    Warning (15706): Node "FMCA_HB_RX_n[3]" is assigned to location or region, but does not exist in design
    Warning (15706): Node "FMCA_HB_RX_n[4]" is assigned to location or region, but does not exist in design
    Warning (15706): Node "FMCA_HB_RX_n[5]" is assigned to location or region, but does not exist in design
    Warning (15706): Node "FMCA_HB_RX_n[6]" is assigned to location or region, but does not exist in design
    Warning (15706): Node "FMCA_HB_RX_n[7]" is assigned to location or region, but does not exist in design
    Warning (15706): Node "FMCA_HB_RX_n[8]" is assigned to location or region, but does not exist in design
    Warning (15706): Node "FMCA_HB_RX_n[9]" is assigned to location or region, but does not exist in design
    Warning (15706): Node "FMCA_HB_RX_p[0]" is assigned to location or region, but does not exist in design
    Warning (15706): Node "FMCA_HB_RX_p[10]" is assigned to location or region, but does not exist in design
    Warning (15706): Node "FMCA_HB_RX_p[1]" is assigned to location or region, but does not exist in design
    Warning (15706): Node "FMCA_HB_RX_p[2]" is assigned to location or region, but does not exist in design
    Warning (15706): Node "FMCA_HB_RX_p[3]" is assigned to location or region, but does not exist in design
    Warning (15706): Node "FMCA_HB_RX_p[4]" is assigned to location or region, but does not exist in design
    Warning (15706): Node "FMCA_HB_RX_p[5]" is assigned to location or region, but does not exist in design
    Warning (15706): Node "FMCA_HB_RX_p[6]" is assigned to location or region, but does not exist in design
    Warning (15706): Node "FMCA_HB_RX_p[7]" is assigned to location or region, but does not exist in design
    Warning (15706): Node "FMCA_HB_RX_p[8]" is assigned to location or region, but does not exist in design
    Warning (15706): Node "FMCA_HB_RX_p[9]" is assigned to location or region, but does not exist in design
    Warning (15706): Node "FMCA_HB_TX_CLK_n" is assigned to location or region, but does not exist in design
    Warning (15706): Node "FMCA_HB_TX_CLK_p" is assigned to location or region, but does not exist in design
    Warning (15706): Node "FMCA_HB_TX_n[0]" is assigned to location or region, but does not exist in design
    Warning (15706): Node "FMCA_HB_TX_n[10]" is assigned to location or region, but does not exist in design
    Warning (15706): Node "FMCA_HB_TX_n[1]" is assigned to location or region, but does not exist in design
    Warning (15706): Node "FMCA_HB_TX_n[2]" is assigned to location or region, but does not exist in design
    Warning (15706): Node "FMCA_HB_TX_n[3]" is assigned to location or region, but does not exist in design
    Warning (15706): Node "FMCA_HB_TX_n[4]" is assigned to location or region, but does not exist in design
    Warning (15706): Node "FMCA_HB_TX_n[5]" is assigned to location or region, but does not exist in design
    Warning (15706): Node "FMCA_HB_TX_n[6]" is assigned to location or region, but does not exist in design
    Warning (15706): Node "FMCA_HB_TX_n[7]" is assigned to location or region, but does not exist in design
    Warning (15706): Node "FMCA_HB_TX_n[8]" is assigned to location or region, but does not exist in design
    Warning (15706): Node "FMCA_HB_TX_n[9]" is assigned to location or region, but does not exist in design
    Warning (15706): Node "FMCA_HB_TX_p[0]" is assigned to location or region, but does not exist in design
    Warning (15706): Node "FMCA_HB_TX_p[10]" is assigned to location or region, but does not exist in design
    Warning (15706): Node "FMCA_HB_TX_p[1]" is assigned to location or region, but does not exist in design
    Warning (15706): Node "FMCA_HB_TX_p[2]" is assigned to location or region, but does not exist in design
    Warning (15706): Node "FMCA_HB_TX_p[3]" is assigned to location or region, but does not exist in design
    Warning (15706): Node "FMCA_HB_TX_p[4]" is assigned to location or region, but does not exist in design
    Warning (15706): Node "FMCA_HB_TX_p[5]" is assigned to location or region, but does not exist in design
    Warning (15706): Node "FMCA_HB_TX_p[6]" is assigned to location or region, but does not exist in design
    Warning (15706): Node "FMCA_HB_TX_p[7]" is assigned to location or region, but does not exist in design
    Warning (15706): Node "FMCA_HB_TX_p[8]" is assigned to location or region, but does not exist in design
    Warning (15706): Node "FMCA_HB_TX_p[9]" is assigned to location or region, but does not exist in design
    Warning (15706): Node "FMCA_LA_RX_CLK_n" is assigned to location or region, but does not exist in design
    Warning (15706): Node "FMCA_LA_RX_CLK_p" is assigned to location or region, but does not exist in design
    Warning (15706): Node "FMCA_LA_RX_n[0]" is assigned to location or region, but does not exist in design
    Warning (15706): Node "FMCA_LA_RX_n[10]" is assigned to location or region, but does not exist in design
    Warning (15706): Node "FMCA_LA_RX_n[11]" is assigned to location or region, but does not exist in design
    Warning (15706): Node "FMCA_LA_RX_n[12]" is assigned to location or region, but does not exist in design
    Warning (15706): Node "FMCA_LA_RX_n[13]" is assigned to location or region, but does not exist in design
    Warning (15706): Node "FMCA_LA_RX_n[14]" is assigned to location or region, but does not exist in design
    Warning (15706): Node "FMCA_LA_RX_n[1]" is assigned to location or region, but does not exist in design
    Warning (15706): Node "FMCA_LA_RX_n[2]" is assigned to location or region, but does not exist in design
    Warning (15706): Node "FMCA_LA_RX_n[3]" is assigned to location or region, but does not exist in design
    Warning (15706): Node "FMCA_LA_RX_n[4]" is assigned to location or region, but does not exist in design
    Warning (15706): Node "FMCA_LA_RX_n[5]" is assigned to location or region, but does not exist in design
    Warning (15706): Node "FMCA_LA_RX_n[6]" is assigned to location or region, but does not exist in design
    Warning (15706): Node "FMCA_LA_RX_n[7]" is assigned to location or region, but does not exist in design
    Warning (15706): Node "FMCA_LA_RX_n[8]" is assigned to location or region, but does not exist in design
    Warning (15706): Node "FMCA_LA_RX_n[9]" is assigned to location or region, but does not exist in design
    Warning (15706): Node "FMCA_LA_RX_p[0]" is assigned to location or region, but does not exist in design
    Warning (15706): Node "FMCA_LA_RX_p[10]" is assigned to location or region, but does not exist in design
    Warning (15706): Node "FMCA_LA_RX_p[11]" is assigned to location or region, but does not exist in design
    Warning (15706): Node "FMCA_LA_RX_p[12]" is assigned to location or region, but does not exist in design
    Warning (15706): Node "FMCA_LA_RX_p[13]" is assigned to location or region, but does not exist in design
    Warning (15706): Node "FMCA_LA_RX_p[14]" is assigned to location or region, but does not exist in design
    Warning (15706): Node "FMCA_LA_RX_p[1]" is assigned to location or region, but does not exist in design
    Warning (15706): Node "FMCA_LA_RX_p[2]" is assigned to location or region, but does not exist in design
    Warning (15706): Node "FMCA_LA_RX_p[3]" is assigned to location or region, but does not exist in design
    Warning (15706): Node "FMCA_LA_RX_p[4]" is assigned to location or region, but does not exist in design
    Warning (15706): Node "FMCA_LA_RX_p[5]" is assigned to location or region, but does not exist in design
    Warning (15706): Node "FMCA_LA_RX_p[6]" is assigned to location or region, but does not exist in design
    Warning (15706): Node "FMCA_LA_RX_p[7]" is assigned to location or region, but does not exist in design
    Warning (15706): Node "FMCA_LA_RX_p[8]" is assigned to location or region, but does not exist in design
    Warning (15706): Node "FMCA_LA_RX_p[9]" is assigned to location or region, but does not exist in design
    Warning (15706): Node "FMCA_LA_TX_CLK_n" is assigned to location or region, but does not exist in design
    Warning (15706): Node "FMCA_LA_TX_CLK_p" is assigned to location or region, but does not exist in design
    Warning (15706): Node "FMCA_LA_TX_n[0]" is assigned to location or region, but does not exist in design
    Warning (15706): Node "FMCA_LA_TX_n[10]" is assigned to location or region, but does not exist in design
    Warning (15706): Node "FMCA_LA_TX_n[11]" is assigned to location or region, but does not exist in design
    Warning (15706): Node "FMCA_LA_TX_n[12]" is assigned to location or region, but does not exist in design
    Warning (15706): Node "FMCA_LA_TX_n[13]" is assigned to location or region, but does not exist in design
    Warning (15706): Node "FMCA_LA_TX_n[14]" is assigned to location or region, but does not exist in design
    Warning (15706): Node "FMCA_LA_TX_n[15]" is assigned to location or region, but does not exist in design
    Warning (15706): Node "FMCA_LA_TX_n[16]" is assigned to location or region, but does not exist in design
    Warning (15706): Node "FMCA_LA_TX_n[1]" is assigned to location or region, but does not exist in design
    Warning (15706): Node "FMCA_LA_TX_n[2]" is assigned to location or region, but does not exist in design
    Warning (15706): Node "FMCA_LA_TX_n[3]" is assigned to location or region, but does not exist in design
    Warning (15706): Node "FMCA_LA_TX_n[4]" is assigned to location or region, but does not exist in design
    Warning (15706): Node "FMCA_LA_TX_n[5]" is assigned to location or region, but does not exist in design
    Warning (15706): Node "FMCA_LA_TX_n[6]" is assigned to location or region, but does not exist in design
    Warning (15706): Node "FMCA_LA_TX_n[7]" is assigned to location or region, but does not exist in design
    Warning (15706): Node "FMCA_LA_TX_n[8]" is assigned to location or region, but does not exist in design
    Warning (15706): Node "FMCA_LA_TX_n[9]" is assigned to location or region, but does not exist in design
    Warning (15706): Node "FMCA_LA_TX_p[0]" is assigned to location or region, but does not exist in design
    Warning (15706): Node "FMCA_LA_TX_p[10]" is assigned to location or region, but does not exist in design
    Warning (15706): Node "FMCA_LA_TX_p[11]" is assigned to location or region, but does not exist in design
    Warning (15706): Node "FMCA_LA_TX_p[12]" is assigned to location or region, but does not exist in design
    Warning (15706): Node "FMCA_LA_TX_p[13]" is assigned to location or region, but does not exist in design
    Warning (15706): Node "FMCA_LA_TX_p[14]" is assigned to location or region, but does not exist in design
    Warning (15706): Node "FMCA_LA_TX_p[15]" is assigned to location or region, but does not exist in design
    Warning (15706): Node "FMCA_LA_TX_p[16]" is assigned to location or region, but does not exist in design
    Warning (15706): Node "FMCA_LA_TX_p[1]" is assigned to location or region, but does not exist in design
    Warning (15706): Node "FMCA_LA_TX_p[2]" is assigned to location or region, but does not exist in design
    Warning (15706): Node "FMCA_LA_TX_p[3]" is assigned to location or region, but does not exist in design
    Warning (15706): Node "FMCA_LA_TX_p[4]" is assigned to location or region, but does not exist in design
    Warning (15706): Node "FMCA_LA_TX_p[5]" is assigned to location or region, but does not exist in design
    Warning (15706): Node "FMCA_LA_TX_p[6]" is assigned to location or region, but does not exist in design
    Warning (15706): Node "FMCA_LA_TX_p[7]" is assigned to location or region, but does not exist in design
    Warning (15706): Node "FMCA_LA_TX_p[8]" is assigned to location or region, but does not exist in design
    Warning (15706): Node "FMCA_LA_TX_p[9]" is assigned to location or region, but does not exist in design
    Warning (15706): Node "FMCA_ONBOARD_REFCLK_p[0]" is assigned to location or region, but does not exist in design
    Warning (15706): Node "FMCA_ONBOARD_REFCLK_p[1]" is assigned to location or region, but does not exist in design
    Warning (15706): Node "FMCA_SCL" is assigned to location or region, but does not exist in design
    Warning (15706): Node "FMCA_SDA" is assigned to location or region, but does not exist in design
    Warning (15706): Node "FMCB_CLK_M2C_n[0]" is assigned to location or region, but does not exist in design
    Warning (15706): Node "FMCB_CLK_M2C_n[1]" is assigned to location or region, but does not exist in design
    Warning (15706): Node "FMCB_CLK_M2C_p[0]" is assigned to location or region, but does not exist in design
    Warning (15706): Node "FMCB_CLK_M2C_p[1]" is assigned to location or region, but does not exist in design
    Warning (15706): Node "FMCB_DP_C2M_p[0]" is assigned to location or region, but does not exist in design
    Warning (15706): Node "FMCB_DP_M2C_p[0]" is assigned to location or region, but does not exist in design
    Warning (15706): Node "FMCB_GA[0]" is assigned to location or region, but does not exist in design
    Warning (15706): Node "FMCB_GA[1]" is assigned to location or region, but does not exist in design
    Warning (15706): Node "FMCB_GBTCLK_M2C_p[0]" is assigned to location or region, but does not exist in design
    Warning (15706): Node "FMCB_LA_RX_CLK_n" is assigned to location or region, but does not exist in design
    Warning (15706): Node "FMCB_LA_RX_CLK_p" is assigned to location or region, but does not exist in design
    Warning (15706): Node "FMCB_LA_RX_n[0]" is assigned to location or region, but does not exist in design
    Warning (15706): Node "FMCB_LA_RX_n[10]" is assigned to location or region, but does not exist in design
    Warning (15706): Node "FMCB_LA_RX_n[11]" is assigned to location or region, but does not exist in design
    Warning (15706): Node "FMCB_LA_RX_n[12]" is assigned to location or region, but does not exist in design
    Warning (15706): Node "FMCB_LA_RX_n[13]" is assigned to location or region, but does not exist in design
    Warning (15706): Node "FMCB_LA_RX_n[14]" is assigned to location or region, but does not exist in design
    Warning (15706): Node "FMCB_LA_RX_n[1]" is assigned to location or region, but does not exist in design
    Warning (15706): Node "FMCB_LA_RX_n[2]" is assigned to location or region, but does not exist in design
    Warning (15706): Node "FMCB_LA_RX_n[3]" is assigned to location or region, but does not exist in design
    Warning (15706): Node "FMCB_LA_RX_n[4]" is assigned to location or region, but does not exist in design
    Warning (15706): Node "FMCB_LA_RX_n[5]" is assigned to location or region, but does not exist in design
    Warning (15706): Node "FMCB_LA_RX_n[6]" is assigned to location or region, but does not exist in design
    Warning (15706): Node "FMCB_LA_RX_n[7]" is assigned to location or region, but does not exist in design
    Warning (15706): Node "FMCB_LA_RX_n[8]" is assigned to location or region, but does not exist in design
    Warning (15706): Node "FMCB_LA_RX_n[9]" is assigned to location or region, but does not exist in design
    Warning (15706): Node "FMCB_LA_RX_p[0]" is assigned to location or region, but does not exist in design
    Warning (15706): Node "FMCB_LA_RX_p[10]" is assigned to location or region, but does not exist in design
    Warning (15706): Node "FMCB_LA_RX_p[11]" is assigned to location or region, but does not exist in design
    Warning (15706): Node "FMCB_LA_RX_p[12]" is assigned to location or region, but does not exist in design
    Warning (15706): Node "FMCB_LA_RX_p[13]" is assigned to location or region, but does not exist in design
    Warning (15706): Node "FMCB_LA_RX_p[14]" is assigned to location or region, but does not exist in design
    Warning (15706): Node "FMCB_LA_RX_p[1]" is assigned to location or region, but does not exist in design
    Warning (15706): Node "FMCB_LA_RX_p[2]" is assigned to location or region, but does not exist in design
    Warning (15706): Node "FMCB_LA_RX_p[3]" is assigned to location or region, but does not exist in design
    Warning (15706): Node "FMCB_LA_RX_p[4]" is assigned to location or region, but does not exist in design
    Warning (15706): Node "FMCB_LA_RX_p[5]" is assigned to location or region, but does not exist in design
    Warning (15706): Node "FMCB_LA_RX_p[6]" is assigned to location or region, but does not exist in design
    Warning (15706): Node "FMCB_LA_RX_p[7]" is assigned to location or region, but does not exist in design
    Warning (15706): Node "FMCB_LA_RX_p[8]" is assigned to location or region, but does not exist in design
    Warning (15706): Node "FMCB_LA_RX_p[9]" is assigned to location or region, but does not exist in design
    Warning (15706): Node "FMCB_LA_TX_CLK_n" is assigned to location or region, but does not exist in design
    Warning (15706): Node "FMCB_LA_TX_CLK_p" is assigned to location or region, but does not exist in design
    Warning (15706): Node "FMCB_LA_TX_n[0]" is assigned to location or region, but does not exist in design
    Warning (15706): Node "FMCB_LA_TX_n[10]" is assigned to location or region, but does not exist in design
    Warning (15706): Node "FMCB_LA_TX_n[11]" is assigned to location or region, but does not exist in design
    Warning (15706): Node "FMCB_LA_TX_n[12]" is assigned to location or region, but does not exist in design
    Warning (15706): Node "FMCB_LA_TX_n[13]" is assigned to location or region, but does not exist in design
    Warning (15706): Node "FMCB_LA_TX_n[14]" is assigned to location or region, but does not exist in design
    Warning (15706): Node "FMCB_LA_TX_n[15]" is assigned to location or region, but does not exist in design
    Warning (15706): Node "FMCB_LA_TX_n[16]" is assigned to location or region, but does not exist in design
    Warning (15706): Node "FMCB_LA_TX_n[1]" is assigned to location or region, but does not exist in design
    Warning (15706): Node "FMCB_LA_TX_n[2]" is assigned to location or region, but does not exist in design
    Warning (15706): Node "FMCB_LA_TX_n[3]" is assigned to location or region, but does not exist in design
    Warning (15706): Node "FMCB_LA_TX_n[4]" is assigned to location or region, but does not exist in design
    Warning (15706): Node "FMCB_LA_TX_n[5]" is assigned to location or region, but does not exist in design
    Warning (15706): Node "FMCB_LA_TX_n[6]" is assigned to location or region, but does not exist in design
    Warning (15706): Node "FMCB_LA_TX_n[7]" is assigned to location or region, but does not exist in design
    Warning (15706): Node "FMCB_LA_TX_n[8]" is assigned to location or region, but does not exist in design
    Warning (15706): Node "FMCB_LA_TX_n[9]" is assigned to location or region, but does not exist in design
    Warning (15706): Node "FMCB_LA_TX_p[0]" is assigned to location or region, but does not exist in design
    Warning (15706): Node "FMCB_LA_TX_p[10]" is assigned to location or region, but does not exist in design
    Warning (15706): Node "FMCB_LA_TX_p[11]" is assigned to location or region, but does not exist in design
    Warning (15706): Node "FMCB_LA_TX_p[12]" is assigned to location or region, but does not exist in design
    Warning (15706): Node "FMCB_LA_TX_p[13]" is assigned to location or region, but does not exist in design
    Warning (15706): Node "FMCB_LA_TX_p[14]" is assigned to location or region, but does not exist in design
    Warning (15706): Node "FMCB_LA_TX_p[15]" is assigned to location or region, but does not exist in design
    Warning (15706): Node "FMCB_LA_TX_p[16]" is assigned to location or region, but does not exist in design
    Warning (15706): Node "FMCB_LA_TX_p[1]" is assigned to location or region, but does not exist in design
    Warning (15706): Node "FMCB_LA_TX_p[2]" is assigned to location or region, but does not exist in design
    Warning (15706): Node "FMCB_LA_TX_p[3]" is assigned to location or region, but does not exist in design
    Warning (15706): Node "FMCB_LA_TX_p[4]" is assigned to location or region, but does not exist in design
    Warning (15706): Node "FMCB_LA_TX_p[5]" is assigned to location or region, but does not exist in design
    Warning (15706): Node "FMCB_LA_TX_p[6]" is assigned to location or region, but does not exist in design
    Warning (15706): Node "FMCB_LA_TX_p[7]" is assigned to location or region, but does not exist in design
    Warning (15706): Node "FMCB_LA_TX_p[8]" is assigned to location or region, but does not exist in design
    Warning (15706): Node "FMCB_LA_TX_p[9]" is assigned to location or region, but does not exist in design
    Warning (15706): Node "FMCB_ONBOARD_REFCLK_p[0]" is assigned to location or region, but does not exist in design
    Warning (15706): Node "FMCB_SCL" is assigned to location or region, but does not exist in design
    Warning (15706): Node "FMCB_SDA" is assigned to location or region, but does not exist in design
    Warning (15706): Node "FMCC_CLK_M2C_n[0]" is assigned to location or region, but does not exist in design
    Warning (15706): Node "FMCC_CLK_M2C_n[1]" is assigned to location or region, but does not exist in design
    Warning (15706): Node "FMCC_CLK_M2C_p[0]" is assigned to location or region, but does not exist in design
    Warning (15706): Node "FMCC_CLK_M2C_p[1]" is assigned to location or region, but does not exist in design
    Warning (15706): Node "FMCC_DP_C2M_p[0]" is assigned to location or region, but does not exist in design
    Warning (15706): Node "FMCC_DP_M2C_p[0]" is assigned to location or region, but does not exist in design
    Warning (15706): Node "FMCC_GA[0]" is assigned to location or region, but does not exist in design
    Warning (15706): Node "FMCC_GA[1]" is assigned to location or region, but does not exist in design
    Warning (15706): Node "FMCC_GBTCLK_M2C_p[0]" is assigned to location or region, but does not exist in design
    Warning (15706): Node "FMCC_LA_RX_CLK_n" is assigned to location or region, but does not exist in design
    Warning (15706): Node "FMCC_LA_RX_CLK_p" is assigned to location or region, but does not exist in design
    Warning (15706): Node "FMCC_LA_RX_n[0]" is assigned to location or region, but does not exist in design
    Warning (15706): Node "FMCC_LA_RX_n[10]" is assigned to location or region, but does not exist in design
    Warning (15706): Node "FMCC_LA_RX_n[11]" is assigned to location or region, but does not exist in design
    Warning (15706): Node "FMCC_LA_RX_n[12]" is assigned to location or region, but does not exist in design
    Warning (15706): Node "FMCC_LA_RX_n[13]" is assigned to location or region, but does not exist in design
    Warning (15706): Node "FMCC_LA_RX_n[14]" is assigned to location or region, but does not exist in design
    Warning (15706): Node "FMCC_LA_RX_n[1]" is assigned to location or region, but does not exist in design
    Warning (15706): Node "FMCC_LA_RX_n[2]" is assigned to location or region, but does not exist in design
    Warning (15706): Node "FMCC_LA_RX_n[3]" is assigned to location or region, but does not exist in design
    Warning (15706): Node "FMCC_LA_RX_n[4]" is assigned to location or region, but does not exist in design
    Warning (15706): Node "FMCC_LA_RX_n[5]" is assigned to location or region, but does not exist in design
    Warning (15706): Node "FMCC_LA_RX_n[6]" is assigned to location or region, but does not exist in design
    Warning (15706): Node "FMCC_LA_RX_n[7]" is assigned to location or region, but does not exist in design
    Warning (15706): Node "FMCC_LA_RX_n[8]" is assigned to location or region, but does not exist in design
    Warning (15706): Node "FMCC_LA_RX_n[9]" is assigned to location or region, but does not exist in design
    Warning (15706): Node "FMCC_LA_RX_p[0]" is assigned to location or region, but does not exist in design
    Warning (15706): Node "FMCC_LA_RX_p[10]" is assigned to location or region, but does not exist in design
    Warning (15706): Node "FMCC_LA_RX_p[11]" is assigned to location or region, but does not exist in design
    Warning (15706): Node "FMCC_LA_RX_p[12]" is assigned to location or region, but does not exist in design
    Warning (15706): Node "FMCC_LA_RX_p[13]" is assigned to location or region, but does not exist in design
    Warning (15706): Node "FMCC_LA_RX_p[14]" is assigned to location or region, but does not exist in design
    Warning (15706): Node "FMCC_LA_RX_p[1]" is assigned to location or region, but does not exist in design
    Warning (15706): Node "FMCC_LA_RX_p[2]" is assigned to location or region, but does not exist in design
    Warning (15706): Node "FMCC_LA_RX_p[3]" is assigned to location or region, but does not exist in design
    Warning (15706): Node "FMCC_LA_RX_p[4]" is assigned to location or region, but does not exist in design
    Warning (15706): Node "FMCC_LA_RX_p[5]" is assigned to location or region, but does not exist in design
    Warning (15706): Node "FMCC_LA_RX_p[6]" is assigned to location or region, but does not exist in design
    Warning (15706): Node "FMCC_LA_RX_p[7]" is assigned to location or region, but does not exist in design
    Warning (15706): Node "FMCC_LA_RX_p[8]" is assigned to location or region, but does not exist in design
    Warning (15706): Node "FMCC_LA_RX_p[9]" is assigned to location or region, but does not exist in design
    Warning (15706): Node "FMCC_LA_TX_CLK_n" is assigned to location or region, but does not exist in design
    Warning (15706): Node "FMCC_LA_TX_CLK_p" is assigned to location or region, but does not exist in design
    Warning (15706): Node "FMCC_LA_TX_n[0]" is assigned to location or region, but does not exist in design
    Warning (15706): Node "FMCC_LA_TX_n[10]" is assigned to location or region, but does not exist in design
    Warning (15706): Node "FMCC_LA_TX_n[11]" is assigned to location or region, but does not exist in design
    Warning (15706): Node "FMCC_LA_TX_n[12]" is assigned to location or region, but does not exist in design
    Warning (15706): Node "FMCC_LA_TX_n[13]" is assigned to location or region, but does not exist in design
    Warning (15706): Node "FMCC_LA_TX_n[14]" is assigned to location or region, but does not exist in design
    Warning (15706): Node "FMCC_LA_TX_n[15]" is assigned to location or region, but does not exist in design
    Warning (15706): Node "FMCC_LA_TX_n[16]" is assigned to location or region, but does not exist in design
    Warning (15706): Node "FMCC_LA_TX_n[1]" is assigned to location or region, but does not exist in design
    Warning (15706): Node "FMCC_LA_TX_n[2]" is assigned to location or region, but does not exist in design
    Warning (15706): Node "FMCC_LA_TX_n[3]" is assigned to location or region, but does not exist in design
    Warning (15706): Node "FMCC_LA_TX_n[4]" is assigned to location or region, but does not exist in design
    Warning (15706): Node "FMCC_LA_TX_n[5]" is assigned to location or region, but does not exist in design
    Warning (15706): Node "FMCC_LA_TX_n[6]" is assigned to location or region, but does not exist in design
    Warning (15706): Node "FMCC_LA_TX_n[7]" is assigned to location or region, but does not exist in design
    Warning (15706): Node "FMCC_LA_TX_n[8]" is assigned to location or region, but does not exist in design
    Warning (15706): Node "FMCC_LA_TX_n[9]" is assigned to location or region, but does not exist in design
    Warning (15706): Node "FMCC_LA_TX_p[0]" is assigned to location or region, but does not exist in design
    Warning (15706): Node "FMCC_LA_TX_p[10]" is assigned to location or region, but does not exist in design
    Warning (15706): Node "FMCC_LA_TX_p[11]" is assigned to location or region, but does not exist in design
    Warning (15706): Node "FMCC_LA_TX_p[12]" is assigned to location or region, but does not exist in design
    Warning (15706): Node "FMCC_LA_TX_p[13]" is assigned to location or region, but does not exist in design
    Warning (15706): Node "FMCC_LA_TX_p[14]" is assigned to location or region, but does not exist in design
    Warning (15706): Node "FMCC_LA_TX_p[15]" is assigned to location or region, but does not exist in design
    Warning (15706): Node "FMCC_LA_TX_p[16]" is assigned to location or region, but does not exist in design
    Warning (15706): Node "FMCC_LA_TX_p[1]" is assigned to location or region, but does not exist in design
    Warning (15706): Node "FMCC_LA_TX_p[2]" is assigned to location or region, but does not exist in design
    Warning (15706): Node "FMCC_LA_TX_p[3]" is assigned to location or region, but does not exist in design
    Warning (15706): Node "FMCC_LA_TX_p[4]" is assigned to location or region, but does not exist in design
    Warning (15706): Node "FMCC_LA_TX_p[5]" is assigned to location or region, but does not exist in design
    Warning (15706): Node "FMCC_LA_TX_p[6]" is assigned to location or region, but does not exist in design
    Warning (15706): Node "FMCC_LA_TX_p[7]" is assigned to location or region, but does not exist in design
    Warning (15706): Node "FMCC_LA_TX_p[8]" is assigned to location or region, but does not exist in design
    Warning (15706): Node "FMCC_LA_TX_p[9]" is assigned to location or region, but does not exist in design
    Warning (15706): Node "FMCC_ONBOARD_REFCLK_p[0]" is assigned to location or region, but does not exist in design
    Warning (15706): Node "FMCC_SCL" is assigned to location or region, but does not exist in design
    Warning (15706): Node "FMCC_SDA" is assigned to location or region, but does not exist in design
    Warning (15706): Node "FMCD_CLK_M2C_n[0]" is assigned to location or region, but does not exist in design
    Warning (15706): Node "FMCD_CLK_M2C_n[1]" is assigned to location or region, but does not exist in design
    Warning (15706): Node "FMCD_CLK_M2C_p[0]" is assigned to location or region, but does not exist in design
    Warning (15706): Node "FMCD_CLK_M2C_p[1]" is assigned to location or region, but does not exist in design
    Warning (15706): Node "FMCD_DP_C2M_p[0]" is assigned to location or region, but does not exist in design
    Warning (15706): Node "FMCD_DP_C2M_p[1]" is assigned to location or region, but does not exist in design
    Warning (15706): Node "FMCD_DP_C2M_p[2]" is assigned to location or region, but does not exist in design
    Warning (15706): Node "FMCD_DP_C2M_p[3]" is assigned to location or region, but does not exist in design
    Warning (15706): Node "FMCD_DP_C2M_p[4]" is assigned to location or region, but does not exist in design
    Warning (15706): Node "FMCD_DP_C2M_p[5]" is assigned to location or region, but does not exist in design
    Warning (15706): Node "FMCD_DP_C2M_p[6]" is assigned to location or region, but does not exist in design
    Warning (15706): Node "FMCD_DP_C2M_p[7]" is assigned to location or region, but does not exist in design
    Warning (15706): Node "FMCD_DP_C2M_p[8]" is assigned to location or region, but does not exist in design
    Warning (15706): Node "FMCD_DP_C2M_p[9]" is assigned to location or region, but does not exist in design
    Warning (15706): Node "FMCD_DP_M2C_p[0]" is assigned to location or region, but does not exist in design
    Warning (15706): Node "FMCD_DP_M2C_p[1]" is assigned to location or region, but does not exist in design
    Warning (15706): Node "FMCD_DP_M2C_p[2]" is assigned to location or region, but does not exist in design
    Warning (15706): Node "FMCD_DP_M2C_p[3]" is assigned to location or region, but does not exist in design
    Warning (15706): Node "FMCD_DP_M2C_p[4]" is assigned to location or region, but does not exist in design
    Warning (15706): Node "FMCD_DP_M2C_p[5]" is assigned to location or region, but does not exist in design
    Warning (15706): Node "FMCD_DP_M2C_p[6]" is assigned to location or region, but does not exist in design
    Warning (15706): Node "FMCD_DP_M2C_p[7]" is assigned to location or region, but does not exist in design
    Warning (15706): Node "FMCD_DP_M2C_p[8]" is assigned to location or region, but does not exist in design
    Warning (15706): Node "FMCD_DP_M2C_p[9]" is assigned to location or region, but does not exist in design
    Warning (15706): Node "FMCD_GA[0]" is assigned to location or region, but does not exist in design
    Warning (15706): Node "FMCD_GA[1]" is assigned to location or region, but does not exist in design
    Warning (15706): Node "FMCD_GBTCLK_M2C_p[0]" is assigned to location or region, but does not exist in design
    Warning (15706): Node "FMCD_GBTCLK_M2C_p[1]" is assigned to location or region, but does not exist in design
    Warning (15706): Node "FMCD_HA_RX_CLK_n" is assigned to location or region, but does not exist in design
    Warning (15706): Node "FMCD_HA_RX_CLK_p" is assigned to location or region, but does not exist in design
    Warning (15706): Node "FMCD_HA_RX_n[0]" is assigned to location or region, but does not exist in design
    Warning (15706): Node "FMCD_HA_RX_n[10]" is assigned to location or region, but does not exist in design
    Warning (15706): Node "FMCD_HA_RX_n[1]" is assigned to location or region, but does not exist in design
    Warning (15706): Node "FMCD_HA_RX_n[2]" is assigned to location or region, but does not exist in design
    Warning (15706): Node "FMCD_HA_RX_n[3]" is assigned to location or region, but does not exist in design
    Warning (15706): Node "FMCD_HA_RX_n[4]" is assigned to location or region, but does not exist in design
    Warning (15706): Node "FMCD_HA_RX_n[5]" is assigned to location or region, but does not exist in design
    Warning (15706): Node "FMCD_HA_RX_n[6]" is assigned to location or region, but does not exist in design
    Warning (15706): Node "FMCD_HA_RX_n[7]" is assigned to location or region, but does not exist in design
    Warning (15706): Node "FMCD_HA_RX_n[8]" is assigned to location or region, but does not exist in design
    Warning (15706): Node "FMCD_HA_RX_n[9]" is assigned to location or region, but does not exist in design
    Warning (15706): Node "FMCD_HA_RX_p[0]" is assigned to location or region, but does not exist in design
    Warning (15706): Node "FMCD_HA_RX_p[10]" is assigned to location or region, but does not exist in design
    Warning (15706): Node "FMCD_HA_RX_p[1]" is assigned to location or region, but does not exist in design
    Warning (15706): Node "FMCD_HA_RX_p[2]" is assigned to location or region, but does not exist in design
    Warning (15706): Node "FMCD_HA_RX_p[3]" is assigned to location or region, but does not exist in design
    Warning (15706): Node "FMCD_HA_RX_p[4]" is assigned to location or region, but does not exist in design
    Warning (15706): Node "FMCD_HA_RX_p[5]" is assigned to location or region, but does not exist in design
    Warning (15706): Node "FMCD_HA_RX_p[6]" is assigned to location or region, but does not exist in design
    Warning (15706): Node "FMCD_HA_RX_p[7]" is assigned to location or region, but does not exist in design
    Warning (15706): Node "FMCD_HA_RX_p[8]" is assigned to location or region, but does not exist in design
    Warning (15706): Node "FMCD_HA_RX_p[9]" is assigned to location or region, but does not exist in design
    Warning (15706): Node "FMCD_HA_TX_CLK_n" is assigned to location or region, but does not exist in design
    Warning (15706): Node "FMCD_HA_TX_CLK_p" is assigned to location or region, but does not exist in design
    Warning (15706): Node "FMCD_HA_TX_n[0]" is assigned to location or region, but does not exist in design
    Warning (15706): Node "FMCD_HA_TX_n[10]" is assigned to location or region, but does not exist in design
    Warning (15706): Node "FMCD_HA_TX_n[1]" is assigned to location or region, but does not exist in design
    Warning (15706): Node "FMCD_HA_TX_n[2]" is assigned to location or region, but does not exist in design
    Warning (15706): Node "FMCD_HA_TX_n[3]" is assigned to location or region, but does not exist in design
    Warning (15706): Node "FMCD_HA_TX_n[4]" is assigned to location or region, but does not exist in design
    Warning (15706): Node "FMCD_HA_TX_n[5]" is assigned to location or region, but does not exist in design
    Warning (15706): Node "FMCD_HA_TX_n[6]" is assigned to location or region, but does not exist in design
    Warning (15706): Node "FMCD_HA_TX_n[7]" is assigned to location or region, but does not exist in design
    Warning (15706): Node "FMCD_HA_TX_n[8]" is assigned to location or region, but does not exist in design
    Warning (15706): Node "FMCD_HA_TX_n[9]" is assigned to location or region, but does not exist in design
    Warning (15706): Node "FMCD_HA_TX_p[0]" is assigned to location or region, but does not exist in design
    Warning (15706): Node "FMCD_HA_TX_p[10]" is assigned to location or region, but does not exist in design
    Warning (15706): Node "FMCD_HA_TX_p[1]" is assigned to location or region, but does not exist in design
    Warning (15706): Node "FMCD_HA_TX_p[2]" is assigned to location or region, but does not exist in design
    Warning (15706): Node "FMCD_HA_TX_p[3]" is assigned to location or region, but does not exist in design
    Warning (15706): Node "FMCD_HA_TX_p[4]" is assigned to location or region, but does not exist in design
    Warning (15706): Node "FMCD_HA_TX_p[5]" is assigned to location or region, but does not exist in design
    Warning (15706): Node "FMCD_HA_TX_p[6]" is assigned to location or region, but does not exist in design
    Warning (15706): Node "FMCD_HA_TX_p[7]" is assigned to location or region, but does not exist in design
    Warning (15706): Node "FMCD_HA_TX_p[8]" is assigned to location or region, but does not exist in design
    Warning (15706): Node "FMCD_HA_TX_p[9]" is assigned to location or region, but does not exist in design
    Warning (15706): Node "FMCD_HB_RX_CLK_n" is assigned to location or region, but does not exist in design
    Warning (15706): Node "FMCD_HB_RX_CLK_p" is assigned to location or region, but does not exist in design
    Warning (15706): Node "FMCD_HB_RX_n[0]" is assigned to location or region, but does not exist in design
    Warning (15706): Node "FMCD_HB_RX_n[10]" is assigned to location or region, but does not exist in design
    Warning (15706): Node "FMCD_HB_RX_n[1]" is assigned to location or region, but does not exist in design
    Warning (15706): Node "FMCD_HB_RX_n[2]" is assigned to location or region, but does not exist in design
    Warning (15706): Node "FMCD_HB_RX_n[3]" is assigned to location or region, but does not exist in design
    Warning (15706): Node "FMCD_HB_RX_n[4]" is assigned to location or region, but does not exist in design
    Warning (15706): Node "FMCD_HB_RX_n[5]" is assigned to location or region, but does not exist in design
    Warning (15706): Node "FMCD_HB_RX_n[6]" is assigned to location or region, but does not exist in design
    Warning (15706): Node "FMCD_HB_RX_n[7]" is assigned to location or region, but does not exist in design
    Warning (15706): Node "FMCD_HB_RX_n[8]" is assigned to location or region, but does not exist in design
    Warning (15706): Node "FMCD_HB_RX_n[9]" is assigned to location or region, but does not exist in design
    Warning (15706): Node "FMCD_HB_RX_p[0]" is assigned to location or region, but does not exist in design
    Warning (15706): Node "FMCD_HB_RX_p[10]" is assigned to location or region, but does not exist in design
    Warning (15706): Node "FMCD_HB_RX_p[1]" is assigned to location or region, but does not exist in design
    Warning (15706): Node "FMCD_HB_RX_p[2]" is assigned to location or region, but does not exist in design
    Warning (15706): Node "FMCD_HB_RX_p[3]" is assigned to location or region, but does not exist in design
    Warning (15706): Node "FMCD_HB_RX_p[4]" is assigned to location or region, but does not exist in design
    Warning (15706): Node "FMCD_HB_RX_p[5]" is assigned to location or region, but does not exist in design
    Warning (15706): Node "FMCD_HB_RX_p[6]" is assigned to location or region, but does not exist in design
    Warning (15706): Node "FMCD_HB_RX_p[7]" is assigned to location or region, but does not exist in design
    Warning (15706): Node "FMCD_HB_RX_p[8]" is assigned to location or region, but does not exist in design
    Warning (15706): Node "FMCD_HB_RX_p[9]" is assigned to location or region, but does not exist in design
    Warning (15706): Node "FMCD_HB_TX_CLK_n" is assigned to location or region, but does not exist in design
    Warning (15706): Node "FMCD_HB_TX_CLK_p" is assigned to location or region, but does not exist in design
    Warning (15706): Node "FMCD_HB_TX_n[0]" is assigned to location or region, but does not exist in design
    Warning (15706): Node "FMCD_HB_TX_n[10]" is assigned to location or region, but does not exist in design
    Warning (15706): Node "FMCD_HB_TX_n[1]" is assigned to location or region, but does not exist in design
    Warning (15706): Node "FMCD_HB_TX_n[2]" is assigned to location or region, but does not exist in design
    Warning (15706): Node "FMCD_HB_TX_n[3]" is assigned to location or region, but does not exist in design
    Warning (15706): Node "FMCD_HB_TX_n[4]" is assigned to location or region, but does not exist in design
    Warning (15706): Node "FMCD_HB_TX_n[5]" is assigned to location or region, but does not exist in design
    Warning (15706): Node "FMCD_HB_TX_n[6]" is assigned to location or region, but does not exist in design
    Warning (15706): Node "FMCD_HB_TX_n[7]" is assigned to location or region, but does not exist in design
    Warning (15706): Node "FMCD_HB_TX_n[8]" is assigned to location or region, but does not exist in design
    Warning (15706): Node "FMCD_HB_TX_n[9]" is assigned to location or region, but does not exist in design
    Warning (15706): Node "FMCD_HB_TX_p[0]" is assigned to location or region, but does not exist in design
    Warning (15706): Node "FMCD_HB_TX_p[10]" is assigned to location or region, but does not exist in design
    Warning (15706): Node "FMCD_HB_TX_p[1]" is assigned to location or region, but does not exist in design
    Warning (15706): Node "FMCD_HB_TX_p[2]" is assigned to location or region, but does not exist in design
    Warning (15706): Node "FMCD_HB_TX_p[3]" is assigned to location or region, but does not exist in design
    Warning (15706): Node "FMCD_HB_TX_p[4]" is assigned to location or region, but does not exist in design
    Warning (15706): Node "FMCD_HB_TX_p[5]" is assigned to location or region, but does not exist in design
    Warning (15706): Node "FMCD_HB_TX_p[6]" is assigned to location or region, but does not exist in design
    Warning (15706): Node "FMCD_HB_TX_p[7]" is assigned to location or region, but does not exist in design
    Warning (15706): Node "FMCD_HB_TX_p[8]" is assigned to location or region, but does not exist in design
    Warning (15706): Node "FMCD_HB_TX_p[9]" is assigned to location or region, but does not exist in design
    Warning (15706): Node "FMCD_LA_RX_CLK_n" is assigned to location or region, but does not exist in design
    Warning (15706): Node "FMCD_LA_RX_CLK_p" is assigned to location or region, but does not exist in design
    Warning (15706): Node "FMCD_LA_RX_n[0]" is assigned to location or region, but does not exist in design
    Warning (15706): Node "FMCD_LA_RX_n[10]" is assigned to location or region, but does not exist in design
    Warning (15706): Node "FMCD_LA_RX_n[11]" is assigned to location or region, but does not exist in design
    Warning (15706): Node "FMCD_LA_RX_n[12]" is assigned to location or region, but does not exist in design
    Warning (15706): Node "FMCD_LA_RX_n[13]" is assigned to location or region, but does not exist in design
    Warning (15706): Node "FMCD_LA_RX_n[14]" is assigned to location or region, but does not exist in design
    Warning (15706): Node "FMCD_LA_RX_n[1]" is assigned to location or region, but does not exist in design
    Warning (15706): Node "FMCD_LA_RX_n[2]" is assigned to location or region, but does not exist in design
    Warning (15706): Node "FMCD_LA_RX_n[3]" is assigned to location or region, but does not exist in design
    Warning (15706): Node "FMCD_LA_RX_n[4]" is assigned to location or region, but does not exist in design
    Warning (15706): Node "FMCD_LA_RX_n[5]" is assigned to location or region, but does not exist in design
    Warning (15706): Node "FMCD_LA_RX_n[6]" is assigned to location or region, but does not exist in design
    Warning (15706): Node "FMCD_LA_RX_n[7]" is assigned to location or region, but does not exist in design
    Warning (15706): Node "FMCD_LA_RX_n[8]" is assigned to location or region, but does not exist in design
    Warning (15706): Node "FMCD_LA_RX_n[9]" is assigned to location or region, but does not exist in design
    Warning (15706): Node "FMCD_LA_RX_p[0]" is assigned to location or region, but does not exist in design
    Warning (15706): Node "FMCD_LA_RX_p[10]" is assigned to location or region, but does not exist in design
    Warning (15706): Node "FMCD_LA_RX_p[11]" is assigned to location or region, but does not exist in design
    Warning (15706): Node "FMCD_LA_RX_p[12]" is assigned to location or region, but does not exist in design
    Warning (15706): Node "FMCD_LA_RX_p[13]" is assigned to location or region, but does not exist in design
    Warning (15706): Node "FMCD_LA_RX_p[14]" is assigned to location or region, but does not exist in design
    Warning (15706): Node "FMCD_LA_RX_p[1]" is assigned to location or region, but does not exist in design
    Warning (15706): Node "FMCD_LA_RX_p[2]" is assigned to location or region, but does not exist in design
    Warning (15706): Node "FMCD_LA_RX_p[3]" is assigned to location or region, but does not exist in design
    Warning (15706): Node "FMCD_LA_RX_p[4]" is assigned to location or region, but does not exist in design
    Warning (15706): Node "FMCD_LA_RX_p[5]" is assigned to location or region, but does not exist in design
    Warning (15706): Node "FMCD_LA_RX_p[6]" is assigned to location or region, but does not exist in design
    Warning (15706): Node "FMCD_LA_RX_p[7]" is assigned to location or region, but does not exist in design
    Warning (15706): Node "FMCD_LA_RX_p[8]" is assigned to location or region, but does not exist in design
    Warning (15706): Node "FMCD_LA_RX_p[9]" is assigned to location or region, but does not exist in design
    Warning (15706): Node "FMCD_LA_TX_CLK_n" is assigned to location or region, but does not exist in design
    Warning (15706): Node "FMCD_LA_TX_CLK_p" is assigned to location or region, but does not exist in design
    Warning (15706): Node "FMCD_LA_TX_n[0]" is assigned to location or region, but does not exist in design
    Warning (15706): Node "FMCD_LA_TX_n[10]" is assigned to location or region, but does not exist in design
    Warning (15706): Node "FMCD_LA_TX_n[11]" is assigned to location or region, but does not exist in design
    Warning (15706): Node "FMCD_LA_TX_n[12]" is assigned to location or region, but does not exist in design
    Warning (15706): Node "FMCD_LA_TX_n[13]" is assigned to location or region, but does not exist in design
    Warning (15706): Node "FMCD_LA_TX_n[14]" is assigned to location or region, but does not exist in design
    Warning (15706): Node "FMCD_LA_TX_n[15]" is assigned to location or region, but does not exist in design
    Warning (15706): Node "FMCD_LA_TX_n[16]" is assigned to location or region, but does not exist in design
    Warning (15706): Node "FMCD_LA_TX_n[1]" is assigned to location or region, but does not exist in design
    Warning (15706): Node "FMCD_LA_TX_n[2]" is assigned to location or region, but does not exist in design
    Warning (15706): Node "FMCD_LA_TX_n[3]" is assigned to location or region, but does not exist in design
    Warning (15706): Node "FMCD_LA_TX_n[4]" is assigned to location or region, but does not exist in design
    Warning (15706): Node "FMCD_LA_TX_n[5]" is assigned to location or region, but does not exist in design
    Warning (15706): Node "FMCD_LA_TX_n[6]" is assigned to location or region, but does not exist in design
    Warning (15706): Node "FMCD_LA_TX_n[7]" is assigned to location or region, but does not exist in design
    Warning (15706): Node "FMCD_LA_TX_n[8]" is assigned to location or region, but does not exist in design
    Warning (15706): Node "FMCD_LA_TX_n[9]" is assigned to location or region, but does not exist in design
    Warning (15706): Node "FMCD_LA_TX_p[0]" is assigned to location or region, but does not exist in design
    Warning (15706): Node "FMCD_LA_TX_p[10]" is assigned to location or region, but does not exist in design
    Warning (15706): Node "FMCD_LA_TX_p[11]" is assigned to location or region, but does not exist in design
    Warning (15706): Node "FMCD_LA_TX_p[12]" is assigned to location or region, but does not exist in design
    Warning (15706): Node "FMCD_LA_TX_p[13]" is assigned to location or region, but does not exist in design
    Warning (15706): Node "FMCD_LA_TX_p[14]" is assigned to location or region, but does not exist in design
    Warning (15706): Node "FMCD_LA_TX_p[15]" is assigned to location or region, but does not exist in design
    Warning (15706): Node "FMCD_LA_TX_p[16]" is assigned to location or region, but does not exist in design
    Warning (15706): Node "FMCD_LA_TX_p[1]" is assigned to location or region, but does not exist in design
    Warning (15706): Node "FMCD_LA_TX_p[2]" is assigned to location or region, but does not exist in design
    Warning (15706): Node "FMCD_LA_TX_p[3]" is assigned to location or region, but does not exist in design
    Warning (15706): Node "FMCD_LA_TX_p[4]" is assigned to location or region, but does not exist in design
    Warning (15706): Node "FMCD_LA_TX_p[5]" is assigned to location or region, but does not exist in design
    Warning (15706): Node "FMCD_LA_TX_p[6]" is assigned to location or region, but does not exist in design
    Warning (15706): Node "FMCD_LA_TX_p[7]" is assigned to location or region, but does not exist in design
    Warning (15706): Node "FMCD_LA_TX_p[8]" is assigned to location or region, but does not exist in design
    Warning (15706): Node "FMCD_LA_TX_p[9]" is assigned to location or region, but does not exist in design
    Warning (15706): Node "FMCD_ONBOARD_REFCLK_p[0]" is assigned to location or region, but does not exist in design
    Warning (15706): Node "FMCD_ONBOARD_REFCLK_p[1]" is assigned to location or region, but does not exist in design
    Warning (15706): Node "FMCD_SCL" is assigned to location or region, but does not exist in design
    Warning (15706): Node "FMCD_SDA" is assigned to location or region, but does not exist in design
    Warning (15706): Node "FPGA_I2C_SCL" is assigned to location or region, but does not exist in design
    Warning (15706): Node "FPGA_I2C_SDA" is assigned to location or region, but does not exist in design
    Warning (15706): Node "FSM_A[10]" is assigned to location or region, but does not exist in design
    Warning (15706): Node "FSM_A[11]" is assigned to location or region, but does not exist in design
    Warning (15706): Node "FSM_A[12]" is assigned to location or region, but does not exist in design
    Warning (15706): Node "FSM_A[13]" is assigned to location or region, but does not exist in design
    Warning (15706): Node "FSM_A[14]" is assigned to location or region, but does not exist in design
    Warning (15706): Node "FSM_A[15]" is assigned to location or region, but does not exist in design
    Warning (15706): Node "FSM_A[16]" is assigned to location or region, but does not exist in design
    Warning (15706): Node "FSM_A[17]" is assigned to location or region, but does not exist in design
    Warning (15706): Node "FSM_A[18]" is assigned to location or region, but does not exist in design
    Warning (15706): Node "FSM_A[19]" is assigned to location or region, but does not exist in design
    Warning (15706): Node "FSM_A[1]" is assigned to location or region, but does not exist in design
    Warning (15706): Node "FSM_A[20]" is assigned to location or region, but does not exist in design
    Warning (15706): Node "FSM_A[21]" is assigned to location or region, but does not exist in design
    Warning (15706): Node "FSM_A[22]" is assigned to location or region, but does not exist in design
    Warning (15706): Node "FSM_A[23]" is assigned to location or region, but does not exist in design
    Warning (15706): Node "FSM_A[24]" is assigned to location or region, but does not exist in design
    Warning (15706): Node "FSM_A[25]" is assigned to location or region, but does not exist in design
    Warning (15706): Node "FSM_A[26]" is assigned to location or region, but does not exist in design
    Warning (15706): Node "FSM_A[2]" is assigned to location or region, but does not exist in design
    Warning (15706): Node "FSM_A[3]" is assigned to location or region, but does not exist in design
    Warning (15706): Node "FSM_A[4]" is assigned to location or region, but does not exist in design
    Warning (15706): Node "FSM_A[5]" is assigned to location or region, but does not exist in design
    Warning (15706): Node "FSM_A[6]" is assigned to location or region, but does not exist in design
    Warning (15706): Node "FSM_A[7]" is assigned to location or region, but does not exist in design
    Warning (15706): Node "FSM_A[8]" is assigned to location or region, but does not exist in design
    Warning (15706): Node "FSM_A[9]" is assigned to location or region, but does not exist in design
    Warning (15706): Node "FSM_D[0]" is assigned to location or region, but does not exist in design
    Warning (15706): Node "FSM_D[10]" is assigned to location or region, but does not exist in design
    Warning (15706): Node "FSM_D[11]" is assigned to location or region, but does not exist in design
    Warning (15706): Node "FSM_D[12]" is assigned to location or region, but does not exist in design
    Warning (15706): Node "FSM_D[13]" is assigned to location or region, but does not exist in design
    Warning (15706): Node "FSM_D[14]" is assigned to location or region, but does not exist in design
    Warning (15706): Node "FSM_D[15]" is assigned to location or region, but does not exist in design
    Warning (15706): Node "FSM_D[1]" is assigned to location or region, but does not exist in design
    Warning (15706): Node "FSM_D[2]" is assigned to location or region, but does not exist in design
    Warning (15706): Node "FSM_D[3]" is assigned to location or region, but does not exist in design
    Warning (15706): Node "FSM_D[4]" is assigned to location or region, but does not exist in design
    Warning (15706): Node "FSM_D[5]" is assigned to location or region, but does not exist in design
    Warning (15706): Node "FSM_D[6]" is assigned to location or region, but does not exist in design
    Warning (15706): Node "FSM_D[7]" is assigned to location or region, but does not exist in design
    Warning (15706): Node "FSM_D[8]" is assigned to location or region, but does not exist in design
    Warning (15706): Node "FSM_D[9]" is assigned to location or region, but does not exist in design
    Warning (15706): Node "GPIO[0]" is assigned to location or region, but does not exist in design
    Warning (15706): Node "GPIO[10]" is assigned to location or region, but does not exist in design
    Warning (15706): Node "GPIO[11]" is assigned to location or region, but does not exist in design
    Warning (15706): Node "GPIO[12]" is assigned to location or region, but does not exist in design
    Warning (15706): Node "GPIO[13]" is assigned to location or region, but does not exist in design
    Warning (15706): Node "GPIO[14]" is assigned to location or region, but does not exist in design
    Warning (15706): Node "GPIO[15]" is assigned to location or region, but does not exist in design
    Warning (15706): Node "GPIO[16]" is assigned to location or region, but does not exist in design
    Warning (15706): Node "GPIO[17]" is assigned to location or region, but does not exist in design
    Warning (15706): Node "GPIO[18]" is assigned to location or region, but does not exist in design
    Warning (15706): Node "GPIO[19]" is assigned to location or region, but does not exist in design
    Warning (15706): Node "GPIO[1]" is assigned to location or region, but does not exist in design
    Warning (15706): Node "GPIO[20]" is assigned to location or region, but does not exist in design
    Warning (15706): Node "GPIO[21]" is assigned to location or region, but does not exist in design
    Warning (15706): Node "GPIO[22]" is assigned to location or region, but does not exist in design
    Warning (15706): Node "GPIO[23]" is assigned to location or region, but does not exist in design
    Warning (15706): Node "GPIO[24]" is assigned to location or region, but does not exist in design
    Warning (15706): Node "GPIO[25]" is assigned to location or region, but does not exist in design
    Warning (15706): Node "GPIO[26]" is assigned to location or region, but does not exist in design
    Warning (15706): Node "GPIO[27]" is assigned to location or region, but does not exist in design
    Warning (15706): Node "GPIO[28]" is assigned to location or region, but does not exist in design
    Warning (15706): Node "GPIO[29]" is assigned to location or region, but does not exist in design
    Warning (15706): Node "GPIO[2]" is assigned to location or region, but does not exist in design
    Warning (15706): Node "GPIO[30]" is assigned to location or region, but does not exist in design
    Warning (15706): Node "GPIO[31]" is assigned to location or region, but does not exist in design
    Warning (15706): Node "GPIO[32]" is assigned to location or region, but does not exist in design
    Warning (15706): Node "GPIO[33]" is assigned to location or region, but does not exist in design
    Warning (15706): Node "GPIO[34]" is assigned to location or region, but does not exist in design
    Warning (15706): Node "GPIO[35]" is assigned to location or region, but does not exist in design
    Warning (15706): Node "GPIO[3]" is assigned to location or region, but does not exist in design
    Warning (15706): Node "GPIO[4]" is assigned to location or region, but does not exist in design
    Warning (15706): Node "GPIO[5]" is assigned to location or region, but does not exist in design
    Warning (15706): Node "GPIO[6]" is assigned to location or region, but does not exist in design
    Warning (15706): Node "GPIO[7]" is assigned to location or region, but does not exist in design
    Warning (15706): Node "GPIO[8]" is assigned to location or region, but does not exist in design
    Warning (15706): Node "GPIO[9]" is assigned to location or region, but does not exist in design
    Warning (15706): Node "LED[0]" is assigned to location or region, but does not exist in design
    Warning (15706): Node "LED[1]" is assigned to location or region, but does not exist in design
    Warning (15706): Node "LED[2]" is assigned to location or region, but does not exist in design
    Warning (15706): Node "LED[3]" is assigned to location or region, but does not exist in design
    Warning (15706): Node "LMK04906_CLK" is assigned to location or region, but does not exist in design
    Warning (15706): Node "LMK04906_DATAIN" is assigned to location or region, but does not exist in design
    Warning (15706): Node "LMK04906_DATAOUT" is assigned to location or region, but does not exist in design
    Warning (15706): Node "LMK04906_LE" is assigned to location or region, but does not exist in design
    Warning (15706): Node "OSC_50_B4A" is assigned to location or region, but does not exist in design
    Warning (15706): Node "OSC_50_B4D" is assigned to location or region, but does not exist in design
    Warning (15706): Node "OSC_50_B7A" is assigned to location or region, but does not exist in design
    Warning (15706): Node "OSC_50_B7D" is assigned to location or region, but does not exist in design
    Warning (15706): Node "OSC_50_B8A" is assigned to location or region, but does not exist in design
    Warning (15706): Node "OSC_50_B8D" is assigned to location or region, but does not exist in design
    Warning (15706): Node "OSC_MAIN" is assigned to location or region, but does not exist in design
    Warning (15706): Node "PCIE_ONBOARD_REFCLK_p" is assigned to location or region, but does not exist in design
    Warning (15706): Node "PCIE_PERST_n" is assigned to location or region, but does not exist in design
    Warning (15706): Node "PCIE_REFCLK_p" is assigned to location or region, but does not exist in design
    Warning (15706): Node "PCIE_RX_p[0]" is assigned to location or region, but does not exist in design
    Warning (15706): Node "PCIE_RX_p[1]" is assigned to location or region, but does not exist in design
    Warning (15706): Node "PCIE_RX_p[2]" is assigned to location or region, but does not exist in design
    Warning (15706): Node "PCIE_RX_p[3]" is assigned to location or region, but does not exist in design
    Warning (15706): Node "PCIE_TX_p[0]" is assigned to location or region, but does not exist in design
    Warning (15706): Node "PCIE_TX_p[1]" is assigned to location or region, but does not exist in design
    Warning (15706): Node "PCIE_TX_p[2]" is assigned to location or region, but does not exist in design
    Warning (15706): Node "PCIE_TX_p[3]" is assigned to location or region, but does not exist in design
    Warning (15706): Node "PCIE_WAKE_n" is assigned to location or region, but does not exist in design
    Warning (15706): Node "POWER_MONITOR_ALERT" is assigned to location or region, but does not exist in design
    Warning (15706): Node "RZQ_DDR3" is assigned to location or region, but does not exist in design
    Warning (15706): Node "RZQ_FMC" is assigned to location or region, but does not exist in design
    Warning (15706): Node "SATA_DEVICE_REFCLK_p" is assigned to location or region, but does not exist in design
    Warning (15706): Node "SATA_DEVICE_RX_p" is assigned to location or region, but does not exist in design
    Warning (15706): Node "SATA_DEVICE_TX_p" is assigned to location or region, but does not exist in design
    Warning (15706): Node "SATA_HOST_REFCLK_p" is assigned to location or region, but does not exist in design
    Warning (15706): Node "SATA_HOST_RX_p" is assigned to location or region, but does not exist in design
    Warning (15706): Node "SATA_HOST_TX_p" is assigned to location or region, but does not exist in design
    Warning (15706): Node "SD_CLK" is assigned to location or region, but does not exist in design
    Warning (15706): Node "SD_CMD" is assigned to location or region, but does not exist in design
    Warning (15706): Node "SD_DATA[0]" is assigned to location or region, but does not exist in design
    Warning (15706): Node "SD_DATA[1]" is assigned to location or region, but does not exist in design
    Warning (15706): Node "SD_DATA[2]" is assigned to location or region, but does not exist in design
    Warning (15706): Node "SD_DATA[3]" is assigned to location or region, but does not exist in design
    Warning (15706): Node "SMA_CLKIN_p" is assigned to location or region, but does not exist in design
    Warning (15706): Node "SMA_CLKOUT_p" is assigned to location or region, but does not exist in design
    Warning (15706): Node "SSRAM_ADV" is assigned to location or region, but does not exist in design
    Warning (15706): Node "SSRAM_BWA_n" is assigned to location or region, but does not exist in design
    Warning (15706): Node "SSRAM_BWB_n" is assigned to location or region, but does not exist in design
    Warning (15706): Node "SSRAM_CE_n" is assigned to location or region, but does not exist in design
    Warning (15706): Node "SSRAM_CKE_n" is assigned to location or region, but does not exist in design
    Warning (15706): Node "SSRAM_CLK" is assigned to location or region, but does not exist in design
    Warning (15706): Node "SSRAM_OE_n" is assigned to location or region, but does not exist in design
    Warning (15706): Node "SSRAM_WE_n" is assigned to location or region, but does not exist in design
    Warning (15706): Node "SW[0]" is assigned to location or region, but does not exist in design
    Warning (15706): Node "SW[1]" is assigned to location or region, but does not exist in design
    Warning (15706): Node "SW[2]" is assigned to location or region, but does not exist in design
    Warning (15706): Node "SW[3]" is assigned to location or region, but does not exist in design
    Warning (15706): Node "TEMP_INT_n" is assigned to location or region, but does not exist in design
    Warning (15706): Node "TEMP_OVERT_n" is assigned to location or region, but does not exist in design
    Warning (15706): Node "TPS40422_ALERT" is assigned to location or region, but does not exist in design
    Warning (15706): Node "TPS40422_CLK" is assigned to location or region, but does not exist in design
    Warning (15706): Node "TPS40422_DATA" is assigned to location or region, but does not exist in design
    Warning (15706): Node "UART_RX" is assigned to location or region, but does not exist in design
    Warning (15706): Node "UART_TX" is assigned to location or region, but does not exist in design
Info (11798): Fitter preparation operations ending: elapsed time is 00:00:24
Info (170189): Fitter placement preparation operations beginning
Info (14951): The Fitter is using Advanced Physical Optimization.
Info (170190): Fitter placement preparation operations ending: elapsed time is 00:00:04
Info (170191): Fitter placement operations beginning
Info (170137): Fitter placement was successful
Info (170192): Fitter placement operations ending: elapsed time is 00:00:07
Info (170193): Fitter routing operations beginning
Info (170195): Router estimated average interconnect usage is 0% of the available device resources
    Info (170196): Router estimated peak interconnect usage is 0% of the available device resources in the region that extends from location X11_Y0 to location X22_Y10
Info (170199): The Fitter performed an Auto Fit compilation.  Optimizations were skipped to reduce compilation time.
    Info (170201): Optimizations that may affect the design's routability were skipped
    Info (170200): Optimizations that may affect the design's timing were skipped
Info (170194): Fitter routing operations ending: elapsed time is 00:00:02
Info (11888): Total time spent on timing analysis during the Fitter is 0.60 seconds.
Info (334003): Started post-fitting delay annotation
Info (334004): Delay annotation completed successfully
Info (334003): Started post-fitting delay annotation
Info (334004): Delay annotation completed successfully
Info (11801): Fitter post-fit operations ending: elapsed time is 00:00:04
Warning (171167): Found invalid Fitter assignments. See the Ignored Assignments panel in the Fitter Compilation Report for more information.
Info (144001): Generated suppressed messages file C:/new_fpga/QAOAHP/main/Base/Simulators/FPGA/NTU_FPGA2/output_files/Golden_TOP.fit.smsg
Info: Quartus Prime Fitter was successful. 0 errors, 853 warnings
    Info: Peak virtual memory: 9609 megabytes
    Info: Processing ended: Wed May  6 10:31:40 2026
    Info: Elapsed time: 00:01:29
    Info: Total CPU time (on all processors): 00:02:45


+----------------------------+
; Fitter Suppressed Messages ;
+----------------------------+
The suppressed messages can be found in C:/new_fpga/QAOAHP/main/Base/Simulators/FPGA/NTU_FPGA2/output_files/Golden_TOP.fit.smsg.


